owner,name,repo_path,root_gav,module_listed,module_name,module_path,module_pom_exists,child_parent_gav,parent_matches_root,status,reason
Activiti,Activiti,/home/camila/repos/Activiti/Activiti,org.activiti:activiti-parent:8.7.0-SNAPSHOT,True,activiti-dependency-check,activiti-dependency-check,True,org.activiti:activiti-parent:8.7.0-SNAPSHOT,True,listed-ok,
Activiti,Activiti,/home/camila/repos/Activiti/Activiti,org.activiti:activiti-parent:8.7.0-SNAPSHOT,True,activiti-api,activiti-api,True,org.activiti:activiti-parent:8.7.0-SNAPSHOT,True,listed-ok,
Activiti,Activiti,/home/camila/repos/Activiti/Activiti,org.activiti:activiti-parent:8.7.0-SNAPSHOT,True,activiti-core-common,activiti-core-common,True,org.activiti:activiti-parent:8.7.0-SNAPSHOT,True,listed-ok,
Activiti,Activiti,/home/camila/repos/Activiti/Activiti,org.activiti:activiti-parent:8.7.0-SNAPSHOT,True,activiti-core,activiti-core,True,org.activiti:activiti-parent:8.7.0-SNAPSHOT,True,listed-ok,
Activiti,Activiti,/home/camila/repos/Activiti/Activiti,org.activiti:activiti-parent:8.7.0-SNAPSHOT,True,activiti-dependencies,activiti-dependencies,True,org.activiti:activiti-parent:8.7.0-SNAPSHOT,True,listed-ok,
Activiti,Activiti,/home/camila/repos/Activiti/Activiti,org.activiti:activiti-parent:8.7.0-SNAPSHOT,True,activiti-examples,activiti-examples,True,org.activiti:activiti-parent:8.7.0-SNAPSHOT,True,listed-ok,
alibaba,spring-cloud-alibaba,/home/camila/repos/alibaba/spring-cloud-alibaba,com.alibaba.cloud:spring-cloud-alibaba:${revision},True,spring-cloud-alibaba-dependencies,spring-cloud-alibaba-dependencies,True,org.springframework.cloud:spring-cloud-dependencies-parent:4.1.0,False,listed-parent-mismatch,parent-ga-mismatch
alibaba,spring-cloud-alibaba,/home/camila/repos/alibaba/spring-cloud-alibaba,com.alibaba.cloud:spring-cloud-alibaba:${revision},True,spring-cloud-alibaba-examples,spring-cloud-alibaba-examples,True,com.alibaba.cloud:spring-cloud-alibaba:${revision},True,listed-ok,
alibaba,spring-cloud-alibaba,/home/camila/repos/alibaba/spring-cloud-alibaba,com.alibaba.cloud:spring-cloud-alibaba:${revision},True,spring-cloud-alibaba-starters,spring-cloud-alibaba-starters,True,com.alibaba.cloud:spring-cloud-alibaba:${revision},True,listed-ok,
alibaba,spring-cloud-alibaba,/home/camila/repos/alibaba/spring-cloud-alibaba,com.alibaba.cloud:spring-cloud-alibaba:${revision},True,spring-cloud-alibaba-coverage,spring-cloud-alibaba-coverage,True,com.alibaba.cloud:spring-cloud-alibaba:${revision},True,listed-ok,
alibaba,spring-cloud-alibaba,/home/camila/repos/alibaba/spring-cloud-alibaba,com.alibaba.cloud:spring-cloud-alibaba:${revision},True,spring-cloud-alibaba-tests,spring-cloud-alibaba-tests,True,com.alibaba.cloud:spring-cloud-alibaba:${revision},True,listed-ok,
alibaba,nacos,/home/camila/repos/alibaba/nacos,com.alibaba.nacos:nacos-all:${revision},True,config,config,True,com.alibaba.nacos:nacos-all:${revision},True,listed-ok,
alibaba,nacos,/home/camila/repos/alibaba/nacos,com.alibaba.nacos:nacos-all:${revision},True,core,core,True,com.alibaba.nacos:nacos-all:${revision},True,listed-ok,
alibaba,nacos,/home/camila/repos/alibaba/nacos,com.alibaba.nacos:nacos-all:${revision},True,naming,naming,True,com.alibaba.nacos:nacos-all:${revision},True,listed-ok,
alibaba,nacos,/home/camila/repos/alibaba/nacos,com.alibaba.nacos:nacos-all:${revision},True,address,address,True,com.alibaba.nacos:nacos-all:${revision},True,listed-ok,
alibaba,nacos,/home/camila/repos/alibaba/nacos,com.alibaba.nacos:nacos-all:${revision},True,test,test,True,com.alibaba.nacos:nacos-all:${revision},True,listed-ok,
alibaba,nacos,/home/camila/repos/alibaba/nacos,com.alibaba.nacos:nacos-all:${revision},True,api,api,True,com.alibaba.nacos:nacos-all:${revision},True,listed-ok,
alibaba,nacos,/home/camila/repos/alibaba/nacos,com.alibaba.nacos:nacos-all:${revision},True,client,client,True,com.alibaba.nacos:nacos-all:${revision},True,listed-ok,
alibaba,nacos,/home/camila/repos/alibaba/nacos,com.alibaba.nacos:nacos-all:${revision},True,example,example,True,com.alibaba.nacos:nacos-all:${revision},True,listed-ok,
alibaba,nacos,/home/camila/repos/alibaba/nacos,com.alibaba.nacos:nacos-all:${revision},True,common,common,True,com.alibaba.nacos:nacos-all:${revision},True,listed-ok,
alibaba,nacos,/home/camila/repos/alibaba/nacos,com.alibaba.nacos:nacos-all:${revision},True,distribution,distribution,True,com.alibaba.nacos:nacos-all:${revision},True,listed-ok,
alibaba,nacos,/home/camila/repos/alibaba/nacos,com.alibaba.nacos:nacos-all:${revision},True,console,console,True,com.alibaba.nacos:nacos-all:${revision},True,listed-ok,
alibaba,nacos,/home/camila/repos/alibaba/nacos,com.alibaba.nacos:nacos-all:${revision},True,cmdb,cmdb,True,com.alibaba.nacos:nacos-all:${revision},True,listed-ok,
alibaba,nacos,/home/camila/repos/alibaba/nacos,com.alibaba.nacos:nacos-all:${revision},True,istio,istio,True,com.alibaba.nacos:nacos-all:${revision},True,listed-ok,
alibaba,nacos,/home/camila/repos/alibaba/nacos,com.alibaba.nacos:nacos-all:${revision},True,consistency,consistency,True,com.alibaba.nacos:nacos-all:${revision},True,listed-ok,
alibaba,nacos,/home/camila/repos/alibaba/nacos,com.alibaba.nacos:nacos-all:${revision},True,auth,auth,True,com.alibaba.nacos:nacos-all:${revision},True,listed-ok,
alibaba,nacos,/home/camila/repos/alibaba/nacos,com.alibaba.nacos:nacos-all:${revision},True,sys,sys,True,com.alibaba.nacos:nacos-all:${revision},True,listed-ok,
alibaba,nacos,/home/camila/repos/alibaba/nacos,com.alibaba.nacos:nacos-all:${revision},True,plugin,plugin,True,com.alibaba.nacos:nacos-all:${revision},True,listed-ok,
alibaba,nacos,/home/camila/repos/alibaba/nacos,com.alibaba.nacos:nacos-all:${revision},True,plugin-default-impl,plugin-default-impl,True,com.alibaba.nacos:nacos-all:${revision},True,listed-ok,
alibaba,nacos,/home/camila/repos/alibaba/nacos,com.alibaba.nacos:nacos-all:${revision},True,prometheus,prometheus,True,com.alibaba.nacos:nacos-all:${revision},True,listed-ok,
alibaba,nacos,/home/camila/repos/alibaba/nacos,com.alibaba.nacos:nacos-all:${revision},True,persistence,persistence,True,com.alibaba.nacos:nacos-all:${revision},True,listed-ok,
alibaba,nacos,/home/camila/repos/alibaba/nacos,com.alibaba.nacos:nacos-all:${revision},True,logger-adapter-impl,logger-adapter-impl,True,com.alibaba.nacos:nacos-all:${revision},True,listed-ok,
Alluxio,alluxio,/home/camila/repos/Alluxio/alluxio,org.alluxio:alluxio-parent:2.10.0-SNAPSHOT,True,assembly,assembly,True,org.alluxio:alluxio-parent:2.10.0-SNAPSHOT,True,listed-ok,
Alluxio,alluxio,/home/camila/repos/Alluxio/alluxio,org.alluxio:alluxio-parent:2.10.0-SNAPSHOT,True,core,core,True,org.alluxio:alluxio-parent:2.10.0-SNAPSHOT,True,listed-ok,
Alluxio,alluxio,/home/camila/repos/Alluxio/alluxio,org.alluxio:alluxio-parent:2.10.0-SNAPSHOT,True,examples,examples,True,org.alluxio:alluxio-parent:2.10.0-SNAPSHOT,True,listed-ok,
Alluxio,alluxio,/home/camila/repos/Alluxio/alluxio,org.alluxio:alluxio-parent:2.10.0-SNAPSHOT,True,integration,integration,True,org.alluxio:alluxio-parent:2.10.0-SNAPSHOT,True,listed-ok,
Alluxio,alluxio,/home/camila/repos/Alluxio/alluxio,org.alluxio:alluxio-parent:2.10.0-SNAPSHOT,True,logserver,logserver,True,org.alluxio:alluxio-parent:2.10.0-SNAPSHOT,True,listed-ok,
Alluxio,alluxio,/home/camila/repos/Alluxio/alluxio,org.alluxio:alluxio-parent:2.10.0-SNAPSHOT,True,microbench,microbench,True,org.alluxio:alluxio-parent:2.10.0-SNAPSHOT,True,listed-ok,
Alluxio,alluxio,/home/camila/repos/Alluxio/alluxio,org.alluxio:alluxio-parent:2.10.0-SNAPSHOT,True,minicluster,minicluster,True,org.alluxio:alluxio-parent:2.10.0-SNAPSHOT,True,listed-ok,
Alluxio,alluxio,/home/camila/repos/Alluxio/alluxio,org.alluxio:alluxio-parent:2.10.0-SNAPSHOT,True,job,job,True,org.alluxio:alluxio-parent:2.10.0-SNAPSHOT,True,listed-ok,
Alluxio,alluxio,/home/camila/repos/Alluxio/alluxio,org.alluxio:alluxio-parent:2.10.0-SNAPSHOT,True,shaded,shaded,True,org.alluxio:alluxio-parent:2.10.0-SNAPSHOT,True,listed-ok,
Alluxio,alluxio,/home/camila/repos/Alluxio/alluxio,org.alluxio:alluxio-parent:2.10.0-SNAPSHOT,True,shell,shell,True,org.alluxio:alluxio-parent:2.10.0-SNAPSHOT,True,listed-ok,
Alluxio,alluxio,/home/camila/repos/Alluxio/alluxio,org.alluxio:alluxio-parent:2.10.0-SNAPSHOT,True,stress,stress,True,org.alluxio:alluxio-parent:2.10.0-SNAPSHOT,True,listed-ok,
Alluxio,alluxio,/home/camila/repos/Alluxio/alluxio,org.alluxio:alluxio-parent:2.10.0-SNAPSHOT,True,table,table,True,org.alluxio:alluxio-parent:2.10.0-SNAPSHOT,True,listed-ok,
Alluxio,alluxio,/home/camila/repos/Alluxio/alluxio,org.alluxio:alluxio-parent:2.10.0-SNAPSHOT,True,tests,tests,True,org.alluxio:alluxio-parent:2.10.0-SNAPSHOT,True,listed-ok,
Alluxio,alluxio,/home/camila/repos/Alluxio/alluxio,org.alluxio:alluxio-parent:2.10.0-SNAPSHOT,True,underfs,underfs,True,org.alluxio:alluxio-parent:2.10.0-SNAPSHOT,True,listed-ok,
Alluxio,alluxio,/home/camila/repos/Alluxio/alluxio,org.alluxio:alluxio-parent:2.10.0-SNAPSHOT,True,webui,webui,True,org.alluxio:alluxio-parent:2.10.0-SNAPSHOT,True,listed-ok,
AlmasB,FXGL,/home/camila/repos/AlmasB/FXGL,com.github.almasb:fxgl-framework:21+dev-SNAPSHOT,True,fxgl-core,fxgl-core,True,com.github.almasb:fxgl-framework:21+dev-SNAPSHOT,True,listed-ok,
AlmasB,FXGL,/home/camila/repos/AlmasB/FXGL,com.github.almasb:fxgl-framework:21+dev-SNAPSHOT,True,fxgl-io,fxgl-io,True,com.github.almasb:fxgl-framework:21+dev-SNAPSHOT,True,listed-ok,
AlmasB,FXGL,/home/camila/repos/AlmasB/FXGL,com.github.almasb:fxgl-framework:21+dev-SNAPSHOT,True,fxgl-entity,fxgl-entity,True,com.github.almasb:fxgl-framework:21+dev-SNAPSHOT,True,listed-ok,
AlmasB,FXGL,/home/camila/repos/AlmasB/FXGL,com.github.almasb:fxgl-framework:21+dev-SNAPSHOT,True,fxgl-scene,fxgl-scene,True,com.github.almasb:fxgl-framework:21+dev-SNAPSHOT,True,listed-ok,
AlmasB,FXGL,/home/camila/repos/AlmasB/FXGL,com.github.almasb:fxgl-framework:21+dev-SNAPSHOT,True,fxgl,fxgl,True,com.github.almasb:fxgl-framework:21+dev-SNAPSHOT,True,listed-ok,
AlmasB,FXGL,/home/camila/repos/AlmasB/FXGL,com.github.almasb:fxgl-framework:21+dev-SNAPSHOT,True,fxgl-test,fxgl-test,True,com.github.almasb:fxgl-framework:21+dev-SNAPSHOT,True,listed-ok,
AlmasB,FXGL,/home/camila/repos/AlmasB/FXGL,com.github.almasb:fxgl-framework:21+dev-SNAPSHOT,True,fxgl-controllerinput,fxgl-controllerinput,True,com.github.almasb:fxgl-framework:21+dev-SNAPSHOT,True,listed-ok,
AlmasB,FXGL,/home/camila/repos/AlmasB/FXGL,com.github.almasb:fxgl-framework:21+dev-SNAPSHOT,True,fxgl-intelligence,fxgl-intelligence,True,com.github.almasb:fxgl-framework:21+dev-SNAPSHOT,True,listed-ok,
AlmasB,FXGL,/home/camila/repos/AlmasB/FXGL,com.github.almasb:fxgl-framework:21+dev-SNAPSHOT,True,fxgl-gameplay,fxgl-gameplay,True,com.github.almasb:fxgl-framework:21+dev-SNAPSHOT,True,listed-ok,
AlmasB,FXGL,/home/camila/repos/AlmasB/FXGL,com.github.almasb:fxgl-framework:21+dev-SNAPSHOT,True,fxgl-samples,fxgl-samples,True,com.github.almasb:fxgl-framework:21+dev-SNAPSHOT,True,listed-ok,
AlmasB,FXGL,/home/camila/repos/AlmasB/FXGL,com.github.almasb:fxgl-framework:21+dev-SNAPSHOT,True,fxgl-tools,fxgl-tools,True,com.github.almasb:fxgl-framework:21+dev-SNAPSHOT,True,listed-ok,
AlmasB,FXGL,/home/camila/repos/AlmasB/FXGL,com.github.almasb:fxgl-framework:21+dev-SNAPSHOT,True,fxgl-zdeploy,fxgl-zdeploy,True,com.github.almasb:fxgl-framework:21+dev-SNAPSHOT,True,listed-ok,
antlr,antlr4,/home/camila/repos/antlr/antlr4,org.antlr:antlr4-master:4.13.3-SNAPSHOT,True,runtime/Java,runtime/Java,False,?:?:?,False,listed-nested-path,nested-module-path
antlr,antlr4,/home/camila/repos/antlr/antlr4,org.antlr:antlr4-master:4.13.3-SNAPSHOT,True,tool,tool,True,org.antlr:antlr4-master:4.13.3-SNAPSHOT,True,listed-ok,
antlr,antlr4,/home/camila/repos/antlr/antlr4,org.antlr:antlr4-master:4.13.3-SNAPSHOT,True,antlr4-maven-plugin,antlr4-maven-plugin,True,org.antlr:antlr4-master:4.13.3-SNAPSHOT,True,listed-ok,
antlr,antlr4,/home/camila/repos/antlr/antlr4,org.antlr:antlr4-master:4.13.3-SNAPSHOT,True,tool-testsuite,tool-testsuite,True,org.antlr:antlr4-master:4.13.3-SNAPSHOT,True,listed-ok,
antlr,antlr4,/home/camila/repos/antlr/antlr4,org.antlr:antlr4-master:4.13.3-SNAPSHOT,True,runtime-testsuite,runtime-testsuite,True,org.antlr:antlr4-master:4.13.3-SNAPSHOT,True,listed-ok,
apache,rocketmq,/home/camila/repos/apache/rocketmq,org.apache.rocketmq:rocketmq-all:5.3.1-SNAPSHOT,True,client,client,True,org.apache.rocketmq:rocketmq-all:5.3.1-SNAPSHOT,True,listed-ok,
apache,rocketmq,/home/camila/repos/apache/rocketmq,org.apache.rocketmq:rocketmq-all:5.3.1-SNAPSHOT,True,common,common,True,org.apache.rocketmq:rocketmq-all:5.3.1-SNAPSHOT,True,listed-ok,
apache,rocketmq,/home/camila/repos/apache/rocketmq,org.apache.rocketmq:rocketmq-all:5.3.1-SNAPSHOT,True,broker,broker,True,org.apache.rocketmq:rocketmq-all:5.3.1-SNAPSHOT,True,listed-ok,
apache,rocketmq,/home/camila/repos/apache/rocketmq,org.apache.rocketmq:rocketmq-all:5.3.1-SNAPSHOT,True,tools,tools,True,org.apache.rocketmq:rocketmq-all:5.3.1-SNAPSHOT,True,listed-ok,
apache,rocketmq,/home/camila/repos/apache/rocketmq,org.apache.rocketmq:rocketmq-all:5.3.1-SNAPSHOT,True,store,store,True,org.apache.rocketmq:rocketmq-all:5.3.1-SNAPSHOT,True,listed-ok,
apache,rocketmq,/home/camila/repos/apache/rocketmq,org.apache.rocketmq:rocketmq-all:5.3.1-SNAPSHOT,True,namesrv,namesrv,True,org.apache.rocketmq:rocketmq-all:5.3.1-SNAPSHOT,True,listed-ok,
apache,rocketmq,/home/camila/repos/apache/rocketmq,org.apache.rocketmq:rocketmq-all:5.3.1-SNAPSHOT,True,remoting,remoting,True,org.apache.rocketmq:rocketmq-all:5.3.1-SNAPSHOT,True,listed-ok,
apache,rocketmq,/home/camila/repos/apache/rocketmq,org.apache.rocketmq:rocketmq-all:5.3.1-SNAPSHOT,True,srvutil,srvutil,True,org.apache.rocketmq:rocketmq-all:5.3.1-SNAPSHOT,True,listed-ok,
apache,rocketmq,/home/camila/repos/apache/rocketmq,org.apache.rocketmq:rocketmq-all:5.3.1-SNAPSHOT,True,filter,filter,True,org.apache.rocketmq:rocketmq-all:5.3.1-SNAPSHOT,True,listed-ok,
apache,rocketmq,/home/camila/repos/apache/rocketmq,org.apache.rocketmq:rocketmq-all:5.3.1-SNAPSHOT,True,test,test,True,org.apache.rocketmq:rocketmq-all:5.3.1-SNAPSHOT,True,listed-ok,
apache,rocketmq,/home/camila/repos/apache/rocketmq,org.apache.rocketmq:rocketmq-all:5.3.1-SNAPSHOT,True,distribution,distribution,True,org.apache.rocketmq:rocketmq-all:5.3.1-SNAPSHOT,True,listed-ok,
apache,rocketmq,/home/camila/repos/apache/rocketmq,org.apache.rocketmq:rocketmq-all:5.3.1-SNAPSHOT,True,openmessaging,openmessaging,True,org.apache.rocketmq:rocketmq-all:5.3.1-SNAPSHOT,True,listed-ok,
apache,rocketmq,/home/camila/repos/apache/rocketmq,org.apache.rocketmq:rocketmq-all:5.3.1-SNAPSHOT,True,acl,acl,True,org.apache.rocketmq:rocketmq-all:5.3.1-SNAPSHOT,True,listed-ok,
apache,rocketmq,/home/camila/repos/apache/rocketmq,org.apache.rocketmq:rocketmq-all:5.3.1-SNAPSHOT,True,auth,auth,True,org.apache.rocketmq:rocketmq-all:5.3.1-SNAPSHOT,True,listed-ok,
apache,rocketmq,/home/camila/repos/apache/rocketmq,org.apache.rocketmq:rocketmq-all:5.3.1-SNAPSHOT,True,example,example,True,org.apache.rocketmq:rocketmq-all:5.3.1-SNAPSHOT,True,listed-ok,
apache,rocketmq,/home/camila/repos/apache/rocketmq,org.apache.rocketmq:rocketmq-all:5.3.1-SNAPSHOT,True,container,container,True,org.apache.rocketmq:rocketmq-all:5.3.1-SNAPSHOT,True,listed-ok,
apache,rocketmq,/home/camila/repos/apache/rocketmq,org.apache.rocketmq:rocketmq-all:5.3.1-SNAPSHOT,True,controller,controller,True,org.apache.rocketmq:rocketmq-all:5.3.1-SNAPSHOT,True,listed-ok,
apache,rocketmq,/home/camila/repos/apache/rocketmq,org.apache.rocketmq:rocketmq-all:5.3.1-SNAPSHOT,True,proxy,proxy,True,org.apache.rocketmq:rocketmq-all:5.3.1-SNAPSHOT,True,listed-ok,
apache,rocketmq,/home/camila/repos/apache/rocketmq,org.apache.rocketmq:rocketmq-all:5.3.1-SNAPSHOT,True,tieredstore,tieredstore,True,org.apache.rocketmq:rocketmq-all:5.3.1-SNAPSHOT,True,listed-ok,
apache,hudi,/home/camila/repos/apache/hudi,org.apache.hudi:hudi:1.0.0-SNAPSHOT,True,hudi-common,hudi-common,True,org.apache.hudi:hudi:1.0.0-SNAPSHOT,True,listed-ok,
apache,hudi,/home/camila/repos/apache/hudi,org.apache.hudi:hudi:1.0.0-SNAPSHOT,True,hudi-cli,hudi-cli,True,org.apache.hudi:hudi:1.0.0-SNAPSHOT,True,listed-ok,
apache,hudi,/home/camila/repos/apache/hudi,org.apache.hudi:hudi:1.0.0-SNAPSHOT,True,hudi-client,hudi-client,True,org.apache.hudi:hudi:1.0.0-SNAPSHOT,True,listed-ok,
apache,hudi,/home/camila/repos/apache/hudi,org.apache.hudi:hudi:1.0.0-SNAPSHOT,True,hudi-aws,hudi-aws,True,org.apache.hudi:hudi:1.0.0-SNAPSHOT,True,listed-ok,
apache,hudi,/home/camila/repos/apache/hudi,org.apache.hudi:hudi:1.0.0-SNAPSHOT,True,hudi-gcp,hudi-gcp,True,org.apache.hudi:hudi:1.0.0-SNAPSHOT,True,listed-ok,
apache,hudi,/home/camila/repos/apache/hudi,org.apache.hudi:hudi:1.0.0-SNAPSHOT,True,hudi-hadoop-common,hudi-hadoop-common,True,org.apache.hudi:hudi:1.0.0-SNAPSHOT,True,listed-ok,
apache,hudi,/home/camila/repos/apache/hudi,org.apache.hudi:hudi:1.0.0-SNAPSHOT,True,hudi-hadoop-mr,hudi-hadoop-mr,True,org.apache.hudi:hudi:1.0.0-SNAPSHOT,True,listed-ok,
apache,hudi,/home/camila/repos/apache/hudi,org.apache.hudi:hudi:1.0.0-SNAPSHOT,True,hudi-io,hudi-io,True,org.apache.hudi:hudi:1.0.0-SNAPSHOT,True,listed-ok,
apache,hudi,/home/camila/repos/apache/hudi,org.apache.hudi:hudi:1.0.0-SNAPSHOT,True,hudi-spark-datasource,hudi-spark-datasource,True,org.apache.hudi:hudi:1.0.0-SNAPSHOT,True,listed-ok,
apache,hudi,/home/camila/repos/apache/hudi,org.apache.hudi:hudi:1.0.0-SNAPSHOT,True,hudi-timeline-service,hudi-timeline-service,True,org.apache.hudi:hudi:1.0.0-SNAPSHOT,True,listed-ok,
apache,hudi,/home/camila/repos/apache/hudi,org.apache.hudi:hudi:1.0.0-SNAPSHOT,True,hudi-utilities,hudi-utilities,True,org.apache.hudi:hudi:1.0.0-SNAPSHOT,True,listed-ok,
apache,hudi,/home/camila/repos/apache/hudi,org.apache.hudi:hudi:1.0.0-SNAPSHOT,True,hudi-sync,hudi-sync,True,org.apache.hudi:hudi:1.0.0-SNAPSHOT,True,listed-ok,
apache,hudi,/home/camila/repos/apache/hudi,org.apache.hudi:hudi:1.0.0-SNAPSHOT,True,packaging/hudi-hadoop-mr-bundle,packaging/hudi-hadoop-mr-bundle,False,?:?:?,False,listed-nested-path,nested-module-path
apache,hudi,/home/camila/repos/apache/hudi,org.apache.hudi:hudi:1.0.0-SNAPSHOT,True,packaging/hudi-datahub-sync-bundle,packaging/hudi-datahub-sync-bundle,False,?:?:?,False,listed-nested-path,nested-module-path
apache,hudi,/home/camila/repos/apache/hudi,org.apache.hudi:hudi:1.0.0-SNAPSHOT,True,packaging/hudi-hive-sync-bundle,packaging/hudi-hive-sync-bundle,False,?:?:?,False,listed-nested-path,nested-module-path
apache,hudi,/home/camila/repos/apache/hudi,org.apache.hudi:hudi:1.0.0-SNAPSHOT,True,packaging/hudi-aws-bundle,packaging/hudi-aws-bundle,False,?:?:?,False,listed-nested-path,nested-module-path
apache,hudi,/home/camila/repos/apache/hudi,org.apache.hudi:hudi:1.0.0-SNAPSHOT,True,packaging/hudi-gcp-bundle,packaging/hudi-gcp-bundle,False,?:?:?,False,listed-nested-path,nested-module-path
apache,hudi,/home/camila/repos/apache/hudi,org.apache.hudi:hudi:1.0.0-SNAPSHOT,True,packaging/hudi-spark-bundle,packaging/hudi-spark-bundle,False,?:?:?,False,listed-nested-path,nested-module-path
apache,hudi,/home/camila/repos/apache/hudi,org.apache.hudi:hudi:1.0.0-SNAPSHOT,True,packaging/hudi-presto-bundle,packaging/hudi-presto-bundle,False,?:?:?,False,listed-nested-path,nested-module-path
apache,hudi,/home/camila/repos/apache/hudi,org.apache.hudi:hudi:1.0.0-SNAPSHOT,True,packaging/hudi-utilities-bundle,packaging/hudi-utilities-bundle,False,?:?:?,False,listed-nested-path,nested-module-path
apache,hudi,/home/camila/repos/apache/hudi,org.apache.hudi:hudi:1.0.0-SNAPSHOT,True,packaging/hudi-utilities-slim-bundle,packaging/hudi-utilities-slim-bundle,False,?:?:?,False,listed-nested-path,nested-module-path
apache,hudi,/home/camila/repos/apache/hudi,org.apache.hudi:hudi:1.0.0-SNAPSHOT,True,packaging/hudi-timeline-server-bundle,packaging/hudi-timeline-server-bundle,False,?:?:?,False,listed-nested-path,nested-module-path
apache,hudi,/home/camila/repos/apache/hudi,org.apache.hudi:hudi:1.0.0-SNAPSHOT,True,packaging/hudi-trino-bundle,packaging/hudi-trino-bundle,False,?:?:?,False,listed-nested-path,nested-module-path
apache,hudi,/home/camila/repos/apache/hudi,org.apache.hudi:hudi:1.0.0-SNAPSHOT,True,hudi-examples,hudi-examples,True,org.apache.hudi:hudi:1.0.0-SNAPSHOT,True,listed-ok,
apache,hudi,/home/camila/repos/apache/hudi,org.apache.hudi:hudi:1.0.0-SNAPSHOT,True,hudi-flink-datasource,hudi-flink-datasource,True,org.apache.hudi:hudi:1.0.0-SNAPSHOT,True,listed-ok,
apache,hudi,/home/camila/repos/apache/hudi,org.apache.hudi:hudi:1.0.0-SNAPSHOT,True,hudi-kafka-connect,hudi-kafka-connect,True,org.apache.hudi:hudi:1.0.0-SNAPSHOT,True,listed-ok,
apache,hudi,/home/camila/repos/apache/hudi,org.apache.hudi:hudi:1.0.0-SNAPSHOT,True,packaging/hudi-flink-bundle,packaging/hudi-flink-bundle,False,?:?:?,False,listed-nested-path,nested-module-path
apache,hudi,/home/camila/repos/apache/hudi,org.apache.hudi:hudi:1.0.0-SNAPSHOT,True,packaging/hudi-kafka-connect-bundle,packaging/hudi-kafka-connect-bundle,False,?:?:?,False,listed-nested-path,nested-module-path
apache,hudi,/home/camila/repos/apache/hudi,org.apache.hudi:hudi:1.0.0-SNAPSHOT,True,packaging/hudi-cli-bundle,packaging/hudi-cli-bundle,False,?:?:?,False,listed-nested-path,nested-module-path
apache,hudi,/home/camila/repos/apache/hudi,org.apache.hudi:hudi:1.0.0-SNAPSHOT,True,hudi-tests-common,hudi-tests-common,True,org.apache.hudi:hudi:1.0.0-SNAPSHOT,True,listed-ok,
apache,hudi,/home/camila/repos/apache/hudi,org.apache.hudi:hudi:1.0.0-SNAPSHOT,False,hudi-platform-service,hudi-platform-service,True,org.apache.hudi:hudi:1.0.0-SNAPSHOT,True,unlisted-child-with-root-parent,unlisted-but-parent-matches-root
apache,hudi,/home/camila/repos/apache/hudi,org.apache.hudi:hudi:1.0.0-SNAPSHOT,False,hudi-integ-test,hudi-integ-test,True,org.apache.hudi:hudi:1.0.0-SNAPSHOT,True,unlisted-child-with-root-parent,unlisted-but-parent-matches-root
apache,servicecomb-pack,/home/camila/repos/apache/servicecomb-pack,org.apache.servicecomb.pack:pack:${revision},True,pack-dependencies,pack-dependencies,True,org.apache.servicecomb.pack:pack:${revision},True,listed-ok,
apache,servicecomb-pack,/home/camila/repos/apache/servicecomb-pack,org.apache.servicecomb.pack:pack:${revision},True,docker-build-config,docker-build-config,True,org.apache.servicecomb.pack:pack-dependencies:${revision},False,listed-parent-mismatch,parent-ga-mismatch
apache,servicecomb-pack,/home/camila/repos/apache/servicecomb-pack,org.apache.servicecomb.pack:pack:${revision},True,omega,omega,True,org.apache.servicecomb.pack:pack-dependencies:${revision},False,listed-parent-mismatch,parent-ga-mismatch
apache,servicecomb-pack,/home/camila/repos/apache/servicecomb-pack,org.apache.servicecomb.pack:pack:${revision},True,alpha,alpha,True,org.apache.servicecomb.pack:pack-dependencies:${revision},False,listed-parent-mismatch,parent-ga-mismatch
apache,servicecomb-pack,/home/camila/repos/apache/servicecomb-pack,org.apache.servicecomb.pack:pack:${revision},True,pack-contracts,pack-contracts,True,org.apache.servicecomb.pack:pack-dependencies:${revision},False,listed-parent-mismatch,parent-ga-mismatch
apache,servicecomb-pack,/home/camila/repos/apache/servicecomb-pack,org.apache.servicecomb.pack:pack:${revision},True,pack-common,pack-common,True,org.apache.servicecomb.pack:pack-dependencies:${revision},False,listed-parent-mismatch,parent-ga-mismatch
apache,servicecomb-pack,/home/camila/repos/apache/servicecomb-pack,org.apache.servicecomb.pack:pack:${revision},True,integration-tests,integration-tests,True,org.apache.servicecomb.pack:pack-dependencies:${revision},False,listed-parent-mismatch,parent-ga-mismatch
apache,servicecomb-pack,/home/camila/repos/apache/servicecomb-pack,org.apache.servicecomb.pack:pack:${revision},True,web,web,True,org.apache.servicecomb.pack:pack-dependencies:${revision},False,listed-parent-mismatch,parent-ga-mismatch
apache,shiro,/home/camila/repos/apache/shiro,org.apache.shiro:shiro-root:2.0.0-SNAPSHOT,True,lang,lang,True,org.apache.shiro:shiro-root:2.0.0-SNAPSHOT,True,listed-ok,
apache,shiro,/home/camila/repos/apache/shiro,org.apache.shiro:shiro-root:2.0.0-SNAPSHOT,True,crypto,crypto,True,org.apache.shiro:shiro-root:2.0.0-SNAPSHOT,True,listed-ok,
apache,shiro,/home/camila/repos/apache/shiro,org.apache.shiro:shiro-root:2.0.0-SNAPSHOT,True,event,event,True,org.apache.shiro:shiro-root:2.0.0-SNAPSHOT,True,listed-ok,
apache,shiro,/home/camila/repos/apache/shiro,org.apache.shiro:shiro-root:2.0.0-SNAPSHOT,True,cache,cache,True,org.apache.shiro:shiro-root:2.0.0-SNAPSHOT,True,listed-ok,
apache,shiro,/home/camila/repos/apache/shiro,org.apache.shiro:shiro-root:2.0.0-SNAPSHOT,True,config,config,True,org.apache.shiro:shiro-root:2.0.0-SNAPSHOT,True,listed-ok,
apache,shiro,/home/camila/repos/apache/shiro,org.apache.shiro:shiro-root:2.0.0-SNAPSHOT,True,core,core,True,org.apache.shiro:shiro-root:2.0.0-SNAPSHOT,True,listed-ok,
apache,shiro,/home/camila/repos/apache/shiro,org.apache.shiro:shiro-root:2.0.0-SNAPSHOT,True,web,web,True,org.apache.shiro:shiro-root:2.0.0-SNAPSHOT,True,listed-ok,
apache,shiro,/home/camila/repos/apache/shiro,org.apache.shiro:shiro-root:2.0.0-SNAPSHOT,True,support,support,True,org.apache.shiro:shiro-root:2.0.0-SNAPSHOT,True,listed-ok,
apache,shiro,/home/camila/repos/apache/shiro,org.apache.shiro:shiro-root:2.0.0-SNAPSHOT,True,tools,tools,True,org.apache.shiro:shiro-root:2.0.0-SNAPSHOT,True,listed-ok,
apache,shiro,/home/camila/repos/apache/shiro,org.apache.shiro:shiro-root:2.0.0-SNAPSHOT,True,bom,bom,True,org.apache.shiro:shiro-root:2.0.0-SNAPSHOT,True,listed-ok,
apache,shiro,/home/camila/repos/apache/shiro,org.apache.shiro:shiro-root:2.0.0-SNAPSHOT,True,integration-tests,integration-tests,True,org.apache.shiro:shiro-root:2.0.0-SNAPSHOT,True,listed-ok,
apache,shiro,/home/camila/repos/apache/shiro,org.apache.shiro:shiro-root:2.0.0-SNAPSHOT,True,samples,samples,True,org.apache.shiro:shiro-root:2.0.0-SNAPSHOT,True,listed-ok,
apache,shiro,/home/camila/repos/apache/shiro,org.apache.shiro:shiro-root:2.0.0-SNAPSHOT,True,test-coverage,test-coverage,True,org.apache.shiro:shiro-root:2.0.0-SNAPSHOT,True,listed-ok,
apache,opennlp,/home/camila/repos/apache/opennlp,org.apache.opennlp:opennlp:2.4.1-SNAPSHOT,True,opennlp-tools,opennlp-tools,True,org.apache.opennlp:opennlp:2.4.1-SNAPSHOT,True,listed-ok,
apache,opennlp,/home/camila/repos/apache/opennlp,org.apache.opennlp:opennlp:2.4.1-SNAPSHOT,True,opennlp-uima,opennlp-uima,True,org.apache.opennlp:opennlp:2.4.1-SNAPSHOT,True,listed-ok,
apache,opennlp,/home/camila/repos/apache/opennlp,org.apache.opennlp:opennlp:2.4.1-SNAPSHOT,True,opennlp-brat-annotator,opennlp-brat-annotator,True,org.apache.opennlp:opennlp:2.4.1-SNAPSHOT,True,listed-ok,
apache,opennlp,/home/camila/repos/apache/opennlp,org.apache.opennlp:opennlp:2.4.1-SNAPSHOT,True,opennlp-morfologik-addon,opennlp-morfologik-addon,True,org.apache.opennlp:opennlp:2.4.1-SNAPSHOT,True,listed-ok,
apache,opennlp,/home/camila/repos/apache/opennlp,org.apache.opennlp:opennlp:2.4.1-SNAPSHOT,True,opennlp-docs,opennlp-docs,True,org.apache.opennlp:opennlp:2.4.1-SNAPSHOT,True,listed-ok,
apache,opennlp,/home/camila/repos/apache/opennlp,org.apache.opennlp:opennlp:2.4.1-SNAPSHOT,True,opennlp-distr,opennlp-distr,True,org.apache.opennlp:opennlp:2.4.1-SNAPSHOT,True,listed-ok,
apache,opennlp,/home/camila/repos/apache/opennlp,org.apache.opennlp:opennlp:2.4.1-SNAPSHOT,True,opennlp-dl,opennlp-dl,True,org.apache.opennlp:opennlp:2.4.1-SNAPSHOT,True,listed-ok,
apache,opennlp,/home/camila/repos/apache/opennlp,org.apache.opennlp:opennlp:2.4.1-SNAPSHOT,True,opennlp-dl-gpu,opennlp-dl-gpu,True,org.apache.opennlp:opennlp:2.4.1-SNAPSHOT,True,listed-ok,
apache,opennlp,/home/camila/repos/apache/opennlp,org.apache.opennlp:opennlp:2.4.1-SNAPSHOT,True,opennlp-tools-models,opennlp-tools-models,True,org.apache.opennlp:opennlp:2.4.1-SNAPSHOT,True,listed-ok,
apache,shardingsphere-elasticjob,/home/camila/repos/apache/shardingsphere-elasticjob,org.apache.shardingsphere.elasticjob:elasticjob:3.1.0-SNAPSHOT,True,api,api,True,org.apache.shardingsphere.elasticjob:elasticjob:3.1.0-SNAPSHOT,True,listed-ok,
apache,shardingsphere-elasticjob,/home/camila/repos/apache/shardingsphere-elasticjob,org.apache.shardingsphere.elasticjob:elasticjob:3.1.0-SNAPSHOT,True,registry-center,registry-center,True,org.apache.shardingsphere.elasticjob:elasticjob:3.1.0-SNAPSHOT,True,listed-ok,
apache,shardingsphere-elasticjob,/home/camila/repos/apache/shardingsphere-elasticjob,org.apache.shardingsphere.elasticjob:elasticjob:3.1.0-SNAPSHOT,True,bootstrap,bootstrap,True,org.apache.shardingsphere.elasticjob:elasticjob:3.1.0-SNAPSHOT,True,listed-ok,
apache,shardingsphere-elasticjob,/home/camila/repos/apache/shardingsphere-elasticjob,org.apache.shardingsphere.elasticjob:elasticjob:3.1.0-SNAPSHOT,True,kernel,kernel,True,org.apache.shardingsphere.elasticjob:elasticjob:3.1.0-SNAPSHOT,True,listed-ok,
apache,shardingsphere-elasticjob,/home/camila/repos/apache/shardingsphere-elasticjob,org.apache.shardingsphere.elasticjob:elasticjob:3.1.0-SNAPSHOT,True,lifecycle,lifecycle,True,org.apache.shardingsphere.elasticjob:elasticjob:3.1.0-SNAPSHOT,True,listed-ok,
apache,shardingsphere-elasticjob,/home/camila/repos/apache/shardingsphere-elasticjob,org.apache.shardingsphere.elasticjob:elasticjob:3.1.0-SNAPSHOT,True,restful,restful,True,org.apache.shardingsphere.elasticjob:elasticjob:3.1.0-SNAPSHOT,True,listed-ok,
apache,shardingsphere-elasticjob,/home/camila/repos/apache/shardingsphere-elasticjob,org.apache.shardingsphere.elasticjob:elasticjob:3.1.0-SNAPSHOT,True,ecosystem,ecosystem,True,org.apache.shardingsphere.elasticjob:elasticjob:3.1.0-SNAPSHOT,True,listed-ok,
apache,shardingsphere-elasticjob,/home/camila/repos/apache/shardingsphere-elasticjob,org.apache.shardingsphere.elasticjob:elasticjob:3.1.0-SNAPSHOT,True,spring,spring,True,org.apache.shardingsphere.elasticjob:elasticjob:3.1.0-SNAPSHOT,True,listed-ok,
apache,shardingsphere-elasticjob,/home/camila/repos/apache/shardingsphere-elasticjob,org.apache.shardingsphere.elasticjob:elasticjob:3.1.0-SNAPSHOT,True,test,test,True,org.apache.shardingsphere.elasticjob:elasticjob:3.1.0-SNAPSHOT,True,listed-ok,
apache,shardingsphere-elasticjob,/home/camila/repos/apache/shardingsphere-elasticjob,org.apache.shardingsphere.elasticjob:elasticjob:3.1.0-SNAPSHOT,True,distribution,distribution,True,org.apache.shardingsphere.elasticjob:elasticjob:3.1.0-SNAPSHOT,True,listed-ok,
apache,shardingsphere-elasticjob,/home/camila/repos/apache/shardingsphere-elasticjob,org.apache.shardingsphere.elasticjob:elasticjob:3.1.0-SNAPSHOT,True,reachability-metadata,reachability-metadata,True,org.apache.shardingsphere.elasticjob:elasticjob:3.1.0-SNAPSHOT,True,listed-ok,
apache,curator,/home/camila/repos/apache/curator,org.apache.curator:apache-curator:5.7.1-SNAPSHOT,True,curator-client,curator-client,True,org.apache.curator:apache-curator:5.7.1-SNAPSHOT,True,listed-ok,
apache,curator,/home/camila/repos/apache/curator,org.apache.curator:apache-curator:5.7.1-SNAPSHOT,True,curator-test,curator-test,True,org.apache.curator:apache-curator:5.7.1-SNAPSHOT,True,listed-ok,
apache,curator,/home/camila/repos/apache/curator,org.apache.curator:apache-curator:5.7.1-SNAPSHOT,True,curator-framework,curator-framework,True,org.apache.curator:apache-curator:5.7.1-SNAPSHOT,True,listed-ok,
apache,curator,/home/camila/repos/apache/curator,org.apache.curator:apache-curator:5.7.1-SNAPSHOT,True,curator-recipes,curator-recipes,True,org.apache.curator:apache-curator:5.7.1-SNAPSHOT,True,listed-ok,
apache,curator,/home/camila/repos/apache/curator,org.apache.curator:apache-curator:5.7.1-SNAPSHOT,True,curator-examples,curator-examples,True,org.apache.curator:apache-curator:5.7.1-SNAPSHOT,True,listed-ok,
apache,curator,/home/camila/repos/apache/curator,org.apache.curator:apache-curator:5.7.1-SNAPSHOT,True,curator-x-discovery,curator-x-discovery,True,org.apache.curator:apache-curator:5.7.1-SNAPSHOT,True,listed-ok,
apache,curator,/home/camila/repos/apache/curator,org.apache.curator:apache-curator:5.7.1-SNAPSHOT,True,curator-x-discovery-server,curator-x-discovery-server,True,org.apache.curator:apache-curator:5.7.1-SNAPSHOT,True,listed-ok,
apache,curator,/home/camila/repos/apache/curator,org.apache.curator:apache-curator:5.7.1-SNAPSHOT,True,curator-x-async,curator-x-async,True,org.apache.curator:apache-curator:5.7.1-SNAPSHOT,True,listed-ok,
apache,curator,/home/camila/repos/apache/curator,org.apache.curator:apache-curator:5.7.1-SNAPSHOT,True,curator-test-zk35,curator-test-zk35,True,org.apache.curator:apache-curator:5.7.1-SNAPSHOT,True,listed-ok,
apache,curator,/home/camila/repos/apache/curator,org.apache.curator:apache-curator:5.7.1-SNAPSHOT,True,curator-test-zk36,curator-test-zk36,True,org.apache.curator:apache-curator:5.7.1-SNAPSHOT,True,listed-ok,
apache,curator,/home/camila/repos/apache/curator,org.apache.curator:apache-curator:5.7.1-SNAPSHOT,True,curator-test-zk37,curator-test-zk37,True,org.apache.curator:apache-curator:5.7.1-SNAPSHOT,True,listed-ok,
apache,curator,/home/camila/repos/apache/curator,org.apache.curator:apache-curator:5.7.1-SNAPSHOT,True,curator-test-zk38,curator-test-zk38,True,org.apache.curator:apache-curator:5.7.1-SNAPSHOT,True,listed-ok,
apache,servicecomb-java-chassis,/home/camila/repos/apache/servicecomb-java-chassis,org.apache.servicecomb:java-chassis:2.9.0-SNAPSHOT,True,dependencies,dependencies,True,org.apache.servicecomb:java-chassis:2.9.0-SNAPSHOT,True,listed-ok,
apache,servicecomb-java-chassis,/home/camila/repos/apache/servicecomb-java-chassis,org.apache.servicecomb:java-chassis:2.9.0-SNAPSHOT,True,parents,parents,True,org.apache.servicecomb:java-chassis:2.9.0-SNAPSHOT,True,listed-ok,
apache,servicecomb-java-chassis,/home/camila/repos/apache/servicecomb-java-chassis,org.apache.servicecomb:java-chassis:2.9.0-SNAPSHOT,True,common,common,True,org.apache.servicecomb:java-chassis-parent:2.9.0-SNAPSHOT,False,listed-parent-mismatch,parent-ga-mismatch
apache,servicecomb-java-chassis,/home/camila/repos/apache/servicecomb-java-chassis,org.apache.servicecomb:java-chassis:2.9.0-SNAPSHOT,True,foundations,foundations,True,org.apache.servicecomb:java-chassis-parent:2.9.0-SNAPSHOT,False,listed-parent-mismatch,parent-ga-mismatch
apache,servicecomb-java-chassis,/home/camila/repos/apache/servicecomb-java-chassis,org.apache.servicecomb:java-chassis:2.9.0-SNAPSHOT,True,deployment,deployment,True,org.apache.servicecomb:java-chassis-parent:2.9.0-SNAPSHOT,False,listed-parent-mismatch,parent-ga-mismatch
apache,servicecomb-java-chassis,/home/camila/repos/apache/servicecomb-java-chassis,org.apache.servicecomb:java-chassis:2.9.0-SNAPSHOT,True,handlers,handlers,True,org.apache.servicecomb:java-chassis-parent:2.9.0-SNAPSHOT,False,listed-parent-mismatch,parent-ga-mismatch
apache,servicecomb-java-chassis,/home/camila/repos/apache/servicecomb-java-chassis,org.apache.servicecomb:java-chassis:2.9.0-SNAPSHOT,True,providers,providers,True,org.apache.servicecomb:java-chassis-parent:2.9.0-SNAPSHOT,False,listed-parent-mismatch,parent-ga-mismatch
apache,servicecomb-java-chassis,/home/camila/repos/apache/servicecomb-java-chassis,org.apache.servicecomb:java-chassis:2.9.0-SNAPSHOT,True,transports,transports,True,org.apache.servicecomb:java-chassis-parent:2.9.0-SNAPSHOT,False,listed-parent-mismatch,parent-ga-mismatch
apache,servicecomb-java-chassis,/home/camila/repos/apache/servicecomb-java-chassis,org.apache.servicecomb:java-chassis:2.9.0-SNAPSHOT,True,swagger,swagger,True,org.apache.servicecomb:java-chassis-parent:2.9.0-SNAPSHOT,False,listed-parent-mismatch,parent-ga-mismatch
apache,servicecomb-java-chassis,/home/camila/repos/apache/servicecomb-java-chassis,org.apache.servicecomb:java-chassis:2.9.0-SNAPSHOT,True,core,core,True,org.apache.servicecomb:java-chassis-parent:2.9.0-SNAPSHOT,False,listed-parent-mismatch,parent-ga-mismatch
apache,servicecomb-java-chassis,/home/camila/repos/apache/servicecomb-java-chassis,org.apache.servicecomb:java-chassis:2.9.0-SNAPSHOT,True,service-registry,service-registry,True,org.apache.servicecomb:java-chassis-parent:2.9.0-SNAPSHOT,False,listed-parent-mismatch,parent-ga-mismatch
apache,servicecomb-java-chassis,/home/camila/repos/apache/servicecomb-java-chassis,org.apache.servicecomb:java-chassis:2.9.0-SNAPSHOT,True,tracing,tracing,True,org.apache.servicecomb:java-chassis-parent:2.9.0-SNAPSHOT,False,listed-parent-mismatch,parent-ga-mismatch
apache,servicecomb-java-chassis,/home/camila/repos/apache/servicecomb-java-chassis,org.apache.servicecomb:java-chassis:2.9.0-SNAPSHOT,True,edge,edge,True,org.apache.servicecomb:java-chassis-parent:2.9.0-SNAPSHOT,False,listed-parent-mismatch,parent-ga-mismatch
apache,servicecomb-java-chassis,/home/camila/repos/apache/servicecomb-java-chassis,org.apache.servicecomb:java-chassis:2.9.0-SNAPSHOT,True,metrics,metrics,True,org.apache.servicecomb:java-chassis-parent:2.9.0-SNAPSHOT,False,listed-parent-mismatch,parent-ga-mismatch
apache,servicecomb-java-chassis,/home/camila/repos/apache/servicecomb-java-chassis,org.apache.servicecomb:java-chassis:2.9.0-SNAPSHOT,True,dynamic-config,dynamic-config,True,org.apache.servicecomb:java-chassis-parent:2.9.0-SNAPSHOT,False,listed-parent-mismatch,parent-ga-mismatch
apache,servicecomb-java-chassis,/home/camila/repos/apache/servicecomb-java-chassis,org.apache.servicecomb:java-chassis:2.9.0-SNAPSHOT,True,archetypes,archetypes,True,org.apache.servicecomb:java-chassis-parent:2.9.0-SNAPSHOT,False,listed-parent-mismatch,parent-ga-mismatch
apache,servicecomb-java-chassis,/home/camila/repos/apache/servicecomb-java-chassis,org.apache.servicecomb:java-chassis:2.9.0-SNAPSHOT,True,spring-boot,spring-boot,True,org.apache.servicecomb:java-chassis-parent:2.9.0-SNAPSHOT,False,listed-parent-mismatch,parent-ga-mismatch
apache,servicecomb-java-chassis,/home/camila/repos/apache/servicecomb-java-chassis,org.apache.servicecomb:java-chassis:2.9.0-SNAPSHOT,True,inspector,inspector,True,org.apache.servicecomb:java-chassis-parent:2.9.0-SNAPSHOT,False,listed-parent-mismatch,parent-ga-mismatch
apache,servicecomb-java-chassis,/home/camila/repos/apache/servicecomb-java-chassis,org.apache.servicecomb:java-chassis:2.9.0-SNAPSHOT,True,solutions,solutions,True,org.apache.servicecomb:java-chassis-parent:2.9.0-SNAPSHOT,False,listed-parent-mismatch,parent-ga-mismatch
apache,servicecomb-java-chassis,/home/camila/repos/apache/servicecomb-java-chassis,org.apache.servicecomb:java-chassis:2.9.0-SNAPSHOT,True,clients,clients,True,org.apache.servicecomb:java-chassis-parent:2.9.0-SNAPSHOT,False,listed-parent-mismatch,parent-ga-mismatch
apache,servicecomb-java-chassis,/home/camila/repos/apache/servicecomb-java-chassis,org.apache.servicecomb:java-chassis:2.9.0-SNAPSHOT,True,governance,governance,True,org.apache.servicecomb:java-chassis-parent:2.9.0-SNAPSHOT,False,listed-parent-mismatch,parent-ga-mismatch
apache,servicecomb-java-chassis,/home/camila/repos/apache/servicecomb-java-chassis,org.apache.servicecomb:java-chassis:2.9.0-SNAPSHOT,True,huawei-cloud,huawei-cloud,True,org.apache.servicecomb:java-chassis-parent:2.9.0-SNAPSHOT,False,listed-parent-mismatch,parent-ga-mismatch
apache,httpcomponents-client,/home/camila/repos/apache/httpcomponents-client,org.apache.httpcomponents.client5:httpclient5-parent:5.4.1-SNAPSHOT,True,httpclient5,httpclient5,True,org.apache.httpcomponents.client5:httpclient5-parent:5.4.1-SNAPSHOT,True,listed-ok,
apache,httpcomponents-client,/home/camila/repos/apache/httpcomponents-client,org.apache.httpcomponents.client5:httpclient5-parent:5.4.1-SNAPSHOT,True,httpclient5-fluent,httpclient5-fluent,True,org.apache.httpcomponents.client5:httpclient5-parent:5.4.1-SNAPSHOT,True,listed-ok,
apache,httpcomponents-client,/home/camila/repos/apache/httpcomponents-client,org.apache.httpcomponents.client5:httpclient5-parent:5.4.1-SNAPSHOT,True,httpclient5-cache,httpclient5-cache,True,org.apache.httpcomponents.client5:httpclient5-parent:5.4.1-SNAPSHOT,True,listed-ok,
apache,httpcomponents-client,/home/camila/repos/apache/httpcomponents-client,org.apache.httpcomponents.client5:httpclient5-parent:5.4.1-SNAPSHOT,True,httpclient5-testing,httpclient5-testing,True,org.apache.httpcomponents.client5:httpclient5-parent:5.4.1-SNAPSHOT,True,listed-ok,
apache,dubbo,/home/camila/repos/apache/dubbo,org.apache.dubbo:dubbo-parent:${revision},True,dubbo-common,dubbo-common,True,org.apache.dubbo:dubbo-parent:${revision},True,listed-ok,
apache,dubbo,/home/camila/repos/apache/dubbo,org.apache.dubbo:dubbo-parent:${revision},True,dubbo-remoting,dubbo-remoting,True,org.apache.dubbo:dubbo-parent:${revision},True,listed-ok,
apache,dubbo,/home/camila/repos/apache/dubbo,org.apache.dubbo:dubbo-parent:${revision},True,dubbo-rpc,dubbo-rpc,True,org.apache.dubbo:dubbo-parent:${revision},True,listed-ok,
apache,dubbo,/home/camila/repos/apache/dubbo,org.apache.dubbo:dubbo-parent:${revision},True,dubbo-cluster,dubbo-cluster,True,org.apache.dubbo:dubbo-parent:${revision},True,listed-ok,
apache,dubbo,/home/camila/repos/apache/dubbo,org.apache.dubbo:dubbo-parent:${revision},True,dubbo-registry,dubbo-registry,True,org.apache.dubbo:dubbo-parent:${revision},True,listed-ok,
apache,dubbo,/home/camila/repos/apache/dubbo,org.apache.dubbo:dubbo-parent:${revision},True,dubbo-config,dubbo-config,True,org.apache.dubbo:dubbo-parent:${revision},True,listed-ok,
apache,dubbo,/home/camila/repos/apache/dubbo,org.apache.dubbo:dubbo-parent:${revision},True,dubbo-plugin,dubbo-plugin,True,org.apache.dubbo:dubbo-parent:${revision},True,listed-ok,
apache,dubbo,/home/camila/repos/apache/dubbo,org.apache.dubbo:dubbo-parent:${revision},True,dubbo-serialization,dubbo-serialization,True,org.apache.dubbo:dubbo-parent:${revision},True,listed-ok,
apache,dubbo,/home/camila/repos/apache/dubbo,org.apache.dubbo:dubbo-parent:${revision},True,dubbo-compatible,dubbo-compatible,True,org.apache.dubbo:dubbo-parent:${revision},True,listed-ok,
apache,dubbo,/home/camila/repos/apache/dubbo,org.apache.dubbo:dubbo-parent:${revision},True,dubbo-dependencies-bom,dubbo-dependencies-bom,True,org.apache:apache:31,False,listed-parent-mismatch,parent-ga-mismatch
apache,dubbo,/home/camila/repos/apache/dubbo,org.apache.dubbo:dubbo-parent:${revision},True,dubbo-distribution,dubbo-distribution,True,org.apache.dubbo:dubbo-parent:${revision},True,listed-ok,
apache,dubbo,/home/camila/repos/apache/dubbo,org.apache.dubbo:dubbo-parent:${revision},True,dubbo-configcenter,dubbo-configcenter,True,org.apache.dubbo:dubbo-parent:${revision},True,listed-ok,
apache,dubbo,/home/camila/repos/apache/dubbo,org.apache.dubbo:dubbo-parent:${revision},True,dubbo-dependencies,dubbo-dependencies,True,org.apache.dubbo:dubbo-parent:${revision},True,listed-ok,
apache,dubbo,/home/camila/repos/apache/dubbo,org.apache.dubbo:dubbo-parent:${revision},True,dubbo-metadata,dubbo-metadata,True,org.apache.dubbo:dubbo-parent:${revision},True,listed-ok,
apache,dubbo,/home/camila/repos/apache/dubbo,org.apache.dubbo:dubbo-parent:${revision},True,dubbo-metrics,dubbo-metrics,True,org.apache.dubbo:dubbo-parent:${revision},True,listed-ok,
apache,dubbo,/home/camila/repos/apache/dubbo,org.apache.dubbo:dubbo-parent:${revision},True,dubbo-spring-boot,dubbo-spring-boot,True,org.apache.dubbo:dubbo-parent:${revision},True,listed-ok,
apache,dubbo,/home/camila/repos/apache/dubbo,org.apache.dubbo:dubbo-parent:${revision},True,dubbo-test,dubbo-test,True,org.apache.dubbo:dubbo-parent:${revision},True,listed-ok,
apache,dubbo,/home/camila/repos/apache/dubbo,org.apache.dubbo:dubbo-parent:${revision},True,dubbo-maven-plugin,dubbo-maven-plugin,True,org.apache.dubbo:dubbo-parent:${revision},True,listed-ok,
apache,dubbo,/home/camila/repos/apache/dubbo,org.apache.dubbo:dubbo-parent:${revision},False,dubbo-demo,dubbo-demo,True,org.apache.dubbo:dubbo-parent:${revision},True,unlisted-child-with-root-parent,unlisted-but-parent-matches-root
apache,drill,/home/camila/repos/apache/drill,org.apache.drill:drill-root:1.22.0-SNAPSHOT,True,tools,tools,True,org.apache.drill:drill-root:1.22.0-SNAPSHOT,True,listed-ok,
apache,drill,/home/camila/repos/apache/drill,org.apache.drill:drill-root:1.22.0-SNAPSHOT,True,protocol,protocol,True,org.apache.drill:drill-root:1.22.0-SNAPSHOT,True,listed-ok,
apache,drill,/home/camila/repos/apache/drill,org.apache.drill:drill-root:1.22.0-SNAPSHOT,True,common,common,True,org.apache.drill:drill-root:1.22.0-SNAPSHOT,True,listed-ok,
apache,drill,/home/camila/repos/apache/drill,org.apache.drill:drill-root:1.22.0-SNAPSHOT,True,logical,logical,True,org.apache.drill:drill-root:1.22.0-SNAPSHOT,True,listed-ok,
apache,drill,/home/camila/repos/apache/drill,org.apache.drill:drill-root:1.22.0-SNAPSHOT,True,exec,exec,True,org.apache.drill:drill-root:1.22.0-SNAPSHOT,True,listed-ok,
apache,drill,/home/camila/repos/apache/drill,org.apache.drill:drill-root:1.22.0-SNAPSHOT,True,drill-yarn,drill-yarn,True,org.apache.drill:drill-root:1.22.0-SNAPSHOT,True,listed-ok,
apache,drill,/home/camila/repos/apache/drill,org.apache.drill:drill-root:1.22.0-SNAPSHOT,True,distribution,distribution,True,org.apache.drill:drill-root:1.22.0-SNAPSHOT,True,listed-ok,
apache,drill,/home/camila/repos/apache/drill,org.apache.drill:drill-root:1.22.0-SNAPSHOT,True,metastore,metastore,True,org.apache.drill:drill-root:1.22.0-SNAPSHOT,True,listed-ok,
apache,drill,/home/camila/repos/apache/drill,org.apache.drill:drill-root:1.22.0-SNAPSHOT,False,contrib,contrib,True,org.apache.drill:drill-root:1.22.0-SNAPSHOT,True,unlisted-child-with-root-parent,unlisted-but-parent-matches-root
apache,pulsar,/home/camila/repos/apache/pulsar,org.apache.pulsar:pulsar:3.0.7-SNAPSHOT,False,pulsar-client-1x-base,pulsar-client-1x-base,True,org.apache.pulsar:pulsar:3.0.7-SNAPSHOT,True,unlisted-child-with-root-parent,unlisted-but-parent-matches-root
apache,pulsar,/home/camila/repos/apache/pulsar,org.apache.pulsar:pulsar:3.0.7-SNAPSHOT,False,tests,tests,True,org.apache.pulsar:pulsar:3.0.7-SNAPSHOT,True,unlisted-child-with-root-parent,unlisted-but-parent-matches-root
apache,pulsar,/home/camila/repos/apache/pulsar,org.apache.pulsar:pulsar:3.0.7-SNAPSHOT,False,pulsar-broker,pulsar-broker,True,org.apache.pulsar:pulsar:3.0.7-SNAPSHOT,True,unlisted-child-with-root-parent,unlisted-but-parent-matches-root
apache,pulsar,/home/camila/repos/apache/pulsar,org.apache.pulsar:pulsar:3.0.7-SNAPSHOT,False,pulsar-client-tools-customcommand-example,pulsar-client-tools-customcommand-example,True,org.apache.pulsar:pulsar:3.0.7-SNAPSHOT,True,unlisted-child-with-root-parent,unlisted-but-parent-matches-root
apache,pulsar,/home/camila/repos/apache/pulsar,org.apache.pulsar:pulsar:3.0.7-SNAPSHOT,False,pulsar-package-management,pulsar-package-management,True,org.apache.pulsar:pulsar:3.0.7-SNAPSHOT,True,unlisted-child-with-root-parent,unlisted-but-parent-matches-root
apache,pulsar,/home/camila/repos/apache/pulsar,org.apache.pulsar:pulsar:3.0.7-SNAPSHOT,False,pulsar-client,pulsar-client,True,org.apache.pulsar:pulsar:3.0.7-SNAPSHOT,True,unlisted-child-with-root-parent,unlisted-but-parent-matches-root
apache,pulsar,/home/camila/repos/apache/pulsar,org.apache.pulsar:pulsar:3.0.7-SNAPSHOT,False,testmocks,testmocks,True,org.apache.pulsar:pulsar:3.0.7-SNAPSHOT,True,unlisted-child-with-root-parent,unlisted-but-parent-matches-root
apache,pulsar,/home/camila/repos/apache/pulsar,org.apache.pulsar:pulsar:3.0.7-SNAPSHOT,False,pulsar-broker-common,pulsar-broker-common,True,org.apache.pulsar:pulsar:3.0.7-SNAPSHOT,True,unlisted-child-with-root-parent,unlisted-but-parent-matches-root
apache,pulsar,/home/camila/repos/apache/pulsar,org.apache.pulsar:pulsar:3.0.7-SNAPSHOT,False,pulsar-broker-auth-oidc,pulsar-broker-auth-oidc,True,org.apache.pulsar:pulsar:3.0.7-SNAPSHOT,True,unlisted-child-with-root-parent,unlisted-but-parent-matches-root
apache,pulsar,/home/camila/repos/apache/pulsar,org.apache.pulsar:pulsar:3.0.7-SNAPSHOT,False,pulsar-client-admin-shaded,pulsar-client-admin-shaded,True,org.apache.pulsar:pulsar:3.0.7-SNAPSHOT,True,unlisted-child-with-root-parent,unlisted-but-parent-matches-root
apache,pulsar,/home/camila/repos/apache/pulsar,org.apache.pulsar:pulsar:3.0.7-SNAPSHOT,False,pulsar-testclient,pulsar-testclient,True,org.apache.pulsar:pulsar:3.0.7-SNAPSHOT,True,unlisted-child-with-root-parent,unlisted-but-parent-matches-root
apache,pulsar,/home/camila/repos/apache/pulsar,org.apache.pulsar:pulsar:3.0.7-SNAPSHOT,False,jetcd-core-shaded,jetcd-core-shaded,True,org.apache.pulsar:pulsar:3.0.7-SNAPSHOT,True,unlisted-child-with-root-parent,unlisted-but-parent-matches-root
apache,pulsar,/home/camila/repos/apache/pulsar,org.apache.pulsar:pulsar:3.0.7-SNAPSHOT,False,pulsar-client-shaded,pulsar-client-shaded,True,org.apache.pulsar:pulsar:3.0.7-SNAPSHOT,True,unlisted-child-with-root-parent,unlisted-but-parent-matches-root
apache,pulsar,/home/camila/repos/apache/pulsar,org.apache.pulsar:pulsar:3.0.7-SNAPSHOT,False,bouncy-castle,bouncy-castle,True,org.apache.pulsar:pulsar:3.0.7-SNAPSHOT,True,unlisted-child-with-root-parent,unlisted-but-parent-matches-root
apache,pulsar,/home/camila/repos/apache/pulsar,org.apache.pulsar:pulsar:3.0.7-SNAPSHOT,False,distribution,distribution,True,org.apache.pulsar:pulsar:3.0.7-SNAPSHOT,True,unlisted-child-with-root-parent,unlisted-but-parent-matches-root
apache,pulsar,/home/camila/repos/apache/pulsar,org.apache.pulsar:pulsar:3.0.7-SNAPSHOT,False,pulsar-client-messagecrypto-bc,pulsar-client-messagecrypto-bc,True,org.apache.pulsar:pulsar:3.0.7-SNAPSHOT,True,unlisted-child-with-root-parent,unlisted-but-parent-matches-root
apache,pulsar,/home/camila/repos/apache/pulsar,org.apache.pulsar:pulsar:3.0.7-SNAPSHOT,False,pulsar-transaction,pulsar-transaction,True,org.apache.pulsar:pulsar:3.0.7-SNAPSHOT,True,unlisted-child-with-root-parent,unlisted-but-parent-matches-root
apache,pulsar,/home/camila/repos/apache/pulsar,org.apache.pulsar:pulsar:3.0.7-SNAPSHOT,False,pulsar-functions,pulsar-functions,True,org.apache.pulsar:pulsar:3.0.7-SNAPSHOT,True,unlisted-child-with-root-parent,unlisted-but-parent-matches-root
apache,pulsar,/home/camila/repos/apache/pulsar,org.apache.pulsar:pulsar:3.0.7-SNAPSHOT,False,pulsar-client-tools-test,pulsar-client-tools-test,True,org.apache.pulsar:pulsar:3.0.7-SNAPSHOT,True,unlisted-child-with-root-parent,unlisted-but-parent-matches-root
apache,pulsar,/home/camila/repos/apache/pulsar,org.apache.pulsar:pulsar:3.0.7-SNAPSHOT,False,pulsar-client-api,pulsar-client-api,True,org.apache.pulsar:pulsar:3.0.7-SNAPSHOT,True,unlisted-child-with-root-parent,unlisted-but-parent-matches-root
apache,pulsar,/home/camila/repos/apache/pulsar,org.apache.pulsar:pulsar:3.0.7-SNAPSHOT,False,pulsar-common,pulsar-common,True,org.apache.pulsar:pulsar:3.0.7-SNAPSHOT,True,unlisted-child-with-root-parent,unlisted-but-parent-matches-root
apache,pulsar,/home/camila/repos/apache/pulsar,org.apache.pulsar:pulsar:3.0.7-SNAPSHOT,False,pulsar-broker-auth-sasl,pulsar-broker-auth-sasl,True,org.apache.pulsar:pulsar:3.0.7-SNAPSHOT,True,unlisted-child-with-root-parent,unlisted-but-parent-matches-root
apache,pulsar,/home/camila/repos/apache/pulsar,org.apache.pulsar:pulsar:3.0.7-SNAPSHOT,False,pulsar-broker-auth-athenz,pulsar-broker-auth-athenz,True,org.apache.pulsar:pulsar:3.0.7-SNAPSHOT,True,unlisted-child-with-root-parent,unlisted-but-parent-matches-root
apache,pulsar,/home/camila/repos/apache/pulsar,org.apache.pulsar:pulsar:3.0.7-SNAPSHOT,False,pulsar-client-auth-sasl,pulsar-client-auth-sasl,True,org.apache.pulsar:pulsar:3.0.7-SNAPSHOT,True,unlisted-child-with-root-parent,unlisted-but-parent-matches-root
apache,pulsar,/home/camila/repos/apache/pulsar,org.apache.pulsar:pulsar:3.0.7-SNAPSHOT,False,pulsar-sql,pulsar-sql,True,org.apache.pulsar:pulsar:3.0.7-SNAPSHOT,True,unlisted-child-with-root-parent,unlisted-but-parent-matches-root
apache,pulsar,/home/camila/repos/apache/pulsar,org.apache.pulsar:pulsar:3.0.7-SNAPSHOT,False,pulsar-client-tools,pulsar-client-tools,True,org.apache.pulsar:pulsar:3.0.7-SNAPSHOT,True,unlisted-child-with-root-parent,unlisted-but-parent-matches-root
apache,pulsar,/home/camila/repos/apache/pulsar,org.apache.pulsar:pulsar:3.0.7-SNAPSHOT,False,tiered-storage,tiered-storage,True,org.apache.pulsar:pulsar:3.0.7-SNAPSHOT,True,unlisted-child-with-root-parent,unlisted-but-parent-matches-root
apache,pulsar,/home/camila/repos/apache/pulsar,org.apache.pulsar:pulsar:3.0.7-SNAPSHOT,False,pulsar-websocket,pulsar-websocket,True,org.apache.pulsar:pulsar:3.0.7-SNAPSHOT,True,unlisted-child-with-root-parent,unlisted-but-parent-matches-root
apache,pulsar,/home/camila/repos/apache/pulsar,org.apache.pulsar:pulsar:3.0.7-SNAPSHOT,False,pulsar-client-auth-athenz,pulsar-client-auth-athenz,True,org.apache.pulsar:pulsar:3.0.7-SNAPSHOT,True,unlisted-child-with-root-parent,unlisted-but-parent-matches-root
apache,pulsar,/home/camila/repos/apache/pulsar,org.apache.pulsar:pulsar:3.0.7-SNAPSHOT,False,pulsar-client-admin-api,pulsar-client-admin-api,True,org.apache.pulsar:pulsar:3.0.7-SNAPSHOT,True,unlisted-child-with-root-parent,unlisted-but-parent-matches-root
apache,pulsar,/home/camila/repos/apache/pulsar,org.apache.pulsar:pulsar:3.0.7-SNAPSHOT,False,pulsar-client-admin,pulsar-client-admin,True,org.apache.pulsar:pulsar:3.0.7-SNAPSHOT,True,unlisted-child-with-root-parent,unlisted-but-parent-matches-root
apache,pulsar,/home/camila/repos/apache/pulsar,org.apache.pulsar:pulsar:3.0.7-SNAPSHOT,False,managed-ledger,managed-ledger,True,org.apache.pulsar:pulsar:3.0.7-SNAPSHOT,True,unlisted-child-with-root-parent,unlisted-but-parent-matches-root
apache,pulsar,/home/camila/repos/apache/pulsar,org.apache.pulsar:pulsar:3.0.7-SNAPSHOT,False,pulsar-proxy,pulsar-proxy,True,org.apache.pulsar:pulsar:3.0.7-SNAPSHOT,True,unlisted-child-with-root-parent,unlisted-but-parent-matches-root
apache,pulsar,/home/camila/repos/apache/pulsar,org.apache.pulsar:pulsar:3.0.7-SNAPSHOT,False,jclouds-shaded,jclouds-shaded,True,org.apache.pulsar:pulsar:3.0.7-SNAPSHOT,True,unlisted-child-with-root-parent,unlisted-but-parent-matches-root
apache,pulsar,/home/camila/repos/apache/pulsar,org.apache.pulsar:pulsar:3.0.7-SNAPSHOT,False,pulsar-client-all,pulsar-client-all,True,org.apache.pulsar:pulsar:3.0.7-SNAPSHOT,True,unlisted-child-with-root-parent,unlisted-but-parent-matches-root
apache,pulsar,/home/camila/repos/apache/pulsar,org.apache.pulsar:pulsar:3.0.7-SNAPSHOT,False,docker,docker,True,org.apache.pulsar:pulsar:3.0.7-SNAPSHOT,True,unlisted-child-with-root-parent,unlisted-but-parent-matches-root
apache,pulsar,/home/camila/repos/apache/pulsar,org.apache.pulsar:pulsar:3.0.7-SNAPSHOT,False,pulsar-config-validation,pulsar-config-validation,True,org.apache.pulsar:pulsar:3.0.7-SNAPSHOT,True,unlisted-child-with-root-parent,unlisted-but-parent-matches-root
apache,pulsar,/home/camila/repos/apache/pulsar,org.apache.pulsar:pulsar:3.0.7-SNAPSHOT,False,structured-event-log,structured-event-log,True,org.apache.pulsar:pulsar:3.0.7-SNAPSHOT,True,unlisted-child-with-root-parent,unlisted-but-parent-matches-root
apache,pulsar,/home/camila/repos/apache/pulsar,org.apache.pulsar:pulsar:3.0.7-SNAPSHOT,False,pulsar-io,pulsar-io,True,org.apache.pulsar:pulsar:3.0.7-SNAPSHOT,True,unlisted-child-with-root-parent,unlisted-but-parent-matches-root
apache,pulsar,/home/camila/repos/apache/pulsar,org.apache.pulsar:pulsar:3.0.7-SNAPSHOT,False,pulsar-client-tools-api,pulsar-client-tools-api,True,org.apache.pulsar:pulsar:3.0.7-SNAPSHOT,True,unlisted-child-with-root-parent,unlisted-but-parent-matches-root
apache,pulsar,/home/camila/repos/apache/pulsar,org.apache.pulsar:pulsar:3.0.7-SNAPSHOT,False,pulsar-metadata,pulsar-metadata,True,org.apache.pulsar:pulsar:3.0.7-SNAPSHOT,True,unlisted-child-with-root-parent,unlisted-but-parent-matches-root
apache,zeppelin,/home/camila/repos/apache/zeppelin,org.apache.zeppelin:zeppelin:0.12.0-SNAPSHOT,True,build-tools,build-tools,True,org.apache.zeppelin:zeppelin:0.12.0-SNAPSHOT,True,listed-ok,
apache,zeppelin,/home/camila/repos/apache/zeppelin,org.apache.zeppelin:zeppelin:0.12.0-SNAPSHOT,True,zeppelin-interpreter-parent,zeppelin-interpreter-parent,True,org.apache.zeppelin:zeppelin:0.12.0-SNAPSHOT,True,listed-ok,
apache,zeppelin,/home/camila/repos/apache/zeppelin,org.apache.zeppelin:zeppelin:0.12.0-SNAPSHOT,True,zeppelin-interpreter,zeppelin-interpreter,True,org.apache.zeppelin:zeppelin:0.12.0-SNAPSHOT,True,listed-ok,
apache,zeppelin,/home/camila/repos/apache/zeppelin,org.apache.zeppelin:zeppelin:0.12.0-SNAPSHOT,True,zeppelin-interpreter-shaded,zeppelin-interpreter-shaded,True,org.apache.zeppelin:zeppelin:0.12.0-SNAPSHOT,True,listed-ok,
apache,zeppelin,/home/camila/repos/apache/zeppelin,org.apache.zeppelin:zeppelin:0.12.0-SNAPSHOT,True,zeppelin-zengine,zeppelin-zengine,True,org.apache.zeppelin:zeppelin:0.12.0-SNAPSHOT,True,listed-ok,
apache,zeppelin,/home/camila/repos/apache/zeppelin,org.apache.zeppelin:zeppelin:0.12.0-SNAPSHOT,True,rlang,rlang,True,org.apache.zeppelin:zeppelin-interpreter-parent:0.12.0-SNAPSHOT,False,listed-parent-mismatch,parent-ga-mismatch
apache,zeppelin,/home/camila/repos/apache/zeppelin,org.apache.zeppelin:zeppelin:0.12.0-SNAPSHOT,True,zeppelin-jupyter-interpreter,zeppelin-jupyter-interpreter,True,org.apache.zeppelin:zeppelin-interpreter-parent:0.12.0-SNAPSHOT,False,listed-parent-mismatch,parent-ga-mismatch
apache,zeppelin,/home/camila/repos/apache/zeppelin,org.apache.zeppelin:zeppelin:0.12.0-SNAPSHOT,True,zeppelin-jupyter-interpreter-shaded,zeppelin-jupyter-interpreter-shaded,True,org.apache.zeppelin:zeppelin:0.12.0-SNAPSHOT,True,listed-ok,
apache,zeppelin,/home/camila/repos/apache/zeppelin,org.apache.zeppelin:zeppelin:0.12.0-SNAPSHOT,True,groovy,groovy,True,org.apache.zeppelin:zeppelin-interpreter-parent:0.12.0-SNAPSHOT,False,listed-parent-mismatch,parent-ga-mismatch
apache,zeppelin,/home/camila/repos/apache/zeppelin,org.apache.zeppelin:zeppelin:0.12.0-SNAPSHOT,True,spark,spark,True,org.apache.zeppelin:zeppelin-interpreter-parent:0.12.0-SNAPSHOT,False,listed-parent-mismatch,parent-ga-mismatch
apache,zeppelin,/home/camila/repos/apache/zeppelin,org.apache.zeppelin:zeppelin:0.12.0-SNAPSHOT,True,spark-submit,spark-submit,True,org.apache.zeppelin:zeppelin-interpreter-parent:0.12.0-SNAPSHOT,False,listed-parent-mismatch,parent-ga-mismatch
apache,zeppelin,/home/camila/repos/apache/zeppelin,org.apache.zeppelin:zeppelin:0.12.0-SNAPSHOT,True,markdown,markdown,True,org.apache.zeppelin:zeppelin-interpreter-parent:0.12.0-SNAPSHOT,False,listed-parent-mismatch,parent-ga-mismatch
apache,zeppelin,/home/camila/repos/apache/zeppelin,org.apache.zeppelin:zeppelin:0.12.0-SNAPSHOT,True,mongodb,mongodb,True,org.apache.zeppelin:zeppelin-interpreter-parent:0.12.0-SNAPSHOT,False,listed-parent-mismatch,parent-ga-mismatch
apache,zeppelin,/home/camila/repos/apache/zeppelin,org.apache.zeppelin:zeppelin:0.12.0-SNAPSHOT,True,angular,angular,True,org.apache.zeppelin:zeppelin-interpreter-parent:0.12.0-SNAPSHOT,False,listed-parent-mismatch,parent-ga-mismatch
apache,zeppelin,/home/camila/repos/apache/zeppelin,org.apache.zeppelin:zeppelin:0.12.0-SNAPSHOT,True,shell,shell,True,org.apache.zeppelin:zeppelin-interpreter-parent:0.12.0-SNAPSHOT,False,listed-parent-mismatch,parent-ga-mismatch
apache,zeppelin,/home/camila/repos/apache/zeppelin,org.apache.zeppelin:zeppelin:0.12.0-SNAPSHOT,True,livy,livy,True,org.apache.zeppelin:zeppelin-interpreter-parent:0.12.0-SNAPSHOT,False,listed-parent-mismatch,parent-ga-mismatch
apache,zeppelin,/home/camila/repos/apache/zeppelin,org.apache.zeppelin:zeppelin:0.12.0-SNAPSHOT,True,hbase,hbase,True,org.apache.zeppelin:zeppelin-interpreter-parent:0.12.0-SNAPSHOT,False,listed-parent-mismatch,parent-ga-mismatch
apache,zeppelin,/home/camila/repos/apache/zeppelin,org.apache.zeppelin:zeppelin:0.12.0-SNAPSHOT,True,jdbc,jdbc,True,org.apache.zeppelin:zeppelin-interpreter-parent:0.12.0-SNAPSHOT,False,listed-parent-mismatch,parent-ga-mismatch
apache,zeppelin,/home/camila/repos/apache/zeppelin,org.apache.zeppelin:zeppelin:0.12.0-SNAPSHOT,True,file,file,True,org.apache.zeppelin:zeppelin-interpreter-parent:0.12.0-SNAPSHOT,False,listed-parent-mismatch,parent-ga-mismatch
apache,zeppelin,/home/camila/repos/apache/zeppelin,org.apache.zeppelin:zeppelin:0.12.0-SNAPSHOT,True,flink,flink,True,org.apache.zeppelin:zeppelin-interpreter-parent:0.12.0-SNAPSHOT,False,listed-parent-mismatch,parent-ga-mismatch
apache,zeppelin,/home/camila/repos/apache/zeppelin,org.apache.zeppelin:zeppelin:0.12.0-SNAPSHOT,True,flink-cmd,flink-cmd,True,org.apache.zeppelin:zeppelin-interpreter-parent:0.12.0-SNAPSHOT,False,listed-parent-mismatch,parent-ga-mismatch
apache,zeppelin,/home/camila/repos/apache/zeppelin,org.apache.zeppelin:zeppelin:0.12.0-SNAPSHOT,True,influxdb,influxdb,True,org.apache.zeppelin:zeppelin-interpreter-parent:0.12.0-SNAPSHOT,False,listed-parent-mismatch,parent-ga-mismatch
apache,zeppelin,/home/camila/repos/apache/zeppelin,org.apache.zeppelin:zeppelin:0.12.0-SNAPSHOT,True,python,python,True,org.apache.zeppelin:zeppelin-interpreter-parent:0.12.0-SNAPSHOT,False,listed-parent-mismatch,parent-ga-mismatch
apache,zeppelin,/home/camila/repos/apache/zeppelin,org.apache.zeppelin:zeppelin:0.12.0-SNAPSHOT,True,cassandra,cassandra,True,org.apache.zeppelin:zeppelin-interpreter-parent:0.12.0-SNAPSHOT,False,listed-parent-mismatch,parent-ga-mismatch
apache,zeppelin,/home/camila/repos/apache/zeppelin,org.apache.zeppelin:zeppelin:0.12.0-SNAPSHOT,True,elasticsearch,elasticsearch,True,org.apache.zeppelin:zeppelin-interpreter-parent:0.12.0-SNAPSHOT,False,listed-parent-mismatch,parent-ga-mismatch
apache,zeppelin,/home/camila/repos/apache/zeppelin,org.apache.zeppelin:zeppelin:0.12.0-SNAPSHOT,True,bigquery,bigquery,True,org.apache.zeppelin:zeppelin-interpreter-parent:0.12.0-SNAPSHOT,False,listed-parent-mismatch,parent-ga-mismatch
apache,zeppelin,/home/camila/repos/apache/zeppelin,org.apache.zeppelin:zeppelin:0.12.0-SNAPSHOT,True,alluxio,alluxio,True,org.apache.zeppelin:zeppelin-interpreter-parent:0.12.0-SNAPSHOT,False,listed-parent-mismatch,parent-ga-mismatch
apache,zeppelin,/home/camila/repos/apache/zeppelin,org.apache.zeppelin:zeppelin:0.12.0-SNAPSHOT,True,neo4j,neo4j,True,org.apache.zeppelin:zeppelin-interpreter-parent:0.12.0-SNAPSHOT,False,listed-parent-mismatch,parent-ga-mismatch
apache,zeppelin,/home/camila/repos/apache/zeppelin,org.apache.zeppelin:zeppelin:0.12.0-SNAPSHOT,True,java,java,True,org.apache.zeppelin:zeppelin-interpreter-parent:0.12.0-SNAPSHOT,False,listed-parent-mismatch,parent-ga-mismatch
apache,zeppelin,/home/camila/repos/apache/zeppelin,org.apache.zeppelin:zeppelin:0.12.0-SNAPSHOT,True,sparql,sparql,True,org.apache.zeppelin:zeppelin-interpreter-parent:0.12.0-SNAPSHOT,False,listed-parent-mismatch,parent-ga-mismatch
apache,zeppelin,/home/camila/repos/apache/zeppelin,org.apache.zeppelin:zeppelin:0.12.0-SNAPSHOT,True,zeppelin-common,zeppelin-common,True,org.apache.zeppelin:zeppelin:0.12.0-SNAPSHOT,True,listed-ok,
apache,zeppelin,/home/camila/repos/apache/zeppelin,org.apache.zeppelin:zeppelin:0.12.0-SNAPSHOT,True,zeppelin-client,zeppelin-client,True,org.apache.zeppelin:zeppelin:0.12.0-SNAPSHOT,True,listed-ok,
apache,zeppelin,/home/camila/repos/apache/zeppelin,org.apache.zeppelin:zeppelin:0.12.0-SNAPSHOT,True,zeppelin-client-examples,zeppelin-client-examples,True,org.apache.zeppelin:zeppelin:0.12.0-SNAPSHOT,True,listed-ok,
apache,zeppelin,/home/camila/repos/apache/zeppelin,org.apache.zeppelin:zeppelin:0.12.0-SNAPSHOT,True,zeppelin-web-angular,zeppelin-web-angular,True,org.apache.zeppelin:zeppelin:0.12.0-SNAPSHOT,True,listed-ok,
apache,zeppelin,/home/camila/repos/apache/zeppelin,org.apache.zeppelin:zeppelin:0.12.0-SNAPSHOT,True,zeppelin-server,zeppelin-server,True,org.apache.zeppelin:zeppelin:0.12.0-SNAPSHOT,True,listed-ok,
apache,zeppelin,/home/camila/repos/apache/zeppelin,org.apache.zeppelin:zeppelin:0.12.0-SNAPSHOT,True,zeppelin-jupyter,zeppelin-jupyter,True,org.apache.zeppelin:zeppelin:0.12.0-SNAPSHOT,True,listed-ok,
apache,zeppelin,/home/camila/repos/apache/zeppelin,org.apache.zeppelin:zeppelin:0.12.0-SNAPSHOT,True,zeppelin-plugins,zeppelin-plugins,True,org.apache.zeppelin:zeppelin:0.12.0-SNAPSHOT,True,listed-ok,
apache,zeppelin,/home/camila/repos/apache/zeppelin,org.apache.zeppelin:zeppelin:0.12.0-SNAPSHOT,True,zeppelin-distribution,zeppelin-distribution,True,org.apache.zeppelin:zeppelin:0.12.0-SNAPSHOT,True,listed-ok,
apache,zeppelin,/home/camila/repos/apache/zeppelin,org.apache.zeppelin:zeppelin:0.12.0-SNAPSHOT,True,zeppelin-test,zeppelin-test,True,org.apache.zeppelin:zeppelin:0.12.0-SNAPSHOT,True,listed-ok,
apache,zeppelin,/home/camila/repos/apache/zeppelin,org.apache.zeppelin:zeppelin:0.12.0-SNAPSHOT,False,zeppelin-integration,zeppelin-integration,True,org.apache.zeppelin:zeppelin:0.12.0-SNAPSHOT,True,unlisted-child-with-root-parent,unlisted-but-parent-matches-root
apache,zeppelin,/home/camila/repos/apache/zeppelin,org.apache.zeppelin:zeppelin:0.12.0-SNAPSHOT,False,zeppelin-web,zeppelin-web,True,org.apache.zeppelin:zeppelin:0.12.0-SNAPSHOT,True,unlisted-child-with-root-parent,unlisted-but-parent-matches-root
apache,zeppelin,/home/camila/repos/apache/zeppelin,org.apache.zeppelin:zeppelin:0.12.0-SNAPSHOT,False,zeppelin-interpreter-integration,zeppelin-interpreter-integration,True,org.apache.zeppelin:zeppelin:0.12.0-SNAPSHOT,True,unlisted-child-with-root-parent,unlisted-but-parent-matches-root
apache,zeppelin,/home/camila/repos/apache/zeppelin,org.apache.zeppelin:zeppelin:0.12.0-SNAPSHOT,False,zeppelin-examples,zeppelin-examples,True,org.apache.zeppelin:zeppelin:0.12.0-SNAPSHOT,True,unlisted-child-with-root-parent,unlisted-but-parent-matches-root
apache,iotdb,/home/camila/repos/apache/iotdb,org.apache.iotdb:iotdb-parent:2.0.0-SNAPSHOT,True,iotdb-api,iotdb-api,True,org.apache.iotdb:iotdb-parent:2.0.0-SNAPSHOT,True,listed-ok,
apache,iotdb,/home/camila/repos/apache/iotdb,org.apache.iotdb:iotdb-parent:2.0.0-SNAPSHOT,True,iotdb-client,iotdb-client,True,org.apache.iotdb:iotdb-parent:2.0.0-SNAPSHOT,True,listed-ok,
apache,iotdb,/home/camila/repos/apache/iotdb,org.apache.iotdb:iotdb-parent:2.0.0-SNAPSHOT,True,iotdb-core,iotdb-core,True,org.apache.iotdb:iotdb-parent:2.0.0-SNAPSHOT,True,listed-ok,
apache,iotdb,/home/camila/repos/apache/iotdb,org.apache.iotdb:iotdb-parent:2.0.0-SNAPSHOT,True,iotdb-protocol,iotdb-protocol,True,org.apache.iotdb:iotdb-parent:2.0.0-SNAPSHOT,True,listed-ok,
apache,iotdb,/home/camila/repos/apache/iotdb,org.apache.iotdb:iotdb-parent:2.0.0-SNAPSHOT,True,distribution,distribution,True,org.apache.iotdb:iotdb-parent:2.0.0-SNAPSHOT,True,listed-ok,
apache,iotdb,/home/camila/repos/apache/iotdb,org.apache.iotdb:iotdb-parent:2.0.0-SNAPSHOT,True,example,example,True,org.apache.iotdb:iotdb-parent:2.0.0-SNAPSHOT,True,listed-ok,
apache,iotdb,/home/camila/repos/apache/iotdb,org.apache.iotdb:iotdb-parent:2.0.0-SNAPSHOT,True,library-udf,library-udf,True,org.apache.iotdb:iotdb-parent:2.0.0-SNAPSHOT,True,listed-ok,
apache,iotdb,/home/camila/repos/apache/iotdb,org.apache.iotdb:iotdb-parent:2.0.0-SNAPSHOT,False,integration-test,integration-test,True,org.apache.iotdb:iotdb-parent:2.0.0-SNAPSHOT,True,unlisted-child-with-root-parent,unlisted-but-parent-matches-root
apache,iotdb,/home/camila/repos/apache/iotdb,org.apache.iotdb:iotdb-parent:2.0.0-SNAPSHOT,False,code-coverage,code-coverage,True,org.apache.iotdb:iotdb-parent:2.0.0-SNAPSHOT,True,unlisted-child-with-root-parent,unlisted-but-parent-matches-root
apache,skywalking,/home/camila/repos/apache/skywalking,org.apache.skywalking:apm:${revision},True,apm-protocol,apm-protocol,True,org.apache.skywalking:apm:${revision},True,listed-ok,
apache,skywalking,/home/camila/repos/apache/skywalking,org.apache.skywalking:apm:${revision},False,apm-dist,apm-dist,True,org.apache.skywalking:apm:${revision},True,unlisted-child-with-root-parent,unlisted-but-parent-matches-root
apache,skywalking,/home/camila/repos/apache/skywalking,org.apache.skywalking:apm:${revision},False,apm-webapp,apm-webapp,True,org.apache.skywalking:apm:${revision},True,unlisted-child-with-root-parent,unlisted-but-parent-matches-root
apache,skywalking,/home/camila/repos/apache/skywalking,org.apache.skywalking:apm:${revision},False,oap-server-bom,oap-server-bom,True,org.apache.skywalking:apm:${revision},True,unlisted-child-with-root-parent,unlisted-but-parent-matches-root
apache,skywalking,/home/camila/repos/apache/skywalking,org.apache.skywalking:apm:${revision},False,oap-server,oap-server,True,org.apache.skywalking:apm:${revision},True,unlisted-child-with-root-parent,unlisted-but-parent-matches-root
apache,tika,/home/camila/repos/apache/tika,org.apache.tika:tika:3.0.0-SNAPSHOT,True,tika-parent,tika-parent,True,org.apache:apache:33,False,listed-parent-mismatch,parent-ga-mismatch
apache,tika,/home/camila/repos/apache/tika,org.apache.tika:tika:3.0.0-SNAPSHOT,True,tika-bom,tika-bom,True,org.apache.tika:tika-parent:3.0.0-SNAPSHOT,False,listed-parent-mismatch,parent-ga-mismatch
apache,tika,/home/camila/repos/apache/tika,org.apache.tika:tika:3.0.0-SNAPSHOT,True,tika-core,tika-core,True,org.apache.tika:tika-parent:3.0.0-SNAPSHOT,False,listed-parent-mismatch,parent-ga-mismatch
apache,tika,/home/camila/repos/apache/tika,org.apache.tika:tika:3.0.0-SNAPSHOT,True,tika-serialization,tika-serialization,True,org.apache.tika:tika-parent:3.0.0-SNAPSHOT,False,listed-parent-mismatch,parent-ga-mismatch
apache,tika,/home/camila/repos/apache/tika,org.apache.tika:tika:3.0.0-SNAPSHOT,True,tika-parsers,tika-parsers,True,org.apache.tika:tika-parent:3.0.0-SNAPSHOT,False,listed-parent-mismatch,parent-ga-mismatch
apache,tika,/home/camila/repos/apache/tika,org.apache.tika:tika:3.0.0-SNAPSHOT,True,tika-bundles,tika-bundles,True,org.apache.tika:tika-parent:3.0.0-SNAPSHOT,False,listed-parent-mismatch,parent-ga-mismatch
apache,tika,/home/camila/repos/apache/tika,org.apache.tika:tika:3.0.0-SNAPSHOT,True,tika-xmp,tika-xmp,True,org.apache.tika:tika-parent:3.0.0-SNAPSHOT,False,listed-parent-mismatch,parent-ga-mismatch
apache,tika,/home/camila/repos/apache/tika,org.apache.tika:tika:3.0.0-SNAPSHOT,True,tika-batch,tika-batch,True,org.apache.tika:tika-parent:3.0.0-SNAPSHOT,False,listed-parent-mismatch,parent-ga-mismatch
apache,tika,/home/camila/repos/apache/tika,org.apache.tika:tika:3.0.0-SNAPSHOT,True,tika-langdetect,tika-langdetect,True,org.apache.tika:tika-parent:3.0.0-SNAPSHOT,False,listed-parent-mismatch,parent-ga-mismatch
apache,tika,/home/camila/repos/apache/tika,org.apache.tika:tika:3.0.0-SNAPSHOT,True,tika-pipes,tika-pipes,True,org.apache.tika:tika-parent:3.0.0-SNAPSHOT,False,listed-parent-mismatch,parent-ga-mismatch
apache,tika,/home/camila/repos/apache/tika,org.apache.tika:tika:3.0.0-SNAPSHOT,True,tika-grpc,tika-grpc,True,org.apache.tika:tika-parent:3.0.0-SNAPSHOT,False,listed-parent-mismatch,parent-ga-mismatch
apache,tika,/home/camila/repos/apache/tika,org.apache.tika:tika:3.0.0-SNAPSHOT,True,tika-app,tika-app,True,org.apache.tika:tika-parent:3.0.0-SNAPSHOT,False,listed-parent-mismatch,parent-ga-mismatch
apache,tika,/home/camila/repos/apache/tika,org.apache.tika:tika:3.0.0-SNAPSHOT,True,tika-server,tika-server,True,org.apache.tika:tika-parent:3.0.0-SNAPSHOT,False,listed-parent-mismatch,parent-ga-mismatch
apache,tika,/home/camila/repos/apache/tika,org.apache.tika:tika:3.0.0-SNAPSHOT,True,tika-integration-tests,tika-integration-tests,True,org.apache.tika:tika-parent:3.0.0-SNAPSHOT,False,listed-parent-mismatch,parent-ga-mismatch
apache,tika,/home/camila/repos/apache/tika,org.apache.tika:tika:3.0.0-SNAPSHOT,True,tika-eval,tika-eval,True,org.apache.tika:tika-parent:3.0.0-SNAPSHOT,False,listed-parent-mismatch,parent-ga-mismatch
apache,tika,/home/camila/repos/apache/tika,org.apache.tika:tika:3.0.0-SNAPSHOT,True,tika-fuzzing,tika-fuzzing,True,org.apache.tika:tika-parent:3.0.0-SNAPSHOT,False,listed-parent-mismatch,parent-ga-mismatch
apache,tika,/home/camila/repos/apache/tika,org.apache.tika:tika:3.0.0-SNAPSHOT,True,tika-translate,tika-translate,True,org.apache.tika:tika-parent:3.0.0-SNAPSHOT,False,listed-parent-mismatch,parent-ga-mismatch
apache,tika,/home/camila/repos/apache/tika,org.apache.tika:tika:3.0.0-SNAPSHOT,True,tika-example,tika-example,True,org.apache.tika:tika-parent:3.0.0-SNAPSHOT,False,listed-parent-mismatch,parent-ga-mismatch
apache,tika,/home/camila/repos/apache/tika,org.apache.tika:tika:3.0.0-SNAPSHOT,True,tika-java7,tika-java7,True,org.apache.tika:tika-parent:3.0.0-SNAPSHOT,False,listed-parent-mismatch,parent-ga-mismatch
apache,tika,/home/camila/repos/apache/tika,org.apache.tika:tika:3.0.0-SNAPSHOT,True,tika-detectors,tika-detectors,True,org.apache.tika:tika-parent:3.0.0-SNAPSHOT,False,listed-parent-mismatch,parent-ga-mismatch
apache,tika,/home/camila/repos/apache/tika,org.apache.tika:tika:3.0.0-SNAPSHOT,True,tika-handlers,tika-handlers,True,org.apache.tika:tika-parent:3.0.0-SNAPSHOT,False,listed-parent-mismatch,parent-ga-mismatch
apache,nifi,/home/camila/repos/apache/nifi,org.apache.nifi:nifi:1.28.0-SNAPSHOT,True,nifi-commons,nifi-commons,True,org.apache.nifi:nifi:1.28.0-SNAPSHOT,True,listed-ok,
apache,nifi,/home/camila/repos/apache/nifi,org.apache.nifi:nifi:1.28.0-SNAPSHOT,True,nifi-api,nifi-api,True,org.apache.nifi:nifi:1.28.0-SNAPSHOT,True,listed-ok,
apache,nifi,/home/camila/repos/apache/nifi,org.apache.nifi:nifi:1.28.0-SNAPSHOT,True,nifi-framework-api,nifi-framework-api,True,org.apache.nifi:nifi:1.28.0-SNAPSHOT,True,listed-ok,
apache,nifi,/home/camila/repos/apache/nifi,org.apache.nifi:nifi:1.28.0-SNAPSHOT,True,nifi-server-api,nifi-server-api,True,org.apache.nifi:nifi:1.28.0-SNAPSHOT,True,listed-ok,
apache,nifi,/home/camila/repos/apache/nifi,org.apache.nifi:nifi:1.28.0-SNAPSHOT,True,nifi-bootstrap,nifi-bootstrap,True,org.apache.nifi:nifi:1.28.0-SNAPSHOT,True,listed-ok,
apache,nifi,/home/camila/repos/apache/nifi,org.apache.nifi:nifi:1.28.0-SNAPSHOT,True,nifi-mock,nifi-mock,True,org.apache.nifi:nifi:1.28.0-SNAPSHOT,True,listed-ok,
apache,nifi,/home/camila/repos/apache/nifi,org.apache.nifi:nifi:1.28.0-SNAPSHOT,True,nifi-nar-bundles,nifi-nar-bundles,True,org.apache.nifi:nifi:1.28.0-SNAPSHOT,True,listed-ok,
apache,nifi,/home/camila/repos/apache/nifi,org.apache.nifi:nifi:1.28.0-SNAPSHOT,True,nifi-assembly,nifi-assembly,True,org.apache.nifi:nifi:1.28.0-SNAPSHOT,True,listed-ok,
apache,nifi,/home/camila/repos/apache/nifi,org.apache.nifi:nifi:1.28.0-SNAPSHOT,True,nifi-docs,nifi-docs,True,org.apache.nifi:nifi:1.28.0-SNAPSHOT,True,listed-ok,
apache,nifi,/home/camila/repos/apache/nifi,org.apache.nifi:nifi:1.28.0-SNAPSHOT,True,nifi-maven-archetypes,nifi-maven-archetypes,True,org.apache.nifi:nifi:1.28.0-SNAPSHOT,True,listed-ok,
apache,nifi,/home/camila/repos/apache/nifi,org.apache.nifi:nifi:1.28.0-SNAPSHOT,True,nifi-external,nifi-external,True,org.apache.nifi:nifi:1.28.0-SNAPSHOT,True,listed-ok,
apache,nifi,/home/camila/repos/apache/nifi,org.apache.nifi:nifi:1.28.0-SNAPSHOT,True,nifi-docker,nifi-docker,True,org.apache.nifi:nifi:1.28.0-SNAPSHOT,True,listed-ok,
apache,nifi,/home/camila/repos/apache/nifi,org.apache.nifi:nifi:1.28.0-SNAPSHOT,True,nifi-system-tests,nifi-system-tests,True,org.apache.nifi:nifi:1.28.0-SNAPSHOT,True,listed-ok,
apache,nifi,/home/camila/repos/apache/nifi,org.apache.nifi:nifi:1.28.0-SNAPSHOT,True,minifi,minifi,True,org.apache.nifi:nifi:1.28.0-SNAPSHOT,True,listed-ok,
apache,nifi,/home/camila/repos/apache/nifi,org.apache.nifi:nifi:1.28.0-SNAPSHOT,True,nifi-stateless,nifi-stateless,True,org.apache.nifi:nifi:1.28.0-SNAPSHOT,True,listed-ok,
apache,nifi,/home/camila/repos/apache/nifi,org.apache.nifi:nifi:1.28.0-SNAPSHOT,True,nifi-registry,nifi-registry,True,org.apache.nifi:nifi:1.28.0-SNAPSHOT,True,listed-ok,
apache,nifi,/home/camila/repos/apache/nifi,org.apache.nifi:nifi:1.28.0-SNAPSHOT,True,nifi-toolkit,nifi-toolkit,True,org.apache.nifi:nifi:1.28.0-SNAPSHOT,True,listed-ok,
apache,nifi,/home/camila/repos/apache/nifi,org.apache.nifi:nifi:1.28.0-SNAPSHOT,True,nifi-manifest,nifi-manifest,True,org.apache.nifi:nifi:1.28.0-SNAPSHOT,True,listed-ok,
apache,nifi,/home/camila/repos/apache/nifi,org.apache.nifi:nifi:1.28.0-SNAPSHOT,True,c2,c2,True,org.apache.nifi:nifi:1.28.0-SNAPSHOT,True,listed-ok,
apache,nifi,/home/camila/repos/apache/nifi,org.apache.nifi:nifi:1.28.0-SNAPSHOT,True,nifi-h2,nifi-h2,True,org.apache.nifi:nifi:1.28.0-SNAPSHOT,True,listed-ok,
apache,struts,/home/camila/repos/apache/struts,org.apache.struts:struts2-parent:6.7.0-SNAPSHOT,True,bom,bom,True,org.apache.struts:struts2-parent:6.7.0-SNAPSHOT,True,listed-ok,
apache,struts,/home/camila/repos/apache/struts,org.apache.struts:struts2-parent:6.7.0-SNAPSHOT,True,core,core,True,org.apache.struts:struts2-parent:6.7.0-SNAPSHOT,True,listed-ok,
apache,struts,/home/camila/repos/apache/struts,org.apache.struts:struts2-parent:6.7.0-SNAPSHOT,True,plugins,plugins,True,org.apache.struts:struts2-parent:6.7.0-SNAPSHOT,True,listed-ok,
apache,struts,/home/camila/repos/apache/struts,org.apache.struts:struts2-parent:6.7.0-SNAPSHOT,True,bundles,bundles,True,org.apache.struts:struts2-parent:6.7.0-SNAPSHOT,True,listed-ok,
apache,struts,/home/camila/repos/apache/struts,org.apache.struts:struts2-parent:6.7.0-SNAPSHOT,True,apps,apps,True,org.apache.struts:struts2-parent:6.7.0-SNAPSHOT,True,listed-ok,
apache,struts,/home/camila/repos/apache/struts,org.apache.struts:struts2-parent:6.7.0-SNAPSHOT,False,assembly,assembly,True,org.apache.struts:struts2-parent:6.7.0-SNAPSHOT,True,unlisted-child-with-root-parent,unlisted-but-parent-matches-root
apache,pdfbox,/home/camila/repos/apache/pdfbox,org.apache.pdfbox:pdfbox-reactor:3.0.4-SNAPSHOT,True,parent,parent,True,org.apache:apache:32,False,listed-parent-mismatch,parent-ga-mismatch
apache,pdfbox,/home/camila/repos/apache/pdfbox,org.apache.pdfbox:pdfbox-reactor:3.0.4-SNAPSHOT,True,io,io,True,org.apache.pdfbox:pdfbox-parent:3.0.4-SNAPSHOT,False,listed-parent-mismatch,parent-ga-mismatch
apache,pdfbox,/home/camila/repos/apache/pdfbox,org.apache.pdfbox:pdfbox-reactor:3.0.4-SNAPSHOT,True,fontbox,fontbox,True,org.apache.pdfbox:pdfbox-parent:3.0.4-SNAPSHOT,False,listed-parent-mismatch,parent-ga-mismatch
apache,pdfbox,/home/camila/repos/apache/pdfbox,org.apache.pdfbox:pdfbox-reactor:3.0.4-SNAPSHOT,True,xmpbox,xmpbox,True,org.apache.pdfbox:pdfbox-parent:3.0.4-SNAPSHOT,False,listed-parent-mismatch,parent-ga-mismatch
apache,pdfbox,/home/camila/repos/apache/pdfbox,org.apache.pdfbox:pdfbox-reactor:3.0.4-SNAPSHOT,True,pdfbox,pdfbox,True,org.apache.pdfbox:pdfbox-parent:3.0.4-SNAPSHOT,False,listed-parent-mismatch,parent-ga-mismatch
apache,pdfbox,/home/camila/repos/apache/pdfbox,org.apache.pdfbox:pdfbox-reactor:3.0.4-SNAPSHOT,True,preflight,preflight,True,org.apache.pdfbox:pdfbox-parent:3.0.4-SNAPSHOT,False,listed-parent-mismatch,parent-ga-mismatch
apache,pdfbox,/home/camila/repos/apache/pdfbox,org.apache.pdfbox:pdfbox-reactor:3.0.4-SNAPSHOT,True,preflight-app,preflight-app,True,org.apache.pdfbox:pdfbox-parent:3.0.4-SNAPSHOT,False,listed-parent-mismatch,parent-ga-mismatch
apache,pdfbox,/home/camila/repos/apache/pdfbox,org.apache.pdfbox:pdfbox-reactor:3.0.4-SNAPSHOT,True,debugger,debugger,True,org.apache.pdfbox:pdfbox-parent:3.0.4-SNAPSHOT,False,listed-parent-mismatch,parent-ga-mismatch
apache,pdfbox,/home/camila/repos/apache/pdfbox,org.apache.pdfbox:pdfbox-reactor:3.0.4-SNAPSHOT,True,tools,tools,True,org.apache.pdfbox:pdfbox-parent:3.0.4-SNAPSHOT,False,listed-parent-mismatch,parent-ga-mismatch
apache,pdfbox,/home/camila/repos/apache/pdfbox,org.apache.pdfbox:pdfbox-reactor:3.0.4-SNAPSHOT,True,app,app,True,org.apache.pdfbox:pdfbox-parent:3.0.4-SNAPSHOT,False,listed-parent-mismatch,parent-ga-mismatch
apache,pdfbox,/home/camila/repos/apache/pdfbox,org.apache.pdfbox:pdfbox-reactor:3.0.4-SNAPSHOT,True,debugger-app,debugger-app,True,org.apache.pdfbox:pdfbox-parent:3.0.4-SNAPSHOT,False,listed-parent-mismatch,parent-ga-mismatch
apache,pdfbox,/home/camila/repos/apache/pdfbox,org.apache.pdfbox:pdfbox-reactor:3.0.4-SNAPSHOT,True,examples,examples,True,org.apache.pdfbox:pdfbox-parent:3.0.4-SNAPSHOT,False,listed-parent-mismatch,parent-ga-mismatch
apache,storm,/home/camila/repos/apache/storm,org.apache.storm:storm:2.6.5-SNAPSHOT,True,storm-shaded-deps,storm-shaded-deps,True,org.apache.storm:storm:2.6.5-SNAPSHOT,True,listed-ok,
apache,storm,/home/camila/repos/apache/storm,org.apache.storm:storm:2.6.5-SNAPSHOT,True,storm-checkstyle,storm-checkstyle,True,org.apache.storm:storm:2.6.5-SNAPSHOT,True,listed-ok,
apache,storm,/home/camila/repos/apache/storm,org.apache.storm:storm:2.6.5-SNAPSHOT,True,storm-multilang/javascript,storm-multilang/javascript,False,?:?:?,False,listed-nested-path,nested-module-path
apache,storm,/home/camila/repos/apache/storm,org.apache.storm:storm:2.6.5-SNAPSHOT,True,storm-multilang/python,storm-multilang/python,False,?:?:?,False,listed-nested-path,nested-module-path
apache,storm,/home/camila/repos/apache/storm,org.apache.storm:storm:2.6.5-SNAPSHOT,True,storm-multilang/ruby,storm-multilang/ruby,False,?:?:?,False,listed-nested-path,nested-module-path
apache,storm,/home/camila/repos/apache/storm,org.apache.storm:storm:2.6.5-SNAPSHOT,True,storm-buildtools/maven-shade-clojure-transformer,storm-buildtools/maven-shade-clojure-transformer,False,?:?:?,False,listed-nested-path,nested-module-path
apache,storm,/home/camila/repos/apache/storm,org.apache.storm:storm:2.6.5-SNAPSHOT,True,storm-buildtools/storm-maven-plugins,storm-buildtools/storm-maven-plugins,False,?:?:?,False,listed-nested-path,nested-module-path
apache,storm,/home/camila/repos/apache/storm,org.apache.storm:storm:2.6.5-SNAPSHOT,True,storm-client,storm-client,True,org.apache.storm:storm:2.6.5-SNAPSHOT,True,listed-ok,
apache,storm,/home/camila/repos/apache/storm,org.apache.storm:storm:2.6.5-SNAPSHOT,True,storm-server,storm-server,True,org.apache.storm:storm:2.6.5-SNAPSHOT,True,listed-ok,
apache,storm,/home/camila/repos/apache/storm,org.apache.storm:storm:2.6.5-SNAPSHOT,True,storm-core,storm-core,True,org.apache.storm:storm:2.6.5-SNAPSHOT,True,listed-ok,
apache,storm,/home/camila/repos/apache/storm,org.apache.storm:storm:2.6.5-SNAPSHOT,True,storm-webapp,storm-webapp,True,org.apache.storm:storm:2.6.5-SNAPSHOT,True,listed-ok,
apache,storm,/home/camila/repos/apache/storm,org.apache.storm:storm:2.6.5-SNAPSHOT,True,storm-clojure,storm-clojure,True,org.apache.storm:storm:2.6.5-SNAPSHOT,True,listed-ok,
apache,storm,/home/camila/repos/apache/storm,org.apache.storm:storm:2.6.5-SNAPSHOT,True,storm-clojure-test,storm-clojure-test,True,org.apache.storm:storm:2.6.5-SNAPSHOT,True,listed-ok,
apache,storm,/home/camila/repos/apache/storm,org.apache.storm:storm:2.6.5-SNAPSHOT,True,storm-submit-tools,storm-submit-tools,True,org.apache.storm:storm:2.6.5-SNAPSHOT,True,listed-ok,
apache,storm,/home/camila/repos/apache/storm,org.apache.storm:storm:2.6.5-SNAPSHOT,False,integration-test,integration-test,True,org.apache.storm:storm:2.6.5-SNAPSHOT,True,unlisted-child-with-root-parent,unlisted-but-parent-matches-root
apache,storm,/home/camila/repos/apache/storm,org.apache.storm:storm:2.6.5-SNAPSHOT,False,flux,flux,True,org.apache.storm:storm:2.6.5-SNAPSHOT,True,unlisted-child-with-root-parent,unlisted-but-parent-matches-root
apache,storm,/home/camila/repos/apache/storm,org.apache.storm:storm:2.6.5-SNAPSHOT,False,sql,sql,True,org.apache.storm:storm:2.6.5-SNAPSHOT,True,unlisted-child-with-root-parent,unlisted-but-parent-matches-root
apache,activemq,/home/camila/repos/apache/activemq,org.apache.activemq:activemq-parent:5.18.6-SNAPSHOT,True,activemq-openwire-generator,activemq-openwire-generator,True,org.apache.activemq:activemq-parent:5.18.6-SNAPSHOT,True,listed-ok,
apache,activemq,/home/camila/repos/apache/activemq,org.apache.activemq:activemq-parent:5.18.6-SNAPSHOT,True,activemq-client,activemq-client,True,org.apache.activemq:activemq-parent:5.18.6-SNAPSHOT,True,listed-ok,
apache,activemq,/home/camila/repos/apache/activemq,org.apache.activemq:activemq-parent:5.18.6-SNAPSHOT,True,activemq-client-jakarta,activemq-client-jakarta,True,org.apache.activemq:activemq-parent:5.18.6-SNAPSHOT,True,listed-ok,
apache,activemq,/home/camila/repos/apache/activemq,org.apache.activemq:activemq-parent:5.18.6-SNAPSHOT,True,activemq-openwire-legacy,activemq-openwire-legacy,True,org.apache.activemq:activemq-parent:5.18.6-SNAPSHOT,True,listed-ok,
apache,activemq,/home/camila/repos/apache/activemq,org.apache.activemq:activemq-parent:5.18.6-SNAPSHOT,True,activemq-broker,activemq-broker,True,org.apache.activemq:activemq-parent:5.18.6-SNAPSHOT,True,listed-ok,
apache,activemq,/home/camila/repos/apache/activemq,org.apache.activemq:activemq-parent:5.18.6-SNAPSHOT,True,activemq-stomp,activemq-stomp,True,org.apache.activemq:activemq-parent:5.18.6-SNAPSHOT,True,listed-ok,
apache,activemq,/home/camila/repos/apache/activemq,org.apache.activemq:activemq-parent:5.18.6-SNAPSHOT,True,activemq-mqtt,activemq-mqtt,True,org.apache.activemq:activemq-parent:5.18.6-SNAPSHOT,True,listed-ok,
apache,activemq,/home/camila/repos/apache/activemq,org.apache.activemq:activemq-parent:5.18.6-SNAPSHOT,True,activemq-amqp,activemq-amqp,True,org.apache.activemq:activemq-parent:5.18.6-SNAPSHOT,True,listed-ok,
apache,activemq,/home/camila/repos/apache/activemq,org.apache.activemq:activemq-parent:5.18.6-SNAPSHOT,True,activemq-kahadb-store,activemq-kahadb-store,True,org.apache.activemq:activemq-parent:5.18.6-SNAPSHOT,True,listed-ok,
apache,activemq,/home/camila/repos/apache/activemq,org.apache.activemq:activemq-parent:5.18.6-SNAPSHOT,True,activemq-jdbc-store,activemq-jdbc-store,True,org.apache.activemq:activemq-parent:5.18.6-SNAPSHOT,True,listed-ok,
apache,activemq,/home/camila/repos/apache/activemq,org.apache.activemq:activemq-parent:5.18.6-SNAPSHOT,True,activemq-unit-tests,activemq-unit-tests,True,org.apache.activemq:activemq-parent:5.18.6-SNAPSHOT,True,listed-ok,
apache,activemq,/home/camila/repos/apache/activemq,org.apache.activemq:activemq-parent:5.18.6-SNAPSHOT,True,activemq-all,activemq-all,True,org.apache.activemq:activemq-parent:5.18.6-SNAPSHOT,True,listed-ok,
apache,activemq,/home/camila/repos/apache/activemq,org.apache.activemq:activemq-parent:5.18.6-SNAPSHOT,True,activemq-console,activemq-console,True,org.apache.activemq:activemq-parent:5.18.6-SNAPSHOT,True,listed-ok,
apache,activemq,/home/camila/repos/apache/activemq,org.apache.activemq:activemq-parent:5.18.6-SNAPSHOT,True,activemq-jaas,activemq-jaas,True,org.apache.activemq:activemq-parent:5.18.6-SNAPSHOT,True,listed-ok,
apache,activemq,/home/camila/repos/apache/activemq,org.apache.activemq:activemq-parent:5.18.6-SNAPSHOT,True,activemq-karaf,activemq-karaf,True,org.apache.activemq:activemq-parent:5.18.6-SNAPSHOT,True,listed-ok,
apache,activemq,/home/camila/repos/apache/activemq,org.apache.activemq:activemq-parent:5.18.6-SNAPSHOT,True,activemq-jms-pool,activemq-jms-pool,True,org.apache.activemq:activemq-parent:5.18.6-SNAPSHOT,True,listed-ok,
apache,activemq,/home/camila/repos/apache/activemq,org.apache.activemq:activemq-parent:5.18.6-SNAPSHOT,True,activemq-pool,activemq-pool,True,org.apache.activemq:activemq-parent:5.18.6-SNAPSHOT,True,listed-ok,
apache,activemq,/home/camila/repos/apache/activemq,org.apache.activemq:activemq-parent:5.18.6-SNAPSHOT,True,activemq-cf,activemq-cf,True,org.apache.activemq:activemq-parent:5.18.6-SNAPSHOT,True,listed-ok,
apache,activemq,/home/camila/repos/apache/activemq,org.apache.activemq:activemq-parent:5.18.6-SNAPSHOT,True,activemq-ra,activemq-ra,True,org.apache.activemq:activemq-parent:5.18.6-SNAPSHOT,True,listed-ok,
apache,activemq,/home/camila/repos/apache/activemq,org.apache.activemq:activemq-parent:5.18.6-SNAPSHOT,True,activemq-rar,activemq-rar,True,org.apache.activemq:activemq-parent:5.18.6-SNAPSHOT,True,listed-ok,
apache,activemq,/home/camila/repos/apache/activemq,org.apache.activemq:activemq-parent:5.18.6-SNAPSHOT,True,activemq-run,activemq-run,True,org.apache.activemq:activemq-parent:5.18.6-SNAPSHOT,True,listed-ok,
apache,activemq,/home/camila/repos/apache/activemq,org.apache.activemq:activemq-parent:5.18.6-SNAPSHOT,True,activemq-shiro,activemq-shiro,True,org.apache.activemq:activemq-parent:5.18.6-SNAPSHOT,True,listed-ok,
apache,activemq,/home/camila/repos/apache/activemq,org.apache.activemq:activemq-parent:5.18.6-SNAPSHOT,True,activemq-spring,activemq-spring,True,org.apache.activemq:activemq-parent:5.18.6-SNAPSHOT,True,listed-ok,
apache,activemq,/home/camila/repos/apache/activemq,org.apache.activemq:activemq-parent:5.18.6-SNAPSHOT,True,activemq-runtime-config,activemq-runtime-config,True,org.apache.activemq:activemq-parent:5.18.6-SNAPSHOT,True,listed-ok,
apache,activemq,/home/camila/repos/apache/activemq,org.apache.activemq:activemq-parent:5.18.6-SNAPSHOT,True,activemq-tooling,activemq-tooling,True,org.apache.activemq:activemq-parent:5.18.6-SNAPSHOT,True,listed-ok,
apache,activemq,/home/camila/repos/apache/activemq,org.apache.activemq:activemq-parent:5.18.6-SNAPSHOT,True,activemq-web,activemq-web,True,org.apache.activemq:activemq-parent:5.18.6-SNAPSHOT,True,listed-ok,
apache,activemq,/home/camila/repos/apache/activemq,org.apache.activemq:activemq-parent:5.18.6-SNAPSHOT,True,activemq-partition,activemq-partition,True,org.apache.activemq:activemq-parent:5.18.6-SNAPSHOT,True,listed-ok,
apache,activemq,/home/camila/repos/apache/activemq,org.apache.activemq:activemq-parent:5.18.6-SNAPSHOT,True,activemq-osgi,activemq-osgi,True,org.apache.activemq:activemq-parent:5.18.6-SNAPSHOT,True,listed-ok,
apache,activemq,/home/camila/repos/apache/activemq,org.apache.activemq:activemq-parent:5.18.6-SNAPSHOT,True,activemq-blueprint,activemq-blueprint,True,org.apache.activemq:activemq-parent:5.18.6-SNAPSHOT,True,listed-ok,
apache,activemq,/home/camila/repos/apache/activemq,org.apache.activemq:activemq-parent:5.18.6-SNAPSHOT,True,activemq-web-demo,activemq-web-demo,True,org.apache.activemq:activemq-parent:5.18.6-SNAPSHOT,True,listed-ok,
apache,activemq,/home/camila/repos/apache/activemq,org.apache.activemq:activemq-parent:5.18.6-SNAPSHOT,True,activemq-web-console,activemq-web-console,True,org.apache.activemq:activemq-parent:5.18.6-SNAPSHOT,True,listed-ok,
apache,activemq,/home/camila/repos/apache/activemq,org.apache.activemq:activemq-parent:5.18.6-SNAPSHOT,True,activemq-karaf-itest,activemq-karaf-itest,True,org.apache.activemq:activemq-parent:5.18.6-SNAPSHOT,True,listed-ok,
apache,activemq,/home/camila/repos/apache/activemq,org.apache.activemq:activemq-parent:5.18.6-SNAPSHOT,True,assembly,assembly,True,org.apache.activemq:activemq-parent:5.18.6-SNAPSHOT,True,listed-ok,
apache,activemq,/home/camila/repos/apache/activemq,org.apache.activemq:activemq-parent:5.18.6-SNAPSHOT,True,activemq-log4j-appender,activemq-log4j-appender,True,org.apache.activemq:activemq-parent:5.18.6-SNAPSHOT,True,listed-ok,
apache,activemq,/home/camila/repos/apache/activemq,org.apache.activemq:activemq-parent:5.18.6-SNAPSHOT,True,activemq-http,activemq-http,True,org.apache.activemq:activemq-parent:5.18.6-SNAPSHOT,True,listed-ok,
apache,maven,/home/camila/repos/apache/maven,org.apache.maven:maven:4.0.0-beta-5-SNAPSHOT,True,api,api,True,org.apache.maven:maven:4.0.0-beta-5-SNAPSHOT,True,listed-ok,
apache,maven,/home/camila/repos/apache/maven,org.apache.maven:maven:4.0.0-beta-5-SNAPSHOT,True,maven-api-impl,maven-api-impl,True,org.apache.maven:maven:4.0.0-beta-5-SNAPSHOT,True,listed-ok,
apache,maven,/home/camila/repos/apache/maven,org.apache.maven:maven:4.0.0-beta-5-SNAPSHOT,True,maven-plugin-api,maven-plugin-api,True,org.apache.maven:maven:4.0.0-beta-5-SNAPSHOT,True,listed-ok,
apache,maven,/home/camila/repos/apache/maven,org.apache.maven:maven:4.0.0-beta-5-SNAPSHOT,True,maven-builder-support,maven-builder-support,True,org.apache.maven:maven:4.0.0-beta-5-SNAPSHOT,True,listed-ok,
apache,maven,/home/camila/repos/apache/maven,org.apache.maven:maven:4.0.0-beta-5-SNAPSHOT,True,maven-model,maven-model,True,org.apache.maven:maven:4.0.0-beta-5-SNAPSHOT,True,listed-ok,
apache,maven,/home/camila/repos/apache/maven,org.apache.maven:maven:4.0.0-beta-5-SNAPSHOT,True,maven-model-builder,maven-model-builder,True,org.apache.maven:maven:4.0.0-beta-5-SNAPSHOT,True,listed-ok,
apache,maven,/home/camila/repos/apache/maven,org.apache.maven:maven:4.0.0-beta-5-SNAPSHOT,True,maven-di,maven-di,True,org.apache.maven:maven:4.0.0-beta-5-SNAPSHOT,True,listed-ok,
apache,maven,/home/camila/repos/apache/maven,org.apache.maven:maven:4.0.0-beta-5-SNAPSHOT,True,maven-xml-impl,maven-xml-impl,True,org.apache.maven:maven:4.0.0-beta-5-SNAPSHOT,True,listed-ok,
apache,maven,/home/camila/repos/apache/maven,org.apache.maven:maven:4.0.0-beta-5-SNAPSHOT,True,maven-jline,maven-jline,True,org.apache.maven:maven:4.0.0-beta-5-SNAPSHOT,True,listed-ok,
apache,maven,/home/camila/repos/apache/maven,org.apache.maven:maven:4.0.0-beta-5-SNAPSHOT,True,maven-core,maven-core,True,org.apache.maven:maven:4.0.0-beta-5-SNAPSHOT,True,listed-ok,
apache,maven,/home/camila/repos/apache/maven,org.apache.maven:maven:4.0.0-beta-5-SNAPSHOT,True,maven-settings,maven-settings,True,org.apache.maven:maven:4.0.0-beta-5-SNAPSHOT,True,listed-ok,
apache,maven,/home/camila/repos/apache/maven,org.apache.maven:maven:4.0.0-beta-5-SNAPSHOT,True,maven-settings-builder,maven-settings-builder,True,org.apache.maven:maven:4.0.0-beta-5-SNAPSHOT,True,listed-ok,
apache,maven,/home/camila/repos/apache/maven,org.apache.maven:maven:4.0.0-beta-5-SNAPSHOT,True,maven-artifact,maven-artifact,True,org.apache.maven:maven:4.0.0-beta-5-SNAPSHOT,True,listed-ok,
apache,maven,/home/camila/repos/apache/maven,org.apache.maven:maven:4.0.0-beta-5-SNAPSHOT,True,maven-resolver-provider,maven-resolver-provider,True,org.apache.maven:maven:4.0.0-beta-5-SNAPSHOT,True,listed-ok,
apache,maven,/home/camila/repos/apache/maven,org.apache.maven:maven:4.0.0-beta-5-SNAPSHOT,True,maven-repository-metadata,maven-repository-metadata,True,org.apache.maven:maven:4.0.0-beta-5-SNAPSHOT,True,listed-ok,
apache,maven,/home/camila/repos/apache/maven,org.apache.maven:maven:4.0.0-beta-5-SNAPSHOT,True,maven-slf4j-provider,maven-slf4j-provider,True,org.apache.maven:maven:4.0.0-beta-5-SNAPSHOT,True,listed-ok,
apache,maven,/home/camila/repos/apache/maven,org.apache.maven:maven:4.0.0-beta-5-SNAPSHOT,True,maven-slf4j-wrapper,maven-slf4j-wrapper,True,org.apache.maven:maven:4.0.0-beta-5-SNAPSHOT,True,listed-ok,
apache,maven,/home/camila/repos/apache/maven,org.apache.maven:maven:4.0.0-beta-5-SNAPSHOT,True,maven-embedder,maven-embedder,True,org.apache.maven:maven:4.0.0-beta-5-SNAPSHOT,True,listed-ok,
apache,maven,/home/camila/repos/apache/maven,org.apache.maven:maven:4.0.0-beta-5-SNAPSHOT,True,maven-cli,maven-cli,True,org.apache.maven:maven:4.0.0-beta-5-SNAPSHOT,True,listed-ok,
apache,maven,/home/camila/repos/apache/maven,org.apache.maven:maven:4.0.0-beta-5-SNAPSHOT,True,maven-compat,maven-compat,True,org.apache.maven:maven:4.0.0-beta-5-SNAPSHOT,True,listed-ok,
apache,maven,/home/camila/repos/apache/maven,org.apache.maven:maven:4.0.0-beta-5-SNAPSHOT,True,apache-maven,apache-maven,True,org.apache.maven:maven:4.0.0-beta-5-SNAPSHOT,True,listed-ok,
apache,maven,/home/camila/repos/apache/maven,org.apache.maven:maven:4.0.0-beta-5-SNAPSHOT,True,maven-toolchain-model,maven-toolchain-model,True,org.apache.maven:maven:4.0.0-beta-5-SNAPSHOT,True,listed-ok,
apache,maven,/home/camila/repos/apache/maven,org.apache.maven:maven:4.0.0-beta-5-SNAPSHOT,True,maven-toolchain-builder,maven-toolchain-builder,True,org.apache.maven:maven:4.0.0-beta-5-SNAPSHOT,True,listed-ok,
apache,maven,/home/camila/repos/apache/maven,org.apache.maven:maven:4.0.0-beta-5-SNAPSHOT,True,maven-bom,maven-bom,True,org.apache:apache:33,False,listed-parent-mismatch,parent-ga-mismatch
apache,maven,/home/camila/repos/apache/maven,org.apache.maven:maven:4.0.0-beta-5-SNAPSHOT,True,maven-docgen,maven-docgen,True,org.apache.maven:maven:4.0.0-beta-5-SNAPSHOT,True,listed-ok,
apache,tinkerpop,/home/camila/repos/apache/tinkerpop,org.apache.tinkerpop:tinkerpop:4.0.0-SNAPSHOT,True,gremlin-language,gremlin-language,True,org.apache.tinkerpop:tinkerpop:4.0.0-SNAPSHOT,True,listed-ok,
apache,tinkerpop,/home/camila/repos/apache/tinkerpop,org.apache.tinkerpop:tinkerpop:4.0.0-SNAPSHOT,True,gremlin-shaded,gremlin-shaded,True,org.apache.tinkerpop:tinkerpop:4.0.0-SNAPSHOT,True,listed-ok,
apache,tinkerpop,/home/camila/repos/apache/tinkerpop,org.apache.tinkerpop:tinkerpop:4.0.0-SNAPSHOT,True,gremlin-core,gremlin-core,True,org.apache.tinkerpop:tinkerpop:4.0.0-SNAPSHOT,True,listed-ok,
apache,tinkerpop,/home/camila/repos/apache/tinkerpop,org.apache.tinkerpop:tinkerpop:4.0.0-SNAPSHOT,True,gremlin-annotations,gremlin-annotations,True,org.apache.tinkerpop:tinkerpop:4.0.0-SNAPSHOT,True,listed-ok,
apache,tinkerpop,/home/camila/repos/apache/tinkerpop,org.apache.tinkerpop:tinkerpop:4.0.0-SNAPSHOT,True,gremlin-test,gremlin-test,True,org.apache.tinkerpop:tinkerpop:4.0.0-SNAPSHOT,True,listed-ok,
apache,tinkerpop,/home/camila/repos/apache/tinkerpop,org.apache.tinkerpop:tinkerpop:4.0.0-SNAPSHOT,True,gremlin-groovy,gremlin-groovy,True,org.apache.tinkerpop:tinkerpop:4.0.0-SNAPSHOT,True,listed-ok,
apache,tinkerpop,/home/camila/repos/apache/tinkerpop,org.apache.tinkerpop:tinkerpop:4.0.0-SNAPSHOT,True,tinkergraph-gremlin,tinkergraph-gremlin,True,org.apache.tinkerpop:tinkerpop:4.0.0-SNAPSHOT,True,listed-ok,
apache,tinkerpop,/home/camila/repos/apache/tinkerpop,org.apache.tinkerpop:tinkerpop:4.0.0-SNAPSHOT,True,gremlin-javascript,gremlin-javascript,True,org.apache.tinkerpop:tinkerpop:4.0.0-SNAPSHOT,True,listed-ok,
apache,tinkerpop,/home/camila/repos/apache/tinkerpop,org.apache.tinkerpop:tinkerpop:4.0.0-SNAPSHOT,True,gremlin-python,gremlin-python,True,org.apache.tinkerpop:tinkerpop:4.0.0-SNAPSHOT,True,listed-ok,
apache,tinkerpop,/home/camila/repos/apache/tinkerpop,org.apache.tinkerpop:tinkerpop:4.0.0-SNAPSHOT,True,gremlin-dotnet,gremlin-dotnet,True,org.apache.tinkerpop:tinkerpop:4.0.0-SNAPSHOT,True,listed-ok,
apache,tinkerpop,/home/camila/repos/apache/tinkerpop,org.apache.tinkerpop:tinkerpop:4.0.0-SNAPSHOT,True,gremlin-go,gremlin-go,True,org.apache.tinkerpop:tinkerpop:4.0.0-SNAPSHOT,True,listed-ok,
apache,tinkerpop,/home/camila/repos/apache/tinkerpop,org.apache.tinkerpop:tinkerpop:4.0.0-SNAPSHOT,True,hadoop-gremlin,hadoop-gremlin,True,org.apache.tinkerpop:tinkerpop:4.0.0-SNAPSHOT,True,listed-ok,
apache,tinkerpop,/home/camila/repos/apache/tinkerpop,org.apache.tinkerpop:tinkerpop:4.0.0-SNAPSHOT,True,spark-gremlin,spark-gremlin,True,org.apache.tinkerpop:tinkerpop:4.0.0-SNAPSHOT,True,listed-ok,
apache,tinkerpop,/home/camila/repos/apache/tinkerpop,org.apache.tinkerpop:tinkerpop:4.0.0-SNAPSHOT,True,neo4j-gremlin,neo4j-gremlin,True,org.apache.tinkerpop:tinkerpop:4.0.0-SNAPSHOT,True,listed-ok,
apache,tinkerpop,/home/camila/repos/apache/tinkerpop,org.apache.tinkerpop:tinkerpop:4.0.0-SNAPSHOT,True,sparql-gremlin,sparql-gremlin,True,org.apache.tinkerpop:tinkerpop:4.0.0-SNAPSHOT,True,listed-ok,
apache,tinkerpop,/home/camila/repos/apache/tinkerpop,org.apache.tinkerpop:tinkerpop:4.0.0-SNAPSHOT,True,gremlin-driver,gremlin-driver,True,org.apache.tinkerpop:tinkerpop:4.0.0-SNAPSHOT,True,listed-ok,
apache,tinkerpop,/home/camila/repos/apache/tinkerpop,org.apache.tinkerpop:tinkerpop:4.0.0-SNAPSHOT,True,gremlin-console,gremlin-console,True,org.apache.tinkerpop:tinkerpop:4.0.0-SNAPSHOT,True,listed-ok,
apache,tinkerpop,/home/camila/repos/apache/tinkerpop,org.apache.tinkerpop:tinkerpop:4.0.0-SNAPSHOT,True,gremlin-server,gremlin-server,True,org.apache.tinkerpop:tinkerpop:4.0.0-SNAPSHOT,True,listed-ok,
apache,tinkerpop,/home/camila/repos/apache/tinkerpop,org.apache.tinkerpop:tinkerpop:4.0.0-SNAPSHOT,True,gremlin-tools,gremlin-tools,True,org.apache.tinkerpop:tinkerpop:4.0.0-SNAPSHOT,True,listed-ok,
apache,tinkerpop,/home/camila/repos/apache/tinkerpop,org.apache.tinkerpop:tinkerpop:4.0.0-SNAPSHOT,True,gremlint,gremlint,True,org.apache.tinkerpop:tinkerpop:4.0.0-SNAPSHOT,True,listed-ok,
apache,tinkerpop,/home/camila/repos/apache/tinkerpop,org.apache.tinkerpop:tinkerpop:4.0.0-SNAPSHOT,True,gremlin-util,gremlin-util,True,org.apache.tinkerpop:tinkerpop:4.0.0-SNAPSHOT,True,listed-ok,
apache,flink,/home/camila/repos/apache/flink,org.apache.flink:flink-parent:2.0-SNAPSHOT,True,flink-annotations,flink-annotations,True,org.apache.flink:flink-parent:2.0-SNAPSHOT,True,listed-ok,
apache,flink,/home/camila/repos/apache/flink,org.apache.flink:flink-parent:2.0-SNAPSHOT,True,flink-architecture-tests,flink-architecture-tests,True,org.apache.flink:flink-parent:2.0-SNAPSHOT,True,listed-ok,
apache,flink,/home/camila/repos/apache/flink,org.apache.flink:flink-parent:2.0-SNAPSHOT,True,flink-core-api,flink-core-api,True,org.apache.flink:flink-parent:2.0-SNAPSHOT,True,listed-ok,
apache,flink,/home/camila/repos/apache/flink,org.apache.flink:flink-parent:2.0-SNAPSHOT,True,flink-core,flink-core,True,org.apache.flink:flink-parent:2.0-SNAPSHOT,True,listed-ok,
apache,flink,/home/camila/repos/apache/flink,org.apache.flink:flink-parent:2.0-SNAPSHOT,True,flink-java,flink-java,True,org.apache.flink:flink-parent:2.0-SNAPSHOT,True,listed-ok,
apache,flink,/home/camila/repos/apache/flink,org.apache.flink:flink-parent:2.0-SNAPSHOT,True,flink-scala,flink-scala,True,org.apache.flink:flink-parent:2.0-SNAPSHOT,True,listed-ok,
apache,flink,/home/camila/repos/apache/flink,org.apache.flink:flink-parent:2.0-SNAPSHOT,True,flink-filesystems,flink-filesystems,True,org.apache.flink:flink-parent:2.0-SNAPSHOT,True,listed-ok,
apache,flink,/home/camila/repos/apache/flink,org.apache.flink:flink-parent:2.0-SNAPSHOT,True,flink-rpc,flink-rpc,True,org.apache.flink:flink-parent:2.0-SNAPSHOT,True,listed-ok,
apache,flink,/home/camila/repos/apache/flink,org.apache.flink:flink-parent:2.0-SNAPSHOT,True,flink-runtime,flink-runtime,True,org.apache.flink:flink-parent:2.0-SNAPSHOT,True,listed-ok,
apache,flink,/home/camila/repos/apache/flink,org.apache.flink:flink-parent:2.0-SNAPSHOT,True,flink-runtime-web,flink-runtime-web,True,org.apache.flink:flink-parent:2.0-SNAPSHOT,True,listed-ok,
apache,flink,/home/camila/repos/apache/flink,org.apache.flink:flink-parent:2.0-SNAPSHOT,True,flink-optimizer,flink-optimizer,True,org.apache.flink:flink-parent:2.0-SNAPSHOT,True,listed-ok,
apache,flink,/home/camila/repos/apache/flink,org.apache.flink:flink-parent:2.0-SNAPSHOT,True,flink-streaming-java,flink-streaming-java,True,org.apache.flink:flink-parent:2.0-SNAPSHOT,True,listed-ok,
apache,flink,/home/camila/repos/apache/flink,org.apache.flink:flink-parent:2.0-SNAPSHOT,True,flink-streaming-scala,flink-streaming-scala,True,org.apache.flink:flink-parent:2.0-SNAPSHOT,True,listed-ok,
apache,flink,/home/camila/repos/apache/flink,org.apache.flink:flink-parent:2.0-SNAPSHOT,True,flink-connectors,flink-connectors,True,org.apache.flink:flink-parent:2.0-SNAPSHOT,True,listed-ok,
apache,flink,/home/camila/repos/apache/flink,org.apache.flink:flink-parent:2.0-SNAPSHOT,True,flink-formats,flink-formats,True,org.apache.flink:flink-parent:2.0-SNAPSHOT,True,listed-ok,
apache,flink,/home/camila/repos/apache/flink,org.apache.flink:flink-parent:2.0-SNAPSHOT,True,flink-examples,flink-examples,True,org.apache.flink:flink-parent:2.0-SNAPSHOT,True,listed-ok,
apache,flink,/home/camila/repos/apache/flink,org.apache.flink:flink-parent:2.0-SNAPSHOT,True,flink-clients,flink-clients,True,org.apache.flink:flink-parent:2.0-SNAPSHOT,True,listed-ok,
apache,flink,/home/camila/repos/apache/flink,org.apache.flink:flink-parent:2.0-SNAPSHOT,True,flink-container,flink-container,True,org.apache.flink:flink-parent:2.0-SNAPSHOT,True,listed-ok,
apache,flink,/home/camila/repos/apache/flink,org.apache.flink:flink-parent:2.0-SNAPSHOT,True,flink-queryable-state,flink-queryable-state,True,org.apache.flink:flink-parent:2.0-SNAPSHOT,True,listed-ok,
apache,flink,/home/camila/repos/apache/flink,org.apache.flink:flink-parent:2.0-SNAPSHOT,True,flink-tests,flink-tests,True,org.apache.flink:flink-parent:2.0-SNAPSHOT,True,listed-ok,
apache,flink,/home/camila/repos/apache/flink,org.apache.flink:flink-parent:2.0-SNAPSHOT,True,flink-end-to-end-tests,flink-end-to-end-tests,True,org.apache.flink:flink-parent:2.0-SNAPSHOT,True,listed-ok,
apache,flink,/home/camila/repos/apache/flink,org.apache.flink:flink-parent:2.0-SNAPSHOT,True,flink-test-utils-parent,flink-test-utils-parent,True,org.apache.flink:flink-parent:2.0-SNAPSHOT,True,listed-ok,
apache,flink,/home/camila/repos/apache/flink,org.apache.flink:flink-parent:2.0-SNAPSHOT,True,flink-state-backends,flink-state-backends,True,org.apache.flink:flink-parent:2.0-SNAPSHOT,True,listed-ok,
apache,flink,/home/camila/repos/apache/flink,org.apache.flink:flink-parent:2.0-SNAPSHOT,True,flink-dstl,flink-dstl,True,org.apache.flink:flink-parent:2.0-SNAPSHOT,True,listed-ok,
apache,flink,/home/camila/repos/apache/flink,org.apache.flink:flink-parent:2.0-SNAPSHOT,True,flink-libraries,flink-libraries,True,org.apache.flink:flink-parent:2.0-SNAPSHOT,True,listed-ok,
apache,flink,/home/camila/repos/apache/flink,org.apache.flink:flink-parent:2.0-SNAPSHOT,True,flink-table,flink-table,True,org.apache.flink:flink-parent:2.0-SNAPSHOT,True,listed-ok,
apache,flink,/home/camila/repos/apache/flink,org.apache.flink:flink-parent:2.0-SNAPSHOT,True,flink-quickstart,flink-quickstart,True,org.apache.flink:flink-parent:2.0-SNAPSHOT,True,listed-ok,
apache,flink,/home/camila/repos/apache/flink,org.apache.flink:flink-parent:2.0-SNAPSHOT,True,flink-contrib,flink-contrib,True,org.apache.flink:flink-parent:2.0-SNAPSHOT,True,listed-ok,
apache,flink,/home/camila/repos/apache/flink,org.apache.flink:flink-parent:2.0-SNAPSHOT,True,flink-dist,flink-dist,True,org.apache.flink:flink-parent:2.0-SNAPSHOT,True,listed-ok,
apache,flink,/home/camila/repos/apache/flink,org.apache.flink:flink-parent:2.0-SNAPSHOT,True,flink-dist-scala,flink-dist-scala,True,org.apache.flink:flink-parent:2.0-SNAPSHOT,True,listed-ok,
apache,flink,/home/camila/repos/apache/flink,org.apache.flink:flink-parent:2.0-SNAPSHOT,True,flink-metrics,flink-metrics,True,org.apache.flink:flink-parent:2.0-SNAPSHOT,True,listed-ok,
apache,flink,/home/camila/repos/apache/flink,org.apache.flink:flink-parent:2.0-SNAPSHOT,True,flink-yarn,flink-yarn,True,org.apache.flink:flink-parent:2.0-SNAPSHOT,True,listed-ok,
apache,flink,/home/camila/repos/apache/flink,org.apache.flink:flink-parent:2.0-SNAPSHOT,True,flink-yarn-tests,flink-yarn-tests,True,org.apache.flink:flink-parent:2.0-SNAPSHOT,True,listed-ok,
apache,flink,/home/camila/repos/apache/flink,org.apache.flink:flink-parent:2.0-SNAPSHOT,True,flink-fs-tests,flink-fs-tests,True,org.apache.flink:flink-parent:2.0-SNAPSHOT,True,listed-ok,
apache,flink,/home/camila/repos/apache/flink,org.apache.flink:flink-parent:2.0-SNAPSHOT,True,flink-docs,flink-docs,True,org.apache.flink:flink-parent:2.0-SNAPSHOT,True,listed-ok,
apache,flink,/home/camila/repos/apache/flink,org.apache.flink:flink-parent:2.0-SNAPSHOT,True,flink-python,flink-python,True,org.apache.flink:flink-parent:2.0-SNAPSHOT,True,listed-ok,
apache,flink,/home/camila/repos/apache/flink,org.apache.flink:flink-parent:2.0-SNAPSHOT,True,flink-walkthroughs,flink-walkthroughs,True,org.apache.flink:flink-parent:2.0-SNAPSHOT,True,listed-ok,
apache,flink,/home/camila/repos/apache/flink,org.apache.flink:flink-parent:2.0-SNAPSHOT,True,flink-kubernetes,flink-kubernetes,True,org.apache.flink:flink-parent:2.0-SNAPSHOT,True,listed-ok,
apache,flink,/home/camila/repos/apache/flink,org.apache.flink:flink-parent:2.0-SNAPSHOT,True,flink-external-resources,flink-external-resources,True,org.apache.flink:flink-parent:2.0-SNAPSHOT,True,listed-ok,
apache,flink,/home/camila/repos/apache/flink,org.apache.flink:flink-parent:2.0-SNAPSHOT,True,tools/ci/flink-ci-tools,tools/ci/flink-ci-tools,False,?:?:?,False,listed-nested-path,nested-module-path
apache,flink,/home/camila/repos/apache/flink,org.apache.flink:flink-parent:2.0-SNAPSHOT,True,flink-datastream,flink-datastream,True,org.apache.flink:flink-parent:2.0-SNAPSHOT,True,listed-ok,
apache,flink,/home/camila/repos/apache/flink,org.apache.flink:flink-parent:2.0-SNAPSHOT,True,flink-datastream-api,flink-datastream-api,True,org.apache.flink:flink-parent:2.0-SNAPSHOT,True,listed-ok,
apache,flink,/home/camila/repos/apache/flink,org.apache.flink:flink-parent:2.0-SNAPSHOT,False,flink-tests-java17,flink-tests-java17,True,org.apache.flink:flink-parent:2.0-SNAPSHOT,True,unlisted-child-with-root-parent,unlisted-but-parent-matches-root
apache,hadoop,/home/camila/repos/apache/hadoop,org.apache.hadoop:hadoop-main:3.0.0-SNAPSHOT,True,hadoop-project,hadoop-project,True,org.apache.hadoop:hadoop-main:3.0.0-SNAPSHOT,True,listed-ok,
apache,hadoop,/home/camila/repos/apache/hadoop,org.apache.hadoop:hadoop-main:3.0.0-SNAPSHOT,True,hadoop-project-dist,hadoop-project-dist,True,org.apache.hadoop:hadoop-project:3.0.0-SNAPSHOT,False,listed-parent-mismatch,parent-ga-mismatch
apache,hadoop,/home/camila/repos/apache/hadoop,org.apache.hadoop:hadoop-main:3.0.0-SNAPSHOT,True,hadoop-assemblies,hadoop-assemblies,True,org.apache.hadoop:hadoop-project:3.0.0-SNAPSHOT,False,listed-parent-mismatch,parent-ga-mismatch
apache,hadoop,/home/camila/repos/apache/hadoop,org.apache.hadoop:hadoop-main:3.0.0-SNAPSHOT,True,hadoop-common-project,hadoop-common-project,True,org.apache.hadoop:hadoop-project:3.0.0-SNAPSHOT,False,listed-parent-mismatch,parent-ga-mismatch
apache,hadoop,/home/camila/repos/apache/hadoop,org.apache.hadoop:hadoop-main:3.0.0-SNAPSHOT,True,hadoop-hdfs-project,hadoop-hdfs-project,True,org.apache.hadoop:hadoop-project:3.0.0-SNAPSHOT,False,listed-parent-mismatch,parent-ga-mismatch
apache,hadoop,/home/camila/repos/apache/hadoop,org.apache.hadoop:hadoop-main:3.0.0-SNAPSHOT,True,hadoop-yarn-project,hadoop-yarn-project,True,org.apache.hadoop:hadoop-project:3.0.0-SNAPSHOT,False,listed-parent-mismatch,parent-ga-mismatch
apache,hadoop,/home/camila/repos/apache/hadoop,org.apache.hadoop:hadoop-main:3.0.0-SNAPSHOT,True,hadoop-mapreduce-project,hadoop-mapreduce-project,True,org.apache.hadoop:hadoop-project:3.0.0-SNAPSHOT,False,listed-parent-mismatch,parent-ga-mismatch
apache,hadoop,/home/camila/repos/apache/hadoop,org.apache.hadoop:hadoop-main:3.0.0-SNAPSHOT,True,hadoop-tools,hadoop-tools,True,org.apache.hadoop:hadoop-project:3.0.0-SNAPSHOT,False,listed-parent-mismatch,parent-ga-mismatch
apache,hadoop,/home/camila/repos/apache/hadoop,org.apache.hadoop:hadoop-main:3.0.0-SNAPSHOT,True,hadoop-dist,hadoop-dist,True,org.apache.hadoop:hadoop-project:3.0.0-SNAPSHOT,False,listed-parent-mismatch,parent-ga-mismatch
apache,hadoop,/home/camila/repos/apache/hadoop,org.apache.hadoop:hadoop-main:3.0.0-SNAPSHOT,True,hadoop-client,hadoop-client,True,org.apache.hadoop:hadoop-project-dist:3.0.0-SNAPSHOT,False,listed-parent-mismatch,parent-ga-mismatch
apache,hadoop,/home/camila/repos/apache/hadoop,org.apache.hadoop:hadoop-main:3.0.0-SNAPSHOT,True,hadoop-minicluster,hadoop-minicluster,True,org.apache.hadoop:hadoop-project:3.0.0-SNAPSHOT,False,listed-parent-mismatch,parent-ga-mismatch
apache,ambari,/home/camila/repos/apache/ambari,org.apache.ambari:ambari:${revision},False,ambari-project,ambari-project,True,org.apache.ambari:ambari:${revision},True,unlisted-child-with-root-parent,unlisted-but-parent-matches-root
AsyncHttpClient,async-http-client,/home/camila/repos/AsyncHttpClient/async-http-client,org.asynchttpclient:async-http-client-project:3.0.0,True,client,client,True,org.asynchttpclient:async-http-client-project:3.0.0,True,listed-ok,
Athou,commafeed,/home/camila/repos/Athou/commafeed,com.commafeed:commafeed:5.3.0,True,commafeed-client,commafeed-client,True,com.commafeed:commafeed:5.3.0,True,listed-ok,
Athou,commafeed,/home/camila/repos/Athou/commafeed,com.commafeed:commafeed:5.3.0,True,commafeed-server,commafeed-server,True,com.commafeed:commafeed:5.3.0,True,listed-ok,
Atmosphere,atmosphere,/home/camila/repos/Atmosphere/atmosphere,org.atmosphere:atmosphere-project:3.0.11-SNAPSHOT,True,buildtools,buildtools,True,org.sonatype.oss:oss-parent:9,False,listed-parent-mismatch,parent-ga-mismatch
Atmosphere,atmosphere,/home/camila/repos/Atmosphere/atmosphere,org.atmosphere:atmosphere-project:3.0.11-SNAPSHOT,True,modules,modules,True,org.atmosphere:atmosphere-project:3.0.11-SNAPSHOT,True,listed-ok,
Atmosphere,atmosphere,/home/camila/repos/Atmosphere/atmosphere,org.atmosphere:atmosphere-project:3.0.11-SNAPSHOT,True,assembly,assembly,True,org.atmosphere:atmosphere-project:3.0.11-SNAPSHOT,True,listed-ok,
aws,aws-sdk-java,/home/camila/repos/aws/aws-sdk-java,com.amazonaws:aws-java-sdk-pom:1.12.773-SNAPSHOT,True,aws-java-sdk-qapps,aws-java-sdk-qapps,True,com.amazonaws:aws-java-sdk-pom:1.12.773-SNAPSHOT,True,listed-ok,
aws,aws-sdk-java,/home/camila/repos/aws/aws-sdk-java,com.amazonaws:aws-java-sdk-pom:1.12.773-SNAPSHOT,True,aws-java-sdk-apptest,aws-java-sdk-apptest,True,com.amazonaws:aws-java-sdk-pom:1.12.773-SNAPSHOT,True,listed-ok,
aws,aws-sdk-java,/home/camila/repos/aws/aws-sdk-java,com.amazonaws:aws-java-sdk-pom:1.12.773-SNAPSHOT,True,aws-java-sdk-pcaconnectorscep,aws-java-sdk-pcaconnectorscep,True,com.amazonaws:aws-java-sdk-pom:1.12.773-SNAPSHOT,True,listed-ok,
aws,aws-sdk-java,/home/camila/repos/aws/aws-sdk-java,com.amazonaws:aws-java-sdk-pom:1.12.773-SNAPSHOT,True,aws-java-sdk-applicationsignals,aws-java-sdk-applicationsignals,True,com.amazonaws:aws-java-sdk-pom:1.12.773-SNAPSHOT,True,listed-ok,
aws,aws-sdk-java,/home/camila/repos/aws/aws-sdk-java,com.amazonaws:aws-java-sdk-pom:1.12.773-SNAPSHOT,True,aws-java-sdk-taxsettings,aws-java-sdk-taxsettings,True,com.amazonaws:aws-java-sdk-pom:1.12.773-SNAPSHOT,True,listed-ok,
aws,aws-sdk-java,/home/camila/repos/aws/aws-sdk-java,com.amazonaws:aws-java-sdk-pom:1.12.773-SNAPSHOT,True,aws-java-sdk-mailmanager,aws-java-sdk-mailmanager,True,com.amazonaws:aws-java-sdk-pom:1.12.773-SNAPSHOT,True,listed-ok,
aws,aws-sdk-java,/home/camila/repos/aws/aws-sdk-java,com.amazonaws:aws-java-sdk-pom:1.12.773-SNAPSHOT,True,aws-java-sdk-route53profiles,aws-java-sdk-route53profiles,True,com.amazonaws:aws-java-sdk-pom:1.12.773-SNAPSHOT,True,listed-ok,
aws,aws-sdk-java,/home/camila/repos/aws/aws-sdk-java,com.amazonaws:aws-java-sdk-pom:1.12.773-SNAPSHOT,True,aws-java-sdk-controlcatalog,aws-java-sdk-controlcatalog,True,com.amazonaws:aws-java-sdk-pom:1.12.773-SNAPSHOT,True,listed-ok,
aws,aws-sdk-java,/home/camila/repos/aws/aws-sdk-java,com.amazonaws:aws-java-sdk-pom:1.12.773-SNAPSHOT,True,aws-java-sdk-deadline,aws-java-sdk-deadline,True,com.amazonaws:aws-java-sdk-pom:1.12.773-SNAPSHOT,True,listed-ok,
aws,aws-sdk-java,/home/camila/repos/aws/aws-sdk-java,com.amazonaws:aws-java-sdk-pom:1.12.773-SNAPSHOT,True,aws-java-sdk-codeconnections,aws-java-sdk-codeconnections,True,com.amazonaws:aws-java-sdk-pom:1.12.773-SNAPSHOT,True,listed-ok,
aws,aws-sdk-java,/home/camila/repos/aws/aws-sdk-java,com.amazonaws:aws-java-sdk-pom:1.12.773-SNAPSHOT,True,aws-java-sdk-timestreaminfluxdb,aws-java-sdk-timestreaminfluxdb,True,com.amazonaws:aws-java-sdk-pom:1.12.773-SNAPSHOT,True,listed-ok,
aws,aws-sdk-java,/home/camila/repos/aws/aws-sdk-java,com.amazonaws:aws-java-sdk-pom:1.12.773-SNAPSHOT,True,aws-java-sdk-chatbot,aws-java-sdk-chatbot,True,com.amazonaws:aws-java-sdk-pom:1.12.773-SNAPSHOT,True,listed-ok,
aws,aws-sdk-java,/home/camila/repos/aws/aws-sdk-java,com.amazonaws:aws-java-sdk-pom:1.12.773-SNAPSHOT,True,aws-java-sdk-artifact,aws-java-sdk-artifact,True,com.amazonaws:aws-java-sdk-pom:1.12.773-SNAPSHOT,True,listed-ok,
aws,aws-sdk-java,/home/camila/repos/aws/aws-sdk-java,com.amazonaws:aws-java-sdk-pom:1.12.773-SNAPSHOT,True,aws-java-sdk-supplychain,aws-java-sdk-supplychain,True,com.amazonaws:aws-java-sdk-pom:1.12.773-SNAPSHOT,True,listed-ok,
aws,aws-sdk-java,/home/camila/repos/aws/aws-sdk-java,com.amazonaws:aws-java-sdk-pom:1.12.773-SNAPSHOT,True,aws-java-sdk-networkmonitor,aws-java-sdk-networkmonitor,True,com.amazonaws:aws-java-sdk-pom:1.12.773-SNAPSHOT,True,listed-ok,
aws,aws-sdk-java,/home/camila/repos/aws/aws-sdk-java,com.amazonaws:aws-java-sdk-pom:1.12.773-SNAPSHOT,True,aws-java-sdk-marketplaceagreement,aws-java-sdk-marketplaceagreement,True,com.amazonaws:aws-java-sdk-pom:1.12.773-SNAPSHOT,True,listed-ok,
aws,aws-sdk-java,/home/camila/repos/aws/aws-sdk-java,com.amazonaws:aws-java-sdk-pom:1.12.773-SNAPSHOT,True,aws-java-sdk-marketplacedeployment,aws-java-sdk-marketplacedeployment,True,com.amazonaws:aws-java-sdk-pom:1.12.773-SNAPSHOT,True,listed-ok,
aws,aws-sdk-java,/home/camila/repos/aws/aws-sdk-java,com.amazonaws:aws-java-sdk-pom:1.12.773-SNAPSHOT,True,aws-java-sdk-cleanroomsml,aws-java-sdk-cleanroomsml,True,com.amazonaws:aws-java-sdk-pom:1.12.773-SNAPSHOT,True,listed-ok,
aws,aws-sdk-java,/home/camila/repos/aws/aws-sdk-java,com.amazonaws:aws-java-sdk-pom:1.12.773-SNAPSHOT,True,aws-java-sdk-bedrockagent,aws-java-sdk-bedrockagent,True,com.amazonaws:aws-java-sdk-pom:1.12.773-SNAPSHOT,True,listed-ok,
aws,aws-sdk-java,/home/camila/repos/aws/aws-sdk-java,com.amazonaws:aws-java-sdk-pom:1.12.773-SNAPSHOT,True,aws-java-sdk-qconnect,aws-java-sdk-qconnect,True,com.amazonaws:aws-java-sdk-pom:1.12.773-SNAPSHOT,True,listed-ok,
aws,aws-sdk-java,/home/camila/repos/aws/aws-sdk-java,com.amazonaws:aws-java-sdk-pom:1.12.773-SNAPSHOT,True,aws-java-sdk-qbusiness,aws-java-sdk-qbusiness,True,com.amazonaws:aws-java-sdk-pom:1.12.773-SNAPSHOT,True,listed-ok,
aws,aws-sdk-java,/home/camila/repos/aws/aws-sdk-java,com.amazonaws:aws-java-sdk-pom:1.12.773-SNAPSHOT,True,aws-java-sdk-bedrockagentruntime,aws-java-sdk-bedrockagentruntime,True,com.amazonaws:aws-java-sdk-pom:1.12.773-SNAPSHOT,True,listed-ok,
aws,aws-sdk-java,/home/camila/repos/aws/aws-sdk-java,com.amazonaws:aws-java-sdk-pom:1.12.773-SNAPSHOT,True,aws-java-sdk-b2bi,aws-java-sdk-b2bi,True,com.amazonaws:aws-java-sdk-pom:1.12.773-SNAPSHOT,True,listed-ok,
aws,aws-sdk-java,/home/camila/repos/aws/aws-sdk-java,com.amazonaws:aws-java-sdk-pom:1.12.773-SNAPSHOT,True,aws-java-sdk-workspacesthinclient,aws-java-sdk-workspacesthinclient,True,com.amazonaws:aws-java-sdk-pom:1.12.773-SNAPSHOT,True,listed-ok,
aws,aws-sdk-java,/home/camila/repos/aws/aws-sdk-java,com.amazonaws:aws-java-sdk-pom:1.12.773-SNAPSHOT,True,aws-java-sdk-eksauth,aws-java-sdk-eksauth,True,com.amazonaws:aws-java-sdk-pom:1.12.773-SNAPSHOT,True,listed-ok,
aws,aws-sdk-java,/home/camila/repos/aws/aws-sdk-java,com.amazonaws:aws-java-sdk-pom:1.12.773-SNAPSHOT,True,aws-java-sdk-freetier,aws-java-sdk-freetier,True,com.amazonaws:aws-java-sdk-pom:1.12.773-SNAPSHOT,True,listed-ok,
aws,aws-sdk-java,/home/camila/repos/aws/aws-sdk-java,com.amazonaws:aws-java-sdk-pom:1.12.773-SNAPSHOT,True,aws-java-sdk-bcmdataexports,aws-java-sdk-bcmdataexports,True,com.amazonaws:aws-java-sdk-pom:1.12.773-SNAPSHOT,True,listed-ok,
aws,aws-sdk-java,/home/camila/repos/aws/aws-sdk-java,com.amazonaws:aws-java-sdk-pom:1.12.773-SNAPSHOT,True,aws-java-sdk-repostspace,aws-java-sdk-repostspace,True,com.amazonaws:aws-java-sdk-pom:1.12.773-SNAPSHOT,True,listed-ok,
aws,aws-sdk-java,/home/camila/repos/aws/aws-sdk-java,com.amazonaws:aws-java-sdk-pom:1.12.773-SNAPSHOT,True,aws-java-sdk-costoptimizationhub,aws-java-sdk-costoptimizationhub,True,com.amazonaws:aws-java-sdk-pom:1.12.773-SNAPSHOT,True,listed-ok,
aws,aws-sdk-java,/home/camila/repos/aws/aws-sdk-java,com.amazonaws:aws-java-sdk-pom:1.12.773-SNAPSHOT,True,aws-java-sdk-inspectorscan,aws-java-sdk-inspectorscan,True,com.amazonaws:aws-java-sdk-pom:1.12.773-SNAPSHOT,True,listed-ok,
aws,aws-sdk-java,/home/camila/repos/aws/aws-sdk-java,com.amazonaws:aws-java-sdk-pom:1.12.773-SNAPSHOT,True,aws-java-sdk-trustedadvisor,aws-java-sdk-trustedadvisor,True,com.amazonaws:aws-java-sdk-pom:1.12.773-SNAPSHOT,True,listed-ok,
aws,aws-sdk-java,/home/camila/repos/aws/aws-sdk-java,com.amazonaws:aws-java-sdk-pom:1.12.773-SNAPSHOT,True,aws-java-sdk-launchwizard,aws-java-sdk-launchwizard,True,com.amazonaws:aws-java-sdk-pom:1.12.773-SNAPSHOT,True,listed-ok,
aws,aws-sdk-java,/home/camila/repos/aws/aws-sdk-java,com.amazonaws:aws-java-sdk-pom:1.12.773-SNAPSHOT,True,aws-java-sdk-datazoneexternal,aws-java-sdk-datazoneexternal,True,com.amazonaws:aws-java-sdk-pom:1.12.773-SNAPSHOT,True,listed-ok,
aws,aws-sdk-java,/home/camila/repos/aws/aws-sdk-java,com.amazonaws:aws-java-sdk-pom:1.12.773-SNAPSHOT,True,aws-java-sdk-bedrock,aws-java-sdk-bedrock,True,com.amazonaws:aws-java-sdk-pom:1.12.773-SNAPSHOT,True,listed-ok,
aws,aws-sdk-java,/home/camila/repos/aws/aws-sdk-java,com.amazonaws:aws-java-sdk-pom:1.12.773-SNAPSHOT,True,aws-java-sdk-bedrockruntime,aws-java-sdk-bedrockruntime,True,com.amazonaws:aws-java-sdk-pom:1.12.773-SNAPSHOT,True,listed-ok,
aws,aws-sdk-java,/home/camila/repos/aws/aws-sdk-java,com.amazonaws:aws-java-sdk-pom:1.12.773-SNAPSHOT,True,aws-java-sdk-neptunedata,aws-java-sdk-neptunedata,True,com.amazonaws:aws-java-sdk-pom:1.12.773-SNAPSHOT,True,listed-ok,
aws,aws-sdk-java,/home/camila/repos/aws/aws-sdk-java,com.amazonaws:aws-java-sdk-pom:1.12.773-SNAPSHOT,True,aws-java-sdk-pcaconnectorad,aws-java-sdk-pcaconnectorad,True,com.amazonaws:aws-java-sdk-pom:1.12.773-SNAPSHOT,True,listed-ok,
aws,aws-sdk-java,/home/camila/repos/aws/aws-sdk-java,com.amazonaws:aws-java-sdk-pom:1.12.773-SNAPSHOT,True,aws-java-sdk-managedblockchainquery,aws-java-sdk-managedblockchainquery,True,com.amazonaws:aws-java-sdk-pom:1.12.773-SNAPSHOT,True,listed-ok,
aws,aws-sdk-java,/home/camila/repos/aws/aws-sdk-java,com.amazonaws:aws-java-sdk-pom:1.12.773-SNAPSHOT,True,aws-java-sdk-entityresolution,aws-java-sdk-entityresolution,True,com.amazonaws:aws-java-sdk-pom:1.12.773-SNAPSHOT,True,listed-ok,
aws,aws-sdk-java,/home/camila/repos/aws/aws-sdk-java,com.amazonaws:aws-java-sdk-pom:1.12.773-SNAPSHOT,True,aws-java-sdk-medicalimaging,aws-java-sdk-medicalimaging,True,com.amazonaws:aws-java-sdk-pom:1.12.773-SNAPSHOT,True,listed-ok,
aws,aws-sdk-java,/home/camila/repos/aws/aws-sdk-java,com.amazonaws:aws-java-sdk-pom:1.12.773-SNAPSHOT,True,aws-java-sdk-appfabric,aws-java-sdk-appfabric,True,com.amazonaws:aws-java-sdk-pom:1.12.773-SNAPSHOT,True,listed-ok,
aws,aws-sdk-java,/home/camila/repos/aws/aws-sdk-java,com.amazonaws:aws-java-sdk-pom:1.12.773-SNAPSHOT,True,aws-java-sdk-verifiedpermissions,aws-java-sdk-verifiedpermissions,True,com.amazonaws:aws-java-sdk-pom:1.12.773-SNAPSHOT,True,listed-ok,
aws,aws-sdk-java,/home/camila/repos/aws/aws-sdk-java,com.amazonaws:aws-java-sdk-pom:1.12.773-SNAPSHOT,True,aws-java-sdk-codegurusecurity,aws-java-sdk-codegurusecurity,True,com.amazonaws:aws-java-sdk-pom:1.12.773-SNAPSHOT,True,listed-ok,
aws,aws-sdk-java,/home/camila/repos/aws/aws-sdk-java,com.amazonaws:aws-java-sdk-pom:1.12.773-SNAPSHOT,True,aws-java-sdk-paymentcryptography,aws-java-sdk-paymentcryptography,True,com.amazonaws:aws-java-sdk-pom:1.12.773-SNAPSHOT,True,listed-ok,
aws,aws-sdk-java,/home/camila/repos/aws/aws-sdk-java,com.amazonaws:aws-java-sdk-pom:1.12.773-SNAPSHOT,True,aws-java-sdk-paymentcryptographydata,aws-java-sdk-paymentcryptographydata,True,com.amazonaws:aws-java-sdk-pom:1.12.773-SNAPSHOT,True,listed-ok,
aws,aws-sdk-java,/home/camila/repos/aws/aws-sdk-java,com.amazonaws:aws-java-sdk-pom:1.12.773-SNAPSHOT,True,aws-java-sdk-mediapackagev2,aws-java-sdk-mediapackagev2,True,com.amazonaws:aws-java-sdk-pom:1.12.773-SNAPSHOT,True,listed-ok,
aws,aws-sdk-java,/home/camila/repos/aws/aws-sdk-java,com.amazonaws:aws-java-sdk-pom:1.12.773-SNAPSHOT,True,aws-java-sdk-osis,aws-java-sdk-osis,True,com.amazonaws:aws-java-sdk-pom:1.12.773-SNAPSHOT,True,listed-ok,
aws,aws-sdk-java,/home/camila/repos/aws/aws-sdk-java,com.amazonaws:aws-java-sdk-pom:1.12.773-SNAPSHOT,True,aws-java-sdk-vpclattice,aws-java-sdk-vpclattice,True,com.amazonaws:aws-java-sdk-pom:1.12.773-SNAPSHOT,True,listed-ok,
aws,aws-sdk-java,/home/camila/repos/aws/aws-sdk-java,com.amazonaws:aws-java-sdk-pom:1.12.773-SNAPSHOT,True,aws-java-sdk-ivsrealtime,aws-java-sdk-ivsrealtime,True,com.amazonaws:aws-java-sdk-pom:1.12.773-SNAPSHOT,True,listed-ok,
aws,aws-sdk-java,/home/camila/repos/aws/aws-sdk-java,com.amazonaws:aws-java-sdk-pom:1.12.773-SNAPSHOT,True,aws-java-sdk-internetmonitor,aws-java-sdk-internetmonitor,True,com.amazonaws:aws-java-sdk-pom:1.12.773-SNAPSHOT,True,listed-ok,
aws,aws-sdk-java,/home/camila/repos/aws/aws-sdk-java,com.amazonaws:aws-java-sdk-pom:1.12.773-SNAPSHOT,True,aws-java-sdk-tnb,aws-java-sdk-tnb,True,com.amazonaws:aws-java-sdk-pom:1.12.773-SNAPSHOT,True,listed-ok,
aws,aws-sdk-java,/home/camila/repos/aws/aws-sdk-java,com.amazonaws:aws-java-sdk-pom:1.12.773-SNAPSHOT,True,aws-java-sdk-cloudtraildata,aws-java-sdk-cloudtraildata,True,com.amazonaws:aws-java-sdk-pom:1.12.773-SNAPSHOT,True,listed-ok,
aws,aws-sdk-java,/home/camila/repos/aws/aws-sdk-java,com.amazonaws:aws-java-sdk-pom:1.12.773-SNAPSHOT,True,aws-java-sdk-cleanrooms,aws-java-sdk-cleanrooms,True,com.amazonaws:aws-java-sdk-pom:1.12.773-SNAPSHOT,True,listed-ok,
aws,aws-sdk-java,/home/camila/repos/aws/aws-sdk-java,com.amazonaws:aws-java-sdk-pom:1.12.773-SNAPSHOT,True,aws-java-sdk-kendraranking,aws-java-sdk-kendraranking,True,com.amazonaws:aws-java-sdk-pom:1.12.773-SNAPSHOT,True,listed-ok,
aws,aws-sdk-java,/home/camila/repos/aws/aws-sdk-java,com.amazonaws:aws-java-sdk-pom:1.12.773-SNAPSHOT,True,aws-java-sdk-licensemanagerlinuxsubscriptions,aws-java-sdk-licensemanagerlinuxsubscriptions,True,com.amazonaws:aws-java-sdk-pom:1.12.773-SNAPSHOT,True,listed-ok,
aws,aws-sdk-java,/home/camila/repos/aws/aws-sdk-java,com.amazonaws:aws-java-sdk-pom:1.12.773-SNAPSHOT,True,aws-java-sdk-kinesisvideowebrtcstorage,aws-java-sdk-kinesisvideowebrtcstorage,True,com.amazonaws:aws-java-sdk-pom:1.12.773-SNAPSHOT,True,listed-ok,
aws,aws-sdk-java,/home/camila/repos/aws/aws-sdk-java,com.amazonaws:aws-java-sdk-pom:1.12.773-SNAPSHOT,True,aws-java-sdk-sagemakermetrics,aws-java-sdk-sagemakermetrics,True,com.amazonaws:aws-java-sdk-pom:1.12.773-SNAPSHOT,True,listed-ok,
aws,aws-sdk-java,/home/camila/repos/aws/aws-sdk-java,com.amazonaws:aws-java-sdk-pom:1.12.773-SNAPSHOT,True,aws-java-sdk-pipes,aws-java-sdk-pipes,True,com.amazonaws:aws-java-sdk-pom:1.12.773-SNAPSHOT,True,listed-ok,
aws,aws-sdk-java,/home/camila/repos/aws/aws-sdk-java,com.amazonaws:aws-java-sdk-pom:1.12.773-SNAPSHOT,True,aws-java-sdk-sagemakergeospatial,aws-java-sdk-sagemakergeospatial,True,com.amazonaws:aws-java-sdk-pom:1.12.773-SNAPSHOT,True,listed-ok,
aws,aws-sdk-java,/home/camila/repos/aws/aws-sdk-java,com.amazonaws:aws-java-sdk-pom:1.12.773-SNAPSHOT,True,aws-java-sdk-docdbelastic,aws-java-sdk-docdbelastic,True,com.amazonaws:aws-java-sdk-pom:1.12.773-SNAPSHOT,True,listed-ok,
aws,aws-sdk-java,/home/camila/repos/aws/aws-sdk-java,com.amazonaws:aws-java-sdk-pom:1.12.773-SNAPSHOT,True,aws-java-sdk-omics,aws-java-sdk-omics,True,com.amazonaws:aws-java-sdk-pom:1.12.773-SNAPSHOT,True,listed-ok,
aws,aws-sdk-java,/home/camila/repos/aws/aws-sdk-java,com.amazonaws:aws-java-sdk-pom:1.12.773-SNAPSHOT,True,aws-java-sdk-opensearchserverless,aws-java-sdk-opensearchserverless,True,com.amazonaws:aws-java-sdk-pom:1.12.773-SNAPSHOT,True,listed-ok,
aws,aws-sdk-java,/home/camila/repos/aws/aws-sdk-java,com.amazonaws:aws-java-sdk-pom:1.12.773-SNAPSHOT,True,aws-java-sdk-securitylake,aws-java-sdk-securitylake,True,com.amazonaws:aws-java-sdk-pom:1.12.773-SNAPSHOT,True,listed-ok,
aws,aws-sdk-java,/home/camila/repos/aws/aws-sdk-java,com.amazonaws:aws-java-sdk-pom:1.12.773-SNAPSHOT,True,aws-java-sdk-simspaceweaver,aws-java-sdk-simspaceweaver,True,com.amazonaws:aws-java-sdk-pom:1.12.773-SNAPSHOT,True,listed-ok,
aws,aws-sdk-java,/home/camila/repos/aws/aws-sdk-java,com.amazonaws:aws-java-sdk-pom:1.12.773-SNAPSHOT,True,aws-java-sdk-arczonalshift,aws-java-sdk-arczonalshift,True,com.amazonaws:aws-java-sdk-pom:1.12.773-SNAPSHOT,True,listed-ok,
aws,aws-sdk-java,/home/camila/repos/aws/aws-sdk-java,com.amazonaws:aws-java-sdk-pom:1.12.773-SNAPSHOT,True,aws-java-sdk-oam,aws-java-sdk-oam,True,com.amazonaws:aws-java-sdk-pom:1.12.773-SNAPSHOT,True,listed-ok,
aws,aws-sdk-java,/home/camila/repos/aws/aws-sdk-java,com.amazonaws:aws-java-sdk-pom:1.12.773-SNAPSHOT,True,aws-java-sdk-chimesdkvoice,aws-java-sdk-chimesdkvoice,True,com.amazonaws:aws-java-sdk-pom:1.12.773-SNAPSHOT,True,listed-ok,
aws,aws-sdk-java,/home/camila/repos/aws/aws-sdk-java,com.amazonaws:aws-java-sdk-pom:1.12.773-SNAPSHOT,True,aws-java-sdk-ssmsap,aws-java-sdk-ssmsap,True,com.amazonaws:aws-java-sdk-pom:1.12.773-SNAPSHOT,True,listed-ok,
aws,aws-sdk-java,/home/camila/repos/aws/aws-sdk-java,com.amazonaws:aws-java-sdk-pom:1.12.773-SNAPSHOT,True,aws-java-sdk-scheduler,aws-java-sdk-scheduler,True,com.amazonaws:aws-java-sdk-pom:1.12.773-SNAPSHOT,True,listed-ok,
aws,aws-sdk-java,/home/camila/repos/aws/aws-sdk-java,com.amazonaws:aws-java-sdk-pom:1.12.773-SNAPSHOT,True,aws-java-sdk-resourceexplorer2,aws-java-sdk-resourceexplorer2,True,com.amazonaws:aws-java-sdk-pom:1.12.773-SNAPSHOT,True,listed-ok,
aws,aws-sdk-java,/home/camila/repos/aws/aws-sdk-java,com.amazonaws:aws-java-sdk-pom:1.12.773-SNAPSHOT,True,aws-java-sdk-connectcases,aws-java-sdk-connectcases,True,com.amazonaws:aws-java-sdk-pom:1.12.773-SNAPSHOT,True,listed-ok,
aws,aws-sdk-java,/home/camila/repos/aws/aws-sdk-java,com.amazonaws:aws-java-sdk-pom:1.12.773-SNAPSHOT,True,aws-java-sdk-migrationhuborchestrator,aws-java-sdk-migrationhuborchestrator,True,com.amazonaws:aws-java-sdk-pom:1.12.773-SNAPSHOT,True,listed-ok,
aws,aws-sdk-java,/home/camila/repos/aws/aws-sdk-java,com.amazonaws:aws-java-sdk-pom:1.12.773-SNAPSHOT,True,aws-java-sdk-iotfleetwise,aws-java-sdk-iotfleetwise,True,com.amazonaws:aws-java-sdk-pom:1.12.773-SNAPSHOT,True,listed-ok,
aws,aws-sdk-java,/home/camila/repos/aws/aws-sdk-java,com.amazonaws:aws-java-sdk-pom:1.12.773-SNAPSHOT,True,aws-java-sdk-controltower,aws-java-sdk-controltower,True,com.amazonaws:aws-java-sdk-pom:1.12.773-SNAPSHOT,True,listed-ok,
aws,aws-sdk-java,/home/camila/repos/aws/aws-sdk-java,com.amazonaws:aws-java-sdk-pom:1.12.773-SNAPSHOT,True,aws-java-sdk-supportapp,aws-java-sdk-supportapp,True,com.amazonaws:aws-java-sdk-pom:1.12.773-SNAPSHOT,True,listed-ok,
aws,aws-sdk-java,/home/camila/repos/aws/aws-sdk-java,com.amazonaws:aws-java-sdk-pom:1.12.773-SNAPSHOT,True,aws-java-sdk-private5g,aws-java-sdk-private5g,True,com.amazonaws:aws-java-sdk-pom:1.12.773-SNAPSHOT,True,listed-ok,
aws,aws-sdk-java,/home/camila/repos/aws/aws-sdk-java,com.amazonaws:aws-java-sdk-pom:1.12.773-SNAPSHOT,True,aws-java-sdk-licensemanagerusersubscriptions,aws-java-sdk-licensemanagerusersubscriptions,True,com.amazonaws:aws-java-sdk-pom:1.12.773-SNAPSHOT,True,listed-ok,
aws,aws-sdk-java,/home/camila/repos/aws/aws-sdk-java,com.amazonaws:aws-java-sdk-pom:1.12.773-SNAPSHOT,True,aws-java-sdk-iamrolesanywhere,aws-java-sdk-iamrolesanywhere,True,com.amazonaws:aws-java-sdk-pom:1.12.773-SNAPSHOT,True,listed-ok,
aws,aws-sdk-java,/home/camila/repos/aws/aws-sdk-java,com.amazonaws:aws-java-sdk-pom:1.12.773-SNAPSHOT,True,aws-java-sdk-redshiftserverless,aws-java-sdk-redshiftserverless,True,com.amazonaws:aws-java-sdk-pom:1.12.773-SNAPSHOT,True,listed-ok,
aws,aws-sdk-java,/home/camila/repos/aws/aws-sdk-java,com.amazonaws:aws-java-sdk-pom:1.12.773-SNAPSHOT,True,aws-java-sdk-connectcampaign,aws-java-sdk-connectcampaign,True,com.amazonaws:aws-java-sdk-pom:1.12.773-SNAPSHOT,True,listed-ok,
aws,aws-sdk-java,/home/camila/repos/aws/aws-sdk-java,com.amazonaws:aws-java-sdk-pom:1.12.773-SNAPSHOT,True,aws-java-sdk-mainframemodernization,aws-java-sdk-mainframemodernization,True,com.amazonaws:aws-java-sdk-pom:1.12.773-SNAPSHOT,True,listed-ok,
aws,aws-sdk-java,/home/camila/repos/aws/aws-sdk-java,com.amazonaws:aws-java-sdk-pom:1.12.773-SNAPSHOT,True,aws-java-sdk-emrserverless,aws-java-sdk-emrserverless,True,com.amazonaws:aws-java-sdk-pom:1.12.773-SNAPSHOT,True,listed-ok,
aws,aws-sdk-java,/home/camila/repos/aws/aws-sdk-java,com.amazonaws:aws-java-sdk-pom:1.12.773-SNAPSHOT,True,aws-java-sdk-chimesdkmediapipelines,aws-java-sdk-chimesdkmediapipelines,True,com.amazonaws:aws-java-sdk-pom:1.12.773-SNAPSHOT,True,listed-ok,
aws,aws-sdk-java,/home/camila/repos/aws/aws-sdk-java,com.amazonaws:aws-java-sdk-pom:1.12.773-SNAPSHOT,True,aws-java-sdk-ivschat,aws-java-sdk-ivschat,True,com.amazonaws:aws-java-sdk-pom:1.12.773-SNAPSHOT,True,listed-ok,
aws,aws-sdk-java,/home/camila/repos/aws/aws-sdk-java,com.amazonaws:aws-java-sdk-pom:1.12.773-SNAPSHOT,True,aws-java-sdk-pinpointsmsvoicev2,aws-java-sdk-pinpointsmsvoicev2,True,com.amazonaws:aws-java-sdk-pom:1.12.773-SNAPSHOT,True,listed-ok,
aws,aws-sdk-java,/home/camila/repos/aws/aws-sdk-java,com.amazonaws:aws-java-sdk-pom:1.12.773-SNAPSHOT,True,aws-java-sdk-billingconductor,aws-java-sdk-billingconductor,True,com.amazonaws:aws-java-sdk-pom:1.12.773-SNAPSHOT,True,listed-ok,
aws,aws-sdk-java,/home/camila/repos/aws/aws-sdk-java,com.amazonaws:aws-java-sdk-pom:1.12.773-SNAPSHOT,True,aws-java-sdk-keyspaces,aws-java-sdk-keyspaces,True,com.amazonaws:aws-java-sdk-pom:1.12.773-SNAPSHOT,True,listed-ok,
aws,aws-sdk-java,/home/camila/repos/aws/aws-sdk-java,com.amazonaws:aws-java-sdk-pom:1.12.773-SNAPSHOT,True,aws-java-sdk-amplifyuibuilder,aws-java-sdk-amplifyuibuilder,True,com.amazonaws:aws-java-sdk-pom:1.12.773-SNAPSHOT,True,listed-ok,
aws,aws-sdk-java,/home/camila/repos/aws/aws-sdk-java,com.amazonaws:aws-java-sdk-pom:1.12.773-SNAPSHOT,True,aws-java-sdk-backupgateway,aws-java-sdk-backupgateway,True,com.amazonaws:aws-java-sdk-pom:1.12.773-SNAPSHOT,True,listed-ok,
aws,aws-sdk-java,/home/camila/repos/aws/aws-sdk-java,com.amazonaws:aws-java-sdk-pom:1.12.773-SNAPSHOT,True,aws-java-sdk-workspacesweb,aws-java-sdk-workspacesweb,True,com.amazonaws:aws-java-sdk-pom:1.12.773-SNAPSHOT,True,listed-ok,
aws,aws-sdk-java,/home/camila/repos/aws/aws-sdk-java,com.amazonaws:aws-java-sdk-pom:1.12.773-SNAPSHOT,True,aws-java-sdk-iottwinmaker,aws-java-sdk-iottwinmaker,True,com.amazonaws:aws-java-sdk-pom:1.12.773-SNAPSHOT,True,listed-ok,
aws,aws-sdk-java,/home/camila/repos/aws/aws-sdk-java,com.amazonaws:aws-java-sdk-pom:1.12.773-SNAPSHOT,True,aws-java-sdk-recyclebin,aws-java-sdk-recyclebin,True,com.amazonaws:aws-java-sdk-pom:1.12.773-SNAPSHOT,True,listed-ok,
aws,aws-sdk-java,/home/camila/repos/aws/aws-sdk-java,com.amazonaws:aws-java-sdk-pom:1.12.773-SNAPSHOT,True,aws-java-sdk-cloudwatchrum,aws-java-sdk-cloudwatchrum,True,com.amazonaws:aws-java-sdk-pom:1.12.773-SNAPSHOT,True,listed-ok,
aws,aws-sdk-java,/home/camila/repos/aws/aws-sdk-java,com.amazonaws:aws-java-sdk-pom:1.12.773-SNAPSHOT,True,aws-java-sdk-cloudwatchevidently,aws-java-sdk-cloudwatchevidently,True,com.amazonaws:aws-java-sdk-pom:1.12.773-SNAPSHOT,True,listed-ok,
aws,aws-sdk-java,/home/camila/repos/aws/aws-sdk-java,com.amazonaws:aws-java-sdk-pom:1.12.773-SNAPSHOT,True,aws-java-sdk-inspector2,aws-java-sdk-inspector2,True,com.amazonaws:aws-java-sdk-pom:1.12.773-SNAPSHOT,True,listed-ok,
aws,aws-sdk-java,/home/camila/repos/aws/aws-sdk-java,com.amazonaws:aws-java-sdk-pom:1.12.773-SNAPSHOT,True,aws-java-sdk-migrationhubrefactorspaces,aws-java-sdk-migrationhubrefactorspaces,True,com.amazonaws:aws-java-sdk-pom:1.12.773-SNAPSHOT,True,listed-ok,
aws,aws-sdk-java,/home/camila/repos/aws/aws-sdk-java,com.amazonaws:aws-java-sdk-pom:1.12.773-SNAPSHOT,True,aws-java-sdk-appconfigdata,aws-java-sdk-appconfigdata,True,com.amazonaws:aws-java-sdk-pom:1.12.773-SNAPSHOT,True,listed-ok,
aws,aws-sdk-java,/home/camila/repos/aws/aws-sdk-java,com.amazonaws:aws-java-sdk-pom:1.12.773-SNAPSHOT,True,aws-java-sdk-drs,aws-java-sdk-drs,True,com.amazonaws:aws-java-sdk-pom:1.12.773-SNAPSHOT,True,listed-ok,
aws,aws-sdk-java,/home/camila/repos/aws/aws-sdk-java,com.amazonaws:aws-java-sdk-pom:1.12.773-SNAPSHOT,True,aws-java-sdk-migrationhubstrategyrecommendations,aws-java-sdk-migrationhubstrategyrecommendations,True,com.amazonaws:aws-java-sdk-pom:1.12.773-SNAPSHOT,True,listed-ok,
aws,aws-sdk-java,/home/camila/repos/aws/aws-sdk-java,com.amazonaws:aws-java-sdk-pom:1.12.773-SNAPSHOT,True,aws-java-sdk-resiliencehub,aws-java-sdk-resiliencehub,True,com.amazonaws:aws-java-sdk-pom:1.12.773-SNAPSHOT,True,listed-ok,
aws,aws-sdk-java,/home/camila/repos/aws/aws-sdk-java,com.amazonaws:aws-java-sdk-pom:1.12.773-SNAPSHOT,True,aws-java-sdk-chimesdkmeetings,aws-java-sdk-chimesdkmeetings,True,com.amazonaws:aws-java-sdk-pom:1.12.773-SNAPSHOT,True,listed-ok,
aws,aws-sdk-java,/home/camila/repos/aws/aws-sdk-java,com.amazonaws:aws-java-sdk-pom:1.12.773-SNAPSHOT,True,aws-java-sdk-panorama,aws-java-sdk-panorama,True,com.amazonaws:aws-java-sdk-pom:1.12.773-SNAPSHOT,True,listed-ok,
aws,aws-sdk-java,/home/camila/repos/aws/aws-sdk-java,com.amazonaws:aws-java-sdk-pom:1.12.773-SNAPSHOT,True,aws-java-sdk-managedgrafana,aws-java-sdk-managedgrafana,True,com.amazonaws:aws-java-sdk-pom:1.12.773-SNAPSHOT,True,listed-ok,
aws,aws-sdk-java,/home/camila/repos/aws/aws-sdk-java,com.amazonaws:aws-java-sdk-pom:1.12.773-SNAPSHOT,True,aws-java-sdk-cloudcontrolapi,aws-java-sdk-cloudcontrolapi,True,com.amazonaws:aws-java-sdk-pom:1.12.773-SNAPSHOT,True,listed-ok,
aws,aws-sdk-java,/home/camila/repos/aws/aws-sdk-java,com.amazonaws:aws-java-sdk-pom:1.12.773-SNAPSHOT,True,aws-java-sdk-account,aws-java-sdk-account,True,com.amazonaws:aws-java-sdk-pom:1.12.773-SNAPSHOT,True,listed-ok,
aws,aws-sdk-java,/home/camila/repos/aws/aws-sdk-java,com.amazonaws:aws-java-sdk-pom:1.12.773-SNAPSHOT,True,aws-java-sdk-voiceid,aws-java-sdk-voiceid,True,com.amazonaws:aws-java-sdk-pom:1.12.773-SNAPSHOT,True,listed-ok,
aws,aws-sdk-java,/home/camila/repos/aws/aws-sdk-java,com.amazonaws:aws-java-sdk-pom:1.12.773-SNAPSHOT,True,aws-java-sdk-connectwisdom,aws-java-sdk-connectwisdom,True,com.amazonaws:aws-java-sdk-pom:1.12.773-SNAPSHOT,True,listed-ok,
aws,aws-sdk-java,/home/camila/repos/aws/aws-sdk-java,com.amazonaws:aws-java-sdk-pom:1.12.773-SNAPSHOT,True,aws-java-sdk-kafkaconnect,aws-java-sdk-kafkaconnect,True,com.amazonaws:aws-java-sdk-pom:1.12.773-SNAPSHOT,True,listed-ok,
aws,aws-sdk-java,/home/camila/repos/aws/aws-sdk-java,com.amazonaws:aws-java-sdk-pom:1.12.773-SNAPSHOT,True,aws-java-sdk-opensearch,aws-java-sdk-opensearch,True,com.amazonaws:aws-java-sdk-pom:1.12.773-SNAPSHOT,True,listed-ok,
aws,aws-sdk-java,/home/camila/repos/aws/aws-sdk-java,com.amazonaws:aws-java-sdk-pom:1.12.773-SNAPSHOT,True,aws-java-sdk-memorydb,aws-java-sdk-memorydb,True,com.amazonaws:aws-java-sdk-pom:1.12.773-SNAPSHOT,True,listed-ok,
aws,aws-sdk-java,/home/camila/repos/aws/aws-sdk-java,com.amazonaws:aws-java-sdk-pom:1.12.773-SNAPSHOT,True,aws-java-sdk-snowdevicemanagement,aws-java-sdk-snowdevicemanagement,True,com.amazonaws:aws-java-sdk-pom:1.12.773-SNAPSHOT,True,listed-ok,
aws,aws-sdk-java,/home/camila/repos/aws/aws-sdk-java,com.amazonaws:aws-java-sdk-pom:1.12.773-SNAPSHOT,True,aws-java-sdk-chimesdkidentity,aws-java-sdk-chimesdkidentity,True,com.amazonaws:aws-java-sdk-pom:1.12.773-SNAPSHOT,True,listed-ok,
aws,aws-sdk-java,/home/camila/repos/aws/aws-sdk-java,com.amazonaws:aws-java-sdk-pom:1.12.773-SNAPSHOT,True,aws-java-sdk-chimesdkmessaging,aws-java-sdk-chimesdkmessaging,True,com.amazonaws:aws-java-sdk-pom:1.12.773-SNAPSHOT,True,listed-ok,
aws,aws-sdk-java,/home/camila/repos/aws/aws-sdk-java,com.amazonaws:aws-java-sdk-pom:1.12.773-SNAPSHOT,True,aws-java-sdk-route53recoverycluster,aws-java-sdk-route53recoverycluster,True,com.amazonaws:aws-java-sdk-pom:1.12.773-SNAPSHOT,True,listed-ok,
aws,aws-sdk-java,/home/camila/repos/aws/aws-sdk-java,com.amazonaws:aws-java-sdk-pom:1.12.773-SNAPSHOT,True,aws-java-sdk-route53recoverycontrolconfig,aws-java-sdk-route53recoverycontrolconfig,True,com.amazonaws:aws-java-sdk-pom:1.12.773-SNAPSHOT,True,listed-ok,
aws,aws-sdk-java,/home/camila/repos/aws/aws-sdk-java,com.amazonaws:aws-java-sdk-pom:1.12.773-SNAPSHOT,True,aws-java-sdk-route53recoveryreadiness,aws-java-sdk-route53recoveryreadiness,True,com.amazonaws:aws-java-sdk-pom:1.12.773-SNAPSHOT,True,listed-ok,
aws,aws-sdk-java,/home/camila/repos/aws/aws-sdk-java,com.amazonaws:aws-java-sdk-pom:1.12.773-SNAPSHOT,True,aws-java-sdk-proton,aws-java-sdk-proton,True,com.amazonaws:aws-java-sdk-pom:1.12.773-SNAPSHOT,True,listed-ok,
aws,aws-sdk-java,/home/camila/repos/aws/aws-sdk-java,com.amazonaws:aws-java-sdk-pom:1.12.773-SNAPSHOT,True,aws-java-sdk-apprunner,aws-java-sdk-apprunner,True,com.amazonaws:aws-java-sdk-pom:1.12.773-SNAPSHOT,True,listed-ok,
aws,aws-sdk-java,/home/camila/repos/aws/aws-sdk-java,com.amazonaws:aws-java-sdk-pom:1.12.773-SNAPSHOT,True,aws-java-sdk-applicationcostprofiler,aws-java-sdk-applicationcostprofiler,True,com.amazonaws:aws-java-sdk-pom:1.12.773-SNAPSHOT,True,listed-ok,
aws,aws-sdk-java,/home/camila/repos/aws/aws-sdk-java,com.amazonaws:aws-java-sdk-pom:1.12.773-SNAPSHOT,True,aws-java-sdk-ssmcontacts,aws-java-sdk-ssmcontacts,True,com.amazonaws:aws-java-sdk-pom:1.12.773-SNAPSHOT,True,listed-ok,
aws,aws-sdk-java,/home/camila/repos/aws/aws-sdk-java,com.amazonaws:aws-java-sdk-pom:1.12.773-SNAPSHOT,True,aws-java-sdk-ssmincidents,aws-java-sdk-ssmincidents,True,com.amazonaws:aws-java-sdk-pom:1.12.773-SNAPSHOT,True,listed-ok,
aws,aws-sdk-java,/home/camila/repos/aws/aws-sdk-java,com.amazonaws:aws-java-sdk-pom:1.12.773-SNAPSHOT,True,aws-java-sdk-finspacedata,aws-java-sdk-finspacedata,True,com.amazonaws:aws-java-sdk-pom:1.12.773-SNAPSHOT,True,listed-ok,
aws,aws-sdk-java,/home/camila/repos/aws/aws-sdk-java,com.amazonaws:aws-java-sdk-pom:1.12.773-SNAPSHOT,True,aws-java-sdk-finspace,aws-java-sdk-finspace,True,com.amazonaws:aws-java-sdk-pom:1.12.773-SNAPSHOT,True,listed-ok,
aws,aws-sdk-java,/home/camila/repos/aws/aws-sdk-java,com.amazonaws:aws-java-sdk-pom:1.12.773-SNAPSHOT,True,aws-java-sdk-nimblestudio,aws-java-sdk-nimblestudio,True,com.amazonaws:aws-java-sdk-pom:1.12.773-SNAPSHOT,True,listed-ok,
aws,aws-sdk-java,/home/camila/repos/aws/aws-sdk-java,com.amazonaws:aws-java-sdk-pom:1.12.773-SNAPSHOT,True,aws-java-sdk-lookoutequipment,aws-java-sdk-lookoutequipment,True,com.amazonaws:aws-java-sdk-pom:1.12.773-SNAPSHOT,True,listed-ok,
aws,aws-sdk-java,/home/camila/repos/aws/aws-sdk-java,com.amazonaws:aws-java-sdk-pom:1.12.773-SNAPSHOT,True,aws-java-sdk-mgn,aws-java-sdk-mgn,True,com.amazonaws:aws-java-sdk-pom:1.12.773-SNAPSHOT,True,listed-ok,
aws,aws-sdk-java,/home/camila/repos/aws/aws-sdk-java,com.amazonaws:aws-java-sdk-pom:1.12.773-SNAPSHOT,True,aws-java-sdk-lookoutmetrics,aws-java-sdk-lookoutmetrics,True,com.amazonaws:aws-java-sdk-pom:1.12.773-SNAPSHOT,True,listed-ok,
aws,aws-sdk-java,/home/camila/repos/aws/aws-sdk-java,com.amazonaws:aws-java-sdk-pom:1.12.773-SNAPSHOT,True,aws-java-sdk-fis,aws-java-sdk-fis,True,com.amazonaws:aws-java-sdk-pom:1.12.773-SNAPSHOT,True,listed-ok,
aws,aws-sdk-java,/home/camila/repos/aws/aws-sdk-java,com.amazonaws:aws-java-sdk-pom:1.12.773-SNAPSHOT,True,aws-java-sdk-lexmodelsv2,aws-java-sdk-lexmodelsv2,True,com.amazonaws:aws-java-sdk-pom:1.12.773-SNAPSHOT,True,listed-ok,
aws,aws-sdk-java,/home/camila/repos/aws/aws-sdk-java,com.amazonaws:aws-java-sdk-pom:1.12.773-SNAPSHOT,True,aws-java-sdk-lexruntimev2,aws-java-sdk-lexruntimev2,True,com.amazonaws:aws-java-sdk-pom:1.12.773-SNAPSHOT,True,listed-ok,
aws,aws-sdk-java,/home/camila/repos/aws/aws-sdk-java,com.amazonaws:aws-java-sdk-pom:1.12.773-SNAPSHOT,True,aws-java-sdk-wellarchitected,aws-java-sdk-wellarchitected,True,com.amazonaws:aws-java-sdk-pom:1.12.773-SNAPSHOT,True,listed-ok,
aws,aws-sdk-java,/home/camila/repos/aws/aws-sdk-java,com.amazonaws:aws-java-sdk-pom:1.12.773-SNAPSHOT,True,aws-java-sdk-location,aws-java-sdk-location,True,com.amazonaws:aws-java-sdk-pom:1.12.773-SNAPSHOT,True,listed-ok,
aws,aws-sdk-java,/home/camila/repos/aws/aws-sdk-java,com.amazonaws:aws-java-sdk-pom:1.12.773-SNAPSHOT,True,aws-java-sdk-iotdeviceadvisor,aws-java-sdk-iotdeviceadvisor,True,com.amazonaws:aws-java-sdk-pom:1.12.773-SNAPSHOT,True,listed-ok,
aws,aws-sdk-java,/home/camila/repos/aws/aws-sdk-java,com.amazonaws:aws-java-sdk-pom:1.12.773-SNAPSHOT,True,aws-java-sdk-iotfleethub,aws-java-sdk-iotfleethub,True,com.amazonaws:aws-java-sdk-pom:1.12.773-SNAPSHOT,True,listed-ok,
aws,aws-sdk-java,/home/camila/repos/aws/aws-sdk-java,com.amazonaws:aws-java-sdk-pom:1.12.773-SNAPSHOT,True,aws-java-sdk-iotwireless,aws-java-sdk-iotwireless,True,com.amazonaws:aws-java-sdk-pom:1.12.773-SNAPSHOT,True,listed-ok,
aws,aws-sdk-java,/home/camila/repos/aws/aws-sdk-java,com.amazonaws:aws-java-sdk-pom:1.12.773-SNAPSHOT,True,aws-java-sdk-greengrassv2,aws-java-sdk-greengrassv2,True,com.amazonaws:aws-java-sdk-pom:1.12.773-SNAPSHOT,True,listed-ok,
aws,aws-sdk-java,/home/camila/repos/aws/aws-sdk-java,com.amazonaws:aws-java-sdk-pom:1.12.773-SNAPSHOT,True,aws-java-sdk-prometheus,aws-java-sdk-prometheus,True,com.amazonaws:aws-java-sdk-pom:1.12.773-SNAPSHOT,True,listed-ok,
aws,aws-sdk-java,/home/camila/repos/aws/aws-sdk-java,com.amazonaws:aws-java-sdk-pom:1.12.773-SNAPSHOT,True,aws-java-sdk-auditmanager,aws-java-sdk-auditmanager,True,com.amazonaws:aws-java-sdk-pom:1.12.773-SNAPSHOT,True,listed-ok,
aws,aws-sdk-java,/home/camila/repos/aws/aws-sdk-java,com.amazonaws:aws-java-sdk-pom:1.12.773-SNAPSHOT,True,aws-java-sdk-healthlake,aws-java-sdk-healthlake,True,com.amazonaws:aws-java-sdk-pom:1.12.773-SNAPSHOT,True,listed-ok,
aws,aws-sdk-java,/home/camila/repos/aws/aws-sdk-java,com.amazonaws:aws-java-sdk-pom:1.12.773-SNAPSHOT,True,aws-java-sdk-sagemakeredgemanager,aws-java-sdk-sagemakeredgemanager,True,com.amazonaws:aws-java-sdk-pom:1.12.773-SNAPSHOT,True,listed-ok,
aws,aws-sdk-java,/home/camila/repos/aws/aws-sdk-java,com.amazonaws:aws-java-sdk-pom:1.12.773-SNAPSHOT,True,aws-java-sdk-emrcontainers,aws-java-sdk-emrcontainers,True,com.amazonaws:aws-java-sdk-pom:1.12.773-SNAPSHOT,True,listed-ok,
aws,aws-sdk-java,/home/camila/repos/aws/aws-sdk-java,com.amazonaws:aws-java-sdk-pom:1.12.773-SNAPSHOT,True,aws-java-sdk-customerprofiles,aws-java-sdk-customerprofiles,True,com.amazonaws:aws-java-sdk-pom:1.12.773-SNAPSHOT,True,listed-ok,
aws,aws-sdk-java,/home/camila/repos/aws/aws-sdk-java,com.amazonaws:aws-java-sdk-pom:1.12.773-SNAPSHOT,True,aws-java-sdk-lookoutforvision,aws-java-sdk-lookoutforvision,True,com.amazonaws:aws-java-sdk-pom:1.12.773-SNAPSHOT,True,listed-ok,
aws,aws-sdk-java,/home/camila/repos/aws/aws-sdk-java,com.amazonaws:aws-java-sdk-pom:1.12.773-SNAPSHOT,True,aws-java-sdk-connectcontactlens,aws-java-sdk-connectcontactlens,True,com.amazonaws:aws-java-sdk-pom:1.12.773-SNAPSHOT,True,listed-ok,
aws,aws-sdk-java,/home/camila/repos/aws/aws-sdk-java,com.amazonaws:aws-java-sdk-pom:1.12.773-SNAPSHOT,True,aws-java-sdk-amplifybackend,aws-java-sdk-amplifybackend,True,com.amazonaws:aws-java-sdk-pom:1.12.773-SNAPSHOT,True,listed-ok,
aws,aws-sdk-java,/home/camila/repos/aws/aws-sdk-java,com.amazonaws:aws-java-sdk-pom:1.12.773-SNAPSHOT,True,aws-java-sdk-ecrpublic,aws-java-sdk-ecrpublic,True,com.amazonaws:aws-java-sdk-pom:1.12.773-SNAPSHOT,True,listed-ok,
aws,aws-sdk-java,/home/camila/repos/aws/aws-sdk-java,com.amazonaws:aws-java-sdk-pom:1.12.773-SNAPSHOT,True,aws-java-sdk-appintegrations,aws-java-sdk-appintegrations,True,com.amazonaws:aws-java-sdk-pom:1.12.773-SNAPSHOT,True,listed-ok,
aws,aws-sdk-java,/home/camila/repos/aws/aws-sdk-java,com.amazonaws:aws-java-sdk-pom:1.12.773-SNAPSHOT,True,aws-java-sdk-sagemakerfeaturestoreruntime,aws-java-sdk-sagemakerfeaturestoreruntime,True,com.amazonaws:aws-java-sdk-pom:1.12.773-SNAPSHOT,True,listed-ok,
aws,aws-sdk-java,/home/camila/repos/aws/aws-sdk-java,com.amazonaws:aws-java-sdk-pom:1.12.773-SNAPSHOT,True,aws-java-sdk-devopsguru,aws-java-sdk-devopsguru,True,com.amazonaws:aws-java-sdk-pom:1.12.773-SNAPSHOT,True,listed-ok,
aws,aws-sdk-java,/home/camila/repos/aws/aws-sdk-java,com.amazonaws:aws-java-sdk-pom:1.12.773-SNAPSHOT,True,aws-java-sdk-mwaa,aws-java-sdk-mwaa,True,com.amazonaws:aws-java-sdk-pom:1.12.773-SNAPSHOT,True,listed-ok,
aws,aws-sdk-java,/home/camila/repos/aws/aws-sdk-java,com.amazonaws:aws-java-sdk-pom:1.12.773-SNAPSHOT,True,aws-java-sdk-networkfirewall,aws-java-sdk-networkfirewall,True,com.amazonaws:aws-java-sdk-pom:1.12.773-SNAPSHOT,True,listed-ok,
aws,aws-sdk-java,/home/camila/repos/aws/aws-sdk-java,com.amazonaws:aws-java-sdk-pom:1.12.773-SNAPSHOT,True,aws-java-sdk-appregistry,aws-java-sdk-appregistry,True,com.amazonaws:aws-java-sdk-pom:1.12.773-SNAPSHOT,True,listed-ok,
aws,aws-sdk-java,/home/camila/repos/aws/aws-sdk-java,com.amazonaws:aws-java-sdk-pom:1.12.773-SNAPSHOT,True,aws-java-sdk-gluedatabrew,aws-java-sdk-gluedatabrew,True,com.amazonaws:aws-java-sdk-pom:1.12.773-SNAPSHOT,True,listed-ok,
aws,aws-sdk-java,/home/camila/repos/aws/aws-sdk-java,com.amazonaws:aws-java-sdk-pom:1.12.773-SNAPSHOT,True,aws-java-sdk-s3outposts,aws-java-sdk-s3outposts,True,com.amazonaws:aws-java-sdk-pom:1.12.773-SNAPSHOT,True,listed-ok,
aws,aws-sdk-java,/home/camila/repos/aws/aws-sdk-java,com.amazonaws:aws-java-sdk-pom:1.12.773-SNAPSHOT,True,aws-java-sdk-timestreamquery,aws-java-sdk-timestreamquery,True,com.amazonaws:aws-java-sdk-pom:1.12.773-SNAPSHOT,True,listed-ok,
aws,aws-sdk-java,/home/camila/repos/aws/aws-sdk-java,com.amazonaws:aws-java-sdk-pom:1.12.773-SNAPSHOT,True,aws-java-sdk-timestreamwrite,aws-java-sdk-timestreamwrite,True,com.amazonaws:aws-java-sdk-pom:1.12.773-SNAPSHOT,True,listed-ok,
aws,aws-sdk-java,/home/camila/repos/aws/aws-sdk-java,com.amazonaws:aws-java-sdk-pom:1.12.773-SNAPSHOT,True,aws-java-sdk-ssoadmin,aws-java-sdk-ssoadmin,True,com.amazonaws:aws-java-sdk-pom:1.12.773-SNAPSHOT,True,listed-ok,
aws,aws-sdk-java,/home/camila/repos/aws/aws-sdk-java,com.amazonaws:aws-java-sdk-pom:1.12.773-SNAPSHOT,True,aws-java-sdk-redshiftdataapi,aws-java-sdk-redshiftdataapi,True,com.amazonaws:aws-java-sdk-pom:1.12.773-SNAPSHOT,True,listed-ok,
aws,aws-sdk-java,/home/camila/repos/aws/aws-sdk-java,com.amazonaws:aws-java-sdk-pom:1.12.773-SNAPSHOT,True,aws-java-sdk-appflow,aws-java-sdk-appflow,True,com.amazonaws:aws-java-sdk-pom:1.12.773-SNAPSHOT,True,listed-ok,
aws,aws-sdk-java,/home/camila/repos/aws/aws-sdk-java,com.amazonaws:aws-java-sdk-pom:1.12.773-SNAPSHOT,True,aws-java-sdk-identitystore,aws-java-sdk-identitystore,True,com.amazonaws:aws-java-sdk-pom:1.12.773-SNAPSHOT,True,listed-ok,
aws,aws-sdk-java,/home/camila/repos/aws/aws-sdk-java,com.amazonaws:aws-java-sdk-pom:1.12.773-SNAPSHOT,True,aws-java-sdk-braket,aws-java-sdk-braket,True,com.amazonaws:aws-java-sdk-pom:1.12.773-SNAPSHOT,True,listed-ok,
aws,aws-sdk-java,/home/camila/repos/aws/aws-sdk-java,com.amazonaws:aws-java-sdk-pom:1.12.773-SNAPSHOT,True,aws-java-sdk-ivs,aws-java-sdk-ivs,True,com.amazonaws:aws-java-sdk-pom:1.12.773-SNAPSHOT,True,listed-ok,
aws,aws-sdk-java,/home/camila/repos/aws/aws-sdk-java,com.amazonaws:aws-java-sdk-pom:1.12.773-SNAPSHOT,True,aws-java-sdk-codeartifact,aws-java-sdk-codeartifact,True,com.amazonaws:aws-java-sdk-pom:1.12.773-SNAPSHOT,True,listed-ok,
aws,aws-sdk-java,/home/camila/repos/aws/aws-sdk-java,com.amazonaws:aws-java-sdk-pom:1.12.773-SNAPSHOT,True,aws-java-sdk-macie2,aws-java-sdk-macie2,True,com.amazonaws:aws-java-sdk-pom:1.12.773-SNAPSHOT,True,listed-ok,
aws,aws-sdk-java,/home/camila/repos/aws/aws-sdk-java,com.amazonaws:aws-java-sdk-pom:1.12.773-SNAPSHOT,True,aws-java-sdk-iotsitewise,aws-java-sdk-iotsitewise,True,com.amazonaws:aws-java-sdk-pom:1.12.773-SNAPSHOT,True,listed-ok,
aws,aws-sdk-java,/home/camila/repos/aws/aws-sdk-java,com.amazonaws:aws-java-sdk-pom:1.12.773-SNAPSHOT,True,aws-java-sdk-synthetics,aws-java-sdk-synthetics,True,com.amazonaws:aws-java-sdk-pom:1.12.773-SNAPSHOT,True,listed-ok,
aws,aws-sdk-java,/home/camila/repos/aws/aws-sdk-java,com.amazonaws:aws-java-sdk-pom:1.12.773-SNAPSHOT,True,aws-java-sdk-codestarconnections,aws-java-sdk-codestarconnections,True,com.amazonaws:aws-java-sdk-pom:1.12.773-SNAPSHOT,True,listed-ok,
aws,aws-sdk-java,/home/camila/repos/aws/aws-sdk-java,com.amazonaws:aws-java-sdk-pom:1.12.773-SNAPSHOT,True,aws-java-sdk-detective,aws-java-sdk-detective,True,com.amazonaws:aws-java-sdk-pom:1.12.773-SNAPSHOT,True,listed-ok,
aws,aws-sdk-java,/home/camila/repos/aws/aws-sdk-java,com.amazonaws:aws-java-sdk-pom:1.12.773-SNAPSHOT,True,aws-java-sdk-kinesisvideosignalingchannels,aws-java-sdk-kinesisvideosignalingchannels,True,com.amazonaws:aws-java-sdk-pom:1.12.773-SNAPSHOT,True,listed-ok,
aws,aws-sdk-java,/home/camila/repos/aws/aws-sdk-java,com.amazonaws:aws-java-sdk-pom:1.12.773-SNAPSHOT,True,aws-java-sdk-ebs,aws-java-sdk-ebs,True,com.amazonaws:aws-java-sdk-pom:1.12.773-SNAPSHOT,True,listed-ok,
aws,aws-sdk-java,/home/camila/repos/aws/aws-sdk-java,com.amazonaws:aws-java-sdk-pom:1.12.773-SNAPSHOT,True,aws-java-sdk-augmentedairuntime,aws-java-sdk-augmentedairuntime,True,com.amazonaws:aws-java-sdk-pom:1.12.773-SNAPSHOT,True,listed-ok,
aws,aws-sdk-java,/home/camila/repos/aws/aws-sdk-java,com.amazonaws:aws-java-sdk-pom:1.12.773-SNAPSHOT,True,aws-java-sdk-outposts,aws-java-sdk-outposts,True,com.amazonaws:aws-java-sdk-pom:1.12.773-SNAPSHOT,True,listed-ok,
aws,aws-sdk-java,/home/camila/repos/aws/aws-sdk-java,com.amazonaws:aws-java-sdk-pom:1.12.773-SNAPSHOT,True,aws-java-sdk-codeguruprofiler,aws-java-sdk-codeguruprofiler,True,com.amazonaws:aws-java-sdk-pom:1.12.773-SNAPSHOT,True,listed-ok,
aws,aws-sdk-java,/home/camila/repos/aws/aws-sdk-java,com.amazonaws:aws-java-sdk-pom:1.12.773-SNAPSHOT,True,aws-java-sdk-codegurureviewer,aws-java-sdk-codegurureviewer,True,com.amazonaws:aws-java-sdk-pom:1.12.773-SNAPSHOT,True,listed-ok,
aws,aws-sdk-java,/home/camila/repos/aws/aws-sdk-java,com.amazonaws:aws-java-sdk-pom:1.12.773-SNAPSHOT,True,aws-java-sdk-frauddetector,aws-java-sdk-frauddetector,True,com.amazonaws:aws-java-sdk-pom:1.12.773-SNAPSHOT,True,listed-ok,
aws,aws-sdk-java,/home/camila/repos/aws/aws-sdk-java,com.amazonaws:aws-java-sdk-pom:1.12.773-SNAPSHOT,True,aws-java-sdk-kendra,aws-java-sdk-kendra,True,com.amazonaws:aws-java-sdk-pom:1.12.773-SNAPSHOT,True,listed-ok,
aws,aws-sdk-java,/home/camila/repos/aws/aws-sdk-java,com.amazonaws:aws-java-sdk-pom:1.12.773-SNAPSHOT,True,aws-java-sdk-networkmanager,aws-java-sdk-networkmanager,True,com.amazonaws:aws-java-sdk-pom:1.12.773-SNAPSHOT,True,listed-ok,
aws,aws-sdk-java,/home/camila/repos/aws/aws-sdk-java,com.amazonaws:aws-java-sdk-pom:1.12.773-SNAPSHOT,True,aws-java-sdk-computeoptimizer,aws-java-sdk-computeoptimizer,True,com.amazonaws:aws-java-sdk-pom:1.12.773-SNAPSHOT,True,listed-ok,
aws,aws-sdk-java,/home/camila/repos/aws/aws-sdk-java,com.amazonaws:aws-java-sdk-pom:1.12.773-SNAPSHOT,True,aws-java-sdk-accessanalyzer,aws-java-sdk-accessanalyzer,True,com.amazonaws:aws-java-sdk-pom:1.12.773-SNAPSHOT,True,listed-ok,
aws,aws-sdk-java,/home/camila/repos/aws/aws-sdk-java,com.amazonaws:aws-java-sdk-pom:1.12.773-SNAPSHOT,True,aws-java-sdk-schemas,aws-java-sdk-schemas,True,com.amazonaws:aws-java-sdk-pom:1.12.773-SNAPSHOT,True,listed-ok,
aws,aws-sdk-java,/home/camila/repos/aws/aws-sdk-java,com.amazonaws:aws-java-sdk-pom:1.12.773-SNAPSHOT,True,aws-java-sdk-imagebuilder,aws-java-sdk-imagebuilder,True,com.amazonaws:aws-java-sdk-pom:1.12.773-SNAPSHOT,True,listed-ok,
aws,aws-sdk-java,/home/camila/repos/aws/aws-sdk-java,com.amazonaws:aws-java-sdk-pom:1.12.773-SNAPSHOT,True,aws-java-sdk-elasticinference,aws-java-sdk-elasticinference,True,com.amazonaws:aws-java-sdk-pom:1.12.773-SNAPSHOT,True,listed-ok,
aws,aws-sdk-java,/home/camila/repos/aws/aws-sdk-java,com.amazonaws:aws-java-sdk-pom:1.12.773-SNAPSHOT,True,aws-java-sdk-iotsecuretunneling,aws-java-sdk-iotsecuretunneling,True,com.amazonaws:aws-java-sdk-pom:1.12.773-SNAPSHOT,True,listed-ok,
aws,aws-sdk-java,/home/camila/repos/aws/aws-sdk-java,com.amazonaws:aws-java-sdk-pom:1.12.773-SNAPSHOT,True,aws-java-sdk-appconfig,aws-java-sdk-appconfig,True,com.amazonaws:aws-java-sdk-pom:1.12.773-SNAPSHOT,True,listed-ok,
aws,aws-sdk-java,/home/camila/repos/aws/aws-sdk-java,com.amazonaws:aws-java-sdk-pom:1.12.773-SNAPSHOT,True,aws-java-sdk-wafv2,aws-java-sdk-wafv2,True,com.amazonaws:aws-java-sdk-pom:1.12.773-SNAPSHOT,True,listed-ok,
aws,aws-sdk-java,/home/camila/repos/aws/aws-sdk-java,com.amazonaws:aws-java-sdk-pom:1.12.773-SNAPSHOT,True,aws-java-sdk-connectparticipant,aws-java-sdk-connectparticipant,True,com.amazonaws:aws-java-sdk-pom:1.12.773-SNAPSHOT,True,listed-ok,
aws,aws-sdk-java,/home/camila/repos/aws/aws-sdk-java,com.amazonaws:aws-java-sdk-pom:1.12.773-SNAPSHOT,True,aws-java-sdk-migrationhubconfig,aws-java-sdk-migrationhubconfig,True,com.amazonaws:aws-java-sdk-pom:1.12.773-SNAPSHOT,True,listed-ok,
aws,aws-sdk-java,/home/camila/repos/aws/aws-sdk-java,com.amazonaws:aws-java-sdk-pom:1.12.773-SNAPSHOT,True,aws-java-sdk-dataexchange,aws-java-sdk-dataexchange,True,com.amazonaws:aws-java-sdk-pom:1.12.773-SNAPSHOT,True,listed-ok,
aws,aws-sdk-java,/home/camila/repos/aws/aws-sdk-java,com.amazonaws:aws-java-sdk-pom:1.12.773-SNAPSHOT,True,aws-java-sdk-sesv2,aws-java-sdk-sesv2,True,com.amazonaws:aws-java-sdk-pom:1.12.773-SNAPSHOT,True,listed-ok,
aws,aws-sdk-java,/home/camila/repos/aws/aws-sdk-java,com.amazonaws:aws-java-sdk-pom:1.12.773-SNAPSHOT,True,aws-java-sdk-marketplacecatalog,aws-java-sdk-marketplacecatalog,True,com.amazonaws:aws-java-sdk-pom:1.12.773-SNAPSHOT,True,listed-ok,
aws,aws-sdk-java,/home/camila/repos/aws/aws-sdk-java,com.amazonaws:aws-java-sdk-pom:1.12.773-SNAPSHOT,True,aws-java-sdk-ssooidc,aws-java-sdk-ssooidc,True,com.amazonaws:aws-java-sdk-pom:1.12.773-SNAPSHOT,True,listed-ok,
aws,aws-sdk-java,/home/camila/repos/aws/aws-sdk-java,com.amazonaws:aws-java-sdk-pom:1.12.773-SNAPSHOT,True,aws-java-sdk-sso,aws-java-sdk-sso,True,com.amazonaws:aws-java-sdk-pom:1.12.773-SNAPSHOT,True,listed-ok,
aws,aws-sdk-java,/home/camila/repos/aws/aws-sdk-java,com.amazonaws:aws-java-sdk-pom:1.12.773-SNAPSHOT,True,aws-java-sdk-savingsplans,aws-java-sdk-savingsplans,True,com.amazonaws:aws-java-sdk-pom:1.12.773-SNAPSHOT,True,listed-ok,
aws,aws-sdk-java,/home/camila/repos/aws/aws-sdk-java,com.amazonaws:aws-java-sdk-pom:1.12.773-SNAPSHOT,True,aws-java-sdk-codestarnotifications,aws-java-sdk-codestarnotifications,True,com.amazonaws:aws-java-sdk-pom:1.12.773-SNAPSHOT,True,listed-ok,
aws,aws-sdk-java,/home/camila/repos/aws/aws-sdk-java,com.amazonaws:aws-java-sdk-pom:1.12.773-SNAPSHOT,True,aws-java-sdk-workmailmessageflow,aws-java-sdk-workmailmessageflow,True,com.amazonaws:aws-java-sdk-pom:1.12.773-SNAPSHOT,True,listed-ok,
aws,aws-sdk-java,/home/camila/repos/aws/aws-sdk-java,com.amazonaws:aws-java-sdk-pom:1.12.773-SNAPSHOT,True,aws-java-sdk-qldbsession,aws-java-sdk-qldbsession,True,com.amazonaws:aws-java-sdk-pom:1.12.773-SNAPSHOT,True,listed-ok,
aws,aws-sdk-java,/home/camila/repos/aws/aws-sdk-java,com.amazonaws:aws-java-sdk-pom:1.12.773-SNAPSHOT,True,aws-java-sdk-qldb,aws-java-sdk-qldb,True,com.amazonaws:aws-java-sdk-pom:1.12.773-SNAPSHOT,True,listed-ok,
aws,aws-sdk-java,/home/camila/repos/aws/aws-sdk-java,com.amazonaws:aws-java-sdk-pom:1.12.773-SNAPSHOT,True,aws-java-sdk-forecastquery,aws-java-sdk-forecastquery,True,com.amazonaws:aws-java-sdk-pom:1.12.773-SNAPSHOT,True,listed-ok,
aws,aws-sdk-java,/home/camila/repos/aws/aws-sdk-java,com.amazonaws:aws-java-sdk-pom:1.12.773-SNAPSHOT,True,aws-java-sdk-forecast,aws-java-sdk-forecast,True,com.amazonaws:aws-java-sdk-pom:1.12.773-SNAPSHOT,True,listed-ok,
aws,aws-sdk-java,/home/camila/repos/aws/aws-sdk-java,com.amazonaws:aws-java-sdk-pom:1.12.773-SNAPSHOT,True,aws-java-sdk-lakeformation,aws-java-sdk-lakeformation,True,com.amazonaws:aws-java-sdk-pom:1.12.773-SNAPSHOT,True,listed-ok,
aws,aws-sdk-java,/home/camila/repos/aws/aws-sdk-java,com.amazonaws:aws-java-sdk-pom:1.12.773-SNAPSHOT,True,aws-java-sdk-eventbridge,aws-java-sdk-eventbridge,True,com.amazonaws:aws-java-sdk-pom:1.12.773-SNAPSHOT,True,listed-ok,
aws,aws-sdk-java,/home/camila/repos/aws/aws-sdk-java,com.amazonaws:aws-java-sdk-pom:1.12.773-SNAPSHOT,True,aws-java-sdk-ec2instanceconnect,aws-java-sdk-ec2instanceconnect,True,com.amazonaws:aws-java-sdk-pom:1.12.773-SNAPSHOT,True,listed-ok,
aws,aws-sdk-java,/home/camila/repos/aws/aws-sdk-java,com.amazonaws:aws-java-sdk-pom:1.12.773-SNAPSHOT,True,aws-java-sdk-applicationinsights,aws-java-sdk-applicationinsights,True,com.amazonaws:aws-java-sdk-pom:1.12.773-SNAPSHOT,True,listed-ok,
aws,aws-sdk-java,/home/camila/repos/aws/aws-sdk-java,com.amazonaws:aws-java-sdk-pom:1.12.773-SNAPSHOT,True,aws-java-sdk-servicequotas,aws-java-sdk-servicequotas,True,com.amazonaws:aws-java-sdk-pom:1.12.773-SNAPSHOT,True,listed-ok,
aws,aws-sdk-java,/home/camila/repos/aws/aws-sdk-java,com.amazonaws:aws-java-sdk-pom:1.12.773-SNAPSHOT,True,aws-java-sdk-personalizeevents,aws-java-sdk-personalizeevents,True,com.amazonaws:aws-java-sdk-pom:1.12.773-SNAPSHOT,True,listed-ok,
aws,aws-sdk-java,/home/camila/repos/aws/aws-sdk-java,com.amazonaws:aws-java-sdk-pom:1.12.773-SNAPSHOT,True,aws-java-sdk-personalize,aws-java-sdk-personalize,True,com.amazonaws:aws-java-sdk-pom:1.12.773-SNAPSHOT,True,listed-ok,
aws,aws-sdk-java,/home/camila/repos/aws/aws-sdk-java,com.amazonaws:aws-java-sdk-pom:1.12.773-SNAPSHOT,True,aws-java-sdk-personalizeruntime,aws-java-sdk-personalizeruntime,True,com.amazonaws:aws-java-sdk-pom:1.12.773-SNAPSHOT,True,listed-ok,
aws,aws-sdk-java,/home/camila/repos/aws/aws-sdk-java,com.amazonaws:aws-java-sdk-pom:1.12.773-SNAPSHOT,True,aws-java-sdk-ioteventsdata,aws-java-sdk-ioteventsdata,True,com.amazonaws:aws-java-sdk-pom:1.12.773-SNAPSHOT,True,listed-ok,
aws,aws-sdk-java,/home/camila/repos/aws/aws-sdk-java,com.amazonaws:aws-java-sdk-pom:1.12.773-SNAPSHOT,True,aws-java-sdk-iotevents,aws-java-sdk-iotevents,True,com.amazonaws:aws-java-sdk-pom:1.12.773-SNAPSHOT,True,listed-ok,
aws,aws-sdk-java,/home/camila/repos/aws/aws-sdk-java,com.amazonaws:aws-java-sdk-pom:1.12.773-SNAPSHOT,True,aws-java-sdk-iotthingsgraph,aws-java-sdk-iotthingsgraph,True,com.amazonaws:aws-java-sdk-pom:1.12.773-SNAPSHOT,True,listed-ok,
aws,aws-sdk-java,/home/camila/repos/aws/aws-sdk-java,com.amazonaws:aws-java-sdk-pom:1.12.773-SNAPSHOT,True,aws-java-sdk-groundstation,aws-java-sdk-groundstation,True,com.amazonaws:aws-java-sdk-pom:1.12.773-SNAPSHOT,True,listed-ok,
aws,aws-sdk-java,/home/camila/repos/aws/aws-sdk-java,com.amazonaws:aws-java-sdk-pom:1.12.773-SNAPSHOT,True,aws-java-sdk-mediapackagevod,aws-java-sdk-mediapackagevod,True,com.amazonaws:aws-java-sdk-pom:1.12.773-SNAPSHOT,True,listed-ok,
aws,aws-sdk-java,/home/camila/repos/aws/aws-sdk-java,com.amazonaws:aws-java-sdk-pom:1.12.773-SNAPSHOT,True,aws-java-sdk-managedblockchain,aws-java-sdk-managedblockchain,True,com.amazonaws:aws-java-sdk-pom:1.12.773-SNAPSHOT,True,listed-ok,
aws,aws-sdk-java,/home/camila/repos/aws/aws-sdk-java,com.amazonaws:aws-java-sdk-pom:1.12.773-SNAPSHOT,True,aws-java-sdk-textract,aws-java-sdk-textract,True,com.amazonaws:aws-java-sdk-pom:1.12.773-SNAPSHOT,True,listed-ok,
aws,aws-sdk-java,/home/camila/repos/aws/aws-sdk-java,com.amazonaws:aws-java-sdk-pom:1.12.773-SNAPSHOT,True,aws-java-sdk-worklink,aws-java-sdk-worklink,True,com.amazonaws:aws-java-sdk-pom:1.12.773-SNAPSHOT,True,listed-ok,
aws,aws-sdk-java,/home/camila/repos/aws/aws-sdk-java,com.amazonaws:aws-java-sdk-pom:1.12.773-SNAPSHOT,True,aws-java-sdk-backup,aws-java-sdk-backup,True,com.amazonaws:aws-java-sdk-pom:1.12.773-SNAPSHOT,True,listed-ok,
aws,aws-sdk-java,/home/camila/repos/aws/aws-sdk-java,com.amazonaws:aws-java-sdk-pom:1.12.773-SNAPSHOT,True,aws-java-sdk-docdb,aws-java-sdk-docdb,True,com.amazonaws:aws-java-sdk-pom:1.12.773-SNAPSHOT,True,listed-ok,
aws,aws-sdk-java,/home/camila/repos/aws/aws-sdk-java,com.amazonaws:aws-java-sdk-pom:1.12.773-SNAPSHOT,True,aws-java-sdk-apigatewayv2,aws-java-sdk-apigatewayv2,True,com.amazonaws:aws-java-sdk-pom:1.12.773-SNAPSHOT,True,listed-ok,
aws,aws-sdk-java,/home/camila/repos/aws/aws-sdk-java,com.amazonaws:aws-java-sdk-pom:1.12.773-SNAPSHOT,True,aws-java-sdk-apigatewaymanagementapi,aws-java-sdk-apigatewaymanagementapi,True,com.amazonaws:aws-java-sdk-pom:1.12.773-SNAPSHOT,True,listed-ok,
aws,aws-sdk-java,/home/camila/repos/aws/aws-sdk-java,com.amazonaws:aws-java-sdk-pom:1.12.773-SNAPSHOT,True,aws-java-sdk-kafka,aws-java-sdk-kafka,True,com.amazonaws:aws-java-sdk-pom:1.12.773-SNAPSHOT,True,listed-ok,
aws,aws-sdk-java,/home/camila/repos/aws/aws-sdk-java,com.amazonaws:aws-java-sdk-pom:1.12.773-SNAPSHOT,True,aws-java-sdk-appmesh,aws-java-sdk-appmesh,True,com.amazonaws:aws-java-sdk-pom:1.12.773-SNAPSHOT,True,listed-ok,
aws,aws-sdk-java,/home/camila/repos/aws/aws-sdk-java,com.amazonaws:aws-java-sdk-pom:1.12.773-SNAPSHOT,True,aws-java-sdk-licensemanager,aws-java-sdk-licensemanager,True,com.amazonaws:aws-java-sdk-pom:1.12.773-SNAPSHOT,True,listed-ok,
aws,aws-sdk-java,/home/camila/repos/aws/aws-sdk-java,com.amazonaws:aws-java-sdk-pom:1.12.773-SNAPSHOT,True,aws-java-sdk-securityhub,aws-java-sdk-securityhub,True,com.amazonaws:aws-java-sdk-pom:1.12.773-SNAPSHOT,True,listed-ok,
aws,aws-sdk-java,/home/camila/repos/aws/aws-sdk-java,com.amazonaws:aws-java-sdk-pom:1.12.773-SNAPSHOT,True,aws-java-sdk-fsx,aws-java-sdk-fsx,True,com.amazonaws:aws-java-sdk-pom:1.12.773-SNAPSHOT,True,listed-ok,
aws,aws-sdk-java,/home/camila/repos/aws/aws-sdk-java,com.amazonaws:aws-java-sdk-pom:1.12.773-SNAPSHOT,True,aws-java-sdk-mediaconnect,aws-java-sdk-mediaconnect,True,com.amazonaws:aws-java-sdk-pom:1.12.773-SNAPSHOT,True,listed-ok,
aws,aws-sdk-java,/home/camila/repos/aws/aws-sdk-java,com.amazonaws:aws-java-sdk-pom:1.12.773-SNAPSHOT,True,aws-java-sdk-kinesisanalyticsv2,aws-java-sdk-kinesisanalyticsv2,True,com.amazonaws:aws-java-sdk-pom:1.12.773-SNAPSHOT,True,listed-ok,
aws,aws-sdk-java,/home/camila/repos/aws/aws-sdk-java,com.amazonaws:aws-java-sdk-pom:1.12.773-SNAPSHOT,True,aws-java-sdk-comprehendmedical,aws-java-sdk-comprehendmedical,True,com.amazonaws:aws-java-sdk-pom:1.12.773-SNAPSHOT,True,listed-ok,
aws,aws-sdk-java,/home/camila/repos/aws/aws-sdk-java,com.amazonaws:aws-java-sdk-pom:1.12.773-SNAPSHOT,True,aws-java-sdk-globalaccelerator,aws-java-sdk-globalaccelerator,True,com.amazonaws:aws-java-sdk-pom:1.12.773-SNAPSHOT,True,listed-ok,
aws,aws-sdk-java,/home/camila/repos/aws/aws-sdk-java,com.amazonaws:aws-java-sdk-pom:1.12.773-SNAPSHOT,True,aws-java-sdk-transfer,aws-java-sdk-transfer,True,com.amazonaws:aws-java-sdk-pom:1.12.773-SNAPSHOT,True,listed-ok,
aws,aws-sdk-java,/home/camila/repos/aws/aws-sdk-java,com.amazonaws:aws-java-sdk-pom:1.12.773-SNAPSHOT,True,aws-java-sdk-datasync,aws-java-sdk-datasync,True,com.amazonaws:aws-java-sdk-pom:1.12.773-SNAPSHOT,True,listed-ok,
aws,aws-sdk-java,/home/camila/repos/aws/aws-sdk-java,com.amazonaws:aws-java-sdk-pom:1.12.773-SNAPSHOT,True,aws-java-sdk-robomaker,aws-java-sdk-robomaker,True,com.amazonaws:aws-java-sdk-pom:1.12.773-SNAPSHOT,True,listed-ok,
aws,aws-sdk-java,/home/camila/repos/aws/aws-sdk-java,com.amazonaws:aws-java-sdk-pom:1.12.773-SNAPSHOT,True,aws-java-sdk-amplify,aws-java-sdk-amplify,True,com.amazonaws:aws-java-sdk-pom:1.12.773-SNAPSHOT,True,listed-ok,
aws,aws-sdk-java,/home/camila/repos/aws/aws-sdk-java,com.amazonaws:aws-java-sdk-pom:1.12.773-SNAPSHOT,True,aws-java-sdk-quicksight,aws-java-sdk-quicksight,True,com.amazonaws:aws-java-sdk-pom:1.12.773-SNAPSHOT,True,listed-ok,
aws,aws-sdk-java,/home/camila/repos/aws/aws-sdk-java,com.amazonaws:aws-java-sdk-pom:1.12.773-SNAPSHOT,True,aws-java-sdk-rdsdata,aws-java-sdk-rdsdata,True,com.amazonaws:aws-java-sdk-pom:1.12.773-SNAPSHOT,True,listed-ok,
aws,aws-sdk-java,/home/camila/repos/aws/aws-sdk-java,com.amazonaws:aws-java-sdk-pom:1.12.773-SNAPSHOT,True,aws-java-sdk-route53resolver,aws-java-sdk-route53resolver,True,com.amazonaws:aws-java-sdk-pom:1.12.773-SNAPSHOT,True,listed-ok,
aws,aws-sdk-java,/home/camila/repos/aws/aws-sdk-java,com.amazonaws:aws-java-sdk-pom:1.12.773-SNAPSHOT,True,aws-java-sdk-ram,aws-java-sdk-ram,True,com.amazonaws:aws-java-sdk-pom:1.12.773-SNAPSHOT,True,listed-ok,
aws,aws-sdk-java,/home/camila/repos/aws/aws-sdk-java,com.amazonaws:aws-java-sdk-pom:1.12.773-SNAPSHOT,True,aws-java-sdk-s3control,aws-java-sdk-s3control,True,com.amazonaws:aws-java-sdk-pom:1.12.773-SNAPSHOT,True,listed-ok,
aws,aws-sdk-java,/home/camila/repos/aws/aws-sdk-java,com.amazonaws:aws-java-sdk-pom:1.12.773-SNAPSHOT,True,aws-java-sdk-pinpointsmsvoice,aws-java-sdk-pinpointsmsvoice,True,com.amazonaws:aws-java-sdk-pom:1.12.773-SNAPSHOT,True,listed-ok,
aws,aws-sdk-java,/home/camila/repos/aws/aws-sdk-java,com.amazonaws:aws-java-sdk-pom:1.12.773-SNAPSHOT,True,aws-java-sdk-pinpointemail,aws-java-sdk-pinpointemail,True,com.amazonaws:aws-java-sdk-pom:1.12.773-SNAPSHOT,True,listed-ok,
aws,aws-sdk-java,/home/camila/repos/aws/aws-sdk-java,com.amazonaws:aws-java-sdk-pom:1.12.773-SNAPSHOT,True,aws-java-sdk-chime,aws-java-sdk-chime,True,com.amazonaws:aws-java-sdk-pom:1.12.773-SNAPSHOT,True,listed-ok,
aws,aws-sdk-java,/home/camila/repos/aws/aws-sdk-java,com.amazonaws:aws-java-sdk-pom:1.12.773-SNAPSHOT,True,aws-java-sdk-signer,aws-java-sdk-signer,True,com.amazonaws:aws-java-sdk-pom:1.12.773-SNAPSHOT,True,listed-ok,
aws,aws-sdk-java,/home/camila/repos/aws/aws-sdk-java,com.amazonaws:aws-java-sdk-pom:1.12.773-SNAPSHOT,True,aws-java-sdk-dlm,aws-java-sdk-dlm,True,com.amazonaws:aws-java-sdk-pom:1.12.773-SNAPSHOT,True,listed-ok,
aws,aws-sdk-java,/home/camila/repos/aws/aws-sdk-java,com.amazonaws:aws-java-sdk-pom:1.12.773-SNAPSHOT,True,aws-java-sdk-eks,aws-java-sdk-eks,True,com.amazonaws:aws-java-sdk-pom:1.12.773-SNAPSHOT,True,listed-ok,
aws,aws-sdk-java,/home/camila/repos/aws/aws-sdk-java,com.amazonaws:aws-java-sdk-pom:1.12.773-SNAPSHOT,True,aws-java-sdk-mediatailor,aws-java-sdk-mediatailor,True,com.amazonaws:aws-java-sdk-pom:1.12.773-SNAPSHOT,True,listed-ok,
aws,aws-sdk-java,/home/camila/repos/aws/aws-sdk-java,com.amazonaws:aws-java-sdk-pom:1.12.773-SNAPSHOT,True,aws-java-sdk-neptune,aws-java-sdk-neptune,True,com.amazonaws:aws-java-sdk-pom:1.12.773-SNAPSHOT,True,listed-ok,
aws,aws-sdk-java,/home/camila/repos/aws/aws-sdk-java,com.amazonaws:aws-java-sdk-pom:1.12.773-SNAPSHOT,True,aws-java-sdk-pi,aws-java-sdk-pi,True,com.amazonaws:aws-java-sdk-pom:1.12.773-SNAPSHOT,True,listed-ok,
aws,aws-sdk-java,/home/camila/repos/aws/aws-sdk-java,com.amazonaws:aws-java-sdk-pom:1.12.773-SNAPSHOT,True,aws-java-sdk-iot1clickprojects,aws-java-sdk-iot1clickprojects,True,com.amazonaws:aws-java-sdk-pom:1.12.773-SNAPSHOT,True,listed-ok,
aws,aws-sdk-java,/home/camila/repos/aws/aws-sdk-java,com.amazonaws:aws-java-sdk-pom:1.12.773-SNAPSHOT,True,aws-java-sdk-iot1clickdevices,aws-java-sdk-iot1clickdevices,True,com.amazonaws:aws-java-sdk-pom:1.12.773-SNAPSHOT,True,listed-ok,
aws,aws-sdk-java,/home/camila/repos/aws/aws-sdk-java,com.amazonaws:aws-java-sdk-pom:1.12.773-SNAPSHOT,True,aws-java-sdk-iotanalytics,aws-java-sdk-iotanalytics,True,com.amazonaws:aws-java-sdk-pom:1.12.773-SNAPSHOT,True,listed-ok,
aws,aws-sdk-java,/home/camila/repos/aws/aws-sdk-java,com.amazonaws:aws-java-sdk-pom:1.12.773-SNAPSHOT,True,aws-java-sdk-acmpca,aws-java-sdk-acmpca,True,com.amazonaws:aws-java-sdk-pom:1.12.773-SNAPSHOT,True,listed-ok,
aws,aws-sdk-java,/home/camila/repos/aws/aws-sdk-java,com.amazonaws:aws-java-sdk-pom:1.12.773-SNAPSHOT,True,aws-java-sdk-secretsmanager,aws-java-sdk-secretsmanager,True,com.amazonaws:aws-java-sdk-pom:1.12.773-SNAPSHOT,True,listed-ok,
aws,aws-sdk-java,/home/camila/repos/aws/aws-sdk-java,com.amazonaws:aws-java-sdk-pom:1.12.773-SNAPSHOT,True,aws-java-sdk-fms,aws-java-sdk-fms,True,com.amazonaws:aws-java-sdk-pom:1.12.773-SNAPSHOT,True,listed-ok,
aws,aws-sdk-java,/home/camila/repos/aws/aws-sdk-java,com.amazonaws:aws-java-sdk-pom:1.12.773-SNAPSHOT,True,aws-java-sdk-connect,aws-java-sdk-connect,True,com.amazonaws:aws-java-sdk-pom:1.12.773-SNAPSHOT,True,listed-ok,
aws,aws-sdk-java,/home/camila/repos/aws/aws-sdk-java,com.amazonaws:aws-java-sdk-pom:1.12.773-SNAPSHOT,True,aws-java-sdk-transcribe,aws-java-sdk-transcribe,True,com.amazonaws:aws-java-sdk-pom:1.12.773-SNAPSHOT,True,listed-ok,
aws,aws-sdk-java,/home/camila/repos/aws/aws-sdk-java,com.amazonaws:aws-java-sdk-pom:1.12.773-SNAPSHOT,True,aws-java-sdk-autoscalingplans,aws-java-sdk-autoscalingplans,True,com.amazonaws:aws-java-sdk-pom:1.12.773-SNAPSHOT,True,listed-ok,
aws,aws-sdk-java,/home/camila/repos/aws/aws-sdk-java,com.amazonaws:aws-java-sdk-pom:1.12.773-SNAPSHOT,True,aws-java-sdk-workmail,aws-java-sdk-workmail,True,com.amazonaws:aws-java-sdk-pom:1.12.773-SNAPSHOT,True,listed-ok,
aws,aws-sdk-java,/home/camila/repos/aws/aws-sdk-java,com.amazonaws:aws-java-sdk-pom:1.12.773-SNAPSHOT,True,aws-java-sdk-servicediscovery,aws-java-sdk-servicediscovery,True,com.amazonaws:aws-java-sdk-pom:1.12.773-SNAPSHOT,True,listed-ok,
aws,aws-sdk-java,/home/camila/repos/aws/aws-sdk-java,com.amazonaws:aws-java-sdk-pom:1.12.773-SNAPSHOT,True,aws-java-sdk-cloud9,aws-java-sdk-cloud9,True,com.amazonaws:aws-java-sdk-pom:1.12.773-SNAPSHOT,True,listed-ok,
aws,aws-sdk-java,/home/camila/repos/aws/aws-sdk-java,com.amazonaws:aws-java-sdk-pom:1.12.773-SNAPSHOT,True,aws-java-sdk-serverlessapplicationrepository,aws-java-sdk-serverlessapplicationrepository,True,com.amazonaws:aws-java-sdk-pom:1.12.773-SNAPSHOT,True,listed-ok,
aws,aws-sdk-java,/home/camila/repos/aws/aws-sdk-java,com.amazonaws:aws-java-sdk-pom:1.12.773-SNAPSHOT,True,aws-java-sdk-resourcegroups,aws-java-sdk-resourcegroups,True,com.amazonaws:aws-java-sdk-pom:1.12.773-SNAPSHOT,True,listed-ok,
aws,aws-sdk-java,/home/camila/repos/aws/aws-sdk-java,com.amazonaws:aws-java-sdk-pom:1.12.773-SNAPSHOT,True,aws-java-sdk-comprehend,aws-java-sdk-comprehend,True,com.amazonaws:aws-java-sdk-pom:1.12.773-SNAPSHOT,True,listed-ok,
aws,aws-sdk-java,/home/camila/repos/aws/aws-sdk-java,com.amazonaws:aws-java-sdk-pom:1.12.773-SNAPSHOT,True,aws-java-sdk-translate,aws-java-sdk-translate,True,com.amazonaws:aws-java-sdk-pom:1.12.773-SNAPSHOT,True,listed-ok,
aws,aws-sdk-java,/home/camila/repos/aws/aws-sdk-java,com.amazonaws:aws-java-sdk-pom:1.12.773-SNAPSHOT,True,aws-java-sdk-sagemaker,aws-java-sdk-sagemaker,True,com.amazonaws:aws-java-sdk-pom:1.12.773-SNAPSHOT,True,listed-ok,
aws,aws-sdk-java,/home/camila/repos/aws/aws-sdk-java,com.amazonaws:aws-java-sdk-pom:1.12.773-SNAPSHOT,True,aws-java-sdk-iotjobsdataplane,aws-java-sdk-iotjobsdataplane,True,com.amazonaws:aws-java-sdk-pom:1.12.773-SNAPSHOT,True,listed-ok,
aws,aws-sdk-java,/home/camila/repos/aws/aws-sdk-java,com.amazonaws:aws-java-sdk-pom:1.12.773-SNAPSHOT,True,aws-java-sdk-sagemakerruntime,aws-java-sdk-sagemakerruntime,True,com.amazonaws:aws-java-sdk-pom:1.12.773-SNAPSHOT,True,listed-ok,
aws,aws-sdk-java,/home/camila/repos/aws/aws-sdk-java,com.amazonaws:aws-java-sdk-pom:1.12.773-SNAPSHOT,True,aws-java-sdk-kinesisvideo,aws-java-sdk-kinesisvideo,True,com.amazonaws:aws-java-sdk-pom:1.12.773-SNAPSHOT,True,listed-ok,
aws,aws-sdk-java,/home/camila/repos/aws/aws-sdk-java,com.amazonaws:aws-java-sdk-pom:1.12.773-SNAPSHOT,True,aws-java-sdk-appsync,aws-java-sdk-appsync,True,com.amazonaws:aws-java-sdk-pom:1.12.773-SNAPSHOT,True,listed-ok,
aws,aws-sdk-java,/home/camila/repos/aws/aws-sdk-java,com.amazonaws:aws-java-sdk-pom:1.12.773-SNAPSHOT,True,aws-java-sdk-guardduty,aws-java-sdk-guardduty,True,com.amazonaws:aws-java-sdk-pom:1.12.773-SNAPSHOT,True,listed-ok,
aws,aws-sdk-java,/home/camila/repos/aws/aws-sdk-java,com.amazonaws:aws-java-sdk-pom:1.12.773-SNAPSHOT,True,aws-java-sdk-mq,aws-java-sdk-mq,True,com.amazonaws:aws-java-sdk-pom:1.12.773-SNAPSHOT,True,listed-ok,
aws,aws-sdk-java,/home/camila/repos/aws/aws-sdk-java,com.amazonaws:aws-java-sdk-pom:1.12.773-SNAPSHOT,True,aws-java-sdk-mediaconvert,aws-java-sdk-mediaconvert,True,com.amazonaws:aws-java-sdk-pom:1.12.773-SNAPSHOT,True,listed-ok,
aws,aws-sdk-java,/home/camila/repos/aws/aws-sdk-java,com.amazonaws:aws-java-sdk-pom:1.12.773-SNAPSHOT,True,aws-java-sdk-mediastore,aws-java-sdk-mediastore,True,com.amazonaws:aws-java-sdk-pom:1.12.773-SNAPSHOT,True,listed-ok,
aws,aws-sdk-java,/home/camila/repos/aws/aws-sdk-java,com.amazonaws:aws-java-sdk-pom:1.12.773-SNAPSHOT,True,aws-java-sdk-mediastoredata,aws-java-sdk-mediastoredata,True,com.amazonaws:aws-java-sdk-pom:1.12.773-SNAPSHOT,True,listed-ok,
aws,aws-sdk-java,/home/camila/repos/aws/aws-sdk-java,com.amazonaws:aws-java-sdk-pom:1.12.773-SNAPSHOT,True,aws-java-sdk-medialive,aws-java-sdk-medialive,True,com.amazonaws:aws-java-sdk-pom:1.12.773-SNAPSHOT,True,listed-ok,
aws,aws-sdk-java,/home/camila/repos/aws/aws-sdk-java,com.amazonaws:aws-java-sdk-pom:1.12.773-SNAPSHOT,True,aws-java-sdk-mediapackage,aws-java-sdk-mediapackage,True,com.amazonaws:aws-java-sdk-pom:1.12.773-SNAPSHOT,True,listed-ok,
aws,aws-sdk-java,/home/camila/repos/aws/aws-sdk-java,com.amazonaws:aws-java-sdk-pom:1.12.773-SNAPSHOT,True,aws-java-sdk-costexplorer,aws-java-sdk-costexplorer,True,com.amazonaws:aws-java-sdk-pom:1.12.773-SNAPSHOT,True,listed-ok,
aws,aws-sdk-java,/home/camila/repos/aws/aws-sdk-java,com.amazonaws:aws-java-sdk-pom:1.12.773-SNAPSHOT,True,aws-java-sdk-pricing,aws-java-sdk-pricing,True,com.amazonaws:aws-java-sdk-pom:1.12.773-SNAPSHOT,True,listed-ok,
aws,aws-sdk-java,/home/camila/repos/aws/aws-sdk-java,com.amazonaws:aws-java-sdk-pom:1.12.773-SNAPSHOT,True,aws-java-sdk-cloudhsmv2,aws-java-sdk-cloudhsmv2,True,com.amazonaws:aws-java-sdk-pom:1.12.773-SNAPSHOT,True,listed-ok,
aws,aws-sdk-java,/home/camila/repos/aws/aws-sdk-java,com.amazonaws:aws-java-sdk-pom:1.12.773-SNAPSHOT,True,aws-java-sdk-glue,aws-java-sdk-glue,True,com.amazonaws:aws-java-sdk-pom:1.12.773-SNAPSHOT,True,listed-ok,
aws,aws-sdk-java,/home/camila/repos/aws/aws-sdk-java,com.amazonaws:aws-java-sdk-pom:1.12.773-SNAPSHOT,True,aws-java-sdk-migrationhub,aws-java-sdk-migrationhub,True,com.amazonaws:aws-java-sdk-pom:1.12.773-SNAPSHOT,True,listed-ok,
aws,aws-sdk-java,/home/camila/repos/aws/aws-sdk-java,com.amazonaws:aws-java-sdk-pom:1.12.773-SNAPSHOT,True,aws-java-sdk-dax,aws-java-sdk-dax,True,com.amazonaws:aws-java-sdk-pom:1.12.773-SNAPSHOT,True,listed-ok,
aws,aws-sdk-java,/home/camila/repos/aws/aws-sdk-java,com.amazonaws:aws-java-sdk-pom:1.12.773-SNAPSHOT,True,aws-java-sdk-greengrass,aws-java-sdk-greengrass,True,com.amazonaws:aws-java-sdk-pom:1.12.773-SNAPSHOT,True,listed-ok,
aws,aws-sdk-java,/home/camila/repos/aws/aws-sdk-java,com.amazonaws:aws-java-sdk-pom:1.12.773-SNAPSHOT,True,aws-java-sdk-athena,aws-java-sdk-athena,True,com.amazonaws:aws-java-sdk-pom:1.12.773-SNAPSHOT,True,listed-ok,
aws,aws-sdk-java,/home/camila/repos/aws/aws-sdk-java,com.amazonaws:aws-java-sdk-pom:1.12.773-SNAPSHOT,True,aws-java-sdk-marketplaceentitlement,aws-java-sdk-marketplaceentitlement,True,com.amazonaws:aws-java-sdk-pom:1.12.773-SNAPSHOT,True,listed-ok,
aws,aws-sdk-java,/home/camila/repos/aws/aws-sdk-java,com.amazonaws:aws-java-sdk-pom:1.12.773-SNAPSHOT,True,aws-java-sdk-codestar,aws-java-sdk-codestar,True,com.amazonaws:aws-java-sdk-pom:1.12.773-SNAPSHOT,True,listed-ok,
aws,aws-sdk-java,/home/camila/repos/aws/aws-sdk-java,com.amazonaws:aws-java-sdk-pom:1.12.773-SNAPSHOT,True,aws-java-sdk-lexmodelbuilding,aws-java-sdk-lexmodelbuilding,True,com.amazonaws:aws-java-sdk-pom:1.12.773-SNAPSHOT,True,listed-ok,
aws,aws-sdk-java,/home/camila/repos/aws/aws-sdk-java,com.amazonaws:aws-java-sdk-pom:1.12.773-SNAPSHOT,True,aws-java-sdk-resourcegroupstaggingapi,aws-java-sdk-resourcegroupstaggingapi,True,com.amazonaws:aws-java-sdk-pom:1.12.773-SNAPSHOT,True,listed-ok,
aws,aws-sdk-java,/home/camila/repos/aws/aws-sdk-java,com.amazonaws:aws-java-sdk-pom:1.12.773-SNAPSHOT,True,aws-java-sdk-pinpoint,aws-java-sdk-pinpoint,True,com.amazonaws:aws-java-sdk-pom:1.12.773-SNAPSHOT,True,listed-ok,
aws,aws-sdk-java,/home/camila/repos/aws/aws-sdk-java,com.amazonaws:aws-java-sdk-pom:1.12.773-SNAPSHOT,True,aws-java-sdk-xray,aws-java-sdk-xray,True,com.amazonaws:aws-java-sdk-pom:1.12.773-SNAPSHOT,True,listed-ok,
aws,aws-sdk-java,/home/camila/repos/aws/aws-sdk-java,com.amazonaws:aws-java-sdk-pom:1.12.773-SNAPSHOT,True,aws-java-sdk-opsworkscm,aws-java-sdk-opsworkscm,True,com.amazonaws:aws-java-sdk-pom:1.12.773-SNAPSHOT,True,listed-ok,
aws,aws-sdk-java,/home/camila/repos/aws/aws-sdk-java,com.amazonaws:aws-java-sdk-pom:1.12.773-SNAPSHOT,True,aws-java-sdk-support,aws-java-sdk-support,True,com.amazonaws:aws-java-sdk-pom:1.12.773-SNAPSHOT,True,listed-ok,
aws,aws-sdk-java,/home/camila/repos/aws/aws-sdk-java,com.amazonaws:aws-java-sdk-pom:1.12.773-SNAPSHOT,True,aws-java-sdk-simpledb,aws-java-sdk-simpledb,True,com.amazonaws:aws-java-sdk-pom:1.12.773-SNAPSHOT,True,listed-ok,
aws,aws-sdk-java,/home/camila/repos/aws/aws-sdk-java,com.amazonaws:aws-java-sdk-pom:1.12.773-SNAPSHOT,True,aws-java-sdk-servicecatalog,aws-java-sdk-servicecatalog,True,com.amazonaws:aws-java-sdk-pom:1.12.773-SNAPSHOT,True,listed-ok,
aws,aws-sdk-java,/home/camila/repos/aws/aws-sdk-java,com.amazonaws:aws-java-sdk-pom:1.12.773-SNAPSHOT,True,aws-java-sdk-servermigration,aws-java-sdk-servermigration,True,com.amazonaws:aws-java-sdk-pom:1.12.773-SNAPSHOT,True,listed-ok,
aws,aws-sdk-java,/home/camila/repos/aws/aws-sdk-java,com.amazonaws:aws-java-sdk-pom:1.12.773-SNAPSHOT,True,aws-java-sdk-simpleworkflow,aws-java-sdk-simpleworkflow,True,com.amazonaws:aws-java-sdk-pom:1.12.773-SNAPSHOT,True,listed-ok,
aws,aws-sdk-java,/home/camila/repos/aws/aws-sdk-java,com.amazonaws:aws-java-sdk-pom:1.12.773-SNAPSHOT,True,aws-java-sdk-storagegateway,aws-java-sdk-storagegateway,True,com.amazonaws:aws-java-sdk-pom:1.12.773-SNAPSHOT,True,listed-ok,
aws,aws-sdk-java,/home/camila/repos/aws/aws-sdk-java,com.amazonaws:aws-java-sdk-pom:1.12.773-SNAPSHOT,True,aws-java-sdk-route53,aws-java-sdk-route53,True,com.amazonaws:aws-java-sdk-pom:1.12.773-SNAPSHOT,True,listed-ok,
aws,aws-sdk-java,/home/camila/repos/aws/aws-sdk-java,com.amazonaws:aws-java-sdk-pom:1.12.773-SNAPSHOT,True,aws-java-sdk-s3,aws-java-sdk-s3,True,com.amazonaws:aws-java-sdk-pom:1.12.773-SNAPSHOT,True,listed-ok,
aws,aws-sdk-java,/home/camila/repos/aws/aws-sdk-java,com.amazonaws:aws-java-sdk-pom:1.12.773-SNAPSHOT,True,aws-java-sdk-importexport,aws-java-sdk-importexport,True,com.amazonaws:aws-java-sdk-pom:1.12.773-SNAPSHOT,True,listed-ok,
aws,aws-sdk-java,/home/camila/repos/aws/aws-sdk-java,com.amazonaws:aws-java-sdk-pom:1.12.773-SNAPSHOT,True,aws-java-sdk-sts,aws-java-sdk-sts,True,com.amazonaws:aws-java-sdk-pom:1.12.773-SNAPSHOT,True,listed-ok,
aws,aws-sdk-java,/home/camila/repos/aws/aws-sdk-java,com.amazonaws:aws-java-sdk-pom:1.12.773-SNAPSHOT,True,aws-java-sdk-sqs,aws-java-sdk-sqs,True,com.amazonaws:aws-java-sdk-pom:1.12.773-SNAPSHOT,True,listed-ok,
aws,aws-sdk-java,/home/camila/repos/aws/aws-sdk-java,com.amazonaws:aws-java-sdk-pom:1.12.773-SNAPSHOT,True,aws-java-sdk-rds,aws-java-sdk-rds,True,com.amazonaws:aws-java-sdk-pom:1.12.773-SNAPSHOT,True,listed-ok,
aws,aws-sdk-java,/home/camila/repos/aws/aws-sdk-java,com.amazonaws:aws-java-sdk-pom:1.12.773-SNAPSHOT,True,aws-java-sdk-redshift,aws-java-sdk-redshift,True,com.amazonaws:aws-java-sdk-pom:1.12.773-SNAPSHOT,True,listed-ok,
aws,aws-sdk-java,/home/camila/repos/aws/aws-sdk-java,com.amazonaws:aws-java-sdk-pom:1.12.773-SNAPSHOT,True,aws-java-sdk-elasticbeanstalk,aws-java-sdk-elasticbeanstalk,True,com.amazonaws:aws-java-sdk-pom:1.12.773-SNAPSHOT,True,listed-ok,
aws,aws-sdk-java,/home/camila/repos/aws/aws-sdk-java,com.amazonaws:aws-java-sdk-pom:1.12.773-SNAPSHOT,True,aws-java-sdk-glacier,aws-java-sdk-glacier,True,com.amazonaws:aws-java-sdk-pom:1.12.773-SNAPSHOT,True,listed-ok,
aws,aws-sdk-java,/home/camila/repos/aws/aws-sdk-java,com.amazonaws:aws-java-sdk-pom:1.12.773-SNAPSHOT,True,aws-java-sdk-iam,aws-java-sdk-iam,True,com.amazonaws:aws-java-sdk-pom:1.12.773-SNAPSHOT,True,listed-ok,
aws,aws-sdk-java,/home/camila/repos/aws/aws-sdk-java,com.amazonaws:aws-java-sdk-pom:1.12.773-SNAPSHOT,True,aws-java-sdk-datapipeline,aws-java-sdk-datapipeline,True,com.amazonaws:aws-java-sdk-pom:1.12.773-SNAPSHOT,True,listed-ok,
aws,aws-sdk-java,/home/camila/repos/aws/aws-sdk-java,com.amazonaws:aws-java-sdk-pom:1.12.773-SNAPSHOT,True,aws-java-sdk-elasticloadbalancing,aws-java-sdk-elasticloadbalancing,True,com.amazonaws:aws-java-sdk-pom:1.12.773-SNAPSHOT,True,listed-ok,
aws,aws-sdk-java,/home/camila/repos/aws/aws-sdk-java,com.amazonaws:aws-java-sdk-pom:1.12.773-SNAPSHOT,True,aws-java-sdk-elasticloadbalancingv2,aws-java-sdk-elasticloadbalancingv2,True,com.amazonaws:aws-java-sdk-pom:1.12.773-SNAPSHOT,True,listed-ok,
aws,aws-sdk-java,/home/camila/repos/aws/aws-sdk-java,com.amazonaws:aws-java-sdk-pom:1.12.773-SNAPSHOT,True,aws-java-sdk-emr,aws-java-sdk-emr,True,com.amazonaws:aws-java-sdk-pom:1.12.773-SNAPSHOT,True,listed-ok,
aws,aws-sdk-java,/home/camila/repos/aws/aws-sdk-java,com.amazonaws:aws-java-sdk-pom:1.12.773-SNAPSHOT,True,aws-java-sdk-elasticache,aws-java-sdk-elasticache,True,com.amazonaws:aws-java-sdk-pom:1.12.773-SNAPSHOT,True,listed-ok,
aws,aws-sdk-java,/home/camila/repos/aws/aws-sdk-java,com.amazonaws:aws-java-sdk-pom:1.12.773-SNAPSHOT,True,aws-java-sdk-elastictranscoder,aws-java-sdk-elastictranscoder,True,com.amazonaws:aws-java-sdk-pom:1.12.773-SNAPSHOT,True,listed-ok,
aws,aws-sdk-java,/home/camila/repos/aws/aws-sdk-java,com.amazonaws:aws-java-sdk-pom:1.12.773-SNAPSHOT,True,aws-java-sdk-ec2,aws-java-sdk-ec2,True,com.amazonaws:aws-java-sdk-pom:1.12.773-SNAPSHOT,True,listed-ok,
aws,aws-sdk-java,/home/camila/repos/aws/aws-sdk-java,com.amazonaws:aws-java-sdk-pom:1.12.773-SNAPSHOT,True,aws-java-sdk-dynamodb,aws-java-sdk-dynamodb,True,com.amazonaws:aws-java-sdk-pom:1.12.773-SNAPSHOT,True,listed-ok,
aws,aws-sdk-java,/home/camila/repos/aws/aws-sdk-java,com.amazonaws:aws-java-sdk-pom:1.12.773-SNAPSHOT,True,aws-java-sdk-sns,aws-java-sdk-sns,True,com.amazonaws:aws-java-sdk-pom:1.12.773-SNAPSHOT,True,listed-ok,
aws,aws-sdk-java,/home/camila/repos/aws/aws-sdk-java,com.amazonaws:aws-java-sdk-pom:1.12.773-SNAPSHOT,True,aws-java-sdk-budgets,aws-java-sdk-budgets,True,com.amazonaws:aws-java-sdk-pom:1.12.773-SNAPSHOT,True,listed-ok,
aws,aws-sdk-java,/home/camila/repos/aws/aws-sdk-java,com.amazonaws:aws-java-sdk-pom:1.12.773-SNAPSHOT,True,aws-java-sdk-cloudtrail,aws-java-sdk-cloudtrail,True,com.amazonaws:aws-java-sdk-pom:1.12.773-SNAPSHOT,True,listed-ok,
aws,aws-sdk-java,/home/camila/repos/aws/aws-sdk-java,com.amazonaws:aws-java-sdk-pom:1.12.773-SNAPSHOT,True,aws-java-sdk-cloudwatch,aws-java-sdk-cloudwatch,True,com.amazonaws:aws-java-sdk-pom:1.12.773-SNAPSHOT,True,listed-ok,
aws,aws-sdk-java,/home/camila/repos/aws/aws-sdk-java,com.amazonaws:aws-java-sdk-pom:1.12.773-SNAPSHOT,True,aws-java-sdk-logs,aws-java-sdk-logs,True,com.amazonaws:aws-java-sdk-pom:1.12.773-SNAPSHOT,True,listed-ok,
aws,aws-sdk-java,/home/camila/repos/aws/aws-sdk-java,com.amazonaws:aws-java-sdk-pom:1.12.773-SNAPSHOT,True,aws-java-sdk-events,aws-java-sdk-events,True,com.amazonaws:aws-java-sdk-pom:1.12.773-SNAPSHOT,True,listed-ok,
aws,aws-sdk-java,/home/camila/repos/aws/aws-sdk-java,com.amazonaws:aws-java-sdk-pom:1.12.773-SNAPSHOT,True,aws-java-sdk-cognitoidentity,aws-java-sdk-cognitoidentity,True,com.amazonaws:aws-java-sdk-pom:1.12.773-SNAPSHOT,True,listed-ok,
aws,aws-sdk-java,/home/camila/repos/aws/aws-sdk-java,com.amazonaws:aws-java-sdk-pom:1.12.773-SNAPSHOT,True,aws-java-sdk-cognitosync,aws-java-sdk-cognitosync,True,com.amazonaws:aws-java-sdk-pom:1.12.773-SNAPSHOT,True,listed-ok,
aws,aws-sdk-java,/home/camila/repos/aws/aws-sdk-java,com.amazonaws:aws-java-sdk-pom:1.12.773-SNAPSHOT,True,aws-java-sdk-directconnect,aws-java-sdk-directconnect,True,com.amazonaws:aws-java-sdk-pom:1.12.773-SNAPSHOT,True,listed-ok,
aws,aws-sdk-java,/home/camila/repos/aws/aws-sdk-java,com.amazonaws:aws-java-sdk-pom:1.12.773-SNAPSHOT,True,aws-java-sdk-cloudformation,aws-java-sdk-cloudformation,True,com.amazonaws:aws-java-sdk-pom:1.12.773-SNAPSHOT,True,listed-ok,
aws,aws-sdk-java,/home/camila/repos/aws/aws-sdk-java,com.amazonaws:aws-java-sdk-pom:1.12.773-SNAPSHOT,True,aws-java-sdk-cloudfront,aws-java-sdk-cloudfront,True,com.amazonaws:aws-java-sdk-pom:1.12.773-SNAPSHOT,True,listed-ok,
aws,aws-sdk-java,/home/camila/repos/aws/aws-sdk-java,com.amazonaws:aws-java-sdk-pom:1.12.773-SNAPSHOT,True,aws-java-sdk-clouddirectory,aws-java-sdk-clouddirectory,True,com.amazonaws:aws-java-sdk-pom:1.12.773-SNAPSHOT,True,listed-ok,
aws,aws-sdk-java,/home/camila/repos/aws/aws-sdk-java,com.amazonaws:aws-java-sdk-pom:1.12.773-SNAPSHOT,True,aws-java-sdk-kinesis,aws-java-sdk-kinesis,True,com.amazonaws:aws-java-sdk-pom:1.12.773-SNAPSHOT,True,listed-ok,
aws,aws-sdk-java,/home/camila/repos/aws/aws-sdk-java,com.amazonaws:aws-java-sdk-pom:1.12.773-SNAPSHOT,True,aws-java-sdk-opsworks,aws-java-sdk-opsworks,True,com.amazonaws:aws-java-sdk-pom:1.12.773-SNAPSHOT,True,listed-ok,
aws,aws-sdk-java,/home/camila/repos/aws/aws-sdk-java,com.amazonaws:aws-java-sdk-pom:1.12.773-SNAPSHOT,True,aws-java-sdk-ses,aws-java-sdk-ses,True,com.amazonaws:aws-java-sdk-pom:1.12.773-SNAPSHOT,True,listed-ok,
aws,aws-sdk-java,/home/camila/repos/aws/aws-sdk-java,com.amazonaws:aws-java-sdk-pom:1.12.773-SNAPSHOT,True,aws-java-sdk-autoscaling,aws-java-sdk-autoscaling,True,com.amazonaws:aws-java-sdk-pom:1.12.773-SNAPSHOT,True,listed-ok,
aws,aws-sdk-java,/home/camila/repos/aws/aws-sdk-java,com.amazonaws:aws-java-sdk-pom:1.12.773-SNAPSHOT,True,aws-java-sdk-cloudsearch,aws-java-sdk-cloudsearch,True,com.amazonaws:aws-java-sdk-pom:1.12.773-SNAPSHOT,True,listed-ok,
aws,aws-sdk-java,/home/camila/repos/aws/aws-sdk-java,com.amazonaws:aws-java-sdk-pom:1.12.773-SNAPSHOT,True,aws-java-sdk-cloudwatchmetrics,aws-java-sdk-cloudwatchmetrics,True,com.amazonaws:aws-java-sdk-pom:1.12.773-SNAPSHOT,True,listed-ok,
aws,aws-sdk-java,/home/camila/repos/aws/aws-sdk-java,com.amazonaws:aws-java-sdk-pom:1.12.773-SNAPSHOT,True,aws-java-sdk-codedeploy,aws-java-sdk-codedeploy,True,com.amazonaws:aws-java-sdk-pom:1.12.773-SNAPSHOT,True,listed-ok,
aws,aws-sdk-java,/home/camila/repos/aws/aws-sdk-java,com.amazonaws:aws-java-sdk-pom:1.12.773-SNAPSHOT,True,aws-java-sdk-codepipeline,aws-java-sdk-codepipeline,True,com.amazonaws:aws-java-sdk-pom:1.12.773-SNAPSHOT,True,listed-ok,
aws,aws-sdk-java,/home/camila/repos/aws/aws-sdk-java,com.amazonaws:aws-java-sdk-pom:1.12.773-SNAPSHOT,True,aws-java-sdk-kms,aws-java-sdk-kms,True,com.amazonaws:aws-java-sdk-pom:1.12.773-SNAPSHOT,True,listed-ok,
aws,aws-sdk-java,/home/camila/repos/aws/aws-sdk-java,com.amazonaws:aws-java-sdk-pom:1.12.773-SNAPSHOT,True,aws-java-sdk-config,aws-java-sdk-config,True,com.amazonaws:aws-java-sdk-pom:1.12.773-SNAPSHOT,True,listed-ok,
aws,aws-sdk-java,/home/camila/repos/aws/aws-sdk-java,com.amazonaws:aws-java-sdk-pom:1.12.773-SNAPSHOT,True,aws-java-sdk-lambda,aws-java-sdk-lambda,True,com.amazonaws:aws-java-sdk-pom:1.12.773-SNAPSHOT,True,listed-ok,
aws,aws-sdk-java,/home/camila/repos/aws/aws-sdk-java,com.amazonaws:aws-java-sdk-pom:1.12.773-SNAPSHOT,True,aws-java-sdk-ecs,aws-java-sdk-ecs,True,com.amazonaws:aws-java-sdk-pom:1.12.773-SNAPSHOT,True,listed-ok,
aws,aws-sdk-java,/home/camila/repos/aws/aws-sdk-java,com.amazonaws:aws-java-sdk-pom:1.12.773-SNAPSHOT,True,aws-java-sdk-ecr,aws-java-sdk-ecr,True,com.amazonaws:aws-java-sdk-pom:1.12.773-SNAPSHOT,True,listed-ok,
aws,aws-sdk-java,/home/camila/repos/aws/aws-sdk-java,com.amazonaws:aws-java-sdk-pom:1.12.773-SNAPSHOT,True,aws-java-sdk-cloudhsm,aws-java-sdk-cloudhsm,True,com.amazonaws:aws-java-sdk-pom:1.12.773-SNAPSHOT,True,listed-ok,
aws,aws-sdk-java,/home/camila/repos/aws/aws-sdk-java,com.amazonaws:aws-java-sdk-pom:1.12.773-SNAPSHOT,True,aws-java-sdk-ssm,aws-java-sdk-ssm,True,com.amazonaws:aws-java-sdk-pom:1.12.773-SNAPSHOT,True,listed-ok,
aws,aws-sdk-java,/home/camila/repos/aws/aws-sdk-java,com.amazonaws:aws-java-sdk-pom:1.12.773-SNAPSHOT,True,aws-java-sdk-workspaces,aws-java-sdk-workspaces,True,com.amazonaws:aws-java-sdk-pom:1.12.773-SNAPSHOT,True,listed-ok,
aws,aws-sdk-java,/home/camila/repos/aws/aws-sdk-java,com.amazonaws:aws-java-sdk-pom:1.12.773-SNAPSHOT,True,aws-java-sdk-machinelearning,aws-java-sdk-machinelearning,True,com.amazonaws:aws-java-sdk-pom:1.12.773-SNAPSHOT,True,listed-ok,
aws,aws-sdk-java,/home/camila/repos/aws/aws-sdk-java,com.amazonaws:aws-java-sdk-pom:1.12.773-SNAPSHOT,True,aws-java-sdk-directory,aws-java-sdk-directory,True,com.amazonaws:aws-java-sdk-pom:1.12.773-SNAPSHOT,True,listed-ok,
aws,aws-sdk-java,/home/camila/repos/aws/aws-sdk-java,com.amazonaws:aws-java-sdk-pom:1.12.773-SNAPSHOT,True,aws-java-sdk-efs,aws-java-sdk-efs,True,com.amazonaws:aws-java-sdk-pom:1.12.773-SNAPSHOT,True,listed-ok,
aws,aws-sdk-java,/home/camila/repos/aws/aws-sdk-java,com.amazonaws:aws-java-sdk-pom:1.12.773-SNAPSHOT,True,aws-java-sdk-codecommit,aws-java-sdk-codecommit,True,com.amazonaws:aws-java-sdk-pom:1.12.773-SNAPSHOT,True,listed-ok,
aws,aws-sdk-java,/home/camila/repos/aws/aws-sdk-java,com.amazonaws:aws-java-sdk-pom:1.12.773-SNAPSHOT,True,aws-java-sdk-devicefarm,aws-java-sdk-devicefarm,True,com.amazonaws:aws-java-sdk-pom:1.12.773-SNAPSHOT,True,listed-ok,
aws,aws-sdk-java,/home/camila/repos/aws/aws-sdk-java,com.amazonaws:aws-java-sdk-pom:1.12.773-SNAPSHOT,True,aws-java-sdk-elasticsearch,aws-java-sdk-elasticsearch,True,com.amazonaws:aws-java-sdk-pom:1.12.773-SNAPSHOT,True,listed-ok,
aws,aws-sdk-java,/home/camila/repos/aws/aws-sdk-java,com.amazonaws:aws-java-sdk-pom:1.12.773-SNAPSHOT,True,aws-java-sdk-waf,aws-java-sdk-waf,True,com.amazonaws:aws-java-sdk-pom:1.12.773-SNAPSHOT,True,listed-ok,
aws,aws-sdk-java,/home/camila/repos/aws/aws-sdk-java,com.amazonaws:aws-java-sdk-pom:1.12.773-SNAPSHOT,True,aws-java-sdk-marketplacecommerceanalytics,aws-java-sdk-marketplacecommerceanalytics,True,com.amazonaws:aws-java-sdk-pom:1.12.773-SNAPSHOT,True,listed-ok,
aws,aws-sdk-java,/home/camila/repos/aws/aws-sdk-java,com.amazonaws:aws-java-sdk-pom:1.12.773-SNAPSHOT,True,aws-java-sdk-inspector,aws-java-sdk-inspector,True,com.amazonaws:aws-java-sdk-pom:1.12.773-SNAPSHOT,True,listed-ok,
aws,aws-sdk-java,/home/camila/repos/aws/aws-sdk-java,com.amazonaws:aws-java-sdk-pom:1.12.773-SNAPSHOT,True,aws-java-sdk-iot,aws-java-sdk-iot,True,com.amazonaws:aws-java-sdk-pom:1.12.773-SNAPSHOT,True,listed-ok,
aws,aws-sdk-java,/home/camila/repos/aws/aws-sdk-java,com.amazonaws:aws-java-sdk-pom:1.12.773-SNAPSHOT,True,aws-java-sdk-api-gateway,aws-java-sdk-api-gateway,True,com.amazonaws:aws-java-sdk-pom:1.12.773-SNAPSHOT,True,listed-ok,
aws,aws-sdk-java,/home/camila/repos/aws/aws-sdk-java,com.amazonaws:aws-java-sdk-pom:1.12.773-SNAPSHOT,True,aws-java-sdk-acm,aws-java-sdk-acm,True,com.amazonaws:aws-java-sdk-pom:1.12.773-SNAPSHOT,True,listed-ok,
aws,aws-sdk-java,/home/camila/repos/aws/aws-sdk-java,com.amazonaws:aws-java-sdk-pom:1.12.773-SNAPSHOT,True,aws-java-sdk-gamelift,aws-java-sdk-gamelift,True,com.amazonaws:aws-java-sdk-pom:1.12.773-SNAPSHOT,True,listed-ok,
aws,aws-sdk-java,/home/camila/repos/aws/aws-sdk-java,com.amazonaws:aws-java-sdk-pom:1.12.773-SNAPSHOT,True,aws-java-sdk-dms,aws-java-sdk-dms,True,com.amazonaws:aws-java-sdk-pom:1.12.773-SNAPSHOT,True,listed-ok,
aws,aws-sdk-java,/home/camila/repos/aws/aws-sdk-java,com.amazonaws:aws-java-sdk-pom:1.12.773-SNAPSHOT,True,aws-java-sdk-marketplacemeteringservice,aws-java-sdk-marketplacemeteringservice,True,com.amazonaws:aws-java-sdk-pom:1.12.773-SNAPSHOT,True,listed-ok,
aws,aws-sdk-java,/home/camila/repos/aws/aws-sdk-java,com.amazonaws:aws-java-sdk-pom:1.12.773-SNAPSHOT,True,aws-java-sdk-cognitoidp,aws-java-sdk-cognitoidp,True,com.amazonaws:aws-java-sdk-pom:1.12.773-SNAPSHOT,True,listed-ok,
aws,aws-sdk-java,/home/camila/repos/aws/aws-sdk-java,com.amazonaws:aws-java-sdk-pom:1.12.773-SNAPSHOT,True,aws-java-sdk-discovery,aws-java-sdk-discovery,True,com.amazonaws:aws-java-sdk-pom:1.12.773-SNAPSHOT,True,listed-ok,
aws,aws-sdk-java,/home/camila/repos/aws/aws-sdk-java,com.amazonaws:aws-java-sdk-pom:1.12.773-SNAPSHOT,True,aws-java-sdk-applicationautoscaling,aws-java-sdk-applicationautoscaling,True,com.amazonaws:aws-java-sdk-pom:1.12.773-SNAPSHOT,True,listed-ok,
aws,aws-sdk-java,/home/camila/repos/aws/aws-sdk-java,com.amazonaws:aws-java-sdk-pom:1.12.773-SNAPSHOT,True,aws-java-sdk-snowball,aws-java-sdk-snowball,True,com.amazonaws:aws-java-sdk-pom:1.12.773-SNAPSHOT,True,listed-ok,
aws,aws-sdk-java,/home/camila/repos/aws/aws-sdk-java,com.amazonaws:aws-java-sdk-pom:1.12.773-SNAPSHOT,True,aws-java-sdk-rekognition,aws-java-sdk-rekognition,True,com.amazonaws:aws-java-sdk-pom:1.12.773-SNAPSHOT,True,listed-ok,
aws,aws-sdk-java,/home/camila/repos/aws/aws-sdk-java,com.amazonaws:aws-java-sdk-pom:1.12.773-SNAPSHOT,True,aws-java-sdk-polly,aws-java-sdk-polly,True,com.amazonaws:aws-java-sdk-pom:1.12.773-SNAPSHOT,True,listed-ok,
aws,aws-sdk-java,/home/camila/repos/aws/aws-sdk-java,com.amazonaws:aws-java-sdk-pom:1.12.773-SNAPSHOT,True,aws-java-sdk-lightsail,aws-java-sdk-lightsail,True,com.amazonaws:aws-java-sdk-pom:1.12.773-SNAPSHOT,True,listed-ok,
aws,aws-sdk-java,/home/camila/repos/aws/aws-sdk-java,com.amazonaws:aws-java-sdk-pom:1.12.773-SNAPSHOT,True,aws-java-sdk-stepfunctions,aws-java-sdk-stepfunctions,True,com.amazonaws:aws-java-sdk-pom:1.12.773-SNAPSHOT,True,listed-ok,
aws,aws-sdk-java,/home/camila/repos/aws/aws-sdk-java,com.amazonaws:aws-java-sdk-pom:1.12.773-SNAPSHOT,True,aws-java-sdk-health,aws-java-sdk-health,True,com.amazonaws:aws-java-sdk-pom:1.12.773-SNAPSHOT,True,listed-ok,
aws,aws-sdk-java,/home/camila/repos/aws/aws-sdk-java,com.amazonaws:aws-java-sdk-pom:1.12.773-SNAPSHOT,True,aws-java-sdk-costandusagereport,aws-java-sdk-costandusagereport,True,com.amazonaws:aws-java-sdk-pom:1.12.773-SNAPSHOT,True,listed-ok,
aws,aws-sdk-java,/home/camila/repos/aws/aws-sdk-java,com.amazonaws:aws-java-sdk-pom:1.12.773-SNAPSHOT,True,aws-java-sdk-codebuild,aws-java-sdk-codebuild,True,com.amazonaws:aws-java-sdk-pom:1.12.773-SNAPSHOT,True,listed-ok,
aws,aws-sdk-java,/home/camila/repos/aws/aws-sdk-java,com.amazonaws:aws-java-sdk-pom:1.12.773-SNAPSHOT,True,aws-java-sdk-appstream,aws-java-sdk-appstream,True,com.amazonaws:aws-java-sdk-pom:1.12.773-SNAPSHOT,True,listed-ok,
aws,aws-sdk-java,/home/camila/repos/aws/aws-sdk-java,com.amazonaws:aws-java-sdk-pom:1.12.773-SNAPSHOT,True,aws-java-sdk-shield,aws-java-sdk-shield,True,com.amazonaws:aws-java-sdk-pom:1.12.773-SNAPSHOT,True,listed-ok,
aws,aws-sdk-java,/home/camila/repos/aws/aws-sdk-java,com.amazonaws:aws-java-sdk-pom:1.12.773-SNAPSHOT,True,aws-java-sdk-batch,aws-java-sdk-batch,True,com.amazonaws:aws-java-sdk-pom:1.12.773-SNAPSHOT,True,listed-ok,
aws,aws-sdk-java,/home/camila/repos/aws/aws-sdk-java,com.amazonaws:aws-java-sdk-pom:1.12.773-SNAPSHOT,True,aws-java-sdk-lex,aws-java-sdk-lex,True,com.amazonaws:aws-java-sdk-pom:1.12.773-SNAPSHOT,True,listed-ok,
aws,aws-sdk-java,/home/camila/repos/aws/aws-sdk-java,com.amazonaws:aws-java-sdk-pom:1.12.773-SNAPSHOT,True,aws-java-sdk-mechanicalturkrequester,aws-java-sdk-mechanicalturkrequester,True,com.amazonaws:aws-java-sdk-pom:1.12.773-SNAPSHOT,True,listed-ok,
aws,aws-sdk-java,/home/camila/repos/aws/aws-sdk-java,com.amazonaws:aws-java-sdk-pom:1.12.773-SNAPSHOT,True,aws-java-sdk-organizations,aws-java-sdk-organizations,True,com.amazonaws:aws-java-sdk-pom:1.12.773-SNAPSHOT,True,listed-ok,
aws,aws-sdk-java,/home/camila/repos/aws/aws-sdk-java,com.amazonaws:aws-java-sdk-pom:1.12.773-SNAPSHOT,True,aws-java-sdk-workdocs,aws-java-sdk-workdocs,True,com.amazonaws:aws-java-sdk-pom:1.12.773-SNAPSHOT,True,listed-ok,
aws,aws-sdk-java,/home/camila/repos/aws/aws-sdk-java,com.amazonaws:aws-java-sdk-pom:1.12.773-SNAPSHOT,True,aws-java-sdk,aws-java-sdk,True,com.amazonaws:aws-java-sdk-pom:1.12.773-SNAPSHOT,True,listed-ok,
aws,aws-sdk-java,/home/camila/repos/aws/aws-sdk-java,com.amazonaws:aws-java-sdk-pom:1.12.773-SNAPSHOT,True,aws-java-sdk-osgi,aws-java-sdk-osgi,True,com.amazonaws:aws-java-sdk-pom:1.12.773-SNAPSHOT,True,listed-ok,
aws,aws-sdk-java,/home/camila/repos/aws/aws-sdk-java,com.amazonaws:aws-java-sdk-pom:1.12.773-SNAPSHOT,True,aws-java-sdk-core,aws-java-sdk-core,True,com.amazonaws:aws-java-sdk-pom:1.12.773-SNAPSHOT,True,listed-ok,
aws,aws-sdk-java,/home/camila/repos/aws/aws-sdk-java,com.amazonaws:aws-java-sdk-pom:1.12.773-SNAPSHOT,True,aws-java-sdk-opensdk,aws-java-sdk-opensdk,True,com.amazonaws:aws-java-sdk-pom:1.12.773-SNAPSHOT,True,listed-ok,
aws,aws-sdk-java,/home/camila/repos/aws/aws-sdk-java,com.amazonaws:aws-java-sdk-pom:1.12.773-SNAPSHOT,True,aws-java-sdk-bom,aws-java-sdk-bom,True,com.amazonaws:aws-java-sdk-pom:1.12.773-SNAPSHOT,True,listed-ok,
aws,aws-sdk-java,/home/camila/repos/aws/aws-sdk-java,com.amazonaws:aws-java-sdk-pom:1.12.773-SNAPSHOT,True,aws-java-sdk-test-utils,aws-java-sdk-test-utils,True,com.amazonaws:aws-java-sdk-pom:1.12.773-SNAPSHOT,True,listed-ok,
aws,aws-sdk-java,/home/camila/repos/aws/aws-sdk-java,com.amazonaws:aws-java-sdk-pom:1.12.773-SNAPSHOT,True,aws-java-sdk-code-generator,aws-java-sdk-code-generator,True,com.amazonaws:aws-java-sdk-pom:1.12.773-SNAPSHOT,True,listed-ok,
aws,aws-sdk-java,/home/camila/repos/aws/aws-sdk-java,com.amazonaws:aws-java-sdk-pom:1.12.773-SNAPSHOT,True,aws-java-sdk-codegen-maven-plugin,aws-java-sdk-codegen-maven-plugin,True,com.amazonaws:aws-java-sdk-pom:1.12.773-SNAPSHOT,True,listed-ok,
aws,aws-sdk-java,/home/camila/repos/aws/aws-sdk-java,com.amazonaws:aws-java-sdk-pom:1.12.773-SNAPSHOT,True,jmespath-java,jmespath-java,True,com.amazonaws:aws-java-sdk-pom:1.12.773-SNAPSHOT,True,listed-ok,
aws,aws-sdk-java,/home/camila/repos/aws/aws-sdk-java,com.amazonaws:aws-java-sdk-pom:1.12.773-SNAPSHOT,True,aws-java-sdk-models,aws-java-sdk-models,True,com.amazonaws:aws-java-sdk-pom:1.12.773-SNAPSHOT,True,listed-ok,
aws,aws-sdk-java,/home/camila/repos/aws/aws-sdk-java,com.amazonaws:aws-java-sdk-pom:1.12.773-SNAPSHOT,True,aws-java-sdk-bundle,aws-java-sdk-bundle,True,com.amazonaws:aws-java-sdk-pom:1.12.773-SNAPSHOT,True,listed-ok,
aws,aws-sdk-java-v2,/home/camila/repos/aws/aws-sdk-java-v2,software.amazon.awssdk:aws-sdk-java-pom:2.28.9-SNAPSHOT,True,aws-sdk-java,aws-sdk-java,True,software.amazon.awssdk:aws-sdk-java-pom:2.28.9-SNAPSHOT,True,listed-ok,
aws,aws-sdk-java-v2,/home/camila/repos/aws/aws-sdk-java-v2,software.amazon.awssdk:aws-sdk-java-pom:2.28.9-SNAPSHOT,True,core,core,True,software.amazon.awssdk:aws-sdk-java-pom:2.28.9-SNAPSHOT,True,listed-ok,
aws,aws-sdk-java-v2,/home/camila/repos/aws/aws-sdk-java-v2,software.amazon.awssdk:aws-sdk-java-pom:2.28.9-SNAPSHOT,True,services,services,True,software.amazon.awssdk:aws-sdk-java-pom:2.28.9-SNAPSHOT,True,listed-ok,
aws,aws-sdk-java-v2,/home/camila/repos/aws/aws-sdk-java-v2,software.amazon.awssdk:aws-sdk-java-pom:2.28.9-SNAPSHOT,True,services-custom,services-custom,True,software.amazon.awssdk:aws-sdk-java-pom:2.28.9-SNAPSHOT,True,listed-ok,
aws,aws-sdk-java-v2,/home/camila/repos/aws/aws-sdk-java-v2,software.amazon.awssdk:aws-sdk-java-pom:2.28.9-SNAPSHOT,True,bom,bom,True,software.amazon.awssdk:aws-sdk-java-pom:2.28.9-SNAPSHOT,True,listed-ok,
aws,aws-sdk-java-v2,/home/camila/repos/aws/aws-sdk-java-v2,software.amazon.awssdk:aws-sdk-java-pom:2.28.9-SNAPSHOT,True,bom-internal,bom-internal,True,software.amazon.awssdk:aws-sdk-java-pom:2.28.9-SNAPSHOT,True,listed-ok,
aws,aws-sdk-java-v2,/home/camila/repos/aws/aws-sdk-java-v2,software.amazon.awssdk:aws-sdk-java-pom:2.28.9-SNAPSHOT,True,codegen,codegen,True,software.amazon.awssdk:aws-sdk-java-pom:2.28.9-SNAPSHOT,True,listed-ok,
aws,aws-sdk-java-v2,/home/camila/repos/aws/aws-sdk-java-v2,software.amazon.awssdk:aws-sdk-java-pom:2.28.9-SNAPSHOT,True,http-client-spi,http-client-spi,True,software.amazon.awssdk:aws-sdk-java-pom:2.28.9-SNAPSHOT,True,listed-ok,
aws,aws-sdk-java-v2,/home/camila/repos/aws/aws-sdk-java-v2,software.amazon.awssdk:aws-sdk-java-pom:2.28.9-SNAPSHOT,True,http-clients,http-clients,True,software.amazon.awssdk:aws-sdk-java-pom:2.28.9-SNAPSHOT,True,listed-ok,
aws,aws-sdk-java-v2,/home/camila/repos/aws/aws-sdk-java-v2,software.amazon.awssdk:aws-sdk-java-pom:2.28.9-SNAPSHOT,True,codegen-maven-plugin,codegen-maven-plugin,True,software.amazon.awssdk:aws-sdk-java-pom:2.28.9-SNAPSHOT,True,listed-ok,
aws,aws-sdk-java-v2,/home/camila/repos/aws/aws-sdk-java-v2,software.amazon.awssdk:aws-sdk-java-pom:2.28.9-SNAPSHOT,True,bundle,bundle,True,software.amazon.awssdk:aws-sdk-java-pom:2.28.9-SNAPSHOT,True,listed-ok,
aws,aws-sdk-java-v2,/home/camila/repos/aws/aws-sdk-java-v2,software.amazon.awssdk:aws-sdk-java-pom:2.28.9-SNAPSHOT,True,bundle-sdk,bundle-sdk,True,software.amazon.awssdk:aws-sdk-java-pom:2.28.9-SNAPSHOT,True,listed-ok,
aws,aws-sdk-java-v2,/home/camila/repos/aws/aws-sdk-java-v2,software.amazon.awssdk:aws-sdk-java-pom:2.28.9-SNAPSHOT,True,bundle-logging-bridge,bundle-logging-bridge,True,software.amazon.awssdk:aws-sdk-java-pom:2.28.9-SNAPSHOT,True,listed-ok,
aws,aws-sdk-java-v2,/home/camila/repos/aws/aws-sdk-java-v2,software.amazon.awssdk:aws-sdk-java-pom:2.28.9-SNAPSHOT,True,build-tools,build-tools,True,?:?:?,False,listed-parent-mismatch,child-without-parent-or-missing-ga
aws,aws-sdk-java-v2,/home/camila/repos/aws/aws-sdk-java-v2,software.amazon.awssdk:aws-sdk-java-pom:2.28.9-SNAPSHOT,True,metric-publishers,metric-publishers,True,software.amazon.awssdk:aws-sdk-java-pom:2.28.9-SNAPSHOT,True,listed-ok,
aws,aws-sdk-java-v2,/home/camila/repos/aws/aws-sdk-java-v2,software.amazon.awssdk:aws-sdk-java-pom:2.28.9-SNAPSHOT,True,release-scripts,release-scripts,True,software.amazon.awssdk:aws-sdk-java-pom:2.28.9-SNAPSHOT,True,listed-ok,
aws,aws-sdk-java-v2,/home/camila/repos/aws/aws-sdk-java-v2,software.amazon.awssdk:aws-sdk-java-pom:2.28.9-SNAPSHOT,True,utils,utils,True,software.amazon.awssdk:aws-sdk-java-pom:2.28.9-SNAPSHOT,True,listed-ok,
aws,aws-sdk-java-v2,/home/camila/repos/aws/aws-sdk-java-v2,software.amazon.awssdk:aws-sdk-java-pom:2.28.9-SNAPSHOT,True,codegen-lite,codegen-lite,True,software.amazon.awssdk:aws-sdk-java-pom:2.28.9-SNAPSHOT,True,listed-ok,
aws,aws-sdk-java-v2,/home/camila/repos/aws/aws-sdk-java-v2,software.amazon.awssdk:aws-sdk-java-pom:2.28.9-SNAPSHOT,True,codegen-lite-maven-plugin,codegen-lite-maven-plugin,True,software.amazon.awssdk:aws-sdk-java-pom:2.28.9-SNAPSHOT,True,listed-ok,
aws,aws-sdk-java-v2,/home/camila/repos/aws/aws-sdk-java-v2,software.amazon.awssdk:aws-sdk-java-pom:2.28.9-SNAPSHOT,True,archetypes,archetypes,True,software.amazon.awssdk:aws-sdk-java-pom:2.28.9-SNAPSHOT,True,listed-ok,
aws,aws-sdk-java-v2,/home/camila/repos/aws/aws-sdk-java-v2,software.amazon.awssdk:aws-sdk-java-pom:2.28.9-SNAPSHOT,True,third-party,third-party,True,software.amazon.awssdk:aws-sdk-java-pom:2.28.9-SNAPSHOT,True,listed-ok,
aws,aws-sdk-java-v2,/home/camila/repos/aws/aws-sdk-java-v2,software.amazon.awssdk:aws-sdk-java-pom:2.28.9-SNAPSHOT,True,v2-migration,v2-migration,True,software.amazon.awssdk:aws-sdk-java-pom:2.28.9-SNAPSHOT,True,listed-ok,
aws,aws-sdk-java-v2,/home/camila/repos/aws/aws-sdk-java-v2,software.amazon.awssdk:aws-sdk-java-pom:2.28.9-SNAPSHOT,True,test/http-client-tests,test/http-client-tests,False,?:?:?,False,listed-nested-path,nested-module-path
aws,aws-sdk-java-v2,/home/camila/repos/aws/aws-sdk-java-v2,software.amazon.awssdk:aws-sdk-java-pom:2.28.9-SNAPSHOT,True,test/protocol-tests,test/protocol-tests,False,?:?:?,False,listed-nested-path,nested-module-path
aws,aws-sdk-java-v2,/home/camila/repos/aws/aws-sdk-java-v2,software.amazon.awssdk:aws-sdk-java-pom:2.28.9-SNAPSHOT,True,test/protocol-tests-core,test/protocol-tests-core,False,?:?:?,False,listed-nested-path,nested-module-path
aws,aws-sdk-java-v2,/home/camila/repos/aws/aws-sdk-java-v2,software.amazon.awssdk:aws-sdk-java-pom:2.28.9-SNAPSHOT,True,test/service-test-utils,test/service-test-utils,False,?:?:?,False,listed-nested-path,nested-module-path
aws,aws-sdk-java-v2,/home/camila/repos/aws/aws-sdk-java-v2,software.amazon.awssdk:aws-sdk-java-pom:2.28.9-SNAPSHOT,True,test/test-utils,test/test-utils,False,?:?:?,False,listed-nested-path,nested-module-path
aws,aws-sdk-java-v2,/home/camila/repos/aws/aws-sdk-java-v2,software.amazon.awssdk:aws-sdk-java-pom:2.28.9-SNAPSHOT,True,test/codegen-generated-classes-test,test/codegen-generated-classes-test,False,?:?:?,False,listed-nested-path,nested-module-path
aws,aws-sdk-java-v2,/home/camila/repos/aws/aws-sdk-java-v2,software.amazon.awssdk:aws-sdk-java-pom:2.28.9-SNAPSHOT,True,test/sdk-benchmarks,test/sdk-benchmarks,False,?:?:?,False,listed-nested-path,nested-module-path
aws,aws-sdk-java-v2,/home/camila/repos/aws/aws-sdk-java-v2,software.amazon.awssdk:aws-sdk-java-pom:2.28.9-SNAPSHOT,True,test/module-path-tests,test/module-path-tests,False,?:?:?,False,listed-nested-path,nested-module-path
aws,aws-sdk-java-v2,/home/camila/repos/aws/aws-sdk-java-v2,software.amazon.awssdk:aws-sdk-java-pom:2.28.9-SNAPSHOT,True,test/tests-coverage-reporting,test/tests-coverage-reporting,False,?:?:?,False,listed-nested-path,nested-module-path
aws,aws-sdk-java-v2,/home/camila/repos/aws/aws-sdk-java-v2,software.amazon.awssdk:aws-sdk-java-pom:2.28.9-SNAPSHOT,True,test/stability-tests,test/stability-tests,False,?:?:?,False,listed-nested-path,nested-module-path
aws,aws-sdk-java-v2,/home/camila/repos/aws/aws-sdk-java-v2,software.amazon.awssdk:aws-sdk-java-pom:2.28.9-SNAPSHOT,True,test/sdk-native-image-test,test/sdk-native-image-test,False,?:?:?,False,listed-nested-path,nested-module-path
aws,aws-sdk-java-v2,/home/camila/repos/aws/aws-sdk-java-v2,software.amazon.awssdk:aws-sdk-java-pom:2.28.9-SNAPSHOT,True,test/s3-benchmarks,test/s3-benchmarks,False,?:?:?,False,listed-nested-path,nested-module-path
aws,aws-sdk-java-v2,/home/camila/repos/aws/aws-sdk-java-v2,software.amazon.awssdk:aws-sdk-java-pom:2.28.9-SNAPSHOT,True,test/auth-tests,test/auth-tests,False,?:?:?,False,listed-nested-path,nested-module-path
aws,aws-sdk-java-v2,/home/camila/repos/aws/aws-sdk-java-v2,software.amazon.awssdk:aws-sdk-java-pom:2.28.9-SNAPSHOT,True,test/region-testing,test/region-testing,False,?:?:?,False,listed-nested-path,nested-module-path
aws,aws-sdk-java-v2,/home/camila/repos/aws/aws-sdk-java-v2,software.amazon.awssdk:aws-sdk-java-pom:2.28.9-SNAPSHOT,True,test/ruleset-testing-core,test/ruleset-testing-core,False,?:?:?,False,listed-nested-path,nested-module-path
aws,aws-sdk-java-v2,/home/camila/repos/aws/aws-sdk-java-v2,software.amazon.awssdk:aws-sdk-java-pom:2.28.9-SNAPSHOT,True,test/old-client-version-compatibility-test,test/old-client-version-compatibility-test,False,?:?:?,False,listed-nested-path,nested-module-path
aws,aws-sdk-java-v2,/home/camila/repos/aws/aws-sdk-java-v2,software.amazon.awssdk:aws-sdk-java-pom:2.28.9-SNAPSHOT,True,test/bundle-logging-bridge-binding-test,test/bundle-logging-bridge-binding-test,False,?:?:?,False,listed-nested-path,nested-module-path
aws,aws-sdk-java-v2,/home/camila/repos/aws/aws-sdk-java-v2,software.amazon.awssdk:aws-sdk-java-pom:2.28.9-SNAPSHOT,True,test/v2-migration-tests,test/v2-migration-tests,False,?:?:?,False,listed-nested-path,nested-module-path
aws,aws-sdk-java-v2,/home/camila/repos/aws/aws-sdk-java-v2,software.amazon.awssdk:aws-sdk-java-pom:2.28.9-SNAPSHOT,True,test/bundle-shading-tests,test/bundle-shading-tests,False,?:?:?,False,listed-nested-path,nested-module-path
aws,aws-sdk-java-v2,/home/camila/repos/aws/aws-sdk-java-v2,software.amazon.awssdk:aws-sdk-java-pom:2.28.9-SNAPSHOT,True,test/crt-unavailable-tests,test/crt-unavailable-tests,False,?:?:?,False,listed-nested-path,nested-module-path
AxonFramework,AxonFramework,/home/camila/repos/AxonFramework/AxonFramework,org.axonframework:axon:5.0.0-SNAPSHOT,True,axon-server-connector,axon-server-connector,True,org.axonframework:axon:5.0.0-SNAPSHOT,True,listed-ok,
AxonFramework,AxonFramework,/home/camila/repos/AxonFramework/AxonFramework,org.axonframework:axon:5.0.0-SNAPSHOT,True,config,config,True,org.axonframework:axon:5.0.0-SNAPSHOT,True,listed-ok,
AxonFramework,AxonFramework,/home/camila/repos/AxonFramework/AxonFramework,org.axonframework:axon:5.0.0-SNAPSHOT,True,eventsourcing,eventsourcing,True,org.axonframework:axon:5.0.0-SNAPSHOT,True,listed-ok,
AxonFramework,AxonFramework,/home/camila/repos/AxonFramework/AxonFramework,org.axonframework:axon:5.0.0-SNAPSHOT,True,integrationtests,integrationtests,True,org.axonframework:axon:5.0.0-SNAPSHOT,True,listed-ok,
AxonFramework,AxonFramework,/home/camila/repos/AxonFramework/AxonFramework,org.axonframework:axon:5.0.0-SNAPSHOT,True,legacy,legacy,True,org.axonframework:axon:5.0.0-SNAPSHOT,True,listed-ok,
AxonFramework,AxonFramework,/home/camila/repos/AxonFramework/AxonFramework,org.axonframework:axon:5.0.0-SNAPSHOT,True,messaging,messaging,True,org.axonframework:axon:5.0.0-SNAPSHOT,True,listed-ok,
AxonFramework,AxonFramework,/home/camila/repos/AxonFramework/AxonFramework,org.axonframework:axon:5.0.0-SNAPSHOT,True,metrics,metrics,True,org.axonframework:axon:5.0.0-SNAPSHOT,True,listed-ok,
AxonFramework,AxonFramework,/home/camila/repos/AxonFramework/AxonFramework,org.axonframework:axon:5.0.0-SNAPSHOT,True,metrics-micrometer,metrics-micrometer,True,org.axonframework:axon:5.0.0-SNAPSHOT,True,listed-ok,
AxonFramework,AxonFramework,/home/camila/repos/AxonFramework/AxonFramework,org.axonframework:axon:5.0.0-SNAPSHOT,True,migration,migration,True,org.axonframework:axon:5.0.0-SNAPSHOT,True,listed-ok,
AxonFramework,AxonFramework,/home/camila/repos/AxonFramework/AxonFramework,org.axonframework:axon:5.0.0-SNAPSHOT,True,modelling,modelling,True,org.axonframework:axon:5.0.0-SNAPSHOT,True,listed-ok,
AxonFramework,AxonFramework,/home/camila/repos/AxonFramework/AxonFramework,org.axonframework:axon:5.0.0-SNAPSHOT,True,reactorless-test,reactorless-test,True,org.axonframework:axon:5.0.0-SNAPSHOT,True,listed-ok,
AxonFramework,AxonFramework,/home/camila/repos/AxonFramework/AxonFramework,org.axonframework:axon:5.0.0-SNAPSHOT,True,spring,spring,True,org.axonframework:axon:5.0.0-SNAPSHOT,True,listed-ok,
AxonFramework,AxonFramework,/home/camila/repos/AxonFramework/AxonFramework,org.axonframework:axon:5.0.0-SNAPSHOT,True,spring-boot-autoconfigure,spring-boot-autoconfigure,True,org.axonframework:axon:5.0.0-SNAPSHOT,True,listed-ok,
AxonFramework,AxonFramework,/home/camila/repos/AxonFramework/AxonFramework,org.axonframework:axon:5.0.0-SNAPSHOT,True,spring-boot-starter,spring-boot-starter,True,org.axonframework:axon:5.0.0-SNAPSHOT,True,listed-ok,
AxonFramework,AxonFramework,/home/camila/repos/AxonFramework/AxonFramework,org.axonframework:axon:5.0.0-SNAPSHOT,True,test,test,True,org.axonframework:axon:5.0.0-SNAPSHOT,True,listed-ok,
AxonFramework,AxonFramework,/home/camila/repos/AxonFramework/AxonFramework,org.axonframework:axon:5.0.0-SNAPSHOT,True,tracing-opentelemetry,tracing-opentelemetry,True,org.axonframework:axon:5.0.0-SNAPSHOT,True,listed-ok,
AxonFramework,AxonFramework,/home/camila/repos/AxonFramework/AxonFramework,org.axonframework:axon:5.0.0-SNAPSHOT,False,coverage-report,coverage-report,True,org.axonframework:axon:5.0.0-SNAPSHOT,True,unlisted-child-with-root-parent,unlisted-but-parent-matches-root
bootique,bootique,/home/camila/repos/bootique/bootique,io.bootique:bootique-framework-parent:3.0-SNAPSHOT,True,bootique,bootique,True,io.bootique:bootique-framework-parent:3.0-SNAPSHOT,True,listed-ok,
bootique,bootique,/home/camila/repos/bootique/bootique,io.bootique:bootique-framework-parent:3.0-SNAPSHOT,True,bootique-test,bootique-test,True,io.bootique:bootique-framework-parent:3.0-SNAPSHOT,True,listed-ok,
bootique,bootique,/home/camila/repos/bootique/bootique,io.bootique:bootique-framework-parent:3.0-SNAPSHOT,True,bootique-test-badspi-it,bootique-test-badspi-it,True,io.bootique:bootique-framework-parent:3.0-SNAPSHOT,True,listed-ok,
bootique,bootique,/home/camila/repos/bootique/bootique,io.bootique:bootique-framework-parent:3.0-SNAPSHOT,True,bootique-junit5,bootique-junit5,True,io.bootique:bootique-framework-parent:3.0-SNAPSHOT,True,listed-ok,
bootique,bootique,/home/camila/repos/bootique/bootique,io.bootique:bootique-framework-parent:3.0-SNAPSHOT,True,bootique-junit5-badspi-it,bootique-junit5-badspi-it,True,io.bootique:bootique-framework-parent:3.0-SNAPSHOT,True,listed-ok,
bootique,bootique,/home/camila/repos/bootique/bootique,io.bootique:bootique-framework-parent:3.0-SNAPSHOT,True,bootique-junit4and5-it,bootique-junit4and5-it,True,io.bootique:bootique-framework-parent:3.0-SNAPSHOT,True,listed-ok,
bootique,bootique,/home/camila/repos/bootique/bootique,io.bootique:bootique-framework-parent:3.0-SNAPSHOT,True,bootique-jsr330-tck,bootique-jsr330-tck,True,io.bootique:bootique-framework-parent:3.0-SNAPSHOT,True,listed-ok,
bootique,bootique,/home/camila/repos/bootique/bootique,io.bootique:bootique-framework-parent:3.0-SNAPSHOT,True,bootique-docs,bootique-docs,True,io.bootique:bootique-framework-parent:3.0-SNAPSHOT,True,listed-ok,
BroadleafCommerce,BroadleafCommerce,/home/camila/repos/BroadleafCommerce/BroadleafCommerce,org.broadleafcommerce:broadleaf:5.0.9.3-OAP-JAVA17-SNAPSHOT,True,common,common,True,org.broadleafcommerce:broadleaf:5.0.9.3-OAP-JAVA17-SNAPSHOT,True,listed-ok,
BroadleafCommerce,BroadleafCommerce,/home/camila/repos/BroadleafCommerce/BroadleafCommerce,org.broadleafcommerce:broadleaf:5.0.9.3-OAP-JAVA17-SNAPSHOT,True,core,core,True,org.broadleafcommerce:broadleaf:5.0.9.3-OAP-JAVA17-SNAPSHOT,True,listed-ok,
BroadleafCommerce,BroadleafCommerce,/home/camila/repos/BroadleafCommerce/BroadleafCommerce,org.broadleafcommerce:broadleaf:5.0.9.3-OAP-JAVA17-SNAPSHOT,True,integration,integration,True,org.broadleafcommerce:broadleaf:5.0.9.3-OAP-JAVA17-SNAPSHOT,True,listed-ok,
BroadleafCommerce,BroadleafCommerce,/home/camila/repos/BroadleafCommerce/BroadleafCommerce,org.broadleafcommerce:broadleaf:5.0.9.3-OAP-JAVA17-SNAPSHOT,True,admin,admin,True,org.broadleafcommerce:broadleaf:5.0.9.3-OAP-JAVA17-SNAPSHOT,True,listed-ok,
bytedeco,javacpp-presets,/home/camila/repos/bytedeco/javacpp-presets,org.bytedeco:javacpp-presets:1.5.11-SNAPSHOT,False,gsl,gsl,True,org.bytedeco:javacpp-presets:1.5.11-SNAPSHOT,True,unlisted-child-with-root-parent,unlisted-but-parent-matches-root
bytedeco,javacpp-presets,/home/camila/repos/bytedeco/javacpp-presets,org.bytedeco:javacpp-presets:1.5.11-SNAPSHOT,False,cminpack,cminpack,True,org.bytedeco:javacpp-presets:1.5.11-SNAPSHOT,True,unlisted-child-with-root-parent,unlisted-but-parent-matches-root
bytedeco,javacpp-presets,/home/camila/repos/bytedeco/javacpp-presets,org.bytedeco:javacpp-presets:1.5.11-SNAPSHOT,False,bullet,bullet,True,org.bytedeco:javacpp-presets:1.5.11-SNAPSHOT,True,unlisted-child-with-root-parent,unlisted-but-parent-matches-root
bytedeco,javacpp-presets,/home/camila/repos/bytedeco/javacpp-presets,org.bytedeco:javacpp-presets:1.5.11-SNAPSHOT,False,arpack-ng,arpack-ng,True,org.bytedeco:javacpp-presets:1.5.11-SNAPSHOT,True,unlisted-child-with-root-parent,unlisted-but-parent-matches-root
bytedeco,javacpp-presets,/home/camila/repos/bytedeco/javacpp-presets,org.bytedeco:javacpp-presets:1.5.11-SNAPSHOT,False,tvm,tvm,True,org.bytedeco:javacpp-presets:1.5.11-SNAPSHOT,True,unlisted-child-with-root-parent,unlisted-but-parent-matches-root
bytedeco,javacpp-presets,/home/camila/repos/bytedeco/javacpp-presets,org.bytedeco:javacpp-presets:1.5.11-SNAPSHOT,False,tesseract,tesseract,True,org.bytedeco:javacpp-presets:1.5.11-SNAPSHOT,True,unlisted-child-with-root-parent,unlisted-but-parent-matches-root
bytedeco,javacpp-presets,/home/camila/repos/bytedeco/javacpp-presets,org.bytedeco:javacpp-presets:1.5.11-SNAPSHOT,False,onnxruntime,onnxruntime,True,org.bytedeco:javacpp-presets:1.5.11-SNAPSHOT,True,unlisted-child-with-root-parent,unlisted-but-parent-matches-root
bytedeco,javacpp-presets,/home/camila/repos/bytedeco/javacpp-presets,org.bytedeco:javacpp-presets:1.5.11-SNAPSHOT,False,tensorrt,tensorrt,True,org.bytedeco:javacpp-presets:1.5.11-SNAPSHOT,True,unlisted-child-with-root-parent,unlisted-but-parent-matches-root
bytedeco,javacpp-presets,/home/camila/repos/bytedeco/javacpp-presets,org.bytedeco:javacpp-presets:1.5.11-SNAPSHOT,False,spinnaker,spinnaker,True,org.bytedeco:javacpp-presets:1.5.11-SNAPSHOT,True,unlisted-child-with-root-parent,unlisted-but-parent-matches-root
bytedeco,javacpp-presets,/home/camila/repos/bytedeco/javacpp-presets,org.bytedeco:javacpp-presets:1.5.11-SNAPSHOT,False,numpy,numpy,True,org.bytedeco:javacpp-presets:1.5.11-SNAPSHOT,True,unlisted-child-with-root-parent,unlisted-but-parent-matches-root
bytedeco,javacpp-presets,/home/camila/repos/bytedeco/javacpp-presets,org.bytedeco:javacpp-presets:1.5.11-SNAPSHOT,False,dnnl,dnnl,True,org.bytedeco:javacpp-presets:1.5.11-SNAPSHOT,True,unlisted-child-with-root-parent,unlisted-but-parent-matches-root
bytedeco,javacpp-presets,/home/camila/repos/bytedeco/javacpp-presets,org.bytedeco:javacpp-presets:1.5.11-SNAPSHOT,False,leptonica,leptonica,True,org.bytedeco:javacpp-presets:1.5.11-SNAPSHOT,True,unlisted-child-with-root-parent,unlisted-but-parent-matches-root
bytedeco,javacpp-presets,/home/camila/repos/bytedeco/javacpp-presets,org.bytedeco:javacpp-presets:1.5.11-SNAPSHOT,False,mkl,mkl,True,org.bytedeco:javacpp-presets:1.5.11-SNAPSHOT,True,unlisted-child-with-root-parent,unlisted-but-parent-matches-root
bytedeco,javacpp-presets,/home/camila/repos/bytedeco/javacpp-presets,org.bytedeco:javacpp-presets:1.5.11-SNAPSHOT,False,scipy,scipy,True,org.bytedeco:javacpp-presets:1.5.11-SNAPSHOT,True,unlisted-child-with-root-parent,unlisted-but-parent-matches-root
bytedeco,javacpp-presets,/home/camila/repos/bytedeco/javacpp-presets,org.bytedeco:javacpp-presets:1.5.11-SNAPSHOT,False,cuda,cuda,True,org.bytedeco:javacpp-presets:1.5.11-SNAPSHOT,True,unlisted-child-with-root-parent,unlisted-but-parent-matches-root
bytedeco,javacpp-presets,/home/camila/repos/bytedeco/javacpp-presets,org.bytedeco:javacpp-presets:1.5.11-SNAPSHOT,False,ffmpeg,ffmpeg,True,org.bytedeco:javacpp-presets:1.5.11-SNAPSHOT,True,unlisted-child-with-root-parent,unlisted-but-parent-matches-root
bytedeco,javacpp-presets,/home/camila/repos/bytedeco/javacpp-presets,org.bytedeco:javacpp-presets:1.5.11-SNAPSHOT,False,onnx,onnx,True,org.bytedeco:javacpp-presets:1.5.11-SNAPSHOT,True,unlisted-child-with-root-parent,unlisted-but-parent-matches-root
bytedeco,javacpp-presets,/home/camila/repos/bytedeco/javacpp-presets,org.bytedeco:javacpp-presets:1.5.11-SNAPSHOT,False,llvm,llvm,True,org.bytedeco:javacpp-presets:1.5.11-SNAPSHOT,True,unlisted-child-with-root-parent,unlisted-but-parent-matches-root
bytedeco,javacpp-presets,/home/camila/repos/bytedeco/javacpp-presets,org.bytedeco:javacpp-presets:1.5.11-SNAPSHOT,False,systems,systems,True,org.bytedeco:javacpp-presets:1.5.11-SNAPSHOT,True,unlisted-child-with-root-parent,unlisted-but-parent-matches-root
bytedeco,javacpp-presets,/home/camila/repos/bytedeco/javacpp-presets,org.bytedeco:javacpp-presets:1.5.11-SNAPSHOT,False,fftw,fftw,True,org.bytedeco:javacpp-presets:1.5.11-SNAPSHOT,True,unlisted-child-with-root-parent,unlisted-but-parent-matches-root
bytedeco,javacpp-presets,/home/camila/repos/bytedeco/javacpp-presets,org.bytedeco:javacpp-presets:1.5.11-SNAPSHOT,False,platform,platform,True,org.bytedeco:javacpp-presets:1.5.11-SNAPSHOT,True,unlisted-child-with-root-parent,unlisted-but-parent-matches-root
bytedeco,javacpp-presets,/home/camila/repos/bytedeco/javacpp-presets,org.bytedeco:javacpp-presets:1.5.11-SNAPSHOT,False,opencl,opencl,True,org.bytedeco:javacpp-presets:1.5.11-SNAPSHOT,True,unlisted-child-with-root-parent,unlisted-but-parent-matches-root
bytedeco,javacpp-presets,/home/camila/repos/bytedeco/javacpp-presets,org.bytedeco:javacpp-presets:1.5.11-SNAPSHOT,False,libraw,libraw,True,org.bytedeco:javacpp-presets:1.5.11-SNAPSHOT,True,unlisted-child-with-root-parent,unlisted-but-parent-matches-root
bytedeco,javacpp-presets,/home/camila/repos/bytedeco/javacpp-presets,org.bytedeco:javacpp-presets:1.5.11-SNAPSHOT,False,libffi,libffi,True,org.bytedeco:javacpp-presets:1.5.11-SNAPSHOT,True,unlisted-child-with-root-parent,unlisted-but-parent-matches-root
bytedeco,javacpp-presets,/home/camila/repos/bytedeco/javacpp-presets,org.bytedeco:javacpp-presets:1.5.11-SNAPSHOT,False,nvcodec,nvcodec,True,org.bytedeco:javacpp-presets:1.5.11-SNAPSHOT,True,unlisted-child-with-root-parent,unlisted-but-parent-matches-root
bytedeco,javacpp-presets,/home/camila/repos/bytedeco/javacpp-presets,org.bytedeco:javacpp-presets:1.5.11-SNAPSHOT,False,sentencepiece,sentencepiece,True,org.bytedeco:javacpp-presets:1.5.11-SNAPSHOT,True,unlisted-child-with-root-parent,unlisted-but-parent-matches-root
bytedeco,javacpp-presets,/home/camila/repos/bytedeco/javacpp-presets,org.bytedeco:javacpp-presets:1.5.11-SNAPSHOT,False,tritonserver,tritonserver,True,org.bytedeco:javacpp-presets:1.5.11-SNAPSHOT,True,unlisted-child-with-root-parent,unlisted-but-parent-matches-root
bytedeco,javacpp-presets,/home/camila/repos/bytedeco/javacpp-presets,org.bytedeco:javacpp-presets:1.5.11-SNAPSHOT,False,opencv,opencv,True,org.bytedeco:javacpp-presets:1.5.11-SNAPSHOT,True,unlisted-child-with-root-parent,unlisted-but-parent-matches-root
bytedeco,javacpp-presets,/home/camila/repos/bytedeco/javacpp-presets,org.bytedeco:javacpp-presets:1.5.11-SNAPSHOT,False,openblas,openblas,True,org.bytedeco:javacpp-presets:1.5.11-SNAPSHOT,True,unlisted-child-with-root-parent,unlisted-but-parent-matches-root
bytedeco,javacpp-presets,/home/camila/repos/bytedeco/javacpp-presets,org.bytedeco:javacpp-presets:1.5.11-SNAPSHOT,False,tensorflow-lite,tensorflow-lite,True,org.bytedeco:javacpp-presets:1.5.11-SNAPSHOT,True,unlisted-child-with-root-parent,unlisted-but-parent-matches-root
bytedeco,javacpp-presets,/home/camila/repos/bytedeco/javacpp-presets,org.bytedeco:javacpp-presets:1.5.11-SNAPSHOT,False,pytorch,pytorch,True,org.bytedeco:javacpp-presets:1.5.11-SNAPSHOT,True,unlisted-child-with-root-parent,unlisted-but-parent-matches-root
bytedeco,javacpp-presets,/home/camila/repos/bytedeco/javacpp-presets,org.bytedeco:javacpp-presets:1.5.11-SNAPSHOT,False,cpython,cpython,True,org.bytedeco:javacpp-presets:1.5.11-SNAPSHOT,True,unlisted-child-with-root-parent,unlisted-but-parent-matches-root
camunda,camunda-bpm-platform,/home/camila/repos/camunda/camunda-bpm-platform,org.camunda.bpm:camunda-root:7.22.0-SNAPSHOT,False,bom,bom,True,org.camunda.bpm:camunda-root:7.22.0-SNAPSHOT,True,unlisted-child-with-root-parent,unlisted-but-parent-matches-root
camunda,camunda-bpm-platform,/home/camila/repos/camunda/camunda-bpm-platform,org.camunda.bpm:camunda-root:7.22.0-SNAPSHOT,False,parent,parent,True,org.camunda.bpm:camunda-root:7.22.0-SNAPSHOT,True,unlisted-child-with-root-parent,unlisted-but-parent-matches-root
codecentric,spring-boot-admin,/home/camila/repos/codecentric/spring-boot-admin,de.codecentric:spring-boot-admin:${revision},True,spring-boot-admin-server,spring-boot-admin-server,True,de.codecentric:spring-boot-admin-build:${revision},False,listed-parent-mismatch,parent-ga-mismatch
codecentric,spring-boot-admin,/home/camila/repos/codecentric/spring-boot-admin,de.codecentric:spring-boot-admin:${revision},True,spring-boot-admin-server-ui,spring-boot-admin-server-ui,True,de.codecentric:spring-boot-admin-build:${revision},False,listed-parent-mismatch,parent-ga-mismatch
codecentric,spring-boot-admin,/home/camila/repos/codecentric/spring-boot-admin,de.codecentric:spring-boot-admin:${revision},True,spring-boot-admin-client,spring-boot-admin-client,True,de.codecentric:spring-boot-admin-build:${revision},False,listed-parent-mismatch,parent-ga-mismatch
codecentric,spring-boot-admin,/home/camila/repos/codecentric/spring-boot-admin,de.codecentric:spring-boot-admin:${revision},True,spring-boot-admin-dependencies,spring-boot-admin-dependencies,True,de.codecentric:spring-boot-admin:${revision},True,listed-ok,
codecentric,spring-boot-admin,/home/camila/repos/codecentric/spring-boot-admin,de.codecentric:spring-boot-admin:${revision},True,spring-boot-admin-docs,spring-boot-admin-docs,True,de.codecentric:spring-boot-admin-build:${revision},False,listed-parent-mismatch,parent-ga-mismatch
codecentric,spring-boot-admin,/home/camila/repos/codecentric/spring-boot-admin,de.codecentric:spring-boot-admin:${revision},True,spring-boot-admin-build,spring-boot-admin-build,True,de.codecentric:spring-boot-admin-dependencies:${revision},False,listed-parent-mismatch,parent-ga-mismatch
codecentric,spring-boot-admin,/home/camila/repos/codecentric/spring-boot-admin,de.codecentric:spring-boot-admin:${revision},True,spring-boot-admin-starter-server,spring-boot-admin-starter-server,True,de.codecentric:spring-boot-admin-build:${revision},False,listed-parent-mismatch,parent-ga-mismatch
codecentric,spring-boot-admin,/home/camila/repos/codecentric/spring-boot-admin,de.codecentric:spring-boot-admin:${revision},True,spring-boot-admin-starter-client,spring-boot-admin-starter-client,True,de.codecentric:spring-boot-admin-build:${revision},False,listed-parent-mismatch,parent-ga-mismatch
codecentric,spring-boot-admin,/home/camila/repos/codecentric/spring-boot-admin,de.codecentric:spring-boot-admin:${revision},True,spring-boot-admin-samples,spring-boot-admin-samples,True,de.codecentric:spring-boot-admin-build:${revision},False,listed-parent-mismatch,parent-ga-mismatch
confluentinc,kafka-rest,/home/camila/repos/confluentinc/kafka-rest,io.confluent:kafka-rest-parent:7.9.0-0,True,kafka-rest,kafka-rest,True,io.confluent:kafka-rest-parent:7.9.0-0,True,listed-ok,
confluentinc,schema-registry,/home/camila/repos/confluentinc/schema-registry,io.confluent:kafka-schema-registry-parent:7.6.4-0,True,core,core,True,io.confluent:kafka-schema-registry-parent:7.6.4-0,True,listed-ok,
confluentinc,schema-registry,/home/camila/repos/confluentinc/schema-registry,io.confluent:kafka-schema-registry-parent:7.6.4-0,True,client,client,True,io.confluent:kafka-schema-registry-parent:7.6.4-0,True,listed-ok,
confluentinc,schema-registry,/home/camila/repos/confluentinc/schema-registry,io.confluent:kafka-schema-registry-parent:7.6.4-0,True,schema-serializer,schema-serializer,True,io.confluent:kafka-schema-registry-parent:7.6.4-0,True,listed-ok,
confluentinc,schema-registry,/home/camila/repos/confluentinc/schema-registry,io.confluent:kafka-schema-registry-parent:7.6.4-0,True,schema-rules,schema-rules,True,io.confluent:kafka-schema-registry-parent:7.6.4-0,True,listed-ok,
confluentinc,schema-registry,/home/camila/repos/confluentinc/schema-registry,io.confluent:kafka-schema-registry-parent:7.6.4-0,True,avro-serializer,avro-serializer,True,io.confluent:kafka-schema-registry-parent:7.6.4-0,True,listed-ok,
confluentinc,schema-registry,/home/camila/repos/confluentinc/schema-registry,io.confluent:kafka-schema-registry-parent:7.6.4-0,True,json-serializer,json-serializer,True,io.confluent:kafka-schema-registry-parent:7.6.4-0,True,listed-ok,
confluentinc,schema-registry,/home/camila/repos/confluentinc/schema-registry,io.confluent:kafka-schema-registry-parent:7.6.4-0,True,schema-converter,schema-converter,True,io.confluent:kafka-schema-registry-parent:7.6.4-0,True,listed-ok,
confluentinc,schema-registry,/home/camila/repos/confluentinc/schema-registry,io.confluent:kafka-schema-registry-parent:7.6.4-0,True,avro-data,avro-data,True,io.confluent:kafka-schema-registry-parent:7.6.4-0,True,listed-ok,
confluentinc,schema-registry,/home/camila/repos/confluentinc/schema-registry,io.confluent:kafka-schema-registry-parent:7.6.4-0,True,avro-converter,avro-converter,True,io.confluent:kafka-schema-registry-parent:7.6.4-0,True,listed-ok,
confluentinc,schema-registry,/home/camila/repos/confluentinc/schema-registry,io.confluent:kafka-schema-registry-parent:7.6.4-0,True,package-schema-registry,package-schema-registry,True,io.confluent:kafka-schema-registry-parent:7.6.4-0,True,listed-ok,
confluentinc,schema-registry,/home/camila/repos/confluentinc/schema-registry,io.confluent:kafka-schema-registry-parent:7.6.4-0,True,package-kafka-serde-tools,package-kafka-serde-tools,True,io.confluent:kafka-schema-registry-parent:7.6.4-0,True,listed-ok,
confluentinc,schema-registry,/home/camila/repos/confluentinc/schema-registry,io.confluent:kafka-schema-registry-parent:7.6.4-0,True,maven-plugin,maven-plugin,True,io.confluent:kafka-schema-registry-parent:7.6.4-0,True,listed-ok,
confluentinc,schema-registry,/home/camila/repos/confluentinc/schema-registry,io.confluent:kafka-schema-registry-parent:7.6.4-0,True,avro-serde,avro-serde,True,io.confluent:kafka-schema-registry-parent:7.6.4-0,True,listed-ok,
confluentinc,schema-registry,/home/camila/repos/confluentinc/schema-registry,io.confluent:kafka-schema-registry-parent:7.6.4-0,True,client-console-scripts,client-console-scripts,True,io.confluent:kafka-schema-registry-parent:7.6.4-0,True,listed-ok,
confluentinc,schema-registry,/home/camila/repos/confluentinc/schema-registry,io.confluent:kafka-schema-registry-parent:7.6.4-0,True,schema-registry-console-scripts,schema-registry-console-scripts,True,io.confluent:kafka-schema-registry-parent:7.6.4-0,True,listed-ok,
confluentinc,schema-registry,/home/camila/repos/confluentinc/schema-registry,io.confluent:kafka-schema-registry-parent:7.6.4-0,True,protobuf-converter,protobuf-converter,True,io.confluent:kafka-schema-registry-parent:7.6.4-0,True,listed-ok,
confluentinc,schema-registry,/home/camila/repos/confluentinc/schema-registry,io.confluent:kafka-schema-registry-parent:7.6.4-0,True,protobuf-provider,protobuf-provider,True,io.confluent:kafka-schema-registry-parent:7.6.4-0,True,listed-ok,
confluentinc,schema-registry,/home/camila/repos/confluentinc/schema-registry,io.confluent:kafka-schema-registry-parent:7.6.4-0,True,protobuf-serializer,protobuf-serializer,True,io.confluent:kafka-schema-registry-parent:7.6.4-0,True,listed-ok,
confluentinc,schema-registry,/home/camila/repos/confluentinc/schema-registry,io.confluent:kafka-schema-registry-parent:7.6.4-0,True,protobuf-serde,protobuf-serde,True,io.confluent:kafka-schema-registry-parent:7.6.4-0,True,listed-ok,
confluentinc,schema-registry,/home/camila/repos/confluentinc/schema-registry,io.confluent:kafka-schema-registry-parent:7.6.4-0,True,protobuf-types,protobuf-types,True,io.confluent:kafka-schema-registry-parent:7.6.4-0,True,listed-ok,
confluentinc,schema-registry,/home/camila/repos/confluentinc/schema-registry,io.confluent:kafka-schema-registry-parent:7.6.4-0,True,json-schema-converter,json-schema-converter,True,io.confluent:kafka-schema-registry-parent:7.6.4-0,True,listed-ok,
confluentinc,schema-registry,/home/camila/repos/confluentinc/schema-registry,io.confluent:kafka-schema-registry-parent:7.6.4-0,True,json-schema-provider,json-schema-provider,True,io.confluent:kafka-schema-registry-parent:7.6.4-0,True,listed-ok,
confluentinc,schema-registry,/home/camila/repos/confluentinc/schema-registry,io.confluent:kafka-schema-registry-parent:7.6.4-0,True,json-schema-serializer,json-schema-serializer,True,io.confluent:kafka-schema-registry-parent:7.6.4-0,True,listed-ok,
confluentinc,schema-registry,/home/camila/repos/confluentinc/schema-registry,io.confluent:kafka-schema-registry-parent:7.6.4-0,True,json-schema-serde,json-schema-serde,True,io.confluent:kafka-schema-registry-parent:7.6.4-0,True,listed-ok,
confluentinc,schema-registry,/home/camila/repos/confluentinc/schema-registry,io.confluent:kafka-schema-registry-parent:7.6.4-0,True,client-encryption-tink,client-encryption-tink,True,io.confluent:kafka-schema-registry-parent:7.6.4-0,True,listed-ok,
confluentinc,schema-registry,/home/camila/repos/confluentinc/schema-registry,io.confluent:kafka-schema-registry-parent:7.6.4-0,True,dek-registry-client,dek-registry-client,True,io.confluent:kafka-schema-registry-parent:7.6.4-0,True,listed-ok,
confluentinc,schema-registry,/home/camila/repos/confluentinc/schema-registry,io.confluent:kafka-schema-registry-parent:7.6.4-0,True,dek-registry,dek-registry,True,io.confluent:kafka-schema-registry-parent:7.6.4-0,True,listed-ok,
confluentinc,schema-registry,/home/camila/repos/confluentinc/schema-registry,io.confluent:kafka-schema-registry-parent:7.6.4-0,True,client-encryption-aws,client-encryption-aws,True,io.confluent:kafka-schema-registry-parent:7.6.4-0,True,listed-ok,
confluentinc,schema-registry,/home/camila/repos/confluentinc/schema-registry,io.confluent:kafka-schema-registry-parent:7.6.4-0,True,client-encryption-azure,client-encryption-azure,True,io.confluent:kafka-schema-registry-parent:7.6.4-0,True,listed-ok,
confluentinc,schema-registry,/home/camila/repos/confluentinc/schema-registry,io.confluent:kafka-schema-registry-parent:7.6.4-0,True,client-encryption-gcp,client-encryption-gcp,True,io.confluent:kafka-schema-registry-parent:7.6.4-0,True,listed-ok,
confluentinc,schema-registry,/home/camila/repos/confluentinc/schema-registry,io.confluent:kafka-schema-registry-parent:7.6.4-0,True,client-encryption-hcvault,client-encryption-hcvault,True,io.confluent:kafka-schema-registry-parent:7.6.4-0,True,listed-ok,
confluentinc,schema-registry,/home/camila/repos/confluentinc/schema-registry,io.confluent:kafka-schema-registry-parent:7.6.4-0,True,client-encryption,client-encryption,True,io.confluent:kafka-schema-registry-parent:7.6.4-0,True,listed-ok,
confluentinc,schema-registry,/home/camila/repos/confluentinc/schema-registry,io.confluent:kafka-schema-registry-parent:7.6.4-0,True,benchmark,benchmark,True,io.confluent:kafka-schema-registry-parent:7.6.4-0,True,listed-ok,
confluentinc,ksql,/home/camila/repos/confluentinc/ksql,io.confluent.ksql:ksqldb-parent:7.9.0-0,True,ksqldb-stream-lib,ksqldb-stream-lib,True,io.confluent.ksql:ksqldb-parent:7.9.0-0,True,listed-ok,
confluentinc,ksql,/home/camila/repos/confluentinc/ksql,io.confluent.ksql:ksqldb-parent:7.9.0-0,True,ksqldb-udf,ksqldb-udf,True,io.confluent.ksql:ksqldb-parent:7.9.0-0,True,listed-ok,
confluentinc,ksql,/home/camila/repos/confluentinc/ksql,io.confluent.ksql:ksqldb-parent:7.9.0-0,True,ksqldb-common,ksqldb-common,True,io.confluent.ksql:ksqldb-parent:7.9.0-0,True,listed-ok,
confluentinc,ksql,/home/camila/repos/confluentinc/ksql,io.confluent.ksql:ksqldb-parent:7.9.0-0,True,ksqldb-udf-quickstart,ksqldb-udf-quickstart,True,io.confluent.ksql:ksqldb-parent:7.9.0-0,True,listed-ok,
confluentinc,ksql,/home/camila/repos/confluentinc/ksql,io.confluent.ksql:ksqldb-parent:7.9.0-0,True,ksqldb-serde,ksqldb-serde,True,io.confluent.ksql:ksqldb-parent:7.9.0-0,True,listed-ok,
confluentinc,ksql,/home/camila/repos/confluentinc/ksql,io.confluent.ksql:ksqldb-parent:7.9.0-0,True,ksqldb-metastore,ksqldb-metastore,True,io.confluent.ksql:ksqldb-parent:7.9.0-0,True,listed-ok,
confluentinc,ksql,/home/camila/repos/confluentinc/ksql,io.confluent.ksql:ksqldb-parent:7.9.0-0,True,ksqldb-execution,ksqldb-execution,True,io.confluent.ksql:ksqldb-parent:7.9.0-0,True,listed-ok,
confluentinc,ksql,/home/camila/repos/confluentinc/ksql,io.confluent.ksql:ksqldb-parent:7.9.0-0,True,ksqldb-parser,ksqldb-parser,True,io.confluent.ksql:ksqldb-parent:7.9.0-0,True,listed-ok,
confluentinc,ksql,/home/camila/repos/confluentinc/ksql,io.confluent.ksql:ksqldb-parent:7.9.0-0,True,ksqldb-streams,ksqldb-streams,True,io.confluent.ksql:ksqldb-parent:7.9.0-0,True,listed-ok,
confluentinc,ksql,/home/camila/repos/confluentinc/ksql,io.confluent.ksql:ksqldb-parent:7.9.0-0,True,ksqldb-engine,ksqldb-engine,True,io.confluent.ksql:ksqldb-parent:7.9.0-0,True,listed-ok,
confluentinc,ksql,/home/camila/repos/confluentinc/ksql,io.confluent.ksql:ksqldb-parent:7.9.0-0,True,ksqldb-tools,ksqldb-tools,True,io.confluent.ksql:ksqldb-parent:7.9.0-0,True,listed-ok,
confluentinc,ksql,/home/camila/repos/confluentinc/ksql,io.confluent.ksql:ksqldb-parent:7.9.0-0,True,ksqldb-cli,ksqldb-cli,True,io.confluent.ksql:ksqldb-parent:7.9.0-0,True,listed-ok,
confluentinc,ksql,/home/camila/repos/confluentinc/ksql,io.confluent.ksql:ksqldb-parent:7.9.0-0,True,ksqldb-examples,ksqldb-examples,True,io.confluent.ksql:ksqldb-parent:7.9.0-0,True,listed-ok,
confluentinc,ksql,/home/camila/repos/confluentinc/ksql,io.confluent.ksql:ksqldb-parent:7.9.0-0,True,ksqldb-rest-model,ksqldb-rest-model,True,io.confluent.ksql:ksqldb-parent:7.9.0-0,True,listed-ok,
confluentinc,ksql,/home/camila/repos/confluentinc/ksql,io.confluent.ksql:ksqldb-parent:7.9.0-0,True,ksqldb-rest-client,ksqldb-rest-client,True,io.confluent.ksql:ksqldb-parent:7.9.0-0,True,listed-ok,
confluentinc,ksql,/home/camila/repos/confluentinc/ksql,io.confluent.ksql:ksqldb-parent:7.9.0-0,True,ksqldb-rest-app,ksqldb-rest-app,True,io.confluent.ksql:ksqldb-parent:7.9.0-0,True,listed-ok,
confluentinc,ksql,/home/camila/repos/confluentinc/ksql,io.confluent.ksql:ksqldb-parent:7.9.0-0,True,ksqldb-version-metrics-client,ksqldb-version-metrics-client,True,io.confluent.ksql:ksqldb-parent:7.9.0-0,True,listed-ok,
confluentinc,ksql,/home/camila/repos/confluentinc/ksql,io.confluent.ksql:ksqldb-parent:7.9.0-0,True,ksqldb-console-scripts,ksqldb-console-scripts,True,io.confluent.ksql:ksqldb-parent:7.9.0-0,True,listed-ok,
confluentinc,ksql,/home/camila/repos/confluentinc/ksql,io.confluent.ksql:ksqldb-parent:7.9.0-0,True,ksqldb-etc,ksqldb-etc,True,io.confluent.ksql:ksqldb-parent:7.9.0-0,True,listed-ok,
confluentinc,ksql,/home/camila/repos/confluentinc/ksql,io.confluent.ksql:ksqldb-parent:7.9.0-0,True,ksqldb-package,ksqldb-package,True,io.confluent.ksql:ksqldb-parent:7.9.0-0,True,listed-ok,
confluentinc,ksql,/home/camila/repos/confluentinc/ksql,io.confluent.ksql:ksqldb-parent:7.9.0-0,True,ksqldb-test-util,ksqldb-test-util,True,io.confluent.ksql:ksqldb-parent:7.9.0-0,True,listed-ok,
confluentinc,ksql,/home/camila/repos/confluentinc/ksql,io.confluent.ksql:ksqldb-parent:7.9.0-0,True,ksqldb-benchmark,ksqldb-benchmark,True,io.confluent.ksql:ksqldb-parent:7.9.0-0,True,listed-ok,
confluentinc,ksql,/home/camila/repos/confluentinc/ksql,io.confluent.ksql:ksqldb-parent:7.9.0-0,True,ksqldb-functional-tests,ksqldb-functional-tests,True,io.confluent.ksql:ksqldb-parent:7.9.0-0,True,listed-ok,
confluentinc,ksql,/home/camila/repos/confluentinc/ksql,io.confluent.ksql:ksqldb-parent:7.9.0-0,True,ksqldb-rocksdb-config-setter,ksqldb-rocksdb-config-setter,True,io.confluent.ksql:ksqldb-parent:7.9.0-0,True,listed-ok,
confluentinc,ksql,/home/camila/repos/confluentinc/ksql,io.confluent.ksql:ksqldb-parent:7.9.0-0,True,ksqldb-docker,ksqldb-docker,True,io.confluent.ksql:ksqldb-parent:7.9.0-0,True,listed-ok,
confluentinc,ksql,/home/camila/repos/confluentinc/ksql,io.confluent.ksql:ksqldb-parent:7.9.0-0,True,ksqldb-api-reactive-streams-tck,ksqldb-api-reactive-streams-tck,True,io.confluent.ksql:ksqldb-parent:7.9.0-0,True,listed-ok,
confluentinc,ksql,/home/camila/repos/confluentinc/ksql,io.confluent.ksql:ksqldb-parent:7.9.0-0,True,ksqldb-api-client,ksqldb-api-client,True,io.confluent.ksql:ksqldb-parent:7.9.0-0,True,listed-ok,
confluentinc,ksql,/home/camila/repos/confluentinc/ksql,io.confluent.ksql:ksqldb-parent:7.9.0-0,True,ksqldb-engine-common,ksqldb-engine-common,True,io.confluent.ksql:ksqldb-parent:7.9.0-0,True,listed-ok,
confluentinc,ksql,/home/camila/repos/confluentinc/ksql,io.confluent.ksql:ksqldb-parent:7.9.0-0,True,ksqldb-testing-tool,ksqldb-testing-tool,True,io.confluent.ksql:ksqldb-parent:7.9.0-0,True,listed-ok,
crate,crate,/home/camila/repos/crate/crate,io.crate:crate:5.8.4,True,libs/shared,libs/shared,False,?:?:?,False,listed-nested-path,nested-module-path
crate,crate,/home/camila/repos/crate/crate,io.crate:crate:5.8.4,True,libs/dex,libs/dex,False,?:?:?,False,listed-nested-path,nested-module-path
crate,crate,/home/camila/repos/crate/crate,io.crate:crate:5.8.4,True,libs/es-x-content,libs/es-x-content,False,?:?:?,False,listed-nested-path,nested-module-path
crate,crate,/home/camila/repos/crate/crate,io.crate:crate:5.8.4,True,libs/cli,libs/cli,False,?:?:?,False,listed-nested-path,nested-module-path
crate,crate,/home/camila/repos/crate/crate,io.crate:crate:5.8.4,True,libs/guice,libs/guice,False,?:?:?,False,listed-nested-path,nested-module-path
crate,crate,/home/camila/repos/crate/crate,io.crate:crate:5.8.4,True,libs/sql-parser,libs/sql-parser,False,?:?:?,False,listed-nested-path,nested-module-path
crate,crate,/home/camila/repos/crate/crate,io.crate:crate:5.8.4,True,libs/pgwire,libs/pgwire,False,?:?:?,False,listed-nested-path,nested-module-path
crate,crate,/home/camila/repos/crate/crate,io.crate:crate:5.8.4,True,server,server,True,io.crate:crate:5.8.4,True,listed-ok,
crate,crate,/home/camila/repos/crate/crate,io.crate:crate:5.8.4,True,plugins/es-analysis-common,plugins/es-analysis-common,False,?:?:?,False,listed-nested-path,nested-module-path
crate,crate,/home/camila/repos/crate/crate,io.crate:crate:5.8.4,True,plugins/es-analysis-phonetic,plugins/es-analysis-phonetic,False,?:?:?,False,listed-nested-path,nested-module-path
crate,crate,/home/camila/repos/crate/crate,io.crate:crate:5.8.4,True,plugins/es-discovery-ec2,plugins/es-discovery-ec2,False,?:?:?,False,listed-nested-path,nested-module-path
crate,crate,/home/camila/repos/crate/crate,io.crate:crate:5.8.4,True,plugins/es-repository-s3,plugins/es-repository-s3,False,?:?:?,False,listed-nested-path,nested-module-path
crate,crate,/home/camila/repos/crate/crate,io.crate:crate:5.8.4,True,plugins/es-repository-url,plugins/es-repository-url,False,?:?:?,False,listed-nested-path,nested-module-path
crate,crate,/home/camila/repos/crate/crate,io.crate:crate:5.8.4,True,plugins/es-repository-azure,plugins/es-repository-azure,False,?:?:?,False,listed-nested-path,nested-module-path
crate,crate,/home/camila/repos/crate/crate,io.crate:crate:5.8.4,True,plugins/repository-gcs,plugins/repository-gcs,False,?:?:?,False,listed-nested-path,nested-module-path
crate,crate,/home/camila/repos/crate/crate,io.crate:crate:5.8.4,True,plugins/dns-discovery,plugins/dns-discovery,False,?:?:?,False,listed-nested-path,nested-module-path
crate,crate,/home/camila/repos/crate/crate,io.crate:crate:5.8.4,True,plugins/cr8-copy-s3,plugins/cr8-copy-s3,False,?:?:?,False,listed-nested-path,nested-module-path
crate,crate,/home/camila/repos/crate/crate,io.crate:crate:5.8.4,True,extensions/functions,extensions/functions,False,?:?:?,False,listed-nested-path,nested-module-path
crate,crate,/home/camila/repos/crate/crate,io.crate:crate:5.8.4,True,extensions/lang-js,extensions/lang-js,False,?:?:?,False,listed-nested-path,nested-module-path
crate,crate,/home/camila/repos/crate/crate,io.crate:crate:5.8.4,True,extensions/jmx-monitoring,extensions/jmx-monitoring,False,?:?:?,False,listed-nested-path,nested-module-path
crate,crate,/home/camila/repos/crate/crate,io.crate:crate:5.8.4,True,jlink-jdk,jlink-jdk,True,io.crate:crate:5.8.4,True,listed-ok,
crate,crate,/home/camila/repos/crate/crate,io.crate:crate:5.8.4,True,app,app,True,io.crate:crate:5.8.4,True,listed-ok,
crate,crate,/home/camila/repos/crate/crate,io.crate:crate:5.8.4,True,benchmarks,benchmarks,True,io.crate:crate:5.8.4,True,listed-ok,
cucumber,cucumber-jvm,/home/camila/repos/cucumber/cucumber-jvm,io.cucumber:cucumber-jvm:7.19.1-SNAPSHOT,True,cucumber-archetype,cucumber-archetype,True,io.cucumber:cucumber-jvm:7.19.1-SNAPSHOT,True,listed-ok,
cucumber,cucumber-jvm,/home/camila/repos/cucumber/cucumber-jvm,io.cucumber:cucumber-jvm:7.19.1-SNAPSHOT,True,cucumber-bom,cucumber-bom,True,io.cucumber:cucumber-jvm:7.19.1-SNAPSHOT,True,listed-ok,
cucumber,cucumber-jvm,/home/camila/repos/cucumber/cucumber-jvm,io.cucumber:cucumber-jvm:7.19.1-SNAPSHOT,True,cucumber-cdi2,cucumber-cdi2,True,io.cucumber:cucumber-jvm:7.19.1-SNAPSHOT,True,listed-ok,
cucumber,cucumber-jvm,/home/camila/repos/cucumber/cucumber-jvm,io.cucumber:cucumber-jvm:7.19.1-SNAPSHOT,True,cucumber-core,cucumber-core,True,io.cucumber:cucumber-jvm:7.19.1-SNAPSHOT,True,listed-ok,
cucumber,cucumber-jvm,/home/camila/repos/cucumber/cucumber-jvm,io.cucumber:cucumber-jvm:7.19.1-SNAPSHOT,True,cucumber-deltaspike,cucumber-deltaspike,True,io.cucumber:cucumber-jvm:7.19.1-SNAPSHOT,True,listed-ok,
cucumber,cucumber-jvm,/home/camila/repos/cucumber/cucumber-jvm,io.cucumber:cucumber-jvm:7.19.1-SNAPSHOT,True,cucumber-gherkin,cucumber-gherkin,True,io.cucumber:cucumber-jvm:7.19.1-SNAPSHOT,True,listed-ok,
cucumber,cucumber-jvm,/home/camila/repos/cucumber/cucumber-jvm,io.cucumber:cucumber-jvm:7.19.1-SNAPSHOT,True,cucumber-gherkin-messages,cucumber-gherkin-messages,True,io.cucumber:cucumber-jvm:7.19.1-SNAPSHOT,True,listed-ok,
cucumber,cucumber-jvm,/home/camila/repos/cucumber/cucumber-jvm,io.cucumber:cucumber-jvm:7.19.1-SNAPSHOT,True,cucumber-guice,cucumber-guice,True,io.cucumber:cucumber-jvm:7.19.1-SNAPSHOT,True,listed-ok,
cucumber,cucumber-jvm,/home/camila/repos/cucumber/cucumber-jvm,io.cucumber:cucumber-jvm:7.19.1-SNAPSHOT,True,cucumber-jakarta-cdi,cucumber-jakarta-cdi,True,io.cucumber:cucumber-jvm:7.19.1-SNAPSHOT,True,listed-ok,
cucumber,cucumber-jvm,/home/camila/repos/cucumber/cucumber-jvm,io.cucumber:cucumber-jvm:7.19.1-SNAPSHOT,True,cucumber-jakarta-openejb,cucumber-jakarta-openejb,True,io.cucumber:cucumber-jvm:7.19.1-SNAPSHOT,True,listed-ok,
cucumber,cucumber-jvm,/home/camila/repos/cucumber/cucumber-jvm,io.cucumber:cucumber-jvm:7.19.1-SNAPSHOT,True,cucumber-java8,cucumber-java8,True,io.cucumber:cucumber-jvm:7.19.1-SNAPSHOT,True,listed-ok,
cucumber,cucumber-jvm,/home/camila/repos/cucumber/cucumber-jvm,io.cucumber:cucumber-jvm:7.19.1-SNAPSHOT,True,cucumber-java,cucumber-java,True,io.cucumber:cucumber-jvm:7.19.1-SNAPSHOT,True,listed-ok,
cucumber,cucumber-jvm,/home/camila/repos/cucumber/cucumber-jvm,io.cucumber:cucumber-jvm:7.19.1-SNAPSHOT,True,cucumber-junit,cucumber-junit,True,io.cucumber:cucumber-jvm:7.19.1-SNAPSHOT,True,listed-ok,
cucumber,cucumber-jvm,/home/camila/repos/cucumber/cucumber-jvm,io.cucumber:cucumber-jvm:7.19.1-SNAPSHOT,True,cucumber-junit-platform-engine,cucumber-junit-platform-engine,True,io.cucumber:cucumber-jvm:7.19.1-SNAPSHOT,True,listed-ok,
cucumber,cucumber-jvm,/home/camila/repos/cucumber/cucumber-jvm,io.cucumber:cucumber-jvm:7.19.1-SNAPSHOT,True,cucumber-kotlin-java8,cucumber-kotlin-java8,True,io.cucumber:cucumber-jvm:7.19.1-SNAPSHOT,True,listed-ok,
cucumber,cucumber-jvm,/home/camila/repos/cucumber/cucumber-jvm,io.cucumber:cucumber-jvm:7.19.1-SNAPSHOT,True,cucumber-openejb,cucumber-openejb,True,io.cucumber:cucumber-jvm:7.19.1-SNAPSHOT,True,listed-ok,
cucumber,cucumber-jvm,/home/camila/repos/cucumber/cucumber-jvm,io.cucumber:cucumber-jvm:7.19.1-SNAPSHOT,True,cucumber-picocontainer,cucumber-picocontainer,True,io.cucumber:cucumber-jvm:7.19.1-SNAPSHOT,True,listed-ok,
cucumber,cucumber-jvm,/home/camila/repos/cucumber/cucumber-jvm,io.cucumber:cucumber-jvm:7.19.1-SNAPSHOT,True,cucumber-plugin,cucumber-plugin,True,io.cucumber:cucumber-jvm:7.19.1-SNAPSHOT,True,listed-ok,
cucumber,cucumber-jvm,/home/camila/repos/cucumber/cucumber-jvm,io.cucumber:cucumber-jvm:7.19.1-SNAPSHOT,True,cucumber-spring,cucumber-spring,True,io.cucumber:cucumber-jvm:7.19.1-SNAPSHOT,True,listed-ok,
cucumber,cucumber-jvm,/home/camila/repos/cucumber/cucumber-jvm,io.cucumber:cucumber-jvm:7.19.1-SNAPSHOT,True,cucumber-testng,cucumber-testng,True,io.cucumber:cucumber-jvm:7.19.1-SNAPSHOT,True,listed-ok,
cucumber,cucumber-jvm,/home/camila/repos/cucumber/cucumber-jvm,io.cucumber:cucumber-jvm:7.19.1-SNAPSHOT,True,datatable,datatable,True,io.cucumber:cucumber-jvm:7.19.1-SNAPSHOT,True,listed-ok,
cucumber,cucumber-jvm,/home/camila/repos/cucumber/cucumber-jvm,io.cucumber:cucumber-jvm:7.19.1-SNAPSHOT,True,datatable-matchers,datatable-matchers,True,io.cucumber:cucumber-jvm:7.19.1-SNAPSHOT,True,listed-ok,
cucumber,cucumber-jvm,/home/camila/repos/cucumber/cucumber-jvm,io.cucumber:cucumber-jvm:7.19.1-SNAPSHOT,True,docstring,docstring,True,io.cucumber:cucumber-jvm:7.19.1-SNAPSHOT,True,listed-ok,
cucumber,cucumber-jvm,/home/camila/repos/cucumber/cucumber-jvm,io.cucumber:cucumber-jvm:7.19.1-SNAPSHOT,False,compatibility,compatibility,True,io.cucumber:cucumber-jvm:7.19.1-SNAPSHOT,True,unlisted-child-with-root-parent,unlisted-but-parent-matches-root
cucumber,cucumber-jvm,/home/camila/repos/cucumber/cucumber-jvm,io.cucumber:cucumber-jvm:7.19.1-SNAPSHOT,False,examples,examples,True,io.cucumber:cucumber-jvm:7.19.1-SNAPSHOT,True,unlisted-child-with-root-parent,unlisted-but-parent-matches-root
danfickle,openhtmltopdf,/home/camila/repos/danfickle/openhtmltopdf,com.openhtmltopdf:openhtmltopdf-parent:1.0.11-SNAPSHOT,True,openhtmltopdf-core,openhtmltopdf-core,True,com.openhtmltopdf:openhtmltopdf-parent:1.0.11-SNAPSHOT,True,listed-ok,
danfickle,openhtmltopdf,/home/camila/repos/danfickle/openhtmltopdf,com.openhtmltopdf:openhtmltopdf-parent:1.0.11-SNAPSHOT,True,openhtmltopdf-slf4j,openhtmltopdf-slf4j,True,com.openhtmltopdf:openhtmltopdf-parent:1.0.11-SNAPSHOT,True,listed-ok,
danfickle,openhtmltopdf,/home/camila/repos/danfickle/openhtmltopdf,com.openhtmltopdf:openhtmltopdf-parent:1.0.11-SNAPSHOT,True,openhtmltopdf-examples,openhtmltopdf-examples,True,com.openhtmltopdf:openhtmltopdf-parent:1.0.11-SNAPSHOT,True,listed-ok,
danfickle,openhtmltopdf,/home/camila/repos/danfickle/openhtmltopdf,com.openhtmltopdf:openhtmltopdf-parent:1.0.11-SNAPSHOT,True,openhtmltopdf-pdfbox,openhtmltopdf-pdfbox,True,com.openhtmltopdf:openhtmltopdf-parent:1.0.11-SNAPSHOT,True,listed-ok,
danfickle,openhtmltopdf,/home/camila/repos/danfickle/openhtmltopdf,com.openhtmltopdf:openhtmltopdf-parent:1.0.11-SNAPSHOT,True,openhtmltopdf-rtl-support,openhtmltopdf-rtl-support,True,com.openhtmltopdf:openhtmltopdf-parent:1.0.11-SNAPSHOT,True,listed-ok,
danfickle,openhtmltopdf,/home/camila/repos/danfickle/openhtmltopdf,com.openhtmltopdf:openhtmltopdf-parent:1.0.11-SNAPSHOT,True,openhtmltopdf-svg-support,openhtmltopdf-svg-support,True,com.openhtmltopdf:openhtmltopdf-parent:1.0.11-SNAPSHOT,True,listed-ok,
danfickle,openhtmltopdf,/home/camila/repos/danfickle/openhtmltopdf,com.openhtmltopdf:openhtmltopdf-parent:1.0.11-SNAPSHOT,True,openhtmltopdf-java2d,openhtmltopdf-java2d,True,com.openhtmltopdf:openhtmltopdf-parent:1.0.11-SNAPSHOT,True,listed-ok,
danfickle,openhtmltopdf,/home/camila/repos/danfickle/openhtmltopdf,com.openhtmltopdf:openhtmltopdf-parent:1.0.11-SNAPSHOT,True,openhtmltopdf-objects,openhtmltopdf-objects,True,com.openhtmltopdf:openhtmltopdf-parent:1.0.11-SNAPSHOT,True,listed-ok,
danfickle,openhtmltopdf,/home/camila/repos/danfickle/openhtmltopdf,com.openhtmltopdf:openhtmltopdf-parent:1.0.11-SNAPSHOT,True,openhtmltopdf-mathml-support,openhtmltopdf-mathml-support,True,com.openhtmltopdf:openhtmltopdf-parent:1.0.11-SNAPSHOT,True,listed-ok,
danfickle,openhtmltopdf,/home/camila/repos/danfickle/openhtmltopdf,com.openhtmltopdf:openhtmltopdf-parent:1.0.11-SNAPSHOT,True,openhtmltopdf-latex-support,openhtmltopdf-latex-support,True,com.openhtmltopdf:openhtmltopdf-parent:1.0.11-SNAPSHOT,True,listed-ok,
danfickle,openhtmltopdf,/home/camila/repos/danfickle/openhtmltopdf,com.openhtmltopdf:openhtmltopdf-parent:1.0.11-SNAPSHOT,True,openhtmltopdf-pdfa-testing,openhtmltopdf-pdfa-testing,True,com.openhtmltopdf:openhtmltopdf-parent:1.0.11-SNAPSHOT,True,listed-ok,
danfickle,openhtmltopdf,/home/camila/repos/danfickle/openhtmltopdf,com.openhtmltopdf:openhtmltopdf-parent:1.0.11-SNAPSHOT,True,openhtmltopdf-templates,openhtmltopdf-templates,True,com.openhtmltopdf:openhtmltopdf-parent:1.0.11-SNAPSHOT,True,listed-ok,
dbeaver,dbeaver,/home/camila/repos/dbeaver/dbeaver,org.jkiss.dbeaver:dbeaver:1.0.0-SNAPSHOT,True,plugins,plugins,True,org.jkiss.dbeaver:dbeaver:1.0.0-SNAPSHOT,True,listed-ok,
dbeaver,dbeaver,/home/camila/repos/dbeaver/dbeaver,org.jkiss.dbeaver:dbeaver:1.0.0-SNAPSHOT,True,plugins-dev,plugins-dev,True,org.jkiss.dbeaver:dbeaver:1.0.0-SNAPSHOT,True,listed-ok,
dbeaver,dbeaver,/home/camila/repos/dbeaver/dbeaver,org.jkiss.dbeaver:dbeaver:1.0.0-SNAPSHOT,True,features,features,True,org.jkiss.dbeaver:dbeaver:1.0.0-SNAPSHOT,True,listed-ok,
dbeaver,dbeaver,/home/camila/repos/dbeaver/dbeaver,org.jkiss.dbeaver:dbeaver:1.0.0-SNAPSHOT,False,test,test,True,org.jkiss.dbeaver:dbeaver:1.0.0-SNAPSHOT,True,unlisted-child-with-root-parent,unlisted-but-parent-matches-root
debezium,debezium,/home/camila/repos/debezium/debezium,io.debezium:debezium-build-parent:3.0.0-SNAPSHOT,True,debezium-bom,debezium-bom,True,io.debezium:debezium-build-parent:3.0.0-SNAPSHOT,True,listed-ok,
debezium,debezium,/home/camila/repos/debezium/debezium,io.debezium:debezium-build-parent:3.0.0-SNAPSHOT,True,debezium-parent,debezium-parent,True,io.debezium:debezium-build-parent:3.0.0-SNAPSHOT,True,listed-ok,
debezium,debezium,/home/camila/repos/debezium/debezium,io.debezium:debezium-build-parent:3.0.0-SNAPSHOT,True,support/checkstyle,support/checkstyle,False,?:?:?,False,listed-nested-path,nested-module-path
debezium,debezium,/home/camila/repos/debezium/debezium,io.debezium:debezium-build-parent:3.0.0-SNAPSHOT,True,support/ide-configs,support/ide-configs,False,?:?:?,False,listed-nested-path,nested-module-path
debezium,debezium,/home/camila/repos/debezium/debezium,io.debezium:debezium-build-parent:3.0.0-SNAPSHOT,True,support/revapi,support/revapi,False,?:?:?,False,listed-nested-path,nested-module-path
debezium,debezium,/home/camila/repos/debezium/debezium,io.debezium:debezium-build-parent:3.0.0-SNAPSHOT,True,debezium-api,debezium-api,True,io.debezium:debezium-parent:3.0.0-SNAPSHOT,False,listed-parent-mismatch,parent-ga-mismatch
debezium,debezium,/home/camila/repos/debezium/debezium,io.debezium:debezium-build-parent:3.0.0-SNAPSHOT,True,debezium-ddl-parser,debezium-ddl-parser,True,io.debezium:debezium-parent:3.0.0-SNAPSHOT,False,listed-parent-mismatch,parent-ga-mismatch
debezium,debezium,/home/camila/repos/debezium/debezium,io.debezium:debezium-build-parent:3.0.0-SNAPSHOT,True,debezium-assembly-descriptors,debezium-assembly-descriptors,True,io.debezium:debezium-parent:3.0.0-SNAPSHOT,False,listed-parent-mismatch,parent-ga-mismatch
debezium,debezium,/home/camila/repos/debezium/debezium,io.debezium:debezium-build-parent:3.0.0-SNAPSHOT,True,debezium-core,debezium-core,True,io.debezium:debezium-parent:3.0.0-SNAPSHOT,False,listed-parent-mismatch,parent-ga-mismatch
debezium,debezium,/home/camila/repos/debezium/debezium,io.debezium:debezium-build-parent:3.0.0-SNAPSHOT,True,debezium-embedded,debezium-embedded,True,io.debezium:debezium-parent:3.0.0-SNAPSHOT,False,listed-parent-mismatch,parent-ga-mismatch
debezium,debezium,/home/camila/repos/debezium/debezium,io.debezium:debezium-build-parent:3.0.0-SNAPSHOT,True,debezium-connector-mysql,debezium-connector-mysql,True,io.debezium:debezium-parent:3.0.0-SNAPSHOT,False,listed-parent-mismatch,parent-ga-mismatch
debezium,debezium,/home/camila/repos/debezium/debezium,io.debezium:debezium-build-parent:3.0.0-SNAPSHOT,True,debezium-connector-postgres,debezium-connector-postgres,True,io.debezium:debezium-parent:3.0.0-SNAPSHOT,False,listed-parent-mismatch,parent-ga-mismatch
debezium,debezium,/home/camila/repos/debezium/debezium,io.debezium:debezium-build-parent:3.0.0-SNAPSHOT,True,debezium-connector-mongodb,debezium-connector-mongodb,True,io.debezium:debezium-parent:3.0.0-SNAPSHOT,False,listed-parent-mismatch,parent-ga-mismatch
debezium,debezium,/home/camila/repos/debezium/debezium,io.debezium:debezium-build-parent:3.0.0-SNAPSHOT,True,debezium-connector-sqlserver,debezium-connector-sqlserver,True,io.debezium:debezium-parent:3.0.0-SNAPSHOT,False,listed-parent-mismatch,parent-ga-mismatch
debezium,debezium,/home/camila/repos/debezium/debezium,io.debezium:debezium-build-parent:3.0.0-SNAPSHOT,True,debezium-connector-oracle,debezium-connector-oracle,True,io.debezium:debezium-parent:3.0.0-SNAPSHOT,False,listed-parent-mismatch,parent-ga-mismatch
debezium,debezium,/home/camila/repos/debezium/debezium,io.debezium:debezium-build-parent:3.0.0-SNAPSHOT,True,debezium-connector-binlog,debezium-connector-binlog,True,io.debezium:debezium-parent:3.0.0-SNAPSHOT,False,listed-parent-mismatch,parent-ga-mismatch
debezium,debezium,/home/camila/repos/debezium/debezium,io.debezium:debezium-build-parent:3.0.0-SNAPSHOT,True,debezium-connector-mariadb,debezium-connector-mariadb,True,io.debezium:debezium-parent:3.0.0-SNAPSHOT,False,listed-parent-mismatch,parent-ga-mismatch
debezium,debezium,/home/camila/repos/debezium/debezium,io.debezium:debezium-build-parent:3.0.0-SNAPSHOT,True,debezium-connector-jdbc,debezium-connector-jdbc,True,io.debezium:debezium-parent:3.0.0-SNAPSHOT,False,listed-parent-mismatch,parent-ga-mismatch
debezium,debezium,/home/camila/repos/debezium/debezium,io.debezium:debezium-build-parent:3.0.0-SNAPSHOT,True,debezium-microbenchmark-engine,debezium-microbenchmark-engine,True,io.debezium:debezium-parent:3.0.0-SNAPSHOT,False,listed-parent-mismatch,parent-ga-mismatch
debezium,debezium,/home/camila/repos/debezium/debezium,io.debezium:debezium-build-parent:3.0.0-SNAPSHOT,True,debezium-microbenchmark,debezium-microbenchmark,True,io.debezium:debezium-parent:3.0.0-SNAPSHOT,False,listed-parent-mismatch,parent-ga-mismatch
debezium,debezium,/home/camila/repos/debezium/debezium,io.debezium:debezium-build-parent:3.0.0-SNAPSHOT,True,debezium-microbenchmark-oracle,debezium-microbenchmark-oracle,True,io.debezium:debezium-parent:3.0.0-SNAPSHOT,False,listed-parent-mismatch,parent-ga-mismatch
debezium,debezium,/home/camila/repos/debezium/debezium,io.debezium:debezium-build-parent:3.0.0-SNAPSHOT,True,debezium-quarkus-outbox-common,debezium-quarkus-outbox-common,True,io.debezium:debezium-parent:3.0.0-SNAPSHOT,False,listed-parent-mismatch,parent-ga-mismatch
debezium,debezium,/home/camila/repos/debezium/debezium,io.debezium:debezium-build-parent:3.0.0-SNAPSHOT,True,debezium-quarkus-outbox,debezium-quarkus-outbox,True,io.debezium:debezium-parent:3.0.0-SNAPSHOT,False,listed-parent-mismatch,parent-ga-mismatch
debezium,debezium,/home/camila/repos/debezium/debezium,io.debezium:debezium-build-parent:3.0.0-SNAPSHOT,True,debezium-quarkus-outbox-reactive,debezium-quarkus-outbox-reactive,True,io.debezium:debezium-parent:3.0.0-SNAPSHOT,False,listed-parent-mismatch,parent-ga-mismatch
debezium,debezium,/home/camila/repos/debezium/debezium,io.debezium:debezium-build-parent:3.0.0-SNAPSHOT,True,debezium-scripting,debezium-scripting,True,io.debezium:debezium-parent:3.0.0-SNAPSHOT,False,listed-parent-mismatch,parent-ga-mismatch
debezium,debezium,/home/camila/repos/debezium/debezium,io.debezium:debezium-build-parent:3.0.0-SNAPSHOT,True,debezium-testing,debezium-testing,True,io.debezium:debezium-parent:3.0.0-SNAPSHOT,False,listed-parent-mismatch,parent-ga-mismatch
debezium,debezium,/home/camila/repos/debezium/debezium,io.debezium:debezium-build-parent:3.0.0-SNAPSHOT,True,debezium-connect-rest-extension,debezium-connect-rest-extension,True,io.debezium:debezium-parent:3.0.0-SNAPSHOT,False,listed-parent-mismatch,parent-ga-mismatch
debezium,debezium,/home/camila/repos/debezium/debezium,io.debezium:debezium-build-parent:3.0.0-SNAPSHOT,True,debezium-schema-generator,debezium-schema-generator,True,io.debezium:debezium-parent:3.0.0-SNAPSHOT,False,listed-parent-mismatch,parent-ga-mismatch
debezium,debezium,/home/camila/repos/debezium/debezium,io.debezium:debezium-build-parent:3.0.0-SNAPSHOT,True,debezium-storage,debezium-storage,True,io.debezium:debezium-parent:3.0.0-SNAPSHOT,False,listed-parent-mismatch,parent-ga-mismatch
debezium,debezium,/home/camila/repos/debezium/debezium,io.debezium:debezium-build-parent:3.0.0-SNAPSHOT,True,debezium-interceptor,debezium-interceptor,True,io.debezium:debezium-parent:3.0.0-SNAPSHOT,False,listed-parent-mismatch,parent-ga-mismatch
docker-java,docker-java,/home/camila/repos/docker-java/docker-java,com.github.docker-java:docker-java-parent:0-SNAPSHOT,True,docker-java-api,docker-java-api,True,com.github.docker-java:docker-java-parent:0-SNAPSHOT,True,listed-ok,
docker-java,docker-java,/home/camila/repos/docker-java/docker-java,com.github.docker-java:docker-java-parent:0-SNAPSHOT,True,docker-java-bom,docker-java-bom,True,com.github.docker-java:docker-java-parent:0-SNAPSHOT,True,listed-ok,
docker-java,docker-java,/home/camila/repos/docker-java/docker-java,com.github.docker-java:docker-java-parent:0-SNAPSHOT,True,docker-java-core,docker-java-core,True,com.github.docker-java:docker-java-parent:0-SNAPSHOT,True,listed-ok,
docker-java,docker-java,/home/camila/repos/docker-java/docker-java,com.github.docker-java:docker-java-parent:0-SNAPSHOT,True,docker-java-transport,docker-java-transport,True,com.github.docker-java:docker-java-parent:0-SNAPSHOT,True,listed-ok,
docker-java,docker-java,/home/camila/repos/docker-java/docker-java,com.github.docker-java:docker-java-parent:0-SNAPSHOT,True,docker-java-transport-tck,docker-java-transport-tck,True,com.github.docker-java:docker-java-parent:0-SNAPSHOT,True,listed-ok,
docker-java,docker-java,/home/camila/repos/docker-java/docker-java,com.github.docker-java:docker-java-parent:0-SNAPSHOT,True,docker-java-transport-netty,docker-java-transport-netty,True,com.github.docker-java:docker-java-parent:0-SNAPSHOT,True,listed-ok,
docker-java,docker-java,/home/camila/repos/docker-java/docker-java,com.github.docker-java:docker-java-parent:0-SNAPSHOT,True,docker-java-transport-jersey,docker-java-transport-jersey,True,com.github.docker-java:docker-java-parent:0-SNAPSHOT,True,listed-ok,
docker-java,docker-java,/home/camila/repos/docker-java/docker-java,com.github.docker-java:docker-java-parent:0-SNAPSHOT,True,docker-java-transport-okhttp,docker-java-transport-okhttp,True,com.github.docker-java:docker-java-parent:0-SNAPSHOT,True,listed-ok,
docker-java,docker-java,/home/camila/repos/docker-java/docker-java,com.github.docker-java:docker-java-parent:0-SNAPSHOT,True,docker-java-transport-httpclient5,docker-java-transport-httpclient5,True,com.github.docker-java:docker-java-parent:0-SNAPSHOT,True,listed-ok,
docker-java,docker-java,/home/camila/repos/docker-java/docker-java,com.github.docker-java:docker-java-parent:0-SNAPSHOT,True,docker-java-transport-zerodep,docker-java-transport-zerodep,True,com.github.docker-java:docker-java-parent:0-SNAPSHOT,True,listed-ok,
docker-java,docker-java,/home/camila/repos/docker-java/docker-java,com.github.docker-java:docker-java-parent:0-SNAPSHOT,True,docker-java,docker-java,True,com.github.docker-java:docker-java-parent:0-SNAPSHOT,True,listed-ok,
dropwizard,metrics,/home/camila/repos/dropwizard/metrics,io.dropwizard.metrics5:metrics-parent:5.0.0-rc22-SNAPSHOT,True,docs,docs,True,io.dropwizard.metrics5:metrics-parent:5.0.0-rc22-SNAPSHOT,True,listed-ok,
dropwizard,metrics,/home/camila/repos/dropwizard/metrics,io.dropwizard.metrics5:metrics-parent:5.0.0-rc22-SNAPSHOT,True,metrics-bom,metrics-bom,True,io.dropwizard.metrics5:metrics-parent:5.0.0-rc22-SNAPSHOT,True,listed-ok,
dropwizard,metrics,/home/camila/repos/dropwizard/metrics,io.dropwizard.metrics5:metrics-parent:5.0.0-rc22-SNAPSHOT,True,metrics-annotation,metrics-annotation,True,io.dropwizard.metrics5:metrics-parent:5.0.0-rc22-SNAPSHOT,True,listed-ok,
dropwizard,metrics,/home/camila/repos/dropwizard/metrics,io.dropwizard.metrics5:metrics-parent:5.0.0-rc22-SNAPSHOT,True,metrics-benchmarks,metrics-benchmarks,True,io.dropwizard.metrics5:metrics-parent:5.0.0-rc22-SNAPSHOT,True,listed-ok,
dropwizard,metrics,/home/camila/repos/dropwizard/metrics,io.dropwizard.metrics5:metrics-parent:5.0.0-rc22-SNAPSHOT,True,metrics-caffeine3,metrics-caffeine3,True,io.dropwizard.metrics5:metrics-parent:5.0.0-rc22-SNAPSHOT,True,listed-ok,
dropwizard,metrics,/home/camila/repos/dropwizard/metrics,io.dropwizard.metrics5:metrics-parent:5.0.0-rc22-SNAPSHOT,True,metrics-core,metrics-core,True,io.dropwizard.metrics5:metrics-parent:5.0.0-rc22-SNAPSHOT,True,listed-ok,
dropwizard,metrics,/home/camila/repos/dropwizard/metrics,io.dropwizard.metrics5:metrics-parent:5.0.0-rc22-SNAPSHOT,True,metrics-collectd,metrics-collectd,True,io.dropwizard.metrics5:metrics-parent:5.0.0-rc22-SNAPSHOT,True,listed-ok,
dropwizard,metrics,/home/camila/repos/dropwizard/metrics,io.dropwizard.metrics5:metrics-parent:5.0.0-rc22-SNAPSHOT,True,metrics-ehcache,metrics-ehcache,True,io.dropwizard.metrics5:metrics-parent:5.0.0-rc22-SNAPSHOT,True,listed-ok,
dropwizard,metrics,/home/camila/repos/dropwizard/metrics,io.dropwizard.metrics5:metrics-parent:5.0.0-rc22-SNAPSHOT,True,metrics-graphite,metrics-graphite,True,io.dropwizard.metrics5:metrics-parent:5.0.0-rc22-SNAPSHOT,True,listed-ok,
dropwizard,metrics,/home/camila/repos/dropwizard/metrics,io.dropwizard.metrics5:metrics-parent:5.0.0-rc22-SNAPSHOT,True,metrics-influxdb,metrics-influxdb,True,io.dropwizard.metrics5:metrics-parent:5.0.0-rc22-SNAPSHOT,True,listed-ok,
dropwizard,metrics,/home/camila/repos/dropwizard/metrics,io.dropwizard.metrics5:metrics-parent:5.0.0-rc22-SNAPSHOT,True,metrics-healthchecks,metrics-healthchecks,True,io.dropwizard.metrics5:metrics-parent:5.0.0-rc22-SNAPSHOT,True,listed-ok,
dropwizard,metrics,/home/camila/repos/dropwizard/metrics,io.dropwizard.metrics5:metrics-parent:5.0.0-rc22-SNAPSHOT,True,metrics-httpclient,metrics-httpclient,True,io.dropwizard.metrics5:metrics-parent:5.0.0-rc22-SNAPSHOT,True,listed-ok,
dropwizard,metrics,/home/camila/repos/dropwizard/metrics,io.dropwizard.metrics5:metrics-parent:5.0.0-rc22-SNAPSHOT,True,metrics-httpclient5,metrics-httpclient5,True,io.dropwizard.metrics5:metrics-parent:5.0.0-rc22-SNAPSHOT,True,listed-ok,
dropwizard,metrics,/home/camila/repos/dropwizard/metrics,io.dropwizard.metrics5:metrics-parent:5.0.0-rc22-SNAPSHOT,True,metrics-httpasyncclient,metrics-httpasyncclient,True,io.dropwizard.metrics5:metrics-parent:5.0.0-rc22-SNAPSHOT,True,listed-ok,
dropwizard,metrics,/home/camila/repos/dropwizard/metrics,io.dropwizard.metrics5:metrics-parent:5.0.0-rc22-SNAPSHOT,True,metrics-jakarta-servlet,metrics-jakarta-servlet,True,io.dropwizard.metrics5:metrics-parent:5.0.0-rc22-SNAPSHOT,True,listed-ok,
dropwizard,metrics,/home/camila/repos/dropwizard/metrics,io.dropwizard.metrics5:metrics-parent:5.0.0-rc22-SNAPSHOT,True,metrics-jakarta-servlet6,metrics-jakarta-servlet6,True,io.dropwizard.metrics5:metrics-parent:5.0.0-rc22-SNAPSHOT,True,listed-ok,
dropwizard,metrics,/home/camila/repos/dropwizard/metrics,io.dropwizard.metrics5:metrics-parent:5.0.0-rc22-SNAPSHOT,True,metrics-jakarta-servlets,metrics-jakarta-servlets,True,io.dropwizard.metrics5:metrics-parent:5.0.0-rc22-SNAPSHOT,True,listed-ok,
dropwizard,metrics,/home/camila/repos/dropwizard/metrics,io.dropwizard.metrics5:metrics-parent:5.0.0-rc22-SNAPSHOT,True,metrics-jcache,metrics-jcache,True,io.dropwizard.metrics5:metrics-parent:5.0.0-rc22-SNAPSHOT,True,listed-ok,
dropwizard,metrics,/home/camila/repos/dropwizard/metrics,io.dropwizard.metrics5:metrics-parent:5.0.0-rc22-SNAPSHOT,True,metrics-jdbi3,metrics-jdbi3,True,io.dropwizard.metrics5:metrics-parent:5.0.0-rc22-SNAPSHOT,True,listed-ok,
dropwizard,metrics,/home/camila/repos/dropwizard/metrics,io.dropwizard.metrics5:metrics-parent:5.0.0-rc22-SNAPSHOT,True,metrics-jersey2,metrics-jersey2,True,io.dropwizard.metrics5:metrics-parent:5.0.0-rc22-SNAPSHOT,True,listed-ok,
dropwizard,metrics,/home/camila/repos/dropwizard/metrics,io.dropwizard.metrics5:metrics-parent:5.0.0-rc22-SNAPSHOT,True,metrics-jersey3,metrics-jersey3,True,io.dropwizard.metrics5:metrics-parent:5.0.0-rc22-SNAPSHOT,True,listed-ok,
dropwizard,metrics,/home/camila/repos/dropwizard/metrics,io.dropwizard.metrics5:metrics-parent:5.0.0-rc22-SNAPSHOT,True,metrics-jersey31,metrics-jersey31,True,io.dropwizard.metrics5:metrics-parent:5.0.0-rc22-SNAPSHOT,True,listed-ok,
dropwizard,metrics,/home/camila/repos/dropwizard/metrics,io.dropwizard.metrics5:metrics-parent:5.0.0-rc22-SNAPSHOT,True,metrics-jetty10,metrics-jetty10,True,io.dropwizard.metrics5:metrics-parent:5.0.0-rc22-SNAPSHOT,True,listed-ok,
dropwizard,metrics,/home/camila/repos/dropwizard/metrics,io.dropwizard.metrics5:metrics-parent:5.0.0-rc22-SNAPSHOT,True,metrics-jetty11,metrics-jetty11,True,io.dropwizard.metrics5:metrics-parent:5.0.0-rc22-SNAPSHOT,True,listed-ok,
dropwizard,metrics,/home/camila/repos/dropwizard/metrics,io.dropwizard.metrics5:metrics-parent:5.0.0-rc22-SNAPSHOT,True,metrics-json,metrics-json,True,io.dropwizard.metrics5:metrics-parent:5.0.0-rc22-SNAPSHOT,True,listed-ok,
dropwizard,metrics,/home/camila/repos/dropwizard/metrics,io.dropwizard.metrics5:metrics-parent:5.0.0-rc22-SNAPSHOT,True,metrics-jvm,metrics-jvm,True,io.dropwizard.metrics5:metrics-parent:5.0.0-rc22-SNAPSHOT,True,listed-ok,
dropwizard,metrics,/home/camila/repos/dropwizard/metrics,io.dropwizard.metrics5:metrics-parent:5.0.0-rc22-SNAPSHOT,True,metrics-log4j2,metrics-log4j2,True,io.dropwizard.metrics5:metrics-parent:5.0.0-rc22-SNAPSHOT,True,listed-ok,
dropwizard,metrics,/home/camila/repos/dropwizard/metrics,io.dropwizard.metrics5:metrics-parent:5.0.0-rc22-SNAPSHOT,True,metrics-logback13,metrics-logback13,True,io.dropwizard.metrics5:metrics-parent:5.0.0-rc22-SNAPSHOT,True,listed-ok,
dropwizard,metrics,/home/camila/repos/dropwizard/metrics,io.dropwizard.metrics5:metrics-parent:5.0.0-rc22-SNAPSHOT,True,metrics-logback14,metrics-logback14,True,io.dropwizard.metrics5:metrics-parent:5.0.0-rc22-SNAPSHOT,True,listed-ok,
dropwizard,metrics,/home/camila/repos/dropwizard/metrics,io.dropwizard.metrics5:metrics-parent:5.0.0-rc22-SNAPSHOT,True,metrics-logback15,metrics-logback15,True,io.dropwizard.metrics5:metrics-parent:5.0.0-rc22-SNAPSHOT,True,listed-ok,
dropwizard,metrics,/home/camila/repos/dropwizard/metrics,io.dropwizard.metrics5:metrics-parent:5.0.0-rc22-SNAPSHOT,True,metrics-servlet,metrics-servlet,True,io.dropwizard.metrics5:metrics-parent:5.0.0-rc22-SNAPSHOT,True,listed-ok,
dropwizard,metrics,/home/camila/repos/dropwizard/metrics,io.dropwizard.metrics5:metrics-parent:5.0.0-rc22-SNAPSHOT,True,metrics-servlets,metrics-servlets,True,io.dropwizard.metrics5:metrics-parent:5.0.0-rc22-SNAPSHOT,True,listed-ok,
dropwizard,metrics,/home/camila/repos/dropwizard/metrics,io.dropwizard.metrics5:metrics-parent:5.0.0-rc22-SNAPSHOT,True,metrics-jcstress,metrics-jcstress,True,io.dropwizard.metrics5:metrics-parent:5.0.0-rc22-SNAPSHOT,True,listed-ok,
dropwizard,metrics,/home/camila/repos/dropwizard/metrics,io.dropwizard.metrics5:metrics-parent:5.0.0-rc22-SNAPSHOT,True,metrics-jmx,metrics-jmx,True,io.dropwizard.metrics5:metrics-parent:5.0.0-rc22-SNAPSHOT,True,listed-ok,
dropwizard,metrics,/home/camila/repos/dropwizard/metrics,io.dropwizard.metrics5:metrics-parent:5.0.0-rc22-SNAPSHOT,True,metrics-legacy-adapter,metrics-legacy-adapter,True,io.dropwizard.metrics5:metrics-parent:5.0.0-rc22-SNAPSHOT,True,listed-ok,
dropwizard,metrics,/home/camila/repos/dropwizard/metrics,io.dropwizard.metrics5:metrics-parent:5.0.0-rc22-SNAPSHOT,True,metrics-legacy-adapter-healthchecks,metrics-legacy-adapter-healthchecks,True,io.dropwizard.metrics5:metrics-parent:5.0.0-rc22-SNAPSHOT,True,listed-ok,
dropwizard,metrics,/home/camila/repos/dropwizard/metrics,io.dropwizard.metrics5:metrics-parent:5.0.0-rc22-SNAPSHOT,False,metrics-jetty12,metrics-jetty12,True,io.dropwizard.metrics5:metrics-parent:5.0.0-rc22-SNAPSHOT,True,unlisted-child-with-root-parent,unlisted-but-parent-matches-root
dropwizard,metrics,/home/camila/repos/dropwizard/metrics,io.dropwizard.metrics5:metrics-parent:5.0.0-rc22-SNAPSHOT,False,metrics-jetty12-ee10,metrics-jetty12-ee10,True,io.dropwizard.metrics5:metrics-parent:5.0.0-rc22-SNAPSHOT,True,unlisted-child-with-root-parent,unlisted-but-parent-matches-root
dropwizard,dropwizard,/home/camila/repos/dropwizard/dropwizard,io.dropwizard:dropwizard-project:4.0.9-SNAPSHOT,True,dropwizard-bom,dropwizard-bom,True,io.dropwizard:dropwizard-project:4.0.9-SNAPSHOT,True,listed-ok,
dropwizard,dropwizard,/home/camila/repos/dropwizard/dropwizard,io.dropwizard:dropwizard-project:4.0.9-SNAPSHOT,True,dropwizard-dependencies,dropwizard-dependencies,True,io.dropwizard:dropwizard-bom:4.0.9-SNAPSHOT,False,listed-parent-mismatch,parent-ga-mismatch
dropwizard,dropwizard,/home/camila/repos/dropwizard/dropwizard,io.dropwizard:dropwizard-project:4.0.9-SNAPSHOT,True,dropwizard-parent,dropwizard-parent,True,io.dropwizard:dropwizard-dependencies:4.0.9-SNAPSHOT,False,listed-parent-mismatch,parent-ga-mismatch
dropwizard,dropwizard,/home/camila/repos/dropwizard/dropwizard,io.dropwizard:dropwizard-project:4.0.9-SNAPSHOT,True,dropwizard-core,dropwizard-core,True,io.dropwizard:dropwizard-parent:4.0.9-SNAPSHOT,False,listed-parent-mismatch,parent-ga-mismatch
dropwizard,dropwizard,/home/camila/repos/dropwizard/dropwizard,io.dropwizard:dropwizard-project:4.0.9-SNAPSHOT,True,dropwizard-client,dropwizard-client,True,io.dropwizard:dropwizard-parent:4.0.9-SNAPSHOT,False,listed-parent-mismatch,parent-ga-mismatch
dropwizard,dropwizard,/home/camila/repos/dropwizard/dropwizard,io.dropwizard:dropwizard-project:4.0.9-SNAPSHOT,True,dropwizard-db,dropwizard-db,True,io.dropwizard:dropwizard-parent:4.0.9-SNAPSHOT,False,listed-parent-mismatch,parent-ga-mismatch
dropwizard,dropwizard,/home/camila/repos/dropwizard/dropwizard,io.dropwizard:dropwizard-project:4.0.9-SNAPSHOT,True,dropwizard-jdbi3,dropwizard-jdbi3,True,io.dropwizard:dropwizard-parent:4.0.9-SNAPSHOT,False,listed-parent-mismatch,parent-ga-mismatch
dropwizard,dropwizard,/home/camila/repos/dropwizard/dropwizard,io.dropwizard:dropwizard-project:4.0.9-SNAPSHOT,True,dropwizard-migrations,dropwizard-migrations,True,io.dropwizard:dropwizard-parent:4.0.9-SNAPSHOT,False,listed-parent-mismatch,parent-ga-mismatch
dropwizard,dropwizard,/home/camila/repos/dropwizard/dropwizard,io.dropwizard:dropwizard-project:4.0.9-SNAPSHOT,True,dropwizard-hibernate,dropwizard-hibernate,True,io.dropwizard:dropwizard-parent:4.0.9-SNAPSHOT,False,listed-parent-mismatch,parent-ga-mismatch
dropwizard,dropwizard,/home/camila/repos/dropwizard/dropwizard,io.dropwizard:dropwizard-project:4.0.9-SNAPSHOT,True,dropwizard-auth,dropwizard-auth,True,io.dropwizard:dropwizard-parent:4.0.9-SNAPSHOT,False,listed-parent-mismatch,parent-ga-mismatch
dropwizard,dropwizard,/home/camila/repos/dropwizard/dropwizard,io.dropwizard:dropwizard-project:4.0.9-SNAPSHOT,True,dropwizard-forms,dropwizard-forms,True,io.dropwizard:dropwizard-parent:4.0.9-SNAPSHOT,False,listed-parent-mismatch,parent-ga-mismatch
dropwizard,dropwizard,/home/camila/repos/dropwizard/dropwizard,io.dropwizard:dropwizard-project:4.0.9-SNAPSHOT,True,dropwizard-views,dropwizard-views,True,io.dropwizard:dropwizard-parent:4.0.9-SNAPSHOT,False,listed-parent-mismatch,parent-ga-mismatch
dropwizard,dropwizard,/home/camila/repos/dropwizard/dropwizard,io.dropwizard:dropwizard-project:4.0.9-SNAPSHOT,True,dropwizard-views-freemarker,dropwizard-views-freemarker,True,io.dropwizard:dropwizard-parent:4.0.9-SNAPSHOT,False,listed-parent-mismatch,parent-ga-mismatch
dropwizard,dropwizard,/home/camila/repos/dropwizard/dropwizard,io.dropwizard:dropwizard-project:4.0.9-SNAPSHOT,True,dropwizard-views-mustache,dropwizard-views-mustache,True,io.dropwizard:dropwizard-parent:4.0.9-SNAPSHOT,False,listed-parent-mismatch,parent-ga-mismatch
dropwizard,dropwizard,/home/camila/repos/dropwizard/dropwizard,io.dropwizard:dropwizard-project:4.0.9-SNAPSHOT,True,dropwizard-testing,dropwizard-testing,True,io.dropwizard:dropwizard-parent:4.0.9-SNAPSHOT,False,listed-parent-mismatch,parent-ga-mismatch
dropwizard,dropwizard,/home/camila/repos/dropwizard/dropwizard,io.dropwizard:dropwizard-project:4.0.9-SNAPSHOT,True,dropwizard-util,dropwizard-util,True,io.dropwizard:dropwizard-parent:4.0.9-SNAPSHOT,False,listed-parent-mismatch,parent-ga-mismatch
dropwizard,dropwizard,/home/camila/repos/dropwizard/dropwizard,io.dropwizard:dropwizard-project:4.0.9-SNAPSHOT,True,dropwizard-jackson,dropwizard-jackson,True,io.dropwizard:dropwizard-parent:4.0.9-SNAPSHOT,False,listed-parent-mismatch,parent-ga-mismatch
dropwizard,dropwizard,/home/camila/repos/dropwizard/dropwizard,io.dropwizard:dropwizard-project:4.0.9-SNAPSHOT,True,dropwizard-validation,dropwizard-validation,True,io.dropwizard:dropwizard-parent:4.0.9-SNAPSHOT,False,listed-parent-mismatch,parent-ga-mismatch
dropwizard,dropwizard,/home/camila/repos/dropwizard/dropwizard,io.dropwizard:dropwizard-project:4.0.9-SNAPSHOT,True,dropwizard-configuration,dropwizard-configuration,True,io.dropwizard:dropwizard-parent:4.0.9-SNAPSHOT,False,listed-parent-mismatch,parent-ga-mismatch
dropwizard,dropwizard,/home/camila/repos/dropwizard/dropwizard,io.dropwizard:dropwizard-project:4.0.9-SNAPSHOT,True,dropwizard-logging,dropwizard-logging,True,io.dropwizard:dropwizard-parent:4.0.9-SNAPSHOT,False,listed-parent-mismatch,parent-ga-mismatch
dropwizard,dropwizard,/home/camila/repos/dropwizard/dropwizard,io.dropwizard:dropwizard-project:4.0.9-SNAPSHOT,True,dropwizard-metrics,dropwizard-metrics,True,io.dropwizard:dropwizard-parent:4.0.9-SNAPSHOT,False,listed-parent-mismatch,parent-ga-mismatch
dropwizard,dropwizard,/home/camila/repos/dropwizard/dropwizard,io.dropwizard:dropwizard-project:4.0.9-SNAPSHOT,True,dropwizard-metrics-graphite,dropwizard-metrics-graphite,True,io.dropwizard:dropwizard-parent:4.0.9-SNAPSHOT,False,listed-parent-mismatch,parent-ga-mismatch
dropwizard,dropwizard,/home/camila/repos/dropwizard/dropwizard,io.dropwizard:dropwizard-project:4.0.9-SNAPSHOT,True,dropwizard-jersey,dropwizard-jersey,True,io.dropwizard:dropwizard-parent:4.0.9-SNAPSHOT,False,listed-parent-mismatch,parent-ga-mismatch
dropwizard,dropwizard,/home/camila/repos/dropwizard/dropwizard,io.dropwizard:dropwizard-project:4.0.9-SNAPSHOT,True,dropwizard-jetty,dropwizard-jetty,True,io.dropwizard:dropwizard-parent:4.0.9-SNAPSHOT,False,listed-parent-mismatch,parent-ga-mismatch
dropwizard,dropwizard,/home/camila/repos/dropwizard/dropwizard,io.dropwizard:dropwizard-project:4.0.9-SNAPSHOT,True,dropwizard-servlets,dropwizard-servlets,True,io.dropwizard:dropwizard-parent:4.0.9-SNAPSHOT,False,listed-parent-mismatch,parent-ga-mismatch
dropwizard,dropwizard,/home/camila/repos/dropwizard/dropwizard,io.dropwizard:dropwizard-project:4.0.9-SNAPSHOT,True,dropwizard-lifecycle,dropwizard-lifecycle,True,io.dropwizard:dropwizard-parent:4.0.9-SNAPSHOT,False,listed-parent-mismatch,parent-ga-mismatch
dropwizard,dropwizard,/home/camila/repos/dropwizard/dropwizard,io.dropwizard:dropwizard-project:4.0.9-SNAPSHOT,True,dropwizard-assets,dropwizard-assets,True,io.dropwizard:dropwizard-parent:4.0.9-SNAPSHOT,False,listed-parent-mismatch,parent-ga-mismatch
dropwizard,dropwizard,/home/camila/repos/dropwizard/dropwizard,io.dropwizard:dropwizard-project:4.0.9-SNAPSHOT,True,dropwizard-http2,dropwizard-http2,True,io.dropwizard:dropwizard-parent:4.0.9-SNAPSHOT,False,listed-parent-mismatch,parent-ga-mismatch
dropwizard,dropwizard,/home/camila/repos/dropwizard/dropwizard,io.dropwizard:dropwizard-project:4.0.9-SNAPSHOT,True,dropwizard-request-logging,dropwizard-request-logging,True,io.dropwizard:dropwizard-parent:4.0.9-SNAPSHOT,False,listed-parent-mismatch,parent-ga-mismatch
dropwizard,dropwizard,/home/camila/repos/dropwizard/dropwizard,io.dropwizard:dropwizard-project:4.0.9-SNAPSHOT,True,dropwizard-json-logging,dropwizard-json-logging,True,io.dropwizard:dropwizard-parent:4.0.9-SNAPSHOT,False,listed-parent-mismatch,parent-ga-mismatch
dropwizard,dropwizard,/home/camila/repos/dropwizard/dropwizard,io.dropwizard:dropwizard-project:4.0.9-SNAPSHOT,True,dropwizard-health,dropwizard-health,True,io.dropwizard:dropwizard-parent:4.0.9-SNAPSHOT,False,listed-parent-mismatch,parent-ga-mismatch
dropwizard,dropwizard,/home/camila/repos/dropwizard/dropwizard,io.dropwizard:dropwizard-project:4.0.9-SNAPSHOT,True,dropwizard-unix-socket,dropwizard-unix-socket,True,io.dropwizard:dropwizard-parent:4.0.9-SNAPSHOT,False,listed-parent-mismatch,parent-ga-mismatch
dropwizard,dropwizard,/home/camila/repos/dropwizard/dropwizard,io.dropwizard:dropwizard-project:4.0.9-SNAPSHOT,True,dropwizard-example,dropwizard-example,True,?:?:?,False,listed-parent-mismatch,child-without-parent-or-missing-ga
dropwizard,dropwizard,/home/camila/repos/dropwizard/dropwizard,io.dropwizard:dropwizard-project:4.0.9-SNAPSHOT,True,docs/source/examples,docs/source/examples,False,?:?:?,False,listed-nested-path,nested-module-path
dropwizard,dropwizard,/home/camila/repos/dropwizard/dropwizard,io.dropwizard:dropwizard-project:4.0.9-SNAPSHOT,False,docs,docs,True,io.dropwizard:dropwizard-project:4.0.9-SNAPSHOT,True,unlisted-child-with-root-parent,unlisted-but-parent-matches-root
ebean-orm,ebean,/home/camila/repos/ebean-orm/ebean,io.ebean:ebean-parent:14.6.0,True,ebean-api,ebean-api,True,io.ebean:ebean-parent:14.6.0,True,listed-ok,
ebean-orm,ebean,/home/camila/repos/ebean-orm/ebean,io.ebean:ebean-parent:14.6.0,True,ebean-bom,ebean-bom,True,io.ebean:ebean-parent:14.6.0,True,listed-ok,
ebean-orm,ebean,/home/camila/repos/ebean-orm/ebean,io.ebean:ebean-parent:14.6.0,True,ebean-core-type,ebean-core-type,True,io.ebean:ebean-parent:14.6.0,True,listed-ok,
ebean-orm,ebean,/home/camila/repos/ebean-orm/ebean,io.ebean:ebean-parent:14.6.0,True,ebean-core,ebean-core,True,io.ebean:ebean-parent:14.6.0,True,listed-ok,
ebean-orm,ebean,/home/camila/repos/ebean-orm/ebean,io.ebean:ebean-parent:14.6.0,True,ebean-ddl-generator,ebean-ddl-generator,True,io.ebean:ebean-parent:14.6.0,True,listed-ok,
ebean-orm,ebean,/home/camila/repos/ebean-orm/ebean,io.ebean:ebean-parent:14.6.0,True,ebean-test,ebean-test,True,io.ebean:ebean-parent:14.6.0,True,listed-ok,
ebean-orm,ebean,/home/camila/repos/ebean-orm/ebean,io.ebean:ebean-parent:14.6.0,True,querybean-generator,querybean-generator,True,io.ebean:ebean-parent:14.6.0,True,listed-ok,
ebean-orm,ebean,/home/camila/repos/ebean-orm/ebean,io.ebean:ebean-parent:14.6.0,True,kotlin-querybean-generator,kotlin-querybean-generator,True,io.ebean:ebean-parent:14.6.0,True,listed-ok,
ebean-orm,ebean,/home/camila/repos/ebean-orm/ebean,io.ebean:ebean-parent:14.6.0,True,ebean-querybean,ebean-querybean,True,io.ebean:ebean-parent:14.6.0,True,listed-ok,
ebean-orm,ebean,/home/camila/repos/ebean-orm/ebean,io.ebean:ebean-parent:14.6.0,True,ebean-postgis-types,ebean-postgis-types,True,io.ebean:ebean-parent:14.6.0,True,listed-ok,
ebean-orm,ebean,/home/camila/repos/ebean-orm/ebean,io.ebean:ebean-parent:14.6.0,True,ebean-net-postgis-types,ebean-net-postgis-types,True,io.ebean:ebean-parent:14.6.0,True,listed-ok,
ebean-orm,ebean,/home/camila/repos/ebean-orm/ebean,io.ebean:ebean-parent:14.6.0,True,ebean-redis,ebean-redis,True,io.ebean:ebean-parent:14.6.0,True,listed-ok,
ebean-orm,ebean,/home/camila/repos/ebean-orm/ebean,io.ebean:ebean-parent:14.6.0,True,platforms,platforms,True,io.ebean:ebean-parent:14.6.0,True,listed-ok,
ebean-orm,ebean,/home/camila/repos/ebean-orm/ebean,io.ebean:ebean-parent:14.6.0,True,composites,composites,True,io.ebean:ebean-parent:14.6.0,True,listed-ok,
ebean-orm,ebean,/home/camila/repos/ebean-orm/ebean,io.ebean:ebean-parent:14.6.0,True,ebean-jackson-mapper,ebean-jackson-mapper,True,io.ebean:ebean-parent:14.6.0,True,listed-ok,
ebean-orm,ebean,/home/camila/repos/ebean-orm/ebean,io.ebean:ebean-parent:14.6.0,True,ebean-spring-txn,ebean-spring-txn,True,io.ebean:ebean-parent:14.6.0,True,listed-ok,
ebean-orm,ebean,/home/camila/repos/ebean-orm/ebean,io.ebean:ebean-parent:14.6.0,False,tests,tests,True,io.ebean:ebean-parent:14.6.0,True,unlisted-child-with-root-parent,unlisted-but-parent-matches-root
eclipse,eclipse-collections,/home/camila/repos/eclipse/eclipse-collections,org.eclipse.collections:eclipse-collections-parent:12.0.0-SNAPSHOT,True,eclipse-collections-code-generator,eclipse-collections-code-generator,True,org.eclipse.collections:eclipse-collections-parent:12.0.0-SNAPSHOT,True,listed-ok,
eclipse,eclipse-collections,/home/camila/repos/eclipse/eclipse-collections,org.eclipse.collections:eclipse-collections-parent:12.0.0-SNAPSHOT,True,eclipse-collections-code-generator-maven-plugin,eclipse-collections-code-generator-maven-plugin,True,org.eclipse.collections:eclipse-collections-parent:12.0.0-SNAPSHOT,True,listed-ok,
eclipse,eclipse-collections,/home/camila/repos/eclipse/eclipse-collections,org.eclipse.collections:eclipse-collections-parent:12.0.0-SNAPSHOT,True,eclipse-collections-api,eclipse-collections-api,True,org.eclipse.collections:eclipse-collections-parent:12.0.0-SNAPSHOT,True,listed-ok,
eclipse,eclipse-collections,/home/camila/repos/eclipse/eclipse-collections,org.eclipse.collections:eclipse-collections-parent:12.0.0-SNAPSHOT,True,eclipse-collections,eclipse-collections,True,org.eclipse.collections:eclipse-collections-parent:12.0.0-SNAPSHOT,True,listed-ok,
eclipse,eclipse-collections,/home/camila/repos/eclipse/eclipse-collections,org.eclipse.collections:eclipse-collections-parent:12.0.0-SNAPSHOT,True,eclipse-collections-testutils,eclipse-collections-testutils,True,org.eclipse.collections:eclipse-collections-parent:12.0.0-SNAPSHOT,True,listed-ok,
eclipse,eclipse-collections,/home/camila/repos/eclipse/eclipse-collections,org.eclipse.collections:eclipse-collections-parent:12.0.0-SNAPSHOT,True,eclipse-collections-forkjoin,eclipse-collections-forkjoin,True,org.eclipse.collections:eclipse-collections-parent:12.0.0-SNAPSHOT,True,listed-ok,
eclipse,eclipse-collections,/home/camila/repos/eclipse/eclipse-collections,org.eclipse.collections:eclipse-collections-parent:12.0.0-SNAPSHOT,True,unit-tests,unit-tests,True,org.eclipse.collections:eclipse-collections-parent:12.0.0-SNAPSHOT,True,listed-ok,
eclipse,eclipse-collections,/home/camila/repos/eclipse/eclipse-collections,org.eclipse.collections:eclipse-collections-parent:12.0.0-SNAPSHOT,True,serialization-tests,serialization-tests,True,org.eclipse.collections:eclipse-collections-parent:12.0.0-SNAPSHOT,True,listed-ok,
eclipse,eclipse-collections,/home/camila/repos/eclipse/eclipse-collections,org.eclipse.collections:eclipse-collections-parent:12.0.0-SNAPSHOT,True,jcstress-tests,jcstress-tests,True,org.eclipse.collections:eclipse-collections-parent:12.0.0-SNAPSHOT,True,listed-ok,
eclipse,eclipse-collections,/home/camila/repos/eclipse/eclipse-collections,org.eclipse.collections:eclipse-collections-parent:12.0.0-SNAPSHOT,True,unit-tests-java8,unit-tests-java8,True,org.eclipse.collections:eclipse-collections-parent:12.0.0-SNAPSHOT,True,listed-ok,
eclipse,eclipse-collections,/home/camila/repos/eclipse/eclipse-collections,org.eclipse.collections:eclipse-collections-parent:12.0.0-SNAPSHOT,True,test-coverage,test-coverage,True,org.eclipse.collections:eclipse-collections-parent:12.0.0-SNAPSHOT,True,listed-ok,
eclipse,eclipse-collections,/home/camila/repos/eclipse/eclipse-collections,org.eclipse.collections:eclipse-collections-parent:12.0.0-SNAPSHOT,False,jmh-scala-tests,jmh-scala-tests,True,org.eclipse.collections:eclipse-collections-parent:12.0.0-SNAPSHOT,True,unlisted-child-with-root-parent,unlisted-but-parent-matches-root
eclipse,eclipse-collections,/home/camila/repos/eclipse/eclipse-collections,org.eclipse.collections:eclipse-collections-parent:12.0.0-SNAPSHOT,False,acceptance-tests,acceptance-tests,True,org.eclipse.collections:eclipse-collections-parent:12.0.0-SNAPSHOT,True,unlisted-child-with-root-parent,unlisted-but-parent-matches-root
eclipse,eclipse-collections,/home/camila/repos/eclipse/eclipse-collections,org.eclipse.collections:eclipse-collections-parent:12.0.0-SNAPSHOT,False,jmh-tests,jmh-tests,True,org.eclipse.collections:eclipse-collections-parent:12.0.0-SNAPSHOT,True,unlisted-child-with-root-parent,unlisted-but-parent-matches-root
eclipse,eclipse-collections,/home/camila/repos/eclipse/eclipse-collections,org.eclipse.collections:eclipse-collections-parent:12.0.0-SNAPSHOT,False,p2-repository,p2-repository,True,org.eclipse.collections:eclipse-collections-parent:12.0.0-SNAPSHOT,True,unlisted-child-with-root-parent,unlisted-but-parent-matches-root
eclipse,eclipse-collections,/home/camila/repos/eclipse/eclipse-collections,org.eclipse.collections:eclipse-collections-parent:12.0.0-SNAPSHOT,False,performance-tests,performance-tests,True,org.eclipse.collections:eclipse-collections-parent:12.0.0-SNAPSHOT,True,unlisted-child-with-root-parent,unlisted-but-parent-matches-root
eclipse,eclipse-collections,/home/camila/repos/eclipse/eclipse-collections,org.eclipse.collections:eclipse-collections-parent:12.0.0-SNAPSHOT,False,scala-unit-tests,scala-unit-tests,True,org.eclipse.collections:eclipse-collections-parent:12.0.0-SNAPSHOT,True,unlisted-child-with-root-parent,unlisted-but-parent-matches-root
eclipse-vertx,vert.x,/home/camila/repos/eclipse-vertx/vert.x,io.vertx:vertx-core-aggregator:5.0.0-SNAPSHOT,True,vertx-core-logging,vertx-core-logging,True,io.vertx:vertx-core-aggregator:5.0.0-SNAPSHOT,True,listed-ok,
eclipse-vertx,vert.x,/home/camila/repos/eclipse-vertx/vert.x,io.vertx:vertx-core-aggregator:5.0.0-SNAPSHOT,True,vertx-core,vertx-core,True,io.vertx:vertx-core-aggregator:5.0.0-SNAPSHOT,True,listed-ok,
fabric8io,kubernetes-client,/home/camila/repos/fabric8io/kubernetes-client,io.fabric8:kubernetes-client-project:7.0-SNAPSHOT,True,kubernetes-model-generator,kubernetes-model-generator,True,io.fabric8:kubernetes-client-project:7.0-SNAPSHOT,True,listed-ok,
fabric8io,kubernetes-client,/home/camila/repos/fabric8io/kubernetes-client,io.fabric8:kubernetes-client-project:7.0-SNAPSHOT,True,zjsonpatch,zjsonpatch,True,io.fabric8:kubernetes-client-project:7.0-SNAPSHOT,True,listed-ok,
fabric8io,kubernetes-client,/home/camila/repos/fabric8io/kubernetes-client,io.fabric8:kubernetes-client-project:7.0-SNAPSHOT,True,kubernetes-client-api,kubernetes-client-api,True,io.fabric8:kubernetes-client-project:7.0-SNAPSHOT,True,listed-ok,
fabric8io,kubernetes-client,/home/camila/repos/fabric8io/kubernetes-client,io.fabric8:kubernetes-client-project:7.0-SNAPSHOT,True,kubernetes-client,kubernetes-client,True,io.fabric8:kubernetes-client-project:7.0-SNAPSHOT,True,listed-ok,
fabric8io,kubernetes-client,/home/camila/repos/fabric8io/kubernetes-client,io.fabric8:kubernetes-client-project:7.0-SNAPSHOT,True,junit/mockwebserver,junit/mockwebserver,False,?:?:?,False,listed-nested-path,nested-module-path
fabric8io,kubernetes-client,/home/camila/repos/fabric8io/kubernetes-client,io.fabric8:kubernetes-client-project:7.0-SNAPSHOT,True,junit/kubernetes-junit-jupiter,junit/kubernetes-junit-jupiter,False,?:?:?,False,listed-nested-path,nested-module-path
fabric8io,kubernetes-client,/home/camila/repos/fabric8io/kubernetes-client,io.fabric8:kubernetes-client-project:7.0-SNAPSHOT,True,junit/kubernetes-junit-jupiter-autodetected,junit/kubernetes-junit-jupiter-autodetected,False,?:?:?,False,listed-nested-path,nested-module-path
fabric8io,kubernetes-client,/home/camila/repos/fabric8io/kubernetes-client,io.fabric8:kubernetes-client-project:7.0-SNAPSHOT,True,junit/kubernetes-server-mock,junit/kubernetes-server-mock,False,?:?:?,False,listed-nested-path,nested-module-path
fabric8io,kubernetes-client,/home/camila/repos/fabric8io/kubernetes-client,io.fabric8:kubernetes-client-project:7.0-SNAPSHOT,True,openshift-client-api,openshift-client-api,True,io.fabric8:kubernetes-client-project:7.0-SNAPSHOT,True,listed-ok,
fabric8io,kubernetes-client,/home/camila/repos/fabric8io/kubernetes-client,io.fabric8:kubernetes-client-project:7.0-SNAPSHOT,True,openshift-client,openshift-client,True,io.fabric8:kubernetes-client-project:7.0-SNAPSHOT,True,listed-ok,
fabric8io,kubernetes-client,/home/camila/repos/fabric8io/kubernetes-client,io.fabric8:kubernetes-client-project:7.0-SNAPSHOT,True,extensions,extensions,True,io.fabric8:kubernetes-client-project:7.0-SNAPSHOT,True,listed-ok,
fabric8io,kubernetes-client,/home/camila/repos/fabric8io/kubernetes-client,io.fabric8:kubernetes-client-project:7.0-SNAPSHOT,True,junit/openshift-server-mock,junit/openshift-server-mock,False,?:?:?,False,listed-nested-path,nested-module-path
fabric8io,kubernetes-client,/home/camila/repos/fabric8io/kubernetes-client,io.fabric8:kubernetes-client-project:7.0-SNAPSHOT,True,platforms,platforms,True,io.fabric8:kubernetes-client-project:7.0-SNAPSHOT,True,listed-ok,
fabric8io,kubernetes-client,/home/camila/repos/fabric8io/kubernetes-client,io.fabric8:kubernetes-client-project:7.0-SNAPSHOT,True,kubernetes-tests,kubernetes-tests,True,io.fabric8:kubernetes-client-project:7.0-SNAPSHOT,True,listed-ok,
fabric8io,kubernetes-client,/home/camila/repos/fabric8io/kubernetes-client,io.fabric8:kubernetes-client-project:7.0-SNAPSHOT,True,uberjar,uberjar,True,io.fabric8:kubernetes-client-project:7.0-SNAPSHOT,True,listed-ok,
fabric8io,kubernetes-client,/home/camila/repos/fabric8io/kubernetes-client,io.fabric8:kubernetes-client-project:7.0-SNAPSHOT,True,generator-annotations,generator-annotations,True,io.fabric8:kubernetes-client-project:7.0-SNAPSHOT,True,listed-ok,
fabric8io,kubernetes-client,/home/camila/repos/fabric8io/kubernetes-client,io.fabric8:kubernetes-client-project:7.0-SNAPSHOT,True,crd-generator,crd-generator,True,io.fabric8:kubernetes-client-project:7.0-SNAPSHOT,True,listed-ok,
fabric8io,kubernetes-client,/home/camila/repos/fabric8io/kubernetes-client,io.fabric8:kubernetes-client-project:7.0-SNAPSHOT,True,java-generator,java-generator,True,io.fabric8:kubernetes-client-project:7.0-SNAPSHOT,True,listed-ok,
fabric8io,kubernetes-client,/home/camila/repos/fabric8io/kubernetes-client,io.fabric8:kubernetes-client-project:7.0-SNAPSHOT,True,httpclient-okhttp,httpclient-okhttp,True,io.fabric8:kubernetes-client-project:7.0-SNAPSHOT,True,listed-ok,
fabric8io,kubernetes-client,/home/camila/repos/fabric8io/kubernetes-client,io.fabric8:kubernetes-client-project:7.0-SNAPSHOT,True,httpclient-vertx,httpclient-vertx,True,io.fabric8:kubernetes-client-project:7.0-SNAPSHOT,True,listed-ok,
fabric8io,kubernetes-client,/home/camila/repos/fabric8io/kubernetes-client,io.fabric8:kubernetes-client-project:7.0-SNAPSHOT,True,kubernetes-client-deps-compatibility-tests,kubernetes-client-deps-compatibility-tests,True,io.fabric8:kubernetes-client-project:7.0-SNAPSHOT,True,listed-ok,
fabric8io,kubernetes-client,/home/camila/repos/fabric8io/kubernetes-client,io.fabric8:kubernetes-client-project:7.0-SNAPSHOT,True,log4j,log4j,True,io.fabric8:kubernetes-client-project:7.0-SNAPSHOT,True,listed-ok,
fabric8io,kubernetes-client,/home/camila/repos/fabric8io/kubernetes-client,io.fabric8:kubernetes-client-project:7.0-SNAPSHOT,True,kubernetes-examples,kubernetes-examples,True,io.fabric8:kubernetes-client-project:7.0-SNAPSHOT,True,listed-ok,
fabric8io,kubernetes-client,/home/camila/repos/fabric8io/kubernetes-client,io.fabric8:kubernetes-client-project:7.0-SNAPSHOT,False,kubernetes-itests,kubernetes-itests,True,io.fabric8:kubernetes-client-project:7.0-SNAPSHOT,True,unlisted-child-with-root-parent,unlisted-but-parent-matches-root
fabric8io,kubernetes-client,/home/camila/repos/fabric8io/kubernetes-client,io.fabric8:kubernetes-client-project:7.0-SNAPSHOT,False,httpclient-jetty,httpclient-jetty,True,io.fabric8:kubernetes-client-project:7.0-SNAPSHOT,True,unlisted-child-with-root-parent,unlisted-but-parent-matches-root
fabric8io,kubernetes-client,/home/camila/repos/fabric8io/kubernetes-client,io.fabric8:kubernetes-client-project:7.0-SNAPSHOT,False,chaos-tests,chaos-tests,True,io.fabric8:kubernetes-client-project:7.0-SNAPSHOT,True,unlisted-child-with-root-parent,unlisted-but-parent-matches-root
fabric8io,kubernetes-client,/home/camila/repos/fabric8io/kubernetes-client,io.fabric8:kubernetes-client-project:7.0-SNAPSHOT,False,httpclient-jdk,httpclient-jdk,True,io.fabric8:kubernetes-client-project:7.0-SNAPSHOT,True,unlisted-child-with-root-parent,unlisted-but-parent-matches-root
fabric8io,kubernetes-client,/home/camila/repos/fabric8io/kubernetes-client,io.fabric8:kubernetes-client-project:7.0-SNAPSHOT,False,httpclient-tests,httpclient-tests,True,io.fabric8:kubernetes-client-project:7.0-SNAPSHOT,True,unlisted-child-with-root-parent,unlisted-but-parent-matches-root
flowable,flowable-engine,/home/camila/repos/flowable/flowable-engine,org.flowable:flowable-root:7.1.0-SNAPSHOT,True,modules/flowable-bom,modules/flowable-bom,False,?:?:?,False,listed-nested-path,nested-module-path
flowable,flowable-engine,/home/camila/repos/flowable/flowable-engine,org.flowable:flowable-root:7.1.0-SNAPSHOT,True,modules/flowable-bpmn-model,modules/flowable-bpmn-model,False,?:?:?,False,listed-nested-path,nested-module-path
flowable,flowable-engine,/home/camila/repos/flowable/flowable-engine,org.flowable:flowable-root:7.1.0-SNAPSHOT,True,modules/flowable-process-validation,modules/flowable-process-validation,False,?:?:?,False,listed-nested-path,nested-module-path
flowable,flowable-engine,/home/camila/repos/flowable/flowable-engine,org.flowable:flowable-root:7.1.0-SNAPSHOT,True,modules/flowable-bpmn-layout,modules/flowable-bpmn-layout,False,?:?:?,False,listed-nested-path,nested-module-path
flowable,flowable-engine,/home/camila/repos/flowable/flowable-engine,org.flowable:flowable-root:7.1.0-SNAPSHOT,True,modules/flowable-image-generator,modules/flowable-image-generator,False,?:?:?,False,listed-nested-path,nested-module-path
flowable,flowable-engine,/home/camila/repos/flowable/flowable-engine,org.flowable:flowable-root:7.1.0-SNAPSHOT,True,modules/flowable-bpmn-converter,modules/flowable-bpmn-converter,False,?:?:?,False,listed-nested-path,nested-module-path
flowable,flowable-engine,/home/camila/repos/flowable/flowable-engine,org.flowable:flowable-root:7.1.0-SNAPSHOT,True,modules/flowable-engine-common-api,modules/flowable-engine-common-api,False,?:?:?,False,listed-nested-path,nested-module-path
flowable,flowable-engine,/home/camila/repos/flowable/flowable-engine,org.flowable:flowable-root:7.1.0-SNAPSHOT,True,modules/flowable-engine-common,modules/flowable-engine-common,False,?:?:?,False,listed-nested-path,nested-module-path
flowable,flowable-engine,/home/camila/repos/flowable/flowable-engine,org.flowable:flowable-root:7.1.0-SNAPSHOT,True,modules/flowable-entitylink-service-api,modules/flowable-entitylink-service-api,False,?:?:?,False,listed-nested-path,nested-module-path
flowable,flowable-engine,/home/camila/repos/flowable/flowable-engine,org.flowable:flowable-root:7.1.0-SNAPSHOT,True,modules/flowable-entitylink-service,modules/flowable-entitylink-service,False,?:?:?,False,listed-nested-path,nested-module-path
flowable,flowable-engine,/home/camila/repos/flowable/flowable-engine,org.flowable:flowable-root:7.1.0-SNAPSHOT,True,modules/flowable-variable-service-api,modules/flowable-variable-service-api,False,?:?:?,False,listed-nested-path,nested-module-path
flowable,flowable-engine,/home/camila/repos/flowable/flowable-engine,org.flowable:flowable-root:7.1.0-SNAPSHOT,True,modules/flowable-variable-service,modules/flowable-variable-service,False,?:?:?,False,listed-nested-path,nested-module-path
flowable,flowable-engine,/home/camila/repos/flowable/flowable-engine,org.flowable:flowable-root:7.1.0-SNAPSHOT,True,modules/flowable-identitylink-service-api,modules/flowable-identitylink-service-api,False,?:?:?,False,listed-nested-path,nested-module-path
flowable,flowable-engine,/home/camila/repos/flowable/flowable-engine,org.flowable:flowable-root:7.1.0-SNAPSHOT,True,modules/flowable-identitylink-service,modules/flowable-identitylink-service,False,?:?:?,False,listed-nested-path,nested-module-path
flowable,flowable-engine,/home/camila/repos/flowable/flowable-engine,org.flowable:flowable-root:7.1.0-SNAPSHOT,True,modules/flowable-event-registry-api,modules/flowable-event-registry-api,False,?:?:?,False,listed-nested-path,nested-module-path
flowable,flowable-engine,/home/camila/repos/flowable/flowable-engine,org.flowable:flowable-root:7.1.0-SNAPSHOT,True,modules/flowable-event-registry-model,modules/flowable-event-registry-model,False,?:?:?,False,listed-nested-path,nested-module-path
flowable,flowable-engine,/home/camila/repos/flowable/flowable-engine,org.flowable:flowable-root:7.1.0-SNAPSHOT,True,modules/flowable-event-registry-json-converter,modules/flowable-event-registry-json-converter,False,?:?:?,False,listed-nested-path,nested-module-path
flowable,flowable-engine,/home/camila/repos/flowable/flowable-engine,org.flowable:flowable-root:7.1.0-SNAPSHOT,True,modules/flowable-event-registry,modules/flowable-event-registry,False,?:?:?,False,listed-nested-path,nested-module-path
flowable,flowable-engine,/home/camila/repos/flowable/flowable-engine,org.flowable:flowable-root:7.1.0-SNAPSHOT,True,modules/flowable-event-registry-configurator,modules/flowable-event-registry-configurator,False,?:?:?,False,listed-nested-path,nested-module-path
flowable,flowable-engine,/home/camila/repos/flowable/flowable-engine,org.flowable:flowable-root:7.1.0-SNAPSHOT,True,modules/flowable-eventsubscription-service-api,modules/flowable-eventsubscription-service-api,False,?:?:?,False,listed-nested-path,nested-module-path
flowable,flowable-engine,/home/camila/repos/flowable/flowable-engine,org.flowable:flowable-root:7.1.0-SNAPSHOT,True,modules/flowable-eventsubscription-service,modules/flowable-eventsubscription-service,False,?:?:?,False,listed-nested-path,nested-module-path
flowable,flowable-engine,/home/camila/repos/flowable/flowable-engine,org.flowable:flowable-root:7.1.0-SNAPSHOT,True,modules/flowable-task-service-api,modules/flowable-task-service-api,False,?:?:?,False,listed-nested-path,nested-module-path
flowable,flowable-engine,/home/camila/repos/flowable/flowable-engine,org.flowable:flowable-root:7.1.0-SNAPSHOT,True,modules/flowable-task-service,modules/flowable-task-service,False,?:?:?,False,listed-nested-path,nested-module-path
flowable,flowable-engine,/home/camila/repos/flowable/flowable-engine,org.flowable:flowable-root:7.1.0-SNAPSHOT,True,modules/flowable-job-service-api,modules/flowable-job-service-api,False,?:?:?,False,listed-nested-path,nested-module-path
flowable,flowable-engine,/home/camila/repos/flowable/flowable-engine,org.flowable:flowable-root:7.1.0-SNAPSHOT,True,modules/flowable-job-service,modules/flowable-job-service,False,?:?:?,False,listed-nested-path,nested-module-path
flowable,flowable-engine,/home/camila/repos/flowable/flowable-engine,org.flowable:flowable-root:7.1.0-SNAPSHOT,True,modules/flowable-job-spring-service,modules/flowable-job-spring-service,False,?:?:?,False,listed-nested-path,nested-module-path
flowable,flowable-engine,/home/camila/repos/flowable/flowable-engine,org.flowable:flowable-root:7.1.0-SNAPSHOT,True,modules/flowable-batch-service-api,modules/flowable-batch-service-api,False,?:?:?,False,listed-nested-path,nested-module-path
flowable,flowable-engine,/home/camila/repos/flowable/flowable-engine,org.flowable:flowable-root:7.1.0-SNAPSHOT,True,modules/flowable-batch-service,modules/flowable-batch-service,False,?:?:?,False,listed-nested-path,nested-module-path
flowable,flowable-engine,/home/camila/repos/flowable/flowable-engine,org.flowable:flowable-root:7.1.0-SNAPSHOT,True,modules/flowable-idm-api,modules/flowable-idm-api,False,?:?:?,False,listed-nested-path,nested-module-path
flowable,flowable-engine,/home/camila/repos/flowable/flowable-engine,org.flowable:flowable-root:7.1.0-SNAPSHOT,True,modules/flowable-idm-engine,modules/flowable-idm-engine,False,?:?:?,False,listed-nested-path,nested-module-path
flowable,flowable-engine,/home/camila/repos/flowable/flowable-engine,org.flowable:flowable-root:7.1.0-SNAPSHOT,True,modules/flowable-idm-engine-configurator,modules/flowable-idm-engine-configurator,False,?:?:?,False,listed-nested-path,nested-module-path
flowable,flowable-engine,/home/camila/repos/flowable/flowable-engine,org.flowable:flowable-root:7.1.0-SNAPSHOT,True,modules/flowable-form-model,modules/flowable-form-model,False,?:?:?,False,listed-nested-path,nested-module-path
flowable,flowable-engine,/home/camila/repos/flowable/flowable-engine,org.flowable:flowable-root:7.1.0-SNAPSHOT,True,modules/flowable-form-api,modules/flowable-form-api,False,?:?:?,False,listed-nested-path,nested-module-path
flowable,flowable-engine,/home/camila/repos/flowable/flowable-engine,org.flowable:flowable-root:7.1.0-SNAPSHOT,True,modules/flowable-dmn-model,modules/flowable-dmn-model,False,?:?:?,False,listed-nested-path,nested-module-path
flowable,flowable-engine,/home/camila/repos/flowable/flowable-engine,org.flowable:flowable-root:7.1.0-SNAPSHOT,True,modules/flowable-dmn-api,modules/flowable-dmn-api,False,?:?:?,False,listed-nested-path,nested-module-path
flowable,flowable-engine,/home/camila/repos/flowable/flowable-engine,org.flowable:flowable-root:7.1.0-SNAPSHOT,True,modules/flowable-dmn-xml-converter,modules/flowable-dmn-xml-converter,False,?:?:?,False,listed-nested-path,nested-module-path
flowable,flowable-engine,/home/camila/repos/flowable/flowable-engine,org.flowable:flowable-root:7.1.0-SNAPSHOT,True,modules/flowable-dmn-engine,modules/flowable-dmn-engine,False,?:?:?,False,listed-nested-path,nested-module-path
flowable,flowable-engine,/home/camila/repos/flowable/flowable-engine,org.flowable:flowable-root:7.1.0-SNAPSHOT,True,modules/flowable-dmn-engine-configurator,modules/flowable-dmn-engine-configurator,False,?:?:?,False,listed-nested-path,nested-module-path
flowable,flowable-engine,/home/camila/repos/flowable/flowable-engine,org.flowable:flowable-root:7.1.0-SNAPSHOT,True,modules/flowable-dmn-image-generator,modules/flowable-dmn-image-generator,False,?:?:?,False,listed-nested-path,nested-module-path
flowable,flowable-engine,/home/camila/repos/flowable/flowable-engine,org.flowable:flowable-root:7.1.0-SNAPSHOT,True,modules/flowable-content-api,modules/flowable-content-api,False,?:?:?,False,listed-nested-path,nested-module-path
flowable,flowable-engine,/home/camila/repos/flowable/flowable-engine,org.flowable:flowable-root:7.1.0-SNAPSHOT,True,modules/flowable-cmmn-api,modules/flowable-cmmn-api,False,?:?:?,False,listed-nested-path,nested-module-path
flowable,flowable-engine,/home/camila/repos/flowable/flowable-engine,org.flowable:flowable-root:7.1.0-SNAPSHOT,True,modules/flowable-cmmn-model,modules/flowable-cmmn-model,False,?:?:?,False,listed-nested-path,nested-module-path
flowable,flowable-engine,/home/camila/repos/flowable/flowable-engine,org.flowable:flowable-root:7.1.0-SNAPSHOT,True,modules/flowable-cmmn-converter,modules/flowable-cmmn-converter,False,?:?:?,False,listed-nested-path,nested-module-path
flowable,flowable-engine,/home/camila/repos/flowable/flowable-engine,org.flowable:flowable-root:7.1.0-SNAPSHOT,True,modules/flowable-cmmn-image-generator,modules/flowable-cmmn-image-generator,False,?:?:?,False,listed-nested-path,nested-module-path
flowable,flowable-engine,/home/camila/repos/flowable/flowable-engine,org.flowable:flowable-root:7.1.0-SNAPSHOT,True,modules/flowable-case-validation,modules/flowable-case-validation,False,?:?:?,False,listed-nested-path,nested-module-path
flowable,flowable-engine,/home/camila/repos/flowable/flowable-engine,org.flowable:flowable-root:7.1.0-SNAPSHOT,True,modules/flowable-cmmn-engine,modules/flowable-cmmn-engine,False,?:?:?,False,listed-nested-path,nested-module-path
flowable,flowable-engine,/home/camila/repos/flowable/flowable-engine,org.flowable:flowable-root:7.1.0-SNAPSHOT,True,modules/flowable-cmmn-engine-configurator,modules/flowable-cmmn-engine-configurator,False,?:?:?,False,listed-nested-path,nested-module-path
flowable,flowable-engine,/home/camila/repos/flowable/flowable-engine,org.flowable:flowable-root:7.1.0-SNAPSHOT,True,modules/flowable-engine,modules/flowable-engine,False,?:?:?,False,listed-nested-path,nested-module-path
flowable,flowable-engine,/home/camila/repos/flowable/flowable-engine,org.flowable:flowable-root:7.1.0-SNAPSHOT,True,modules/flowable-app-engine-api,modules/flowable-app-engine-api,False,?:?:?,False,listed-nested-path,nested-module-path
flowable,flowable-engine,/home/camila/repos/flowable/flowable-engine,org.flowable:flowable-root:7.1.0-SNAPSHOT,True,modules/flowable-app-engine,modules/flowable-app-engine,False,?:?:?,False,listed-nested-path,nested-module-path
flowable,flowable-engine,/home/camila/repos/flowable/flowable-engine,org.flowable:flowable-root:7.1.0-SNAPSHOT,True,modules/flowable-spring-security,modules/flowable-spring-security,False,?:?:?,False,listed-nested-path,nested-module-path
flowable,flowable-engine,/home/camila/repos/flowable/flowable-engine,org.flowable:flowable-root:7.1.0-SNAPSHOT,True,modules/flowable-http-common,modules/flowable-http-common,False,?:?:?,False,listed-nested-path,nested-module-path
flowable,flowable-engine,/home/camila/repos/flowable/flowable-engine,org.flowable:flowable-root:7.1.0-SNAPSHOT,True,modules/flowable-mail,modules/flowable-mail,False,?:?:?,False,listed-nested-path,nested-module-path
flyingsaucerproject,flyingsaucer,/home/camila/repos/flyingsaucerproject/flyingsaucer,org.xhtmlrenderer:flying-saucer-parent:9.9.5-SNAPSHOT,True,flying-saucer-core,flying-saucer-core,True,org.xhtmlrenderer:flying-saucer-parent:9.9.5-SNAPSHOT,True,listed-ok,
flyingsaucerproject,flyingsaucer,/home/camila/repos/flyingsaucerproject/flyingsaucer,org.xhtmlrenderer:flying-saucer-parent:9.9.5-SNAPSHOT,True,flying-saucer-pdf,flying-saucer-pdf,True,org.xhtmlrenderer:flying-saucer-parent:9.9.5-SNAPSHOT,True,listed-ok,
flyingsaucerproject,flyingsaucer,/home/camila/repos/flyingsaucerproject/flyingsaucer,org.xhtmlrenderer:flying-saucer-parent:9.9.5-SNAPSHOT,True,flying-saucer-pdf-osgi,flying-saucer-pdf-osgi,True,org.xhtmlrenderer:flying-saucer-parent:9.9.5-SNAPSHOT,True,listed-ok,
flyingsaucerproject,flyingsaucer,/home/camila/repos/flyingsaucerproject/flyingsaucer,org.xhtmlrenderer:flying-saucer-parent:9.9.5-SNAPSHOT,True,flying-saucer-log4j,flying-saucer-log4j,True,org.xhtmlrenderer:flying-saucer-parent:9.9.5-SNAPSHOT,True,listed-ok,
flyingsaucerproject,flyingsaucer,/home/camila/repos/flyingsaucerproject/flyingsaucer,org.xhtmlrenderer:flying-saucer-parent:9.9.5-SNAPSHOT,True,flying-saucer-swt,flying-saucer-swt,True,org.xhtmlrenderer:flying-saucer-parent:9.9.5-SNAPSHOT,True,listed-ok,
flyingsaucerproject,flyingsaucer,/home/camila/repos/flyingsaucerproject/flyingsaucer,org.xhtmlrenderer:flying-saucer-parent:9.9.5-SNAPSHOT,True,flying-saucer-swt-examples,flying-saucer-swt-examples,True,org.xhtmlrenderer:flying-saucer-parent:9.9.5-SNAPSHOT,True,listed-ok,
flyingsaucerproject,flyingsaucer,/home/camila/repos/flyingsaucerproject/flyingsaucer,org.xhtmlrenderer:flying-saucer-parent:9.9.5-SNAPSHOT,True,flying-saucer-examples,flying-saucer-examples,True,org.xhtmlrenderer:flying-saucer-parent:9.9.5-SNAPSHOT,True,listed-ok,
flyingsaucerproject,flyingsaucer,/home/camila/repos/flyingsaucerproject/flyingsaucer,org.xhtmlrenderer:flying-saucer-parent:9.9.5-SNAPSHOT,True,flying-saucer-fop,flying-saucer-fop,True,org.xhtmlrenderer:flying-saucer-parent:9.9.5-SNAPSHOT,True,listed-ok,
flyway,flyway,/home/camila/repos/flyway/flyway,org.flywaydb:flyway-parent:10.18.1,True,flyway-core,flyway-core,True,org.flywaydb:flyway-parent:10.18.1,True,listed-ok,
flyway,flyway,/home/camila/repos/flyway/flyway,org.flywaydb:flyway-parent:10.18.1,True,flyway-gradle-plugin,flyway-gradle-plugin,True,org.flywaydb:flyway-parent:10.18.1,True,listed-ok,
flyway,flyway,/home/camila/repos/flyway/flyway,org.flywaydb:flyway-parent:10.18.1,True,flyway-maven-plugin,flyway-maven-plugin,True,org.flywaydb:flyway-parent:10.18.1,True,listed-ok,
flyway,flyway,/home/camila/repos/flyway/flyway,org.flywaydb:flyway-parent:10.18.1,True,flyway-commandline,flyway-commandline,True,org.flywaydb:flyway-parent:10.18.1,True,listed-ok,
flyway,flyway,/home/camila/repos/flyway/flyway,org.flywaydb:flyway-parent:10.18.1,True,flyway-database,flyway-database,True,org.flywaydb:flyway-parent:10.18.1,True,listed-ok,
flyway,flyway,/home/camila/repos/flyway/flyway,org.flywaydb:flyway-parent:10.18.1,True,flyway-experimental,flyway-experimental,True,org.flywaydb:flyway-parent:10.18.1,True,listed-ok,
flyway,flyway,/home/camila/repos/flyway/flyway,org.flywaydb:flyway-parent:10.18.1,True,flyway-reports,flyway-reports,True,org.flywaydb:flyway-parent:10.18.1,True,listed-ok,
geotools,geotools,/home/camila/repos/geotools/geotools,org.geotools:geotools:16-SNAPSHOT,True,build,build,True,org.geotools:geotools:16-SNAPSHOT,True,listed-ok,
geotools,geotools,/home/camila/repos/geotools/geotools,org.geotools:geotools:16-SNAPSHOT,True,modules,modules,True,org.geotools:geotools:16-SNAPSHOT,True,listed-ok,
geotools,geotools,/home/camila/repos/geotools/geotools,org.geotools:geotools:16-SNAPSHOT,False,docs,docs,True,org.geotools:geotools:16-SNAPSHOT,True,unlisted-child-with-root-parent,unlisted-but-parent-matches-root
gephi,gephi,/home/camila/repos/gephi/gephi,org.gephi:gephi-parent:0.11.0-SNAPSHOT,True,modules/application,modules/application,False,?:?:?,False,listed-nested-path,nested-module-path
gephi,gephi,/home/camila/repos/gephi/gephi,org.gephi:gephi-parent:0.11.0-SNAPSHOT,True,modules/AlgorithmsPlugin,modules/AlgorithmsPlugin,False,?:?:?,False,listed-nested-path,nested-module-path
gephi,gephi,/home/camila/repos/gephi/gephi,org.gephi:gephi-parent:0.11.0-SNAPSHOT,True,modules/AppearanceAPI,modules/AppearanceAPI,False,?:?:?,False,listed-nested-path,nested-module-path
gephi,gephi,/home/camila/repos/gephi/gephi,org.gephi:gephi-parent:0.11.0-SNAPSHOT,True,modules/AppearancePlugin,modules/AppearancePlugin,False,?:?:?,False,listed-nested-path,nested-module-path
gephi,gephi,/home/camila/repos/gephi/gephi,org.gephi:gephi-parent:0.11.0-SNAPSHOT,True,modules/AppearancePluginUI,modules/AppearancePluginUI,False,?:?:?,False,listed-nested-path,nested-module-path
gephi,gephi,/home/camila/repos/gephi/gephi,org.gephi:gephi-parent:0.11.0-SNAPSHOT,True,modules/LongTaskAPI,modules/LongTaskAPI,False,?:?:?,False,listed-nested-path,nested-module-path
gephi,gephi,/home/camila/repos/gephi/gephi,org.gephi:gephi-parent:0.11.0-SNAPSHOT,True,modules/DataLaboratoryAPI,modules/DataLaboratoryAPI,False,?:?:?,False,listed-nested-path,nested-module-path
gephi,gephi,/home/camila/repos/gephi/gephi,org.gephi:gephi-parent:0.11.0-SNAPSHOT,True,modules/DataLaboratoryPlugin,modules/DataLaboratoryPlugin,False,?:?:?,False,listed-nested-path,nested-module-path
gephi,gephi,/home/camila/repos/gephi/gephi,org.gephi:gephi-parent:0.11.0-SNAPSHOT,True,modules/DBDrivers,modules/DBDrivers,False,?:?:?,False,listed-nested-path,nested-module-path
gephi,gephi,/home/camila/repos/gephi/gephi,org.gephi:gephi-parent:0.11.0-SNAPSHOT,True,modules/DesktopWindow,modules/DesktopWindow,False,?:?:?,False,listed-nested-path,nested-module-path
gephi,gephi,/home/camila/repos/gephi/gephi,org.gephi:gephi-parent:0.11.0-SNAPSHOT,True,modules/DesktopBranding,modules/DesktopBranding,False,?:?:?,False,listed-nested-path,nested-module-path
gephi,gephi,/home/camila/repos/gephi/gephi,org.gephi:gephi-parent:0.11.0-SNAPSHOT,True,modules/DesktopContext,modules/DesktopContext,False,?:?:?,False,listed-nested-path,nested-module-path
gephi,gephi,/home/camila/repos/gephi/gephi,org.gephi:gephi-parent:0.11.0-SNAPSHOT,True,modules/DesktopDataLaboratory,modules/DesktopDataLaboratory,False,?:?:?,False,listed-nested-path,nested-module-path
gephi,gephi,/home/camila/repos/gephi/gephi,org.gephi:gephi-parent:0.11.0-SNAPSHOT,True,modules/DesktopGenerate,modules/DesktopGenerate,False,?:?:?,False,listed-nested-path,nested-module-path
gephi,gephi,/home/camila/repos/gephi/gephi,org.gephi:gephi-parent:0.11.0-SNAPSHOT,True,modules/DesktopExport,modules/DesktopExport,False,?:?:?,False,listed-nested-path,nested-module-path
gephi,gephi,/home/camila/repos/gephi/gephi,org.gephi:gephi-parent:0.11.0-SNAPSHOT,True,modules/DesktopFilters,modules/DesktopFilters,False,?:?:?,False,listed-nested-path,nested-module-path
gephi,gephi,/home/camila/repos/gephi/gephi,org.gephi:gephi-parent:0.11.0-SNAPSHOT,True,modules/DesktopImport,modules/DesktopImport,False,?:?:?,False,listed-nested-path,nested-module-path
gephi,gephi,/home/camila/repos/gephi/gephi,org.gephi:gephi-parent:0.11.0-SNAPSHOT,True,modules/DesktopLayout,modules/DesktopLayout,False,?:?:?,False,listed-nested-path,nested-module-path
gephi,gephi,/home/camila/repos/gephi/gephi,org.gephi:gephi-parent:0.11.0-SNAPSHOT,True,modules/DesktopAppearance,modules/DesktopAppearance,False,?:?:?,False,listed-nested-path,nested-module-path
gephi,gephi,/home/camila/repos/gephi/gephi,org.gephi:gephi-parent:0.11.0-SNAPSHOT,True,modules/DesktopPreview,modules/DesktopPreview,False,?:?:?,False,listed-nested-path,nested-module-path
gephi,gephi,/home/camila/repos/gephi/gephi,org.gephi:gephi-parent:0.11.0-SNAPSHOT,True,modules/DesktopProject,modules/DesktopProject,False,?:?:?,False,listed-nested-path,nested-module-path
gephi,gephi,/home/camila/repos/gephi/gephi,org.gephi:gephi-parent:0.11.0-SNAPSHOT,True,modules/DesktopStatistics,modules/DesktopStatistics,False,?:?:?,False,listed-nested-path,nested-module-path
gephi,gephi,/home/camila/repos/gephi/gephi,org.gephi:gephi-parent:0.11.0-SNAPSHOT,True,modules/DesktopTools,modules/DesktopTools,False,?:?:?,False,listed-nested-path,nested-module-path
gephi,gephi,/home/camila/repos/gephi/gephi,org.gephi:gephi-parent:0.11.0-SNAPSHOT,True,modules/DesktopTimeline,modules/DesktopTimeline,False,?:?:?,False,listed-nested-path,nested-module-path
gephi,gephi,/home/camila/repos/gephi/gephi,org.gephi:gephi-parent:0.11.0-SNAPSHOT,True,modules/ExportAPI,modules/ExportAPI,False,?:?:?,False,listed-nested-path,nested-module-path
gephi,gephi,/home/camila/repos/gephi/gephi,org.gephi:gephi-parent:0.11.0-SNAPSHOT,True,modules/ExportPlugin,modules/ExportPlugin,False,?:?:?,False,listed-nested-path,nested-module-path
gephi,gephi,/home/camila/repos/gephi/gephi,org.gephi:gephi-parent:0.11.0-SNAPSHOT,True,modules/ExportPluginUI,modules/ExportPluginUI,False,?:?:?,False,listed-nested-path,nested-module-path
gephi,gephi,/home/camila/repos/gephi/gephi,org.gephi:gephi-parent:0.11.0-SNAPSHOT,True,modules/FiltersAPI,modules/FiltersAPI,False,?:?:?,False,listed-nested-path,nested-module-path
gephi,gephi,/home/camila/repos/gephi/gephi,org.gephi:gephi-parent:0.11.0-SNAPSHOT,True,modules/FiltersImpl,modules/FiltersImpl,False,?:?:?,False,listed-nested-path,nested-module-path
gephi,gephi,/home/camila/repos/gephi/gephi,org.gephi:gephi-parent:0.11.0-SNAPSHOT,True,modules/FiltersPlugin,modules/FiltersPlugin,False,?:?:?,False,listed-nested-path,nested-module-path
gephi,gephi,/home/camila/repos/gephi/gephi,org.gephi:gephi-parent:0.11.0-SNAPSHOT,True,modules/FiltersPluginUI,modules/FiltersPluginUI,False,?:?:?,False,listed-nested-path,nested-module-path
gephi,gephi,/home/camila/repos/gephi/gephi,org.gephi:gephi-parent:0.11.0-SNAPSHOT,True,modules/GeneratorAPI,modules/GeneratorAPI,False,?:?:?,False,listed-nested-path,nested-module-path
gephi,gephi,/home/camila/repos/gephi/gephi,org.gephi:gephi-parent:0.11.0-SNAPSHOT,True,modules/GeneratorPlugin,modules/GeneratorPlugin,False,?:?:?,False,listed-nested-path,nested-module-path
gephi,gephi,/home/camila/repos/gephi/gephi,org.gephi:gephi-parent:0.11.0-SNAPSHOT,True,modules/GeneratorPluginUI,modules/GeneratorPluginUI,False,?:?:?,False,listed-nested-path,nested-module-path
gephi,gephi,/home/camila/repos/gephi/gephi,org.gephi:gephi-parent:0.11.0-SNAPSHOT,True,modules/GraphAPI,modules/GraphAPI,False,?:?:?,False,listed-nested-path,nested-module-path
gephi,gephi,/home/camila/repos/gephi/gephi,org.gephi:gephi-parent:0.11.0-SNAPSHOT,True,modules/ImportAPI,modules/ImportAPI,False,?:?:?,False,listed-nested-path,nested-module-path
gephi,gephi,/home/camila/repos/gephi/gephi,org.gephi:gephi-parent:0.11.0-SNAPSHOT,True,modules/ImportPlugin,modules/ImportPlugin,False,?:?:?,False,listed-nested-path,nested-module-path
gephi,gephi,/home/camila/repos/gephi/gephi,org.gephi:gephi-parent:0.11.0-SNAPSHOT,True,modules/ImportPluginUI,modules/ImportPluginUI,False,?:?:?,False,listed-nested-path,nested-module-path
gephi,gephi,/home/camila/repos/gephi/gephi,org.gephi:gephi-parent:0.11.0-SNAPSHOT,True,modules/LayoutAPI,modules/LayoutAPI,False,?:?:?,False,listed-nested-path,nested-module-path
gephi,gephi,/home/camila/repos/gephi/gephi,org.gephi:gephi-parent:0.11.0-SNAPSHOT,True,modules/LayoutPlugin,modules/LayoutPlugin,False,?:?:?,False,listed-nested-path,nested-module-path
gephi,gephi,/home/camila/repos/gephi/gephi,org.gephi:gephi-parent:0.11.0-SNAPSHOT,True,modules/MostRecentFilesAPI,modules/MostRecentFilesAPI,False,?:?:?,False,listed-nested-path,nested-module-path
gephi,gephi,/home/camila/repos/gephi/gephi,org.gephi:gephi-parent:0.11.0-SNAPSHOT,True,modules/PerspectiveAPI,modules/PerspectiveAPI,False,?:?:?,False,listed-nested-path,nested-module-path
gephi,gephi,/home/camila/repos/gephi/gephi,org.gephi:gephi-parent:0.11.0-SNAPSHOT,True,modules/PreviewAPI,modules/PreviewAPI,False,?:?:?,False,listed-nested-path,nested-module-path
gephi,gephi,/home/camila/repos/gephi/gephi,org.gephi:gephi-parent:0.11.0-SNAPSHOT,True,modules/PreviewExport,modules/PreviewExport,False,?:?:?,False,listed-nested-path,nested-module-path
gephi,gephi,/home/camila/repos/gephi/gephi,org.gephi:gephi-parent:0.11.0-SNAPSHOT,True,modules/PreviewExportUI,modules/PreviewExportUI,False,?:?:?,False,listed-nested-path,nested-module-path
gephi,gephi,/home/camila/repos/gephi/gephi,org.gephi:gephi-parent:0.11.0-SNAPSHOT,True,modules/PreviewPlugin,modules/PreviewPlugin,False,?:?:?,False,listed-nested-path,nested-module-path
gephi,gephi,/home/camila/repos/gephi/gephi,org.gephi:gephi-parent:0.11.0-SNAPSHOT,True,modules/ProjectAPI,modules/ProjectAPI,False,?:?:?,False,listed-nested-path,nested-module-path
gephi,gephi,/home/camila/repos/gephi/gephi,org.gephi:gephi-parent:0.11.0-SNAPSHOT,True,modules/SettingsUpgrader,modules/SettingsUpgrader,False,?:?:?,False,listed-nested-path,nested-module-path
gephi,gephi,/home/camila/repos/gephi/gephi,org.gephi:gephi-parent:0.11.0-SNAPSHOT,True,modules/StatisticsAPI,modules/StatisticsAPI,False,?:?:?,False,listed-nested-path,nested-module-path
gephi,gephi,/home/camila/repos/gephi/gephi,org.gephi:gephi-parent:0.11.0-SNAPSHOT,True,modules/StatisticsPlugin,modules/StatisticsPlugin,False,?:?:?,False,listed-nested-path,nested-module-path
gephi,gephi,/home/camila/repos/gephi/gephi,org.gephi:gephi-parent:0.11.0-SNAPSHOT,True,modules/StatisticsPluginUI,modules/StatisticsPluginUI,False,?:?:?,False,listed-nested-path,nested-module-path
gephi,gephi,/home/camila/repos/gephi/gephi,org.gephi:gephi-parent:0.11.0-SNAPSHOT,True,modules/TimelineAPI,modules/TimelineAPI,False,?:?:?,False,listed-nested-path,nested-module-path
gephi,gephi,/home/camila/repos/gephi/gephi,org.gephi:gephi-parent:0.11.0-SNAPSHOT,True,modules/ToolsAPI,modules/ToolsAPI,False,?:?:?,False,listed-nested-path,nested-module-path
gephi,gephi,/home/camila/repos/gephi/gephi,org.gephi:gephi-parent:0.11.0-SNAPSHOT,True,modules/ToolsPlugin,modules/ToolsPlugin,False,?:?:?,False,listed-nested-path,nested-module-path
gephi,gephi,/home/camila/repos/gephi/gephi,org.gephi:gephi-parent:0.11.0-SNAPSHOT,True,modules/UIComponents,modules/UIComponents,False,?:?:?,False,listed-nested-path,nested-module-path
gephi,gephi,/home/camila/repos/gephi/gephi,org.gephi:gephi-parent:0.11.0-SNAPSHOT,True,modules/UIUtils,modules/UIUtils,False,?:?:?,False,listed-nested-path,nested-module-path
gephi,gephi,/home/camila/repos/gephi/gephi,org.gephi:gephi-parent:0.11.0-SNAPSHOT,True,modules/Utils,modules/Utils,False,?:?:?,False,listed-nested-path,nested-module-path
gephi,gephi,/home/camila/repos/gephi/gephi,org.gephi:gephi-parent:0.11.0-SNAPSHOT,True,modules/VisualizationAPI,modules/VisualizationAPI,False,?:?:?,False,listed-nested-path,nested-module-path
gephi,gephi,/home/camila/repos/gephi/gephi,org.gephi:gephi-parent:0.11.0-SNAPSHOT,True,modules/VisualizationImpl,modules/VisualizationImpl,False,?:?:?,False,listed-nested-path,nested-module-path
gephi,gephi,/home/camila/repos/gephi/gephi,org.gephi:gephi-parent:0.11.0-SNAPSHOT,True,modules/WelcomeScreen,modules/WelcomeScreen,False,?:?:?,False,listed-nested-path,nested-module-path
gephi,gephi,/home/camila/repos/gephi/gephi,org.gephi:gephi-parent:0.11.0-SNAPSHOT,True,modules/BatikWrapper,modules/BatikWrapper,False,?:?:?,False,listed-nested-path,nested-module-path
gephi,gephi,/home/camila/repos/gephi/gephi,org.gephi:gephi-parent:0.11.0-SNAPSHOT,True,modules/CoreLibraryWrapper,modules/CoreLibraryWrapper,False,?:?:?,False,listed-nested-path,nested-module-path
gephi,gephi,/home/camila/repos/gephi/gephi,org.gephi:gephi-parent:0.11.0-SNAPSHOT,True,modules/UILibraryWrapper,modules/UILibraryWrapper,False,?:?:?,False,listed-nested-path,nested-module-path
gephi,gephi,/home/camila/repos/gephi/gephi,org.gephi:gephi-parent:0.11.0-SNAPSHOT,True,modules/DesktopIcons,modules/DesktopIcons,False,?:?:?,False,listed-nested-path,nested-module-path
gephi,gephi,/home/camila/repos/gephi/gephi,org.gephi:gephi-parent:0.11.0-SNAPSHOT,True,modules/DesktopSearch,modules/DesktopSearch,False,?:?:?,False,listed-nested-path,nested-module-path
google,truth,/home/camila/repos/google/truth,com.google.truth:truth-parent:HEAD-SNAPSHOT,True,core,core,True,com.google.truth:truth-parent:HEAD-SNAPSHOT,True,listed-ok,
google,truth,/home/camila/repos/google/truth,com.google.truth:truth-parent:HEAD-SNAPSHOT,True,extensions,extensions,True,com.google.truth:truth-parent:HEAD-SNAPSHOT,True,listed-ok,
google,gson,/home/camila/repos/google/gson,com.google.code.gson:gson-parent:2.11.1-SNAPSHOT,True,gson,gson,True,com.google.code.gson:gson-parent:2.11.1-SNAPSHOT,True,listed-ok,
google,gson,/home/camila/repos/google/gson,com.google.code.gson:gson-parent:2.11.1-SNAPSHOT,True,test-jpms,test-jpms,True,com.google.code.gson:gson-parent:2.11.1-SNAPSHOT,True,listed-ok,
google,gson,/home/camila/repos/google/gson,com.google.code.gson:gson-parent:2.11.1-SNAPSHOT,True,test-graal-native-image,test-graal-native-image,True,com.google.code.gson:gson-parent:2.11.1-SNAPSHOT,True,listed-ok,
google,gson,/home/camila/repos/google/gson,com.google.code.gson:gson-parent:2.11.1-SNAPSHOT,True,test-shrinker,test-shrinker,True,com.google.code.gson:gson-parent:2.11.1-SNAPSHOT,True,listed-ok,
google,gson,/home/camila/repos/google/gson,com.google.code.gson:gson-parent:2.11.1-SNAPSHOT,True,extras,extras,True,com.google.code.gson:gson-parent:2.11.1-SNAPSHOT,True,listed-ok,
google,gson,/home/camila/repos/google/gson,com.google.code.gson:gson-parent:2.11.1-SNAPSHOT,True,metrics,metrics,True,com.google.code.gson:gson-parent:2.11.1-SNAPSHOT,True,listed-ok,
google,gson,/home/camila/repos/google/gson,com.google.code.gson:gson-parent:2.11.1-SNAPSHOT,True,proto,proto,True,com.google.code.gson:gson-parent:2.11.1-SNAPSHOT,True,listed-ok,
google,guice,/home/camila/repos/google/guice,com.google.inject:guice-parent:7.0.1-SNAPSHOT,True,bom,bom,True,com.google.inject:guice-parent:7.0.1-SNAPSHOT,True,listed-ok,
google,guice,/home/camila/repos/google/guice,com.google.inject:guice-parent:7.0.1-SNAPSHOT,True,core,core,True,com.google.inject:guice-parent:7.0.1-SNAPSHOT,True,listed-ok,
google,guice,/home/camila/repos/google/guice,com.google.inject:guice-parent:7.0.1-SNAPSHOT,True,extensions,extensions,True,com.google.inject:guice-parent:7.0.1-SNAPSHOT,True,listed-ok,
google,error-prone,/home/camila/repos/google/error-prone,com.google.errorprone:error_prone_parent:1.0-HEAD-SNAPSHOT,True,check_api,check_api,True,com.google.errorprone:error_prone_parent:1.0-HEAD-SNAPSHOT,True,listed-ok,
google,error-prone,/home/camila/repos/google/error-prone,com.google.errorprone:error_prone_parent:1.0-HEAD-SNAPSHOT,True,test_helpers,test_helpers,True,com.google.errorprone:error_prone_parent:1.0-HEAD-SNAPSHOT,True,listed-ok,
google,error-prone,/home/camila/repos/google/error-prone,com.google.errorprone:error_prone_parent:1.0-HEAD-SNAPSHOT,True,core,core,True,com.google.errorprone:error_prone_parent:1.0-HEAD-SNAPSHOT,True,listed-ok,
google,error-prone,/home/camila/repos/google/error-prone,com.google.errorprone:error_prone_parent:1.0-HEAD-SNAPSHOT,True,annotation,annotation,True,com.google.errorprone:error_prone_parent:1.0-HEAD-SNAPSHOT,True,listed-ok,
google,error-prone,/home/camila/repos/google/error-prone,com.google.errorprone:error_prone_parent:1.0-HEAD-SNAPSHOT,True,annotations,annotations,True,com.google.errorprone:error_prone_parent:1.0-HEAD-SNAPSHOT,True,listed-ok,
google,error-prone,/home/camila/repos/google/error-prone,com.google.errorprone:error_prone_parent:1.0-HEAD-SNAPSHOT,True,type_annotations,type_annotations,True,com.google.errorprone:error_prone_parent:1.0-HEAD-SNAPSHOT,True,listed-ok,
google,error-prone,/home/camila/repos/google/error-prone,com.google.errorprone:error_prone_parent:1.0-HEAD-SNAPSHOT,True,docgen,docgen,True,com.google.errorprone:error_prone_parent:1.0-HEAD-SNAPSHOT,True,listed-ok,
google,error-prone,/home/camila/repos/google/error-prone,com.google.errorprone:error_prone_parent:1.0-HEAD-SNAPSHOT,True,docgen_processor,docgen_processor,True,com.google.errorprone:error_prone_parent:1.0-HEAD-SNAPSHOT,True,listed-ok,
google,error-prone,/home/camila/repos/google/error-prone,com.google.errorprone:error_prone_parent:1.0-HEAD-SNAPSHOT,True,refaster,refaster,True,com.google.errorprone:error_prone_parent:1.0-HEAD-SNAPSHOT,True,listed-ok,
google,guava,/home/camila/repos/google/guava,com.google.guava:guava-parent:HEAD-jre-SNAPSHOT,True,guava,guava,True,com.google.guava:guava-parent:HEAD-jre-SNAPSHOT,True,listed-ok,
google,guava,/home/camila/repos/google/guava,com.google.guava:guava-parent:HEAD-jre-SNAPSHOT,True,guava-bom,guava-bom,True,org.sonatype.oss:oss-parent:9,False,listed-parent-mismatch,parent-ga-mismatch
google,guava,/home/camila/repos/google/guava,com.google.guava:guava-parent:HEAD-jre-SNAPSHOT,True,guava-gwt,guava-gwt,True,com.google.guava:guava-parent:HEAD-jre-SNAPSHOT,True,listed-ok,
google,guava,/home/camila/repos/google/guava,com.google.guava:guava-parent:HEAD-jre-SNAPSHOT,True,guava-testlib,guava-testlib,True,com.google.guava:guava-parent:HEAD-jre-SNAPSHOT,True,listed-ok,
google,guava,/home/camila/repos/google/guava,com.google.guava:guava-parent:HEAD-jre-SNAPSHOT,True,guava-tests,guava-tests,True,com.google.guava:guava-parent:HEAD-jre-SNAPSHOT,True,listed-ok,
googleapis,google-http-java-client,/home/camila/repos/googleapis/google-http-java-client,com.google.http-client:google-http-client-parent:1.45.0,True,google-http-client,google-http-client,True,com.google.http-client:google-http-client-parent:1.45.0,True,listed-ok,
googleapis,google-http-java-client,/home/camila/repos/googleapis/google-http-java-client,com.google.http-client:google-http-client-parent:1.45.0,True,google-http-client-assembly,google-http-client-assembly,True,com.google.http-client:google-http-client-parent:1.45.0,True,listed-ok,
googleapis,google-http-java-client,/home/camila/repos/googleapis/google-http-java-client,com.google.http-client:google-http-client-parent:1.45.0,True,google-http-client-appengine,google-http-client-appengine,True,com.google.http-client:google-http-client-parent:1.45.0,True,listed-ok,
googleapis,google-http-java-client,/home/camila/repos/googleapis/google-http-java-client,com.google.http-client:google-http-client-parent:1.45.0,True,google-http-client-android,google-http-client-android,True,com.google.http-client:google-http-client-parent:1.45.0,True,listed-ok,
googleapis,google-http-java-client,/home/camila/repos/googleapis/google-http-java-client,com.google.http-client:google-http-client-parent:1.45.0,True,google-http-client-apache-v2,google-http-client-apache-v2,True,com.google.http-client:google-http-client-parent:1.45.0,True,listed-ok,
googleapis,google-http-java-client,/home/camila/repos/googleapis/google-http-java-client,com.google.http-client:google-http-client-parent:1.45.0,True,google-http-client-apache-v5,google-http-client-apache-v5,True,com.google.http-client:google-http-client-parent:1.45.0,True,listed-ok,
googleapis,google-http-java-client,/home/camila/repos/googleapis/google-http-java-client,com.google.http-client:google-http-client-parent:1.45.0,True,google-http-client-protobuf,google-http-client-protobuf,True,com.google.http-client:google-http-client-parent:1.45.0,True,listed-ok,
googleapis,google-http-java-client,/home/camila/repos/googleapis/google-http-java-client,com.google.http-client:google-http-client-parent:1.45.0,True,google-http-client-gson,google-http-client-gson,True,com.google.http-client:google-http-client-parent:1.45.0,True,listed-ok,
googleapis,google-http-java-client,/home/camila/repos/googleapis/google-http-java-client,com.google.http-client:google-http-client-parent:1.45.0,True,google-http-client-jackson2,google-http-client-jackson2,True,com.google.http-client:google-http-client-parent:1.45.0,True,listed-ok,
googleapis,google-http-java-client,/home/camila/repos/googleapis/google-http-java-client,com.google.http-client:google-http-client-parent:1.45.0,True,google-http-client-xml,google-http-client-xml,True,com.google.http-client:google-http-client-parent:1.45.0,True,listed-ok,
googleapis,google-http-java-client,/home/camila/repos/googleapis/google-http-java-client,com.google.http-client:google-http-client-parent:1.45.0,True,google-http-client-findbugs,google-http-client-findbugs,True,com.google.http-client:google-http-client-parent:1.45.0,True,listed-ok,
googleapis,google-http-java-client,/home/camila/repos/googleapis/google-http-java-client,com.google.http-client:google-http-client-parent:1.45.0,True,google-http-client-test,google-http-client-test,True,com.google.http-client:google-http-client-parent:1.45.0,True,listed-ok,
googleapis,google-http-java-client,/home/camila/repos/googleapis/google-http-java-client,com.google.http-client:google-http-client-parent:1.45.0,True,samples/dailymotion-simple-cmdline-sample,samples/dailymotion-simple-cmdline-sample,False,?:?:?,False,listed-nested-path,nested-module-path
googleapis,google-http-java-client,/home/camila/repos/googleapis/google-http-java-client,com.google.http-client:google-http-client-parent:1.45.0,True,google-http-client-bom,google-http-client-bom,True,?:?:?,False,listed-parent-mismatch,child-without-parent-or-missing-ga
googleapis,google-api-java-client,/home/camila/repos/googleapis/google-api-java-client,com.google.api-client:google-api-client-parent:2.7.0,True,google-api-client,google-api-client,True,com.google.api-client:google-api-client-parent:2.7.0,True,listed-ok,
googleapis,google-api-java-client,/home/camila/repos/googleapis/google-api-java-client,com.google.api-client:google-api-client-parent:2.7.0,True,google-api-client-servlet,google-api-client-servlet,True,com.google.api-client:google-api-client-parent:2.7.0,True,listed-ok,
googleapis,google-api-java-client,/home/camila/repos/googleapis/google-api-java-client,com.google.api-client:google-api-client-parent:2.7.0,True,google-api-client-android,google-api-client-android,True,com.google.api-client:google-api-client-parent:2.7.0,True,listed-ok,
googleapis,google-api-java-client,/home/camila/repos/googleapis/google-api-java-client,com.google.api-client:google-api-client-parent:2.7.0,True,google-api-client-appengine,google-api-client-appengine,True,com.google.api-client:google-api-client-parent:2.7.0,True,listed-ok,
googleapis,google-api-java-client,/home/camila/repos/googleapis/google-api-java-client,com.google.api-client:google-api-client-parent:2.7.0,True,google-api-client-assembly,google-api-client-assembly,True,com.google.api-client:google-api-client-parent:2.7.0,True,listed-ok,
googleapis,google-api-java-client,/home/camila/repos/googleapis/google-api-java-client,com.google.api-client:google-api-client-parent:2.7.0,True,google-api-client-bom,google-api-client-bom,True,?:?:?,False,listed-parent-mismatch,child-without-parent-or-missing-ga
googleapis,google-api-java-client,/home/camila/repos/googleapis/google-api-java-client,com.google.api-client:google-api-client-parent:2.7.0,True,google-api-client-gson,google-api-client-gson,True,com.google.api-client:google-api-client-parent:2.7.0,True,listed-ok,
googleapis,google-api-java-client,/home/camila/repos/googleapis/google-api-java-client,com.google.api-client:google-api-client-parent:2.7.0,True,google-api-client-jackson2,google-api-client-jackson2,True,com.google.api-client:google-api-client-parent:2.7.0,True,listed-ok,
googleapis,google-api-java-client,/home/camila/repos/googleapis/google-api-java-client,com.google.api-client:google-api-client-parent:2.7.0,True,google-api-client-protobuf,google-api-client-protobuf,True,com.google.api-client:google-api-client-parent:2.7.0,True,listed-ok,
googleapis,google-api-java-client,/home/camila/repos/googleapis/google-api-java-client,com.google.api-client:google-api-client-parent:2.7.0,True,google-api-client-xml,google-api-client-xml,True,com.google.api-client:google-api-client-parent:2.7.0,True,listed-ok,
googleapis,google-api-java-client,/home/camila/repos/googleapis/google-api-java-client,com.google.api-client:google-api-client-parent:2.7.0,True,google-api-client-apache-v5,google-api-client-apache-v5,True,com.google.api-client:google-api-client-parent:2.7.0,True,listed-ok,
googleapis,google-cloud-java,/home/camila/repos/googleapis/google-cloud-java,com.google.cloud:google-cloud-java:0.201.0,True,gapic-libraries-bom,gapic-libraries-bom,True,com.google.cloud:google-cloud-pom-parent:1.44.0-SNAPSHOT,False,listed-parent-mismatch,parent-ga-mismatch
googleapis,google-cloud-java,/home/camila/repos/googleapis/google-cloud-java,com.google.cloud:google-cloud-java:0.201.0,True,google-cloud-jar-parent,google-cloud-jar-parent,True,com.google.cloud:google-cloud-pom-parent:1.44.0-SNAPSHOT,False,listed-parent-mismatch,parent-ga-mismatch
googleapis,google-cloud-java,/home/camila/repos/googleapis/google-cloud-java,com.google.cloud:google-cloud-java:0.201.0,True,google-cloud-pom-parent,google-cloud-pom-parent,True,com.google.cloud:sdk-platform-java-config:3.36.0,False,listed-parent-mismatch,parent-ga-mismatch
googleapis,google-cloud-java,/home/camila/repos/googleapis/google-cloud-java,com.google.cloud:google-cloud-java:0.201.0,True,java-accessapproval,java-accessapproval,True,com.google.cloud:google-cloud-jar-parent:1.44.0-SNAPSHOT,False,listed-parent-mismatch,parent-ga-mismatch
googleapis,google-cloud-java,/home/camila/repos/googleapis/google-cloud-java,com.google.cloud:google-cloud-java:0.201.0,True,java-accesscontextmanager,java-accesscontextmanager,True,com.google.cloud:google-cloud-jar-parent:1.44.0-SNAPSHOT,False,listed-parent-mismatch,parent-ga-mismatch
googleapis,google-cloud-java,/home/camila/repos/googleapis/google-cloud-java,com.google.cloud:google-cloud-java:0.201.0,True,java-admanager,java-admanager,True,com.google.cloud:google-cloud-jar-parent:1.44.0-SNAPSHOT,False,listed-parent-mismatch,parent-ga-mismatch
googleapis,google-cloud-java,/home/camila/repos/googleapis/google-cloud-java,com.google.cloud:google-cloud-java:0.201.0,True,java-advisorynotifications,java-advisorynotifications,True,com.google.cloud:google-cloud-jar-parent:1.44.0-SNAPSHOT,False,listed-parent-mismatch,parent-ga-mismatch
googleapis,google-cloud-java,/home/camila/repos/googleapis/google-cloud-java,com.google.cloud:google-cloud-java:0.201.0,True,java-aiplatform,java-aiplatform,True,com.google.cloud:google-cloud-jar-parent:1.44.0-SNAPSHOT,False,listed-parent-mismatch,parent-ga-mismatch
googleapis,google-cloud-java,/home/camila/repos/googleapis/google-cloud-java,com.google.cloud:google-cloud-java:0.201.0,True,java-alloydb,java-alloydb,True,com.google.cloud:google-cloud-jar-parent:1.44.0-SNAPSHOT,False,listed-parent-mismatch,parent-ga-mismatch
googleapis,google-cloud-java,/home/camila/repos/googleapis/google-cloud-java,com.google.cloud:google-cloud-java:0.201.0,True,java-alloydb-connectors,java-alloydb-connectors,True,com.google.cloud:google-cloud-jar-parent:1.44.0-SNAPSHOT,False,listed-parent-mismatch,parent-ga-mismatch
googleapis,google-cloud-java,/home/camila/repos/googleapis/google-cloud-java,com.google.cloud:google-cloud-java:0.201.0,True,java-analytics-admin,java-analytics-admin,True,com.google.cloud:google-cloud-jar-parent:1.44.0-SNAPSHOT,False,listed-parent-mismatch,parent-ga-mismatch
googleapis,google-cloud-java,/home/camila/repos/googleapis/google-cloud-java,com.google.cloud:google-cloud-java:0.201.0,True,java-analytics-data,java-analytics-data,True,com.google.cloud:google-cloud-jar-parent:1.44.0-SNAPSHOT,False,listed-parent-mismatch,parent-ga-mismatch
googleapis,google-cloud-java,/home/camila/repos/googleapis/google-cloud-java,com.google.cloud:google-cloud-java:0.201.0,True,java-analyticshub,java-analyticshub,True,com.google.cloud:google-cloud-jar-parent:1.44.0-SNAPSHOT,False,listed-parent-mismatch,parent-ga-mismatch
googleapis,google-cloud-java,/home/camila/repos/googleapis/google-cloud-java,com.google.cloud:google-cloud-java:0.201.0,True,java-api-gateway,java-api-gateway,True,com.google.cloud:google-cloud-jar-parent:1.44.0-SNAPSHOT,False,listed-parent-mismatch,parent-ga-mismatch
googleapis,google-cloud-java,/home/camila/repos/googleapis/google-cloud-java,com.google.cloud:google-cloud-java:0.201.0,True,java-apigee-connect,java-apigee-connect,True,com.google.cloud:google-cloud-jar-parent:1.44.0-SNAPSHOT,False,listed-parent-mismatch,parent-ga-mismatch
googleapis,google-cloud-java,/home/camila/repos/googleapis/google-cloud-java,com.google.cloud:google-cloud-java:0.201.0,True,java-apigee-registry,java-apigee-registry,True,com.google.cloud:google-cloud-jar-parent:1.44.0-SNAPSHOT,False,listed-parent-mismatch,parent-ga-mismatch
googleapis,google-cloud-java,/home/camila/repos/googleapis/google-cloud-java,com.google.cloud:google-cloud-java:0.201.0,True,java-apihub,java-apihub,True,com.google.cloud:google-cloud-jar-parent:1.44.0-SNAPSHOT,False,listed-parent-mismatch,parent-ga-mismatch
googleapis,google-cloud-java,/home/camila/repos/googleapis/google-cloud-java,com.google.cloud:google-cloud-java:0.201.0,True,java-apikeys,java-apikeys,True,com.google.cloud:google-cloud-jar-parent:1.44.0-SNAPSHOT,False,listed-parent-mismatch,parent-ga-mismatch
googleapis,google-cloud-java,/home/camila/repos/googleapis/google-cloud-java,com.google.cloud:google-cloud-java:0.201.0,True,java-appengine-admin,java-appengine-admin,True,com.google.cloud:google-cloud-jar-parent:1.44.0-SNAPSHOT,False,listed-parent-mismatch,parent-ga-mismatch
googleapis,google-cloud-java,/home/camila/repos/googleapis/google-cloud-java,com.google.cloud:google-cloud-java:0.201.0,True,java-apphub,java-apphub,True,com.google.cloud:google-cloud-jar-parent:1.44.0-SNAPSHOT,False,listed-parent-mismatch,parent-ga-mismatch
googleapis,google-cloud-java,/home/camila/repos/googleapis/google-cloud-java,com.google.cloud:google-cloud-java:0.201.0,True,java-area120-tables,java-area120-tables,True,com.google.cloud:google-cloud-jar-parent:1.44.0-SNAPSHOT,False,listed-parent-mismatch,parent-ga-mismatch
googleapis,google-cloud-java,/home/camila/repos/googleapis/google-cloud-java,com.google.cloud:google-cloud-java:0.201.0,True,java-artifact-registry,java-artifact-registry,True,com.google.cloud:google-cloud-jar-parent:1.44.0-SNAPSHOT,False,listed-parent-mismatch,parent-ga-mismatch
googleapis,google-cloud-java,/home/camila/repos/googleapis/google-cloud-java,com.google.cloud:google-cloud-java:0.201.0,True,java-asset,java-asset,True,com.google.cloud:google-cloud-jar-parent:1.44.0-SNAPSHOT,False,listed-parent-mismatch,parent-ga-mismatch
googleapis,google-cloud-java,/home/camila/repos/googleapis/google-cloud-java,com.google.cloud:google-cloud-java:0.201.0,True,java-assured-workloads,java-assured-workloads,True,com.google.cloud:google-cloud-jar-parent:1.44.0-SNAPSHOT,False,listed-parent-mismatch,parent-ga-mismatch
googleapis,google-cloud-java,/home/camila/repos/googleapis/google-cloud-java,com.google.cloud:google-cloud-java:0.201.0,True,java-automl,java-automl,True,com.google.cloud:google-cloud-jar-parent:1.44.0-SNAPSHOT,False,listed-parent-mismatch,parent-ga-mismatch
googleapis,google-cloud-java,/home/camila/repos/googleapis/google-cloud-java,com.google.cloud:google-cloud-java:0.201.0,True,java-backupdr,java-backupdr,True,com.google.cloud:google-cloud-jar-parent:1.44.0-SNAPSHOT,False,listed-parent-mismatch,parent-ga-mismatch
googleapis,google-cloud-java,/home/camila/repos/googleapis/google-cloud-java,com.google.cloud:google-cloud-java:0.201.0,True,java-bare-metal-solution,java-bare-metal-solution,True,com.google.cloud:google-cloud-jar-parent:1.44.0-SNAPSHOT,False,listed-parent-mismatch,parent-ga-mismatch
googleapis,google-cloud-java,/home/camila/repos/googleapis/google-cloud-java,com.google.cloud:google-cloud-java:0.201.0,True,java-batch,java-batch,True,com.google.cloud:google-cloud-jar-parent:1.44.0-SNAPSHOT,False,listed-parent-mismatch,parent-ga-mismatch
googleapis,google-cloud-java,/home/camila/repos/googleapis/google-cloud-java,com.google.cloud:google-cloud-java:0.201.0,True,java-beyondcorp-appconnections,java-beyondcorp-appconnections,True,com.google.cloud:google-cloud-jar-parent:1.44.0-SNAPSHOT,False,listed-parent-mismatch,parent-ga-mismatch
googleapis,google-cloud-java,/home/camila/repos/googleapis/google-cloud-java,com.google.cloud:google-cloud-java:0.201.0,True,java-beyondcorp-appconnectors,java-beyondcorp-appconnectors,True,com.google.cloud:google-cloud-jar-parent:1.44.0-SNAPSHOT,False,listed-parent-mismatch,parent-ga-mismatch
googleapis,google-cloud-java,/home/camila/repos/googleapis/google-cloud-java,com.google.cloud:google-cloud-java:0.201.0,True,java-beyondcorp-appgateways,java-beyondcorp-appgateways,True,com.google.cloud:google-cloud-jar-parent:1.44.0-SNAPSHOT,False,listed-parent-mismatch,parent-ga-mismatch
googleapis,google-cloud-java,/home/camila/repos/googleapis/google-cloud-java,com.google.cloud:google-cloud-java:0.201.0,True,java-beyondcorp-clientconnectorservices,java-beyondcorp-clientconnectorservices,True,com.google.cloud:google-cloud-jar-parent:1.44.0-SNAPSHOT,False,listed-parent-mismatch,parent-ga-mismatch
googleapis,google-cloud-java,/home/camila/repos/googleapis/google-cloud-java,com.google.cloud:google-cloud-java:0.201.0,True,java-beyondcorp-clientgateways,java-beyondcorp-clientgateways,True,com.google.cloud:google-cloud-jar-parent:1.44.0-SNAPSHOT,False,listed-parent-mismatch,parent-ga-mismatch
googleapis,google-cloud-java,/home/camila/repos/googleapis/google-cloud-java,com.google.cloud:google-cloud-java:0.201.0,True,java-biglake,java-biglake,True,com.google.cloud:google-cloud-jar-parent:1.44.0-SNAPSHOT,False,listed-parent-mismatch,parent-ga-mismatch
googleapis,google-cloud-java,/home/camila/repos/googleapis/google-cloud-java,com.google.cloud:google-cloud-java:0.201.0,True,java-bigquery-data-exchange,java-bigquery-data-exchange,True,com.google.cloud:google-cloud-jar-parent:1.44.0-SNAPSHOT,False,listed-parent-mismatch,parent-ga-mismatch
googleapis,google-cloud-java,/home/camila/repos/googleapis/google-cloud-java,com.google.cloud:google-cloud-java:0.201.0,True,java-bigqueryconnection,java-bigqueryconnection,True,com.google.cloud:google-cloud-jar-parent:1.44.0-SNAPSHOT,False,listed-parent-mismatch,parent-ga-mismatch
googleapis,google-cloud-java,/home/camila/repos/googleapis/google-cloud-java,com.google.cloud:google-cloud-java:0.201.0,True,java-bigquerydatapolicy,java-bigquerydatapolicy,True,com.google.cloud:google-cloud-jar-parent:1.44.0-SNAPSHOT,False,listed-parent-mismatch,parent-ga-mismatch
googleapis,google-cloud-java,/home/camila/repos/googleapis/google-cloud-java,com.google.cloud:google-cloud-java:0.201.0,True,java-bigquerydatatransfer,java-bigquerydatatransfer,True,com.google.cloud:google-cloud-jar-parent:1.44.0-SNAPSHOT,False,listed-parent-mismatch,parent-ga-mismatch
googleapis,google-cloud-java,/home/camila/repos/googleapis/google-cloud-java,com.google.cloud:google-cloud-java:0.201.0,True,java-bigquerymigration,java-bigquerymigration,True,com.google.cloud:google-cloud-jar-parent:1.44.0-SNAPSHOT,False,listed-parent-mismatch,parent-ga-mismatch
googleapis,google-cloud-java,/home/camila/repos/googleapis/google-cloud-java,com.google.cloud:google-cloud-java:0.201.0,True,java-bigqueryreservation,java-bigqueryreservation,True,com.google.cloud:google-cloud-jar-parent:1.44.0-SNAPSHOT,False,listed-parent-mismatch,parent-ga-mismatch
googleapis,google-cloud-java,/home/camila/repos/googleapis/google-cloud-java,com.google.cloud:google-cloud-java:0.201.0,True,java-billing,java-billing,True,com.google.cloud:google-cloud-jar-parent:1.44.0-SNAPSHOT,False,listed-parent-mismatch,parent-ga-mismatch
googleapis,google-cloud-java,/home/camila/repos/googleapis/google-cloud-java,com.google.cloud:google-cloud-java:0.201.0,True,java-billingbudgets,java-billingbudgets,True,com.google.cloud:google-cloud-jar-parent:1.44.0-SNAPSHOT,False,listed-parent-mismatch,parent-ga-mismatch
googleapis,google-cloud-java,/home/camila/repos/googleapis/google-cloud-java,com.google.cloud:google-cloud-java:0.201.0,True,java-binary-authorization,java-binary-authorization,True,com.google.cloud:google-cloud-jar-parent:1.44.0-SNAPSHOT,False,listed-parent-mismatch,parent-ga-mismatch
googleapis,google-cloud-java,/home/camila/repos/googleapis/google-cloud-java,com.google.cloud:google-cloud-java:0.201.0,True,java-certificate-manager,java-certificate-manager,True,com.google.cloud:google-cloud-jar-parent:1.44.0-SNAPSHOT,False,listed-parent-mismatch,parent-ga-mismatch
googleapis,google-cloud-java,/home/camila/repos/googleapis/google-cloud-java,com.google.cloud:google-cloud-java:0.201.0,True,java-channel,java-channel,True,com.google.cloud:google-cloud-jar-parent:1.44.0-SNAPSHOT,False,listed-parent-mismatch,parent-ga-mismatch
googleapis,google-cloud-java,/home/camila/repos/googleapis/google-cloud-java,com.google.cloud:google-cloud-java:0.201.0,True,java-chat,java-chat,True,com.google.cloud:google-cloud-jar-parent:1.44.0-SNAPSHOT,False,listed-parent-mismatch,parent-ga-mismatch
googleapis,google-cloud-java,/home/camila/repos/googleapis/google-cloud-java,com.google.cloud:google-cloud-java:0.201.0,True,java-cloudbuild,java-cloudbuild,True,com.google.cloud:google-cloud-jar-parent:1.44.0-SNAPSHOT,False,listed-parent-mismatch,parent-ga-mismatch
googleapis,google-cloud-java,/home/camila/repos/googleapis/google-cloud-java,com.google.cloud:google-cloud-java:0.201.0,True,java-cloudcommerceconsumerprocurement,java-cloudcommerceconsumerprocurement,True,com.google.cloud:google-cloud-jar-parent:1.44.0-SNAPSHOT,False,listed-parent-mismatch,parent-ga-mismatch
googleapis,google-cloud-java,/home/camila/repos/googleapis/google-cloud-java,com.google.cloud:google-cloud-java:0.201.0,True,java-cloudcontrolspartner,java-cloudcontrolspartner,True,com.google.cloud:google-cloud-jar-parent:1.44.0-SNAPSHOT,False,listed-parent-mismatch,parent-ga-mismatch
googleapis,google-cloud-java,/home/camila/repos/googleapis/google-cloud-java,com.google.cloud:google-cloud-java:0.201.0,True,java-cloudquotas,java-cloudquotas,True,com.google.cloud:google-cloud-jar-parent:1.44.0-SNAPSHOT,False,listed-parent-mismatch,parent-ga-mismatch
googleapis,google-cloud-java,/home/camila/repos/googleapis/google-cloud-java,com.google.cloud:google-cloud-java:0.201.0,True,java-cloudsupport,java-cloudsupport,True,com.google.cloud:google-cloud-jar-parent:1.44.0-SNAPSHOT,False,listed-parent-mismatch,parent-ga-mismatch
googleapis,google-cloud-java,/home/camila/repos/googleapis/google-cloud-java,com.google.cloud:google-cloud-java:0.201.0,True,java-compute,java-compute,True,com.google.cloud:google-cloud-jar-parent:1.44.0-SNAPSHOT,False,listed-parent-mismatch,parent-ga-mismatch
googleapis,google-cloud-java,/home/camila/repos/googleapis/google-cloud-java,com.google.cloud:google-cloud-java:0.201.0,True,java-confidentialcomputing,java-confidentialcomputing,True,com.google.cloud:google-cloud-jar-parent:1.44.0-SNAPSHOT,False,listed-parent-mismatch,parent-ga-mismatch
googleapis,google-cloud-java,/home/camila/repos/googleapis/google-cloud-java,com.google.cloud:google-cloud-java:0.201.0,True,java-connectgateway,java-connectgateway,True,com.google.cloud:google-cloud-jar-parent:1.44.0-SNAPSHOT,False,listed-parent-mismatch,parent-ga-mismatch
googleapis,google-cloud-java,/home/camila/repos/googleapis/google-cloud-java,com.google.cloud:google-cloud-java:0.201.0,True,java-contact-center-insights,java-contact-center-insights,True,com.google.cloud:google-cloud-jar-parent:1.44.0-SNAPSHOT,False,listed-parent-mismatch,parent-ga-mismatch
googleapis,google-cloud-java,/home/camila/repos/googleapis/google-cloud-java,com.google.cloud:google-cloud-java:0.201.0,True,java-container,java-container,True,com.google.cloud:google-cloud-jar-parent:1.44.0-SNAPSHOT,False,listed-parent-mismatch,parent-ga-mismatch
googleapis,google-cloud-java,/home/camila/repos/googleapis/google-cloud-java,com.google.cloud:google-cloud-java:0.201.0,True,java-containeranalysis,java-containeranalysis,True,com.google.cloud:google-cloud-jar-parent:1.44.0-SNAPSHOT,False,listed-parent-mismatch,parent-ga-mismatch
googleapis,google-cloud-java,/home/camila/repos/googleapis/google-cloud-java,com.google.cloud:google-cloud-java:0.201.0,True,java-contentwarehouse,java-contentwarehouse,True,com.google.cloud:google-cloud-jar-parent:1.44.0-SNAPSHOT,False,listed-parent-mismatch,parent-ga-mismatch
googleapis,google-cloud-java,/home/camila/repos/googleapis/google-cloud-java,com.google.cloud:google-cloud-java:0.201.0,True,java-data-fusion,java-data-fusion,True,com.google.cloud:google-cloud-jar-parent:1.44.0-SNAPSHOT,False,listed-parent-mismatch,parent-ga-mismatch
googleapis,google-cloud-java,/home/camila/repos/googleapis/google-cloud-java,com.google.cloud:google-cloud-java:0.201.0,True,java-datacatalog,java-datacatalog,True,com.google.cloud:google-cloud-jar-parent:1.44.0-SNAPSHOT,False,listed-parent-mismatch,parent-ga-mismatch
googleapis,google-cloud-java,/home/camila/repos/googleapis/google-cloud-java,com.google.cloud:google-cloud-java:0.201.0,True,java-dataflow,java-dataflow,True,com.google.cloud:google-cloud-jar-parent:1.44.0-SNAPSHOT,False,listed-parent-mismatch,parent-ga-mismatch
googleapis,google-cloud-java,/home/camila/repos/googleapis/google-cloud-java,com.google.cloud:google-cloud-java:0.201.0,True,java-dataform,java-dataform,True,com.google.cloud:google-cloud-jar-parent:1.44.0-SNAPSHOT,False,listed-parent-mismatch,parent-ga-mismatch
googleapis,google-cloud-java,/home/camila/repos/googleapis/google-cloud-java,com.google.cloud:google-cloud-java:0.201.0,True,java-datalabeling,java-datalabeling,True,com.google.cloud:google-cloud-jar-parent:1.44.0-SNAPSHOT,False,listed-parent-mismatch,parent-ga-mismatch
googleapis,google-cloud-java,/home/camila/repos/googleapis/google-cloud-java,com.google.cloud:google-cloud-java:0.201.0,True,java-datalineage,java-datalineage,True,com.google.cloud:google-cloud-jar-parent:1.44.0-SNAPSHOT,False,listed-parent-mismatch,parent-ga-mismatch
googleapis,google-cloud-java,/home/camila/repos/googleapis/google-cloud-java,com.google.cloud:google-cloud-java:0.201.0,True,java-dataplex,java-dataplex,True,com.google.cloud:google-cloud-jar-parent:1.44.0-SNAPSHOT,False,listed-parent-mismatch,parent-ga-mismatch
googleapis,google-cloud-java,/home/camila/repos/googleapis/google-cloud-java,com.google.cloud:google-cloud-java:0.201.0,True,java-dataproc,java-dataproc,True,com.google.cloud:google-cloud-jar-parent:1.44.0-SNAPSHOT,False,listed-parent-mismatch,parent-ga-mismatch
googleapis,google-cloud-java,/home/camila/repos/googleapis/google-cloud-java,com.google.cloud:google-cloud-java:0.201.0,True,java-dataproc-metastore,java-dataproc-metastore,True,com.google.cloud:google-cloud-jar-parent:1.44.0-SNAPSHOT,False,listed-parent-mismatch,parent-ga-mismatch
googleapis,google-cloud-java,/home/camila/repos/googleapis/google-cloud-java,com.google.cloud:google-cloud-java:0.201.0,True,java-datastream,java-datastream,True,com.google.cloud:google-cloud-jar-parent:1.44.0-SNAPSHOT,False,listed-parent-mismatch,parent-ga-mismatch
googleapis,google-cloud-java,/home/camila/repos/googleapis/google-cloud-java,com.google.cloud:google-cloud-java:0.201.0,True,java-debugger-client,java-debugger-client,True,com.google.cloud:google-cloud-jar-parent:1.44.0-SNAPSHOT,False,listed-parent-mismatch,parent-ga-mismatch
googleapis,google-cloud-java,/home/camila/repos/googleapis/google-cloud-java,com.google.cloud:google-cloud-java:0.201.0,True,java-deploy,java-deploy,True,com.google.cloud:google-cloud-jar-parent:1.44.0-SNAPSHOT,False,listed-parent-mismatch,parent-ga-mismatch
googleapis,google-cloud-java,/home/camila/repos/googleapis/google-cloud-java,com.google.cloud:google-cloud-java:0.201.0,True,java-developerconnect,java-developerconnect,True,com.google.cloud:google-cloud-jar-parent:1.44.0-SNAPSHOT,False,listed-parent-mismatch,parent-ga-mismatch
googleapis,google-cloud-java,/home/camila/repos/googleapis/google-cloud-java,com.google.cloud:google-cloud-java:0.201.0,True,java-dialogflow,java-dialogflow,True,com.google.cloud:google-cloud-jar-parent:1.44.0-SNAPSHOT,False,listed-parent-mismatch,parent-ga-mismatch
googleapis,google-cloud-java,/home/camila/repos/googleapis/google-cloud-java,com.google.cloud:google-cloud-java:0.201.0,True,java-dialogflow-cx,java-dialogflow-cx,True,com.google.cloud:google-cloud-jar-parent:1.44.0-SNAPSHOT,False,listed-parent-mismatch,parent-ga-mismatch
googleapis,google-cloud-java,/home/camila/repos/googleapis/google-cloud-java,com.google.cloud:google-cloud-java:0.201.0,True,java-discoveryengine,java-discoveryengine,True,com.google.cloud:google-cloud-jar-parent:1.44.0-SNAPSHOT,False,listed-parent-mismatch,parent-ga-mismatch
googleapis,google-cloud-java,/home/camila/repos/googleapis/google-cloud-java,com.google.cloud:google-cloud-java:0.201.0,True,java-distributedcloudedge,java-distributedcloudedge,True,com.google.cloud:google-cloud-jar-parent:1.44.0-SNAPSHOT,False,listed-parent-mismatch,parent-ga-mismatch
googleapis,google-cloud-java,/home/camila/repos/googleapis/google-cloud-java,com.google.cloud:google-cloud-java:0.201.0,True,java-dlp,java-dlp,True,com.google.cloud:google-cloud-jar-parent:1.44.0-SNAPSHOT,False,listed-parent-mismatch,parent-ga-mismatch
googleapis,google-cloud-java,/home/camila/repos/googleapis/google-cloud-java,com.google.cloud:google-cloud-java:0.201.0,True,java-dms,java-dms,True,com.google.cloud:google-cloud-jar-parent:1.44.0-SNAPSHOT,False,listed-parent-mismatch,parent-ga-mismatch
googleapis,google-cloud-java,/home/camila/repos/googleapis/google-cloud-java,com.google.cloud:google-cloud-java:0.201.0,True,java-dns,java-dns,True,com.google.cloud:google-cloud-jar-parent:1.44.0-SNAPSHOT,False,listed-parent-mismatch,parent-ga-mismatch
googleapis,google-cloud-java,/home/camila/repos/googleapis/google-cloud-java,com.google.cloud:google-cloud-java:0.201.0,True,java-document-ai,java-document-ai,True,com.google.cloud:google-cloud-jar-parent:1.44.0-SNAPSHOT,False,listed-parent-mismatch,parent-ga-mismatch
googleapis,google-cloud-java,/home/camila/repos/googleapis/google-cloud-java,com.google.cloud:google-cloud-java:0.201.0,True,java-domains,java-domains,True,com.google.cloud:google-cloud-jar-parent:1.44.0-SNAPSHOT,False,listed-parent-mismatch,parent-ga-mismatch
googleapis,google-cloud-java,/home/camila/repos/googleapis/google-cloud-java,com.google.cloud:google-cloud-java:0.201.0,True,java-edgenetwork,java-edgenetwork,True,com.google.cloud:google-cloud-jar-parent:1.44.0-SNAPSHOT,False,listed-parent-mismatch,parent-ga-mismatch
googleapis,google-cloud-java,/home/camila/repos/googleapis/google-cloud-java,com.google.cloud:google-cloud-java:0.201.0,True,java-enterpriseknowledgegraph,java-enterpriseknowledgegraph,True,com.google.cloud:google-cloud-jar-parent:1.44.0-SNAPSHOT,False,listed-parent-mismatch,parent-ga-mismatch
googleapis,google-cloud-java,/home/camila/repos/googleapis/google-cloud-java,com.google.cloud:google-cloud-java:0.201.0,True,java-errorreporting,java-errorreporting,True,com.google.cloud:google-cloud-jar-parent:1.44.0-SNAPSHOT,False,listed-parent-mismatch,parent-ga-mismatch
googleapis,google-cloud-java,/home/camila/repos/googleapis/google-cloud-java,com.google.cloud:google-cloud-java:0.201.0,True,java-essential-contacts,java-essential-contacts,True,com.google.cloud:google-cloud-jar-parent:1.44.0-SNAPSHOT,False,listed-parent-mismatch,parent-ga-mismatch
googleapis,google-cloud-java,/home/camila/repos/googleapis/google-cloud-java,com.google.cloud:google-cloud-java:0.201.0,True,java-eventarc,java-eventarc,True,com.google.cloud:google-cloud-jar-parent:1.44.0-SNAPSHOT,False,listed-parent-mismatch,parent-ga-mismatch
googleapis,google-cloud-java,/home/camila/repos/googleapis/google-cloud-java,com.google.cloud:google-cloud-java:0.201.0,True,java-eventarc-publishing,java-eventarc-publishing,True,com.google.cloud:google-cloud-jar-parent:1.44.0-SNAPSHOT,False,listed-parent-mismatch,parent-ga-mismatch
googleapis,google-cloud-java,/home/camila/repos/googleapis/google-cloud-java,com.google.cloud:google-cloud-java:0.201.0,True,java-filestore,java-filestore,True,com.google.cloud:google-cloud-jar-parent:1.44.0-SNAPSHOT,False,listed-parent-mismatch,parent-ga-mismatch
googleapis,google-cloud-java,/home/camila/repos/googleapis/google-cloud-java,com.google.cloud:google-cloud-java:0.201.0,True,java-functions,java-functions,True,com.google.cloud:google-cloud-jar-parent:1.44.0-SNAPSHOT,False,listed-parent-mismatch,parent-ga-mismatch
googleapis,google-cloud-java,/home/camila/repos/googleapis/google-cloud-java,com.google.cloud:google-cloud-java:0.201.0,True,java-gdchardwaremanagement,java-gdchardwaremanagement,True,com.google.cloud:google-cloud-jar-parent:1.44.0-SNAPSHOT,False,listed-parent-mismatch,parent-ga-mismatch
googleapis,google-cloud-java,/home/camila/repos/googleapis/google-cloud-java,com.google.cloud:google-cloud-java:0.201.0,True,java-gke-backup,java-gke-backup,True,com.google.cloud:google-cloud-jar-parent:1.44.0-SNAPSHOT,False,listed-parent-mismatch,parent-ga-mismatch
googleapis,google-cloud-java,/home/camila/repos/googleapis/google-cloud-java,com.google.cloud:google-cloud-java:0.201.0,True,java-gke-connect-gateway,java-gke-connect-gateway,True,com.google.cloud:google-cloud-jar-parent:1.44.0-SNAPSHOT,False,listed-parent-mismatch,parent-ga-mismatch
googleapis,google-cloud-java,/home/camila/repos/googleapis/google-cloud-java,com.google.cloud:google-cloud-java:0.201.0,True,java-gke-multi-cloud,java-gke-multi-cloud,True,com.google.cloud:google-cloud-jar-parent:1.44.0-SNAPSHOT,False,listed-parent-mismatch,parent-ga-mismatch
googleapis,google-cloud-java,/home/camila/repos/googleapis/google-cloud-java,com.google.cloud:google-cloud-java:0.201.0,True,java-gkehub,java-gkehub,True,com.google.cloud:google-cloud-jar-parent:1.44.0-SNAPSHOT,False,listed-parent-mismatch,parent-ga-mismatch
googleapis,google-cloud-java,/home/camila/repos/googleapis/google-cloud-java,com.google.cloud:google-cloud-java:0.201.0,True,java-grafeas,java-grafeas,True,com.google.cloud:google-cloud-jar-parent:1.44.0-SNAPSHOT,False,listed-parent-mismatch,parent-ga-mismatch
googleapis,google-cloud-java,/home/camila/repos/googleapis/google-cloud-java,com.google.cloud:google-cloud-java:0.201.0,True,java-gsuite-addons,java-gsuite-addons,True,com.google.cloud:google-cloud-jar-parent:1.44.0-SNAPSHOT,False,listed-parent-mismatch,parent-ga-mismatch
googleapis,google-cloud-java,/home/camila/repos/googleapis/google-cloud-java,com.google.cloud:google-cloud-java:0.201.0,True,java-iam,java-iam,True,com.google.cloud:google-cloud-jar-parent:1.44.0-SNAPSHOT,False,listed-parent-mismatch,parent-ga-mismatch
googleapis,google-cloud-java,/home/camila/repos/googleapis/google-cloud-java,com.google.cloud:google-cloud-java:0.201.0,True,java-iam-admin,java-iam-admin,True,com.google.cloud:google-cloud-jar-parent:1.44.0-SNAPSHOT,False,listed-parent-mismatch,parent-ga-mismatch
googleapis,google-cloud-java,/home/camila/repos/googleapis/google-cloud-java,com.google.cloud:google-cloud-java:0.201.0,True,java-iamcredentials,java-iamcredentials,True,com.google.cloud:google-cloud-jar-parent:1.44.0-SNAPSHOT,False,listed-parent-mismatch,parent-ga-mismatch
googleapis,google-cloud-java,/home/camila/repos/googleapis/google-cloud-java,com.google.cloud:google-cloud-java:0.201.0,True,java-iap,java-iap,True,com.google.cloud:google-cloud-jar-parent:1.44.0-SNAPSHOT,False,listed-parent-mismatch,parent-ga-mismatch
googleapis,google-cloud-java,/home/camila/repos/googleapis/google-cloud-java,com.google.cloud:google-cloud-java:0.201.0,True,java-ids,java-ids,True,com.google.cloud:google-cloud-jar-parent:1.44.0-SNAPSHOT,False,listed-parent-mismatch,parent-ga-mismatch
googleapis,google-cloud-java,/home/camila/repos/googleapis/google-cloud-java,com.google.cloud:google-cloud-java:0.201.0,True,java-infra-manager,java-infra-manager,True,com.google.cloud:google-cloud-jar-parent:1.44.0-SNAPSHOT,False,listed-parent-mismatch,parent-ga-mismatch
googleapis,google-cloud-java,/home/camila/repos/googleapis/google-cloud-java,com.google.cloud:google-cloud-java:0.201.0,True,java-iot,java-iot,True,com.google.cloud:google-cloud-jar-parent:1.44.0-SNAPSHOT,False,listed-parent-mismatch,parent-ga-mismatch
googleapis,google-cloud-java,/home/camila/repos/googleapis/google-cloud-java,com.google.cloud:google-cloud-java:0.201.0,True,java-kms,java-kms,True,com.google.cloud:google-cloud-jar-parent:1.44.0-SNAPSHOT,False,listed-parent-mismatch,parent-ga-mismatch
googleapis,google-cloud-java,/home/camila/repos/googleapis/google-cloud-java,com.google.cloud:google-cloud-java:0.201.0,True,java-kmsinventory,java-kmsinventory,True,com.google.cloud:google-cloud-jar-parent:1.44.0-SNAPSHOT,False,listed-parent-mismatch,parent-ga-mismatch
googleapis,google-cloud-java,/home/camila/repos/googleapis/google-cloud-java,com.google.cloud:google-cloud-java:0.201.0,True,java-language,java-language,True,com.google.cloud:google-cloud-jar-parent:1.44.0-SNAPSHOT,False,listed-parent-mismatch,parent-ga-mismatch
googleapis,google-cloud-java,/home/camila/repos/googleapis/google-cloud-java,com.google.cloud:google-cloud-java:0.201.0,True,java-life-sciences,java-life-sciences,True,com.google.cloud:google-cloud-jar-parent:1.44.0-SNAPSHOT,False,listed-parent-mismatch,parent-ga-mismatch
googleapis,google-cloud-java,/home/camila/repos/googleapis/google-cloud-java,com.google.cloud:google-cloud-java:0.201.0,True,java-managed-identities,java-managed-identities,True,com.google.cloud:google-cloud-jar-parent:1.44.0-SNAPSHOT,False,listed-parent-mismatch,parent-ga-mismatch
googleapis,google-cloud-java,/home/camila/repos/googleapis/google-cloud-java,com.google.cloud:google-cloud-java:0.201.0,True,java-managedkafka,java-managedkafka,True,com.google.cloud:google-cloud-jar-parent:1.44.0-SNAPSHOT,False,listed-parent-mismatch,parent-ga-mismatch
googleapis,google-cloud-java,/home/camila/repos/googleapis/google-cloud-java,com.google.cloud:google-cloud-java:0.201.0,True,java-maps-addressvalidation,java-maps-addressvalidation,True,com.google.cloud:google-cloud-jar-parent:1.44.0-SNAPSHOT,False,listed-parent-mismatch,parent-ga-mismatch
googleapis,google-cloud-java,/home/camila/repos/googleapis/google-cloud-java,com.google.cloud:google-cloud-java:0.201.0,True,java-maps-area-insights,java-maps-area-insights,True,com.google.cloud:google-cloud-jar-parent:1.44.0-SNAPSHOT,False,listed-parent-mismatch,parent-ga-mismatch
googleapis,google-cloud-java,/home/camila/repos/googleapis/google-cloud-java,com.google.cloud:google-cloud-java:0.201.0,True,java-maps-mapsplatformdatasets,java-maps-mapsplatformdatasets,True,com.google.cloud:google-cloud-jar-parent:1.44.0-SNAPSHOT,False,listed-parent-mismatch,parent-ga-mismatch
googleapis,google-cloud-java,/home/camila/repos/googleapis/google-cloud-java,com.google.cloud:google-cloud-java:0.201.0,True,java-maps-places,java-maps-places,True,com.google.cloud:google-cloud-jar-parent:1.44.0-SNAPSHOT,False,listed-parent-mismatch,parent-ga-mismatch
googleapis,google-cloud-java,/home/camila/repos/googleapis/google-cloud-java,com.google.cloud:google-cloud-java:0.201.0,True,java-maps-routeoptimization,java-maps-routeoptimization,True,com.google.cloud:google-cloud-jar-parent:1.44.0-SNAPSHOT,False,listed-parent-mismatch,parent-ga-mismatch
googleapis,google-cloud-java,/home/camila/repos/googleapis/google-cloud-java,com.google.cloud:google-cloud-java:0.201.0,True,java-maps-routing,java-maps-routing,True,com.google.cloud:google-cloud-jar-parent:1.44.0-SNAPSHOT,False,listed-parent-mismatch,parent-ga-mismatch
googleapis,google-cloud-java,/home/camila/repos/googleapis/google-cloud-java,com.google.cloud:google-cloud-java:0.201.0,True,java-maps-solar,java-maps-solar,True,com.google.cloud:google-cloud-jar-parent:1.44.0-SNAPSHOT,False,listed-parent-mismatch,parent-ga-mismatch
googleapis,google-cloud-java,/home/camila/repos/googleapis/google-cloud-java,com.google.cloud:google-cloud-java:0.201.0,True,java-mediatranslation,java-mediatranslation,True,com.google.cloud:google-cloud-jar-parent:1.44.0-SNAPSHOT,False,listed-parent-mismatch,parent-ga-mismatch
googleapis,google-cloud-java,/home/camila/repos/googleapis/google-cloud-java,com.google.cloud:google-cloud-java:0.201.0,True,java-meet,java-meet,True,com.google.cloud:google-cloud-jar-parent:1.44.0-SNAPSHOT,False,listed-parent-mismatch,parent-ga-mismatch
googleapis,google-cloud-java,/home/camila/repos/googleapis/google-cloud-java,com.google.cloud:google-cloud-java:0.201.0,True,java-memcache,java-memcache,True,com.google.cloud:google-cloud-jar-parent:1.44.0-SNAPSHOT,False,listed-parent-mismatch,parent-ga-mismatch
googleapis,google-cloud-java,/home/camila/repos/googleapis/google-cloud-java,com.google.cloud:google-cloud-java:0.201.0,True,java-migrationcenter,java-migrationcenter,True,com.google.cloud:google-cloud-jar-parent:1.44.0-SNAPSHOT,False,listed-parent-mismatch,parent-ga-mismatch
googleapis,google-cloud-java,/home/camila/repos/googleapis/google-cloud-java,com.google.cloud:google-cloud-java:0.201.0,True,java-monitoring,java-monitoring,True,com.google.cloud:google-cloud-jar-parent:1.44.0-SNAPSHOT,False,listed-parent-mismatch,parent-ga-mismatch
googleapis,google-cloud-java,/home/camila/repos/googleapis/google-cloud-java,com.google.cloud:google-cloud-java:0.201.0,True,java-monitoring-dashboards,java-monitoring-dashboards,True,com.google.cloud:google-cloud-jar-parent:1.44.0-SNAPSHOT,False,listed-parent-mismatch,parent-ga-mismatch
googleapis,google-cloud-java,/home/camila/repos/googleapis/google-cloud-java,com.google.cloud:google-cloud-java:0.201.0,True,java-monitoring-metricsscope,java-monitoring-metricsscope,True,com.google.cloud:google-cloud-jar-parent:1.44.0-SNAPSHOT,False,listed-parent-mismatch,parent-ga-mismatch
googleapis,google-cloud-java,/home/camila/repos/googleapis/google-cloud-java,com.google.cloud:google-cloud-java:0.201.0,True,java-netapp,java-netapp,True,com.google.cloud:google-cloud-jar-parent:1.44.0-SNAPSHOT,False,listed-parent-mismatch,parent-ga-mismatch
googleapis,google-cloud-java,/home/camila/repos/googleapis/google-cloud-java,com.google.cloud:google-cloud-java:0.201.0,True,java-network-management,java-network-management,True,com.google.cloud:google-cloud-jar-parent:1.44.0-SNAPSHOT,False,listed-parent-mismatch,parent-ga-mismatch
googleapis,google-cloud-java,/home/camila/repos/googleapis/google-cloud-java,com.google.cloud:google-cloud-java:0.201.0,True,java-network-security,java-network-security,True,com.google.cloud:google-cloud-jar-parent:1.44.0-SNAPSHOT,False,listed-parent-mismatch,parent-ga-mismatch
googleapis,google-cloud-java,/home/camila/repos/googleapis/google-cloud-java,com.google.cloud:google-cloud-java:0.201.0,True,java-networkconnectivity,java-networkconnectivity,True,com.google.cloud:google-cloud-jar-parent:1.44.0-SNAPSHOT,False,listed-parent-mismatch,parent-ga-mismatch
googleapis,google-cloud-java,/home/camila/repos/googleapis/google-cloud-java,com.google.cloud:google-cloud-java:0.201.0,True,java-networkservices,java-networkservices,True,com.google.cloud:google-cloud-jar-parent:1.44.0-SNAPSHOT,False,listed-parent-mismatch,parent-ga-mismatch
googleapis,google-cloud-java,/home/camila/repos/googleapis/google-cloud-java,com.google.cloud:google-cloud-java:0.201.0,True,java-notebooks,java-notebooks,True,com.google.cloud:google-cloud-jar-parent:1.44.0-SNAPSHOT,False,listed-parent-mismatch,parent-ga-mismatch
googleapis,google-cloud-java,/home/camila/repos/googleapis/google-cloud-java,com.google.cloud:google-cloud-java:0.201.0,True,java-notification,java-notification,True,com.google.cloud:google-cloud-jar-parent:1.44.0-SNAPSHOT,False,listed-parent-mismatch,parent-ga-mismatch
googleapis,google-cloud-java,/home/camila/repos/googleapis/google-cloud-java,com.google.cloud:google-cloud-java:0.201.0,True,java-optimization,java-optimization,True,com.google.cloud:google-cloud-jar-parent:1.44.0-SNAPSHOT,False,listed-parent-mismatch,parent-ga-mismatch
googleapis,google-cloud-java,/home/camila/repos/googleapis/google-cloud-java,com.google.cloud:google-cloud-java:0.201.0,True,java-orchestration-airflow,java-orchestration-airflow,True,com.google.cloud:google-cloud-jar-parent:1.44.0-SNAPSHOT,False,listed-parent-mismatch,parent-ga-mismatch
googleapis,google-cloud-java,/home/camila/repos/googleapis/google-cloud-java,com.google.cloud:google-cloud-java:0.201.0,True,java-orgpolicy,java-orgpolicy,True,com.google.cloud:google-cloud-jar-parent:1.44.0-SNAPSHOT,False,listed-parent-mismatch,parent-ga-mismatch
googleapis,google-cloud-java,/home/camila/repos/googleapis/google-cloud-java,com.google.cloud:google-cloud-java:0.201.0,True,java-os-config,java-os-config,True,com.google.cloud:google-cloud-jar-parent:1.44.0-SNAPSHOT,False,listed-parent-mismatch,parent-ga-mismatch
googleapis,google-cloud-java,/home/camila/repos/googleapis/google-cloud-java,com.google.cloud:google-cloud-java:0.201.0,True,java-os-login,java-os-login,True,com.google.cloud:google-cloud-jar-parent:1.44.0-SNAPSHOT,False,listed-parent-mismatch,parent-ga-mismatch
googleapis,google-cloud-java,/home/camila/repos/googleapis/google-cloud-java,com.google.cloud:google-cloud-java:0.201.0,True,java-parallelstore,java-parallelstore,True,com.google.cloud:google-cloud-jar-parent:1.44.0-SNAPSHOT,False,listed-parent-mismatch,parent-ga-mismatch
googleapis,google-cloud-java,/home/camila/repos/googleapis/google-cloud-java,com.google.cloud:google-cloud-java:0.201.0,True,java-phishingprotection,java-phishingprotection,True,com.google.cloud:google-cloud-jar-parent:1.44.0-SNAPSHOT,False,listed-parent-mismatch,parent-ga-mismatch
googleapis,google-cloud-java,/home/camila/repos/googleapis/google-cloud-java,com.google.cloud:google-cloud-java:0.201.0,True,java-policy-troubleshooter,java-policy-troubleshooter,True,com.google.cloud:google-cloud-jar-parent:1.44.0-SNAPSHOT,False,listed-parent-mismatch,parent-ga-mismatch
googleapis,google-cloud-java,/home/camila/repos/googleapis/google-cloud-java,com.google.cloud:google-cloud-java:0.201.0,True,java-policysimulator,java-policysimulator,True,com.google.cloud:google-cloud-jar-parent:1.44.0-SNAPSHOT,False,listed-parent-mismatch,parent-ga-mismatch
googleapis,google-cloud-java,/home/camila/repos/googleapis/google-cloud-java,com.google.cloud:google-cloud-java:0.201.0,True,java-private-catalog,java-private-catalog,True,com.google.cloud:google-cloud-jar-parent:1.44.0-SNAPSHOT,False,listed-parent-mismatch,parent-ga-mismatch
googleapis,google-cloud-java,/home/camila/repos/googleapis/google-cloud-java,com.google.cloud:google-cloud-java:0.201.0,True,java-privilegedaccessmanager,java-privilegedaccessmanager,True,com.google.cloud:google-cloud-jar-parent:1.44.0-SNAPSHOT,False,listed-parent-mismatch,parent-ga-mismatch
googleapis,google-cloud-java,/home/camila/repos/googleapis/google-cloud-java,com.google.cloud:google-cloud-java:0.201.0,True,java-profiler,java-profiler,True,com.google.cloud:google-cloud-jar-parent:1.44.0-SNAPSHOT,False,listed-parent-mismatch,parent-ga-mismatch
googleapis,google-cloud-java,/home/camila/repos/googleapis/google-cloud-java,com.google.cloud:google-cloud-java:0.201.0,True,java-publicca,java-publicca,True,com.google.cloud:google-cloud-jar-parent:1.44.0-SNAPSHOT,False,listed-parent-mismatch,parent-ga-mismatch
googleapis,google-cloud-java,/home/camila/repos/googleapis/google-cloud-java,com.google.cloud:google-cloud-java:0.201.0,True,java-rapidmigrationassessment,java-rapidmigrationassessment,True,com.google.cloud:google-cloud-jar-parent:1.44.0-SNAPSHOT,False,listed-parent-mismatch,parent-ga-mismatch
googleapis,google-cloud-java,/home/camila/repos/googleapis/google-cloud-java,com.google.cloud:google-cloud-java:0.201.0,True,java-recaptchaenterprise,java-recaptchaenterprise,True,com.google.cloud:google-cloud-jar-parent:1.44.0-SNAPSHOT,False,listed-parent-mismatch,parent-ga-mismatch
googleapis,google-cloud-java,/home/camila/repos/googleapis/google-cloud-java,com.google.cloud:google-cloud-java:0.201.0,True,java-recommendations-ai,java-recommendations-ai,True,com.google.cloud:google-cloud-jar-parent:1.44.0-SNAPSHOT,False,listed-parent-mismatch,parent-ga-mismatch
googleapis,google-cloud-java,/home/camila/repos/googleapis/google-cloud-java,com.google.cloud:google-cloud-java:0.201.0,True,java-recommender,java-recommender,True,com.google.cloud:google-cloud-jar-parent:1.44.0-SNAPSHOT,False,listed-parent-mismatch,parent-ga-mismatch
googleapis,google-cloud-java,/home/camila/repos/googleapis/google-cloud-java,com.google.cloud:google-cloud-java:0.201.0,True,java-redis,java-redis,True,com.google.cloud:google-cloud-jar-parent:1.44.0-SNAPSHOT,False,listed-parent-mismatch,parent-ga-mismatch
googleapis,google-cloud-java,/home/camila/repos/googleapis/google-cloud-java,com.google.cloud:google-cloud-java:0.201.0,True,java-redis-cluster,java-redis-cluster,True,com.google.cloud:google-cloud-jar-parent:1.44.0-SNAPSHOT,False,listed-parent-mismatch,parent-ga-mismatch
googleapis,google-cloud-java,/home/camila/repos/googleapis/google-cloud-java,com.google.cloud:google-cloud-java:0.201.0,True,java-resource-settings,java-resource-settings,True,com.google.cloud:google-cloud-jar-parent:1.44.0-SNAPSHOT,False,listed-parent-mismatch,parent-ga-mismatch
googleapis,google-cloud-java,/home/camila/repos/googleapis/google-cloud-java,com.google.cloud:google-cloud-java:0.201.0,True,java-resourcemanager,java-resourcemanager,True,com.google.cloud:google-cloud-jar-parent:1.44.0-SNAPSHOT,False,listed-parent-mismatch,parent-ga-mismatch
googleapis,google-cloud-java,/home/camila/repos/googleapis/google-cloud-java,com.google.cloud:google-cloud-java:0.201.0,True,java-retail,java-retail,True,com.google.cloud:google-cloud-jar-parent:1.44.0-SNAPSHOT,False,listed-parent-mismatch,parent-ga-mismatch
googleapis,google-cloud-java,/home/camila/repos/googleapis/google-cloud-java,com.google.cloud:google-cloud-java:0.201.0,True,java-run,java-run,True,com.google.cloud:google-cloud-jar-parent:1.44.0-SNAPSHOT,False,listed-parent-mismatch,parent-ga-mismatch
googleapis,google-cloud-java,/home/camila/repos/googleapis/google-cloud-java,com.google.cloud:google-cloud-java:0.201.0,True,java-samples,java-samples,True,com.google.cloud:google-cloud-jar-parent:1.44.0-SNAPSHOT,False,listed-parent-mismatch,parent-ga-mismatch
googleapis,google-cloud-java,/home/camila/repos/googleapis/google-cloud-java,com.google.cloud:google-cloud-java:0.201.0,True,java-scheduler,java-scheduler,True,com.google.cloud:google-cloud-jar-parent:1.44.0-SNAPSHOT,False,listed-parent-mismatch,parent-ga-mismatch
googleapis,google-cloud-java,/home/camila/repos/googleapis/google-cloud-java,com.google.cloud:google-cloud-java:0.201.0,True,java-secretmanager,java-secretmanager,True,com.google.cloud:google-cloud-jar-parent:1.44.0-SNAPSHOT,False,listed-parent-mismatch,parent-ga-mismatch
googleapis,google-cloud-java,/home/camila/repos/googleapis/google-cloud-java,com.google.cloud:google-cloud-java:0.201.0,True,java-securesourcemanager,java-securesourcemanager,True,com.google.cloud:google-cloud-jar-parent:1.44.0-SNAPSHOT,False,listed-parent-mismatch,parent-ga-mismatch
googleapis,google-cloud-java,/home/camila/repos/googleapis/google-cloud-java,com.google.cloud:google-cloud-java:0.201.0,True,java-security-private-ca,java-security-private-ca,True,com.google.cloud:google-cloud-jar-parent:1.44.0-SNAPSHOT,False,listed-parent-mismatch,parent-ga-mismatch
googleapis,google-cloud-java,/home/camila/repos/googleapis/google-cloud-java,com.google.cloud:google-cloud-java:0.201.0,True,java-securitycenter,java-securitycenter,True,com.google.cloud:google-cloud-jar-parent:1.44.0-SNAPSHOT,False,listed-parent-mismatch,parent-ga-mismatch
googleapis,google-cloud-java,/home/camila/repos/googleapis/google-cloud-java,com.google.cloud:google-cloud-java:0.201.0,True,java-securitycenter-settings,java-securitycenter-settings,True,com.google.cloud:google-cloud-jar-parent:1.44.0-SNAPSHOT,False,listed-parent-mismatch,parent-ga-mismatch
googleapis,google-cloud-java,/home/camila/repos/googleapis/google-cloud-java,com.google.cloud:google-cloud-java:0.201.0,True,java-securitycentermanagement,java-securitycentermanagement,True,com.google.cloud:google-cloud-jar-parent:1.44.0-SNAPSHOT,False,listed-parent-mismatch,parent-ga-mismatch
googleapis,google-cloud-java,/home/camila/repos/googleapis/google-cloud-java,com.google.cloud:google-cloud-java:0.201.0,True,java-securityposture,java-securityposture,True,com.google.cloud:google-cloud-jar-parent:1.44.0-SNAPSHOT,False,listed-parent-mismatch,parent-ga-mismatch
googleapis,google-cloud-java,/home/camila/repos/googleapis/google-cloud-java,com.google.cloud:google-cloud-java:0.201.0,True,java-service-control,java-service-control,True,com.google.cloud:google-cloud-jar-parent:1.44.0-SNAPSHOT,False,listed-parent-mismatch,parent-ga-mismatch
googleapis,google-cloud-java,/home/camila/repos/googleapis/google-cloud-java,com.google.cloud:google-cloud-java:0.201.0,True,java-service-management,java-service-management,True,com.google.cloud:google-cloud-jar-parent:1.44.0-SNAPSHOT,False,listed-parent-mismatch,parent-ga-mismatch
googleapis,google-cloud-java,/home/camila/repos/googleapis/google-cloud-java,com.google.cloud:google-cloud-java:0.201.0,True,java-service-usage,java-service-usage,True,com.google.cloud:google-cloud-jar-parent:1.44.0-SNAPSHOT,False,listed-parent-mismatch,parent-ga-mismatch
googleapis,google-cloud-java,/home/camila/repos/googleapis/google-cloud-java,com.google.cloud:google-cloud-java:0.201.0,True,java-servicedirectory,java-servicedirectory,True,com.google.cloud:google-cloud-jar-parent:1.44.0-SNAPSHOT,False,listed-parent-mismatch,parent-ga-mismatch
googleapis,google-cloud-java,/home/camila/repos/googleapis/google-cloud-java,com.google.cloud:google-cloud-java:0.201.0,True,java-servicehealth,java-servicehealth,True,com.google.cloud:google-cloud-jar-parent:1.44.0-SNAPSHOT,False,listed-parent-mismatch,parent-ga-mismatch
googleapis,google-cloud-java,/home/camila/repos/googleapis/google-cloud-java,com.google.cloud:google-cloud-java:0.201.0,True,java-shell,java-shell,True,com.google.cloud:google-cloud-jar-parent:1.44.0-SNAPSHOT,False,listed-parent-mismatch,parent-ga-mismatch
googleapis,google-cloud-java,/home/camila/repos/googleapis/google-cloud-java,com.google.cloud:google-cloud-java:0.201.0,True,java-shopping-css,java-shopping-css,True,com.google.cloud:google-cloud-jar-parent:1.44.0-SNAPSHOT,False,listed-parent-mismatch,parent-ga-mismatch
googleapis,google-cloud-java,/home/camila/repos/googleapis/google-cloud-java,com.google.cloud:google-cloud-java:0.201.0,True,java-shopping-merchant-accounts,java-shopping-merchant-accounts,True,com.google.cloud:google-cloud-jar-parent:1.44.0-SNAPSHOT,False,listed-parent-mismatch,parent-ga-mismatch
googleapis,google-cloud-java,/home/camila/repos/googleapis/google-cloud-java,com.google.cloud:google-cloud-java:0.201.0,True,java-shopping-merchant-conversions,java-shopping-merchant-conversions,True,com.google.cloud:google-cloud-jar-parent:1.44.0-SNAPSHOT,False,listed-parent-mismatch,parent-ga-mismatch
googleapis,google-cloud-java,/home/camila/repos/googleapis/google-cloud-java,com.google.cloud:google-cloud-java:0.201.0,True,java-shopping-merchant-datasources,java-shopping-merchant-datasources,True,com.google.cloud:google-cloud-jar-parent:1.44.0-SNAPSHOT,False,listed-parent-mismatch,parent-ga-mismatch
googleapis,google-cloud-java,/home/camila/repos/googleapis/google-cloud-java,com.google.cloud:google-cloud-java:0.201.0,True,java-shopping-merchant-inventories,java-shopping-merchant-inventories,True,com.google.cloud:google-cloud-jar-parent:1.44.0-SNAPSHOT,False,listed-parent-mismatch,parent-ga-mismatch
googleapis,google-cloud-java,/home/camila/repos/googleapis/google-cloud-java,com.google.cloud:google-cloud-java:0.201.0,True,java-shopping-merchant-lfp,java-shopping-merchant-lfp,True,com.google.cloud:google-cloud-jar-parent:1.44.0-SNAPSHOT,False,listed-parent-mismatch,parent-ga-mismatch
googleapis,google-cloud-java,/home/camila/repos/googleapis/google-cloud-java,com.google.cloud:google-cloud-java:0.201.0,True,java-shopping-merchant-notifications,java-shopping-merchant-notifications,True,com.google.cloud:google-cloud-jar-parent:1.44.0-SNAPSHOT,False,listed-parent-mismatch,parent-ga-mismatch
googleapis,google-cloud-java,/home/camila/repos/googleapis/google-cloud-java,com.google.cloud:google-cloud-java:0.201.0,True,java-shopping-merchant-products,java-shopping-merchant-products,True,com.google.cloud:google-cloud-jar-parent:1.44.0-SNAPSHOT,False,listed-parent-mismatch,parent-ga-mismatch
googleapis,google-cloud-java,/home/camila/repos/googleapis/google-cloud-java,com.google.cloud:google-cloud-java:0.201.0,True,java-shopping-merchant-promotions,java-shopping-merchant-promotions,True,com.google.cloud:google-cloud-jar-parent:1.44.0-SNAPSHOT,False,listed-parent-mismatch,parent-ga-mismatch
googleapis,google-cloud-java,/home/camila/repos/googleapis/google-cloud-java,com.google.cloud:google-cloud-java:0.201.0,True,java-shopping-merchant-quota,java-shopping-merchant-quota,True,com.google.cloud:google-cloud-jar-parent:1.44.0-SNAPSHOT,False,listed-parent-mismatch,parent-ga-mismatch
googleapis,google-cloud-java,/home/camila/repos/googleapis/google-cloud-java,com.google.cloud:google-cloud-java:0.201.0,True,java-shopping-merchant-reports,java-shopping-merchant-reports,True,com.google.cloud:google-cloud-jar-parent:1.44.0-SNAPSHOT,False,listed-parent-mismatch,parent-ga-mismatch
googleapis,google-cloud-java,/home/camila/repos/googleapis/google-cloud-java,com.google.cloud:google-cloud-java:0.201.0,True,java-speech,java-speech,True,com.google.cloud:google-cloud-jar-parent:1.44.0-SNAPSHOT,False,listed-parent-mismatch,parent-ga-mismatch
googleapis,google-cloud-java,/home/camila/repos/googleapis/google-cloud-java,com.google.cloud:google-cloud-java:0.201.0,True,java-storage-transfer,java-storage-transfer,True,com.google.cloud:google-cloud-jar-parent:1.44.0-SNAPSHOT,False,listed-parent-mismatch,parent-ga-mismatch
googleapis,google-cloud-java,/home/camila/repos/googleapis/google-cloud-java,com.google.cloud:google-cloud-java:0.201.0,True,java-storageinsights,java-storageinsights,True,com.google.cloud:google-cloud-jar-parent:1.44.0-SNAPSHOT,False,listed-parent-mismatch,parent-ga-mismatch
googleapis,google-cloud-java,/home/camila/repos/googleapis/google-cloud-java,com.google.cloud:google-cloud-java:0.201.0,True,java-talent,java-talent,True,com.google.cloud:google-cloud-jar-parent:1.44.0-SNAPSHOT,False,listed-parent-mismatch,parent-ga-mismatch
googleapis,google-cloud-java,/home/camila/repos/googleapis/google-cloud-java,com.google.cloud:google-cloud-java:0.201.0,True,java-tasks,java-tasks,True,com.google.cloud:google-cloud-jar-parent:1.44.0-SNAPSHOT,False,listed-parent-mismatch,parent-ga-mismatch
googleapis,google-cloud-java,/home/camila/repos/googleapis/google-cloud-java,com.google.cloud:google-cloud-java:0.201.0,True,java-telcoautomation,java-telcoautomation,True,com.google.cloud:google-cloud-jar-parent:1.44.0-SNAPSHOT,False,listed-parent-mismatch,parent-ga-mismatch
googleapis,google-cloud-java,/home/camila/repos/googleapis/google-cloud-java,com.google.cloud:google-cloud-java:0.201.0,True,java-texttospeech,java-texttospeech,True,com.google.cloud:google-cloud-jar-parent:1.44.0-SNAPSHOT,False,listed-parent-mismatch,parent-ga-mismatch
googleapis,google-cloud-java,/home/camila/repos/googleapis/google-cloud-java,com.google.cloud:google-cloud-java:0.201.0,True,java-tpu,java-tpu,True,com.google.cloud:google-cloud-jar-parent:1.44.0-SNAPSHOT,False,listed-parent-mismatch,parent-ga-mismatch
googleapis,google-cloud-java,/home/camila/repos/googleapis/google-cloud-java,com.google.cloud:google-cloud-java:0.201.0,True,java-trace,java-trace,True,com.google.cloud:google-cloud-jar-parent:1.44.0-SNAPSHOT,False,listed-parent-mismatch,parent-ga-mismatch
googleapis,google-cloud-java,/home/camila/repos/googleapis/google-cloud-java,com.google.cloud:google-cloud-java:0.201.0,True,java-translate,java-translate,True,com.google.cloud:google-cloud-jar-parent:1.44.0-SNAPSHOT,False,listed-parent-mismatch,parent-ga-mismatch
googleapis,google-cloud-java,/home/camila/repos/googleapis/google-cloud-java,com.google.cloud:google-cloud-java:0.201.0,True,java-vertexai,java-vertexai,True,com.google.cloud:google-cloud-jar-parent:1.44.0-SNAPSHOT,False,listed-parent-mismatch,parent-ga-mismatch
googleapis,google-cloud-java,/home/camila/repos/googleapis/google-cloud-java,com.google.cloud:google-cloud-java:0.201.0,True,java-video-intelligence,java-video-intelligence,True,com.google.cloud:google-cloud-jar-parent:1.44.0-SNAPSHOT,False,listed-parent-mismatch,parent-ga-mismatch
googleapis,google-cloud-java,/home/camila/repos/googleapis/google-cloud-java,com.google.cloud:google-cloud-java:0.201.0,True,java-video-live-stream,java-video-live-stream,True,com.google.cloud:google-cloud-jar-parent:1.44.0-SNAPSHOT,False,listed-parent-mismatch,parent-ga-mismatch
googleapis,google-cloud-java,/home/camila/repos/googleapis/google-cloud-java,com.google.cloud:google-cloud-java:0.201.0,True,java-video-stitcher,java-video-stitcher,True,com.google.cloud:google-cloud-jar-parent:1.44.0-SNAPSHOT,False,listed-parent-mismatch,parent-ga-mismatch
googleapis,google-cloud-java,/home/camila/repos/googleapis/google-cloud-java,com.google.cloud:google-cloud-java:0.201.0,True,java-video-transcoder,java-video-transcoder,True,com.google.cloud:google-cloud-jar-parent:1.44.0-SNAPSHOT,False,listed-parent-mismatch,parent-ga-mismatch
googleapis,google-cloud-java,/home/camila/repos/googleapis/google-cloud-java,com.google.cloud:google-cloud-java:0.201.0,True,java-vision,java-vision,True,com.google.cloud:google-cloud-jar-parent:1.44.0-SNAPSHOT,False,listed-parent-mismatch,parent-ga-mismatch
googleapis,google-cloud-java,/home/camila/repos/googleapis/google-cloud-java,com.google.cloud:google-cloud-java:0.201.0,True,java-visionai,java-visionai,True,com.google.cloud:google-cloud-jar-parent:1.44.0-SNAPSHOT,False,listed-parent-mismatch,parent-ga-mismatch
googleapis,google-cloud-java,/home/camila/repos/googleapis/google-cloud-java,com.google.cloud:google-cloud-java:0.201.0,True,java-vmmigration,java-vmmigration,True,com.google.cloud:google-cloud-jar-parent:1.44.0-SNAPSHOT,False,listed-parent-mismatch,parent-ga-mismatch
googleapis,google-cloud-java,/home/camila/repos/googleapis/google-cloud-java,com.google.cloud:google-cloud-java:0.201.0,True,java-vmwareengine,java-vmwareengine,True,com.google.cloud:google-cloud-jar-parent:1.44.0-SNAPSHOT,False,listed-parent-mismatch,parent-ga-mismatch
googleapis,google-cloud-java,/home/camila/repos/googleapis/google-cloud-java,com.google.cloud:google-cloud-java:0.201.0,True,java-vpcaccess,java-vpcaccess,True,com.google.cloud:google-cloud-jar-parent:1.44.0-SNAPSHOT,False,listed-parent-mismatch,parent-ga-mismatch
googleapis,google-cloud-java,/home/camila/repos/googleapis/google-cloud-java,com.google.cloud:google-cloud-java:0.201.0,True,java-webrisk,java-webrisk,True,com.google.cloud:google-cloud-jar-parent:1.44.0-SNAPSHOT,False,listed-parent-mismatch,parent-ga-mismatch
googleapis,google-cloud-java,/home/camila/repos/googleapis/google-cloud-java,com.google.cloud:google-cloud-java:0.201.0,True,java-websecurityscanner,java-websecurityscanner,True,com.google.cloud:google-cloud-jar-parent:1.44.0-SNAPSHOT,False,listed-parent-mismatch,parent-ga-mismatch
googleapis,google-cloud-java,/home/camila/repos/googleapis/google-cloud-java,com.google.cloud:google-cloud-java:0.201.0,True,java-workflow-executions,java-workflow-executions,True,com.google.cloud:google-cloud-jar-parent:1.44.0-SNAPSHOT,False,listed-parent-mismatch,parent-ga-mismatch
googleapis,google-cloud-java,/home/camila/repos/googleapis/google-cloud-java,com.google.cloud:google-cloud-java:0.201.0,True,java-workflows,java-workflows,True,com.google.cloud:google-cloud-jar-parent:1.44.0-SNAPSHOT,False,listed-parent-mismatch,parent-ga-mismatch
googleapis,google-cloud-java,/home/camila/repos/googleapis/google-cloud-java,com.google.cloud:google-cloud-java:0.201.0,True,java-workspaceevents,java-workspaceevents,True,com.google.cloud:google-cloud-jar-parent:1.44.0-SNAPSHOT,False,listed-parent-mismatch,parent-ga-mismatch
googleapis,google-cloud-java,/home/camila/repos/googleapis/google-cloud-java,com.google.cloud:google-cloud-java:0.201.0,True,java-workstations,java-workstations,True,com.google.cloud:google-cloud-jar-parent:1.44.0-SNAPSHOT,False,listed-parent-mismatch,parent-ga-mismatch
graphhopper,jsprit,/home/camila/repos/graphhopper/jsprit,com.graphhopper:jsprit:1.9-SNAPSHOT,True,jsprit-core,jsprit-core,True,com.graphhopper:jsprit:1.9-SNAPSHOT,True,listed-ok,
graphhopper,jsprit,/home/camila/repos/graphhopper/jsprit,com.graphhopper:jsprit:1.9-SNAPSHOT,True,jsprit-analysis,jsprit-analysis,True,com.graphhopper:jsprit:1.9-SNAPSHOT,True,listed-ok,
graphhopper,graphhopper,/home/camila/repos/graphhopper/graphhopper,com.graphhopper:graphhopper-parent:10.0-SNAPSHOT,True,core,core,True,com.graphhopper:graphhopper-parent:10.0-SNAPSHOT,True,listed-ok,
graphhopper,graphhopper,/home/camila/repos/graphhopper/graphhopper,com.graphhopper:graphhopper-parent:10.0-SNAPSHOT,True,reader-gtfs,reader-gtfs,True,com.graphhopper:graphhopper-parent:10.0-SNAPSHOT,True,listed-ok,
graphhopper,graphhopper,/home/camila/repos/graphhopper/graphhopper,com.graphhopper:graphhopper-parent:10.0-SNAPSHOT,True,tools,tools,True,com.graphhopper:graphhopper-parent:10.0-SNAPSHOT,True,listed-ok,
graphhopper,graphhopper,/home/camila/repos/graphhopper/graphhopper,com.graphhopper:graphhopper-parent:10.0-SNAPSHOT,True,map-matching,map-matching,True,com.graphhopper:graphhopper-parent:10.0-SNAPSHOT,True,listed-ok,
graphhopper,graphhopper,/home/camila/repos/graphhopper/graphhopper,com.graphhopper:graphhopper-parent:10.0-SNAPSHOT,True,web-bundle,web-bundle,True,com.graphhopper:graphhopper-parent:10.0-SNAPSHOT,True,listed-ok,
graphhopper,graphhopper,/home/camila/repos/graphhopper/graphhopper,com.graphhopper:graphhopper-parent:10.0-SNAPSHOT,True,web-api,web-api,True,com.graphhopper:graphhopper-parent:10.0-SNAPSHOT,True,listed-ok,
graphhopper,graphhopper,/home/camila/repos/graphhopper/graphhopper,com.graphhopper:graphhopper-parent:10.0-SNAPSHOT,True,web,web,True,com.graphhopper:graphhopper-parent:10.0-SNAPSHOT,True,listed-ok,
graphhopper,graphhopper,/home/camila/repos/graphhopper/graphhopper,com.graphhopper:graphhopper-parent:10.0-SNAPSHOT,True,client-hc,client-hc,True,com.graphhopper:graphhopper-parent:10.0-SNAPSHOT,True,listed-ok,
graphhopper,graphhopper,/home/camila/repos/graphhopper/graphhopper,com.graphhopper:graphhopper-parent:10.0-SNAPSHOT,True,navigation,navigation,True,com.graphhopper:graphhopper-parent:10.0-SNAPSHOT,True,listed-ok,
graphhopper,graphhopper,/home/camila/repos/graphhopper/graphhopper,com.graphhopper:graphhopper-parent:10.0-SNAPSHOT,True,example,example,True,com.graphhopper:graphhopper-parent:10.0-SNAPSHOT,True,listed-ok,
Graylog2,graylog2-server,/home/camila/repos/Graylog2/graylog2-server,org.graylog:graylog-parent:6.1.0-SNAPSHOT,True,graylog-project-parent,graylog-project-parent,True,org.graylog:graylog-parent:6.1.0-SNAPSHOT,True,listed-ok,
Graylog2,graylog2-server,/home/camila/repos/Graylog2/graylog2-server,org.graylog:graylog-parent:6.1.0-SNAPSHOT,True,graylog-plugin-parent,graylog-plugin-parent,True,org.graylog:graylog-parent:6.1.0-SNAPSHOT,True,listed-ok,
Graylog2,graylog2-server,/home/camila/repos/Graylog2/graylog2-server,org.graylog:graylog-parent:6.1.0-SNAPSHOT,True,graylog-plugin-archetype,graylog-plugin-archetype,True,org.graylog:graylog-project-parent:6.1.0-SNAPSHOT,False,listed-parent-mismatch,parent-ga-mismatch
Graylog2,graylog2-server,/home/camila/repos/Graylog2/graylog2-server,org.graylog:graylog-parent:6.1.0-SNAPSHOT,True,graylog-storage-elasticsearch7,graylog-storage-elasticsearch7,True,org.graylog.plugins:graylog-plugin-parent:6.1.0-SNAPSHOT,False,listed-parent-mismatch,parent-ga-mismatch
Graylog2,graylog2-server,/home/camila/repos/Graylog2/graylog2-server,org.graylog:graylog-parent:6.1.0-SNAPSHOT,True,graylog-storage-opensearch2,graylog-storage-opensearch2,True,org.graylog.plugins:graylog-plugin-parent:6.1.0-SNAPSHOT,False,listed-parent-mismatch,parent-ga-mismatch
Graylog2,graylog2-server,/home/camila/repos/Graylog2/graylog2-server,org.graylog:graylog-parent:6.1.0-SNAPSHOT,True,distribution,distribution,True,org.graylog:graylog-parent:6.1.0-SNAPSHOT,True,listed-ok,
hapifhir,hapi-fhir,/home/camila/repos/hapifhir/hapi-fhir,ca.uhn.hapi.fhir:hapi-fhir:7.5.1-SNAPSHOT,True,hapi-fhir-checkstyle,hapi-fhir-checkstyle,True,ca.uhn.hapi.fhir:hapi-fhir:7.5.1-SNAPSHOT,True,listed-ok,
hapifhir,hapi-fhir,/home/camila/repos/hapifhir/hapi-fhir,ca.uhn.hapi.fhir:hapi-fhir:7.5.1-SNAPSHOT,True,hapi-fhir-bom,hapi-fhir-bom,True,ca.uhn.hapi.fhir:hapi-deployable-pom:7.5.1-SNAPSHOT,False,listed-parent-mismatch,parent-ga-mismatch
hapifhir,hapi-fhir,/home/camila/repos/hapifhir/hapi-fhir,ca.uhn.hapi.fhir:hapi-fhir:7.5.1-SNAPSHOT,True,hapi-deployable-pom,hapi-deployable-pom,True,ca.uhn.hapi.fhir:hapi-fhir:7.5.1-SNAPSHOT,True,listed-ok,
hapifhir,hapi-fhir,/home/camila/repos/hapifhir/hapi-fhir,ca.uhn.hapi.fhir:hapi-fhir:7.5.1-SNAPSHOT,True,hapi-fhir-base,hapi-fhir-base,True,ca.uhn.hapi.fhir:hapi-deployable-pom:7.5.1-SNAPSHOT,False,listed-parent-mismatch,parent-ga-mismatch
hapifhir,hapi-fhir,/home/camila/repos/hapifhir/hapi-fhir,ca.uhn.hapi.fhir:hapi-fhir:7.5.1-SNAPSHOT,True,hapi-fhir-docs,hapi-fhir-docs,True,ca.uhn.hapi.fhir:hapi-deployable-pom:7.5.1-SNAPSHOT,False,listed-parent-mismatch,parent-ga-mismatch
hapifhir,hapi-fhir,/home/camila/repos/hapifhir/hapi-fhir,ca.uhn.hapi.fhir:hapi-fhir:7.5.1-SNAPSHOT,True,hapi-fhir-test-utilities,hapi-fhir-test-utilities,True,ca.uhn.hapi.fhir:hapi-deployable-pom:7.5.1-SNAPSHOT,False,listed-parent-mismatch,parent-ga-mismatch
hapifhir,hapi-fhir,/home/camila/repos/hapifhir/hapi-fhir,ca.uhn.hapi.fhir:hapi-fhir:7.5.1-SNAPSHOT,True,hapi-fhir-jpaserver-test-utilities,hapi-fhir-jpaserver-test-utilities,True,ca.uhn.hapi.fhir:hapi-deployable-pom:7.5.1-SNAPSHOT,False,listed-parent-mismatch,parent-ga-mismatch
hapifhir,hapi-fhir,/home/camila/repos/hapifhir/hapi-fhir,ca.uhn.hapi.fhir:hapi-fhir:7.5.1-SNAPSHOT,True,hapi-fhir-jpaserver-test-dstu2,hapi-fhir-jpaserver-test-dstu2,True,ca.uhn.hapi.fhir:hapi-deployable-pom:7.5.1-SNAPSHOT,False,listed-parent-mismatch,parent-ga-mismatch
hapifhir,hapi-fhir,/home/camila/repos/hapifhir/hapi-fhir,ca.uhn.hapi.fhir:hapi-fhir:7.5.1-SNAPSHOT,True,hapi-fhir-jpaserver-test-dstu3,hapi-fhir-jpaserver-test-dstu3,True,ca.uhn.hapi.fhir:hapi-deployable-pom:7.5.1-SNAPSHOT,False,listed-parent-mismatch,parent-ga-mismatch
hapifhir,hapi-fhir,/home/camila/repos/hapifhir/hapi-fhir,ca.uhn.hapi.fhir:hapi-fhir:7.5.1-SNAPSHOT,True,hapi-fhir-jpaserver-test-r4,hapi-fhir-jpaserver-test-r4,True,ca.uhn.hapi.fhir:hapi-deployable-pom:7.5.1-SNAPSHOT,False,listed-parent-mismatch,parent-ga-mismatch
hapifhir,hapi-fhir,/home/camila/repos/hapifhir/hapi-fhir,ca.uhn.hapi.fhir:hapi-fhir:7.5.1-SNAPSHOT,True,hapi-fhir-jpaserver-test-r4b,hapi-fhir-jpaserver-test-r4b,True,ca.uhn.hapi.fhir:hapi-deployable-pom:7.5.1-SNAPSHOT,False,listed-parent-mismatch,parent-ga-mismatch
hapifhir,hapi-fhir,/home/camila/repos/hapifhir/hapi-fhir,ca.uhn.hapi.fhir:hapi-fhir:7.5.1-SNAPSHOT,True,hapi-fhir-jpaserver-test-r5,hapi-fhir-jpaserver-test-r5,True,ca.uhn.hapi.fhir:hapi-deployable-pom:7.5.1-SNAPSHOT,False,listed-parent-mismatch,parent-ga-mismatch
hapifhir,hapi-fhir,/home/camila/repos/hapifhir/hapi-fhir,ca.uhn.hapi.fhir:hapi-fhir:7.5.1-SNAPSHOT,True,hapi-fhir-jpaserver-elastic-test-utilities,hapi-fhir-jpaserver-elastic-test-utilities,True,ca.uhn.hapi.fhir:hapi-deployable-pom:7.5.1-SNAPSHOT,False,listed-parent-mismatch,parent-ga-mismatch
hapifhir,hapi-fhir,/home/camila/repos/hapifhir/hapi-fhir,ca.uhn.hapi.fhir:hapi-fhir:7.5.1-SNAPSHOT,True,hapi-tinder-plugin,hapi-tinder-plugin,True,ca.uhn.hapi.fhir:hapi-fhir:7.5.1-SNAPSHOT,True,listed-ok,
hapifhir,hapi-fhir,/home/camila/repos/hapifhir/hapi-fhir,ca.uhn.hapi.fhir:hapi-fhir:7.5.1-SNAPSHOT,True,hapi-tinder-test,hapi-tinder-test,True,ca.uhn.hapi.fhir:hapi-fhir:7.5.1-SNAPSHOT,True,listed-ok,
hapifhir,hapi-fhir,/home/camila/repos/hapifhir/hapi-fhir,ca.uhn.hapi.fhir:hapi-fhir:7.5.1-SNAPSHOT,True,hapi-fhir-client,hapi-fhir-client,True,ca.uhn.hapi.fhir:hapi-deployable-pom:7.5.1-SNAPSHOT,False,listed-parent-mismatch,parent-ga-mismatch
hapifhir,hapi-fhir,/home/camila/repos/hapifhir/hapi-fhir,ca.uhn.hapi.fhir:hapi-fhir:7.5.1-SNAPSHOT,True,hapi-fhir-server,hapi-fhir-server,True,ca.uhn.hapi.fhir:hapi-deployable-pom:7.5.1-SNAPSHOT,False,listed-parent-mismatch,parent-ga-mismatch
hapifhir,hapi-fhir,/home/camila/repos/hapifhir/hapi-fhir,ca.uhn.hapi.fhir:hapi-fhir:7.5.1-SNAPSHOT,True,hapi-fhir-server-mdm,hapi-fhir-server-mdm,True,ca.uhn.hapi.fhir:hapi-deployable-pom:7.5.1-SNAPSHOT,False,listed-parent-mismatch,parent-ga-mismatch
hapifhir,hapi-fhir,/home/camila/repos/hapifhir/hapi-fhir,ca.uhn.hapi.fhir:hapi-fhir:7.5.1-SNAPSHOT,True,hapi-fhir-server-openapi,hapi-fhir-server-openapi,True,ca.uhn.hapi.fhir:hapi-deployable-pom:7.5.1-SNAPSHOT,False,listed-parent-mismatch,parent-ga-mismatch
hapifhir,hapi-fhir,/home/camila/repos/hapifhir/hapi-fhir,ca.uhn.hapi.fhir:hapi-fhir:7.5.1-SNAPSHOT,True,hapi-fhir-converter,hapi-fhir-converter,True,ca.uhn.hapi.fhir:hapi-deployable-pom:7.5.1-SNAPSHOT,False,listed-parent-mismatch,parent-ga-mismatch
hapifhir,hapi-fhir,/home/camila/repos/hapifhir/hapi-fhir,ca.uhn.hapi.fhir:hapi-fhir:7.5.1-SNAPSHOT,True,hapi-fhir-validation,hapi-fhir-validation,True,ca.uhn.hapi.fhir:hapi-deployable-pom:7.5.1-SNAPSHOT,False,listed-parent-mismatch,parent-ga-mismatch
hapifhir,hapi-fhir,/home/camila/repos/hapifhir/hapi-fhir,ca.uhn.hapi.fhir:hapi-fhir:7.5.1-SNAPSHOT,True,hapi-fhir-structures-dstu2,hapi-fhir-structures-dstu2,True,ca.uhn.hapi.fhir:hapi-deployable-pom:7.5.1-SNAPSHOT,False,listed-parent-mismatch,parent-ga-mismatch
hapifhir,hapi-fhir,/home/camila/repos/hapifhir/hapi-fhir,ca.uhn.hapi.fhir:hapi-fhir:7.5.1-SNAPSHOT,True,hapi-fhir-structures-hl7org-dstu2,hapi-fhir-structures-hl7org-dstu2,True,ca.uhn.hapi.fhir:hapi-deployable-pom:7.5.1-SNAPSHOT,False,listed-parent-mismatch,parent-ga-mismatch
hapifhir,hapi-fhir,/home/camila/repos/hapifhir/hapi-fhir,ca.uhn.hapi.fhir:hapi-fhir:7.5.1-SNAPSHOT,True,hapi-fhir-validation-resources-dstu2,hapi-fhir-validation-resources-dstu2,True,ca.uhn.hapi.fhir:hapi-deployable-pom:7.5.1-SNAPSHOT,False,listed-parent-mismatch,parent-ga-mismatch
hapifhir,hapi-fhir,/home/camila/repos/hapifhir/hapi-fhir,ca.uhn.hapi.fhir:hapi-fhir:7.5.1-SNAPSHOT,True,hapi-fhir-structures-dstu2.1,hapi-fhir-structures-dstu2.1,True,ca.uhn.hapi.fhir:hapi-deployable-pom:7.5.1-SNAPSHOT,False,listed-parent-mismatch,parent-ga-mismatch
hapifhir,hapi-fhir,/home/camila/repos/hapifhir/hapi-fhir,ca.uhn.hapi.fhir:hapi-fhir:7.5.1-SNAPSHOT,True,hapi-fhir-validation-resources-dstu2.1,hapi-fhir-validation-resources-dstu2.1,True,ca.uhn.hapi.fhir:hapi-deployable-pom:7.5.1-SNAPSHOT,False,listed-parent-mismatch,parent-ga-mismatch
hapifhir,hapi-fhir,/home/camila/repos/hapifhir/hapi-fhir,ca.uhn.hapi.fhir:hapi-fhir:7.5.1-SNAPSHOT,True,hapi-fhir-structures-dstu3,hapi-fhir-structures-dstu3,True,ca.uhn.hapi.fhir:hapi-deployable-pom:7.5.1-SNAPSHOT,False,listed-parent-mismatch,parent-ga-mismatch
hapifhir,hapi-fhir,/home/camila/repos/hapifhir/hapi-fhir,ca.uhn.hapi.fhir:hapi-fhir:7.5.1-SNAPSHOT,True,hapi-fhir-validation-resources-dstu3,hapi-fhir-validation-resources-dstu3,True,ca.uhn.hapi.fhir:hapi-deployable-pom:7.5.1-SNAPSHOT,False,listed-parent-mismatch,parent-ga-mismatch
hapifhir,hapi-fhir,/home/camila/repos/hapifhir/hapi-fhir,ca.uhn.hapi.fhir:hapi-fhir:7.5.1-SNAPSHOT,True,hapi-fhir-structures-r4,hapi-fhir-structures-r4,True,ca.uhn.hapi.fhir:hapi-deployable-pom:7.5.1-SNAPSHOT,False,listed-parent-mismatch,parent-ga-mismatch
hapifhir,hapi-fhir,/home/camila/repos/hapifhir/hapi-fhir,ca.uhn.hapi.fhir:hapi-fhir:7.5.1-SNAPSHOT,True,hapi-fhir-validation-resources-r4,hapi-fhir-validation-resources-r4,True,ca.uhn.hapi.fhir:hapi-deployable-pom:7.5.1-SNAPSHOT,False,listed-parent-mismatch,parent-ga-mismatch
hapifhir,hapi-fhir,/home/camila/repos/hapifhir/hapi-fhir,ca.uhn.hapi.fhir:hapi-fhir:7.5.1-SNAPSHOT,True,hapi-fhir-structures-r4b,hapi-fhir-structures-r4b,True,ca.uhn.hapi.fhir:hapi-deployable-pom:7.5.1-SNAPSHOT,False,listed-parent-mismatch,parent-ga-mismatch
hapifhir,hapi-fhir,/home/camila/repos/hapifhir/hapi-fhir,ca.uhn.hapi.fhir:hapi-fhir:7.5.1-SNAPSHOT,True,hapi-fhir-validation-resources-r4b,hapi-fhir-validation-resources-r4b,True,ca.uhn.hapi.fhir:hapi-deployable-pom:7.5.1-SNAPSHOT,False,listed-parent-mismatch,parent-ga-mismatch
hapifhir,hapi-fhir,/home/camila/repos/hapifhir/hapi-fhir,ca.uhn.hapi.fhir:hapi-fhir:7.5.1-SNAPSHOT,True,hapi-fhir-structures-r5,hapi-fhir-structures-r5,True,ca.uhn.hapi.fhir:hapi-deployable-pom:7.5.1-SNAPSHOT,False,listed-parent-mismatch,parent-ga-mismatch
hapifhir,hapi-fhir,/home/camila/repos/hapifhir/hapi-fhir,ca.uhn.hapi.fhir:hapi-fhir:7.5.1-SNAPSHOT,True,hapi-fhir-validation-resources-r5,hapi-fhir-validation-resources-r5,True,ca.uhn.hapi.fhir:hapi-deployable-pom:7.5.1-SNAPSHOT,False,listed-parent-mismatch,parent-ga-mismatch
hapifhir,hapi-fhir,/home/camila/repos/hapifhir/hapi-fhir,ca.uhn.hapi.fhir:hapi-fhir:7.5.1-SNAPSHOT,True,hapi-fhir-jpa,hapi-fhir-jpa,True,ca.uhn.hapi.fhir:hapi-deployable-pom:7.5.1-SNAPSHOT,False,listed-parent-mismatch,parent-ga-mismatch
hapifhir,hapi-fhir,/home/camila/repos/hapifhir/hapi-fhir,ca.uhn.hapi.fhir:hapi-fhir:7.5.1-SNAPSHOT,True,hapi-fhir-serviceloaders,hapi-fhir-serviceloaders,True,ca.uhn.hapi.fhir:hapi-deployable-pom:7.5.1-SNAPSHOT,False,listed-parent-mismatch,parent-ga-mismatch
hapifhir,hapi-fhir,/home/camila/repos/hapifhir/hapi-fhir,ca.uhn.hapi.fhir:hapi-fhir:7.5.1-SNAPSHOT,True,hapi-fhir-storage,hapi-fhir-storage,True,ca.uhn.hapi.fhir:hapi-deployable-pom:7.5.1-SNAPSHOT,False,listed-parent-mismatch,parent-ga-mismatch
hapifhir,hapi-fhir,/home/camila/repos/hapifhir/hapi-fhir,ca.uhn.hapi.fhir:hapi-fhir:7.5.1-SNAPSHOT,True,hapi-fhir-storage-batch2,hapi-fhir-storage-batch2,True,ca.uhn.hapi.fhir:hapi-deployable-pom:7.5.1-SNAPSHOT,False,listed-parent-mismatch,parent-ga-mismatch
hapifhir,hapi-fhir,/home/camila/repos/hapifhir/hapi-fhir,ca.uhn.hapi.fhir:hapi-fhir:7.5.1-SNAPSHOT,True,hapi-fhir-storage-batch2-test-utilities,hapi-fhir-storage-batch2-test-utilities,True,ca.uhn.hapi.fhir:hapi-deployable-pom:7.5.1-SNAPSHOT,False,listed-parent-mismatch,parent-ga-mismatch
hapifhir,hapi-fhir,/home/camila/repos/hapifhir/hapi-fhir,ca.uhn.hapi.fhir:hapi-fhir:7.5.1-SNAPSHOT,True,hapi-fhir-storage-batch2-jobs,hapi-fhir-storage-batch2-jobs,True,ca.uhn.hapi.fhir:hapi-deployable-pom:7.5.1-SNAPSHOT,False,listed-parent-mismatch,parent-ga-mismatch
hapifhir,hapi-fhir,/home/camila/repos/hapifhir/hapi-fhir,ca.uhn.hapi.fhir:hapi-fhir:7.5.1-SNAPSHOT,True,hapi-fhir-storage-cr,hapi-fhir-storage-cr,True,ca.uhn.hapi.fhir:hapi-deployable-pom:7.5.1-SNAPSHOT,False,listed-parent-mismatch,parent-ga-mismatch
hapifhir,hapi-fhir,/home/camila/repos/hapifhir/hapi-fhir,ca.uhn.hapi.fhir:hapi-fhir:7.5.1-SNAPSHOT,True,hapi-fhir-storage-mdm,hapi-fhir-storage-mdm,True,ca.uhn.hapi.fhir:hapi-deployable-pom:7.5.1-SNAPSHOT,False,listed-parent-mismatch,parent-ga-mismatch
hapifhir,hapi-fhir,/home/camila/repos/hapifhir/hapi-fhir,ca.uhn.hapi.fhir:hapi-fhir:7.5.1-SNAPSHOT,True,hapi-fhir-storage-test-utilities,hapi-fhir-storage-test-utilities,True,ca.uhn.hapi.fhir:hapi-deployable-pom:7.5.1-SNAPSHOT,False,listed-parent-mismatch,parent-ga-mismatch
hapifhir,hapi-fhir,/home/camila/repos/hapifhir/hapi-fhir,ca.uhn.hapi.fhir:hapi-fhir:7.5.1-SNAPSHOT,True,hapi-fhir-jpaserver-model,hapi-fhir-jpaserver-model,True,ca.uhn.hapi.fhir:hapi-deployable-pom:7.5.1-SNAPSHOT,False,listed-parent-mismatch,parent-ga-mismatch
hapifhir,hapi-fhir,/home/camila/repos/hapifhir/hapi-fhir,ca.uhn.hapi.fhir:hapi-fhir:7.5.1-SNAPSHOT,True,hapi-fhir-jpaserver-searchparam,hapi-fhir-jpaserver-searchparam,True,ca.uhn.hapi.fhir:hapi-deployable-pom:7.5.1-SNAPSHOT,False,listed-parent-mismatch,parent-ga-mismatch
hapifhir,hapi-fhir,/home/camila/repos/hapifhir/hapi-fhir,ca.uhn.hapi.fhir:hapi-fhir:7.5.1-SNAPSHOT,True,hapi-fhir-jpaserver-subscription,hapi-fhir-jpaserver-subscription,True,ca.uhn.hapi.fhir:hapi-deployable-pom:7.5.1-SNAPSHOT,False,listed-parent-mismatch,parent-ga-mismatch
hapifhir,hapi-fhir,/home/camila/repos/hapifhir/hapi-fhir,ca.uhn.hapi.fhir:hapi-fhir:7.5.1-SNAPSHOT,True,hapi-fhir-jaxrsserver-base,hapi-fhir-jaxrsserver-base,True,ca.uhn.hapi.fhir:hapi-deployable-pom:7.5.1-SNAPSHOT,False,listed-parent-mismatch,parent-ga-mismatch
hapifhir,hapi-fhir,/home/camila/repos/hapifhir/hapi-fhir,ca.uhn.hapi.fhir:hapi-fhir:7.5.1-SNAPSHOT,True,hapi-fhir-jpaserver-base,hapi-fhir-jpaserver-base,True,ca.uhn.hapi.fhir:hapi-deployable-pom:7.5.1-SNAPSHOT,False,listed-parent-mismatch,parent-ga-mismatch
hapifhir,hapi-fhir,/home/camila/repos/hapifhir/hapi-fhir,ca.uhn.hapi.fhir:hapi-fhir:7.5.1-SNAPSHOT,True,hapi-fhir-sql-migrate,hapi-fhir-sql-migrate,True,ca.uhn.hapi.fhir:hapi-deployable-pom:7.5.1-SNAPSHOT,False,listed-parent-mismatch,parent-ga-mismatch
hapifhir,hapi-fhir,/home/camila/repos/hapifhir/hapi-fhir,ca.uhn.hapi.fhir:hapi-fhir:7.5.1-SNAPSHOT,True,hapi-fhir-jpaserver-ips,hapi-fhir-jpaserver-ips,True,ca.uhn.hapi.fhir:hapi-deployable-pom:7.5.1-SNAPSHOT,False,listed-parent-mismatch,parent-ga-mismatch
hapifhir,hapi-fhir,/home/camila/repos/hapifhir/hapi-fhir,ca.uhn.hapi.fhir:hapi-fhir:7.5.1-SNAPSHOT,True,hapi-fhir-jpaserver-hfql,hapi-fhir-jpaserver-hfql,True,ca.uhn.hapi.fhir:hapi-deployable-pom:7.5.1-SNAPSHOT,False,listed-parent-mismatch,parent-ga-mismatch
hapifhir,hapi-fhir,/home/camila/repos/hapifhir/hapi-fhir,ca.uhn.hapi.fhir:hapi-fhir:7.5.1-SNAPSHOT,True,hapi-fhir-jpaserver-mdm,hapi-fhir-jpaserver-mdm,True,ca.uhn.hapi.fhir:hapi-deployable-pom:7.5.1-SNAPSHOT,False,listed-parent-mismatch,parent-ga-mismatch
hapifhir,hapi-fhir,/home/camila/repos/hapifhir/hapi-fhir,ca.uhn.hapi.fhir:hapi-fhir:7.5.1-SNAPSHOT,True,hapi-fhir-testpage-overlay,hapi-fhir-testpage-overlay,True,ca.uhn.hapi.fhir:hapi-fhir:7.5.1-SNAPSHOT,True,listed-ok,
hapifhir,hapi-fhir,/home/camila/repos/hapifhir/hapi-fhir,ca.uhn.hapi.fhir:hapi-fhir:7.5.1-SNAPSHOT,True,hapi-fhir-jpaserver-uhnfhirtest,hapi-fhir-jpaserver-uhnfhirtest,True,ca.uhn.hapi.fhir:hapi-fhir:7.5.1-SNAPSHOT,True,listed-ok,
hapifhir,hapi-fhir,/home/camila/repos/hapifhir/hapi-fhir,ca.uhn.hapi.fhir:hapi-fhir:7.5.1-SNAPSHOT,True,hapi-fhir-client-okhttp,hapi-fhir-client-okhttp,True,ca.uhn.hapi.fhir:hapi-deployable-pom:7.5.1-SNAPSHOT,False,listed-parent-mismatch,parent-ga-mismatch
hapifhir,hapi-fhir,/home/camila/repos/hapifhir/hapi-fhir,ca.uhn.hapi.fhir:hapi-fhir:7.5.1-SNAPSHOT,True,hapi-fhir-android,hapi-fhir-android,True,ca.uhn.hapi.fhir:hapi-deployable-pom:7.5.1-SNAPSHOT,False,listed-parent-mismatch,parent-ga-mismatch
hapifhir,hapi-fhir,/home/camila/repos/hapifhir/hapi-fhir,ca.uhn.hapi.fhir:hapi-fhir:7.5.1-SNAPSHOT,True,hapi-fhir-cli,hapi-fhir-cli,True,ca.uhn.hapi.fhir:hapi-fhir:7.5.1-SNAPSHOT,True,listed-ok,
hapifhir,hapi-fhir,/home/camila/repos/hapifhir/hapi-fhir,ca.uhn.hapi.fhir:hapi-fhir:7.5.1-SNAPSHOT,True,hapi-fhir-dist,hapi-fhir-dist,True,ca.uhn.hapi.fhir:hapi-fhir:7.5.1-SNAPSHOT,True,listed-ok,
hapifhir,hapi-fhir,/home/camila/repos/hapifhir/hapi-fhir,ca.uhn.hapi.fhir:hapi-fhir:7.5.1-SNAPSHOT,True,tests/hapi-fhir-base-test-jaxrsserver-kotlin,tests/hapi-fhir-base-test-jaxrsserver-kotlin,False,?:?:?,False,listed-nested-path,nested-module-path
hapifhir,hapi-fhir,/home/camila/repos/hapifhir/hapi-fhir,ca.uhn.hapi.fhir:hapi-fhir:7.5.1-SNAPSHOT,True,tests/hapi-fhir-base-test-mindeps-client,tests/hapi-fhir-base-test-mindeps-client,False,?:?:?,False,listed-nested-path,nested-module-path
hapifhir,hapi-fhir,/home/camila/repos/hapifhir/hapi-fhir,ca.uhn.hapi.fhir:hapi-fhir:7.5.1-SNAPSHOT,True,tests/hapi-fhir-base-test-mindeps-server,tests/hapi-fhir-base-test-mindeps-server,False,?:?:?,False,listed-nested-path,nested-module-path
hapifhir,hapi-fhir,/home/camila/repos/hapifhir/hapi-fhir,ca.uhn.hapi.fhir:hapi-fhir:7.5.1-SNAPSHOT,True,hapi-fhir-spring-boot,hapi-fhir-spring-boot,True,ca.uhn.hapi.fhir:hapi-fhir:7.5.1-SNAPSHOT,True,listed-ok,
hapifhir,hapi-fhir,/home/camila/repos/hapifhir/hapi-fhir,ca.uhn.hapi.fhir:hapi-fhir:7.5.1-SNAPSHOT,True,hapi-fhir-jacoco,hapi-fhir-jacoco,True,ca.uhn.hapi.fhir:hapi-deployable-pom:7.5.1-SNAPSHOT,False,listed-parent-mismatch,parent-ga-mismatch
hapifhir,hapi-fhir,/home/camila/repos/hapifhir/hapi-fhir,ca.uhn.hapi.fhir:hapi-fhir:7.5.1-SNAPSHOT,True,hapi-fhir-server-cds-hooks,hapi-fhir-server-cds-hooks,True,ca.uhn.hapi.fhir:hapi-deployable-pom:7.5.1-SNAPSHOT,False,listed-parent-mismatch,parent-ga-mismatch
haraldk,TwelveMonkeys,/home/camila/repos/haraldk/TwelveMonkeys,com.twelvemonkeys:twelvemonkeys:3.11.1-SNAPSHOT,True,common,common,True,com.twelvemonkeys:twelvemonkeys:3.11.1-SNAPSHOT,True,listed-ok,
haraldk,TwelveMonkeys,/home/camila/repos/haraldk/TwelveMonkeys,com.twelvemonkeys:twelvemonkeys:3.11.1-SNAPSHOT,True,servlet,servlet,True,com.twelvemonkeys:twelvemonkeys:3.11.1-SNAPSHOT,True,listed-ok,
haraldk,TwelveMonkeys,/home/camila/repos/haraldk/TwelveMonkeys,com.twelvemonkeys:twelvemonkeys:3.11.1-SNAPSHOT,True,imageio,imageio,True,com.twelvemonkeys:twelvemonkeys:3.11.1-SNAPSHOT,True,listed-ok,
haraldk,TwelveMonkeys,/home/camila/repos/haraldk/TwelveMonkeys,com.twelvemonkeys:twelvemonkeys:3.11.1-SNAPSHOT,True,contrib,contrib,True,com.twelvemonkeys:twelvemonkeys:3.11.1-SNAPSHOT,True,listed-ok,
haraldk,TwelveMonkeys,/home/camila/repos/haraldk/TwelveMonkeys,com.twelvemonkeys:twelvemonkeys:3.11.1-SNAPSHOT,True,bom,bom,True,com.twelvemonkeys:twelvemonkeys:3.11.1-SNAPSHOT,True,listed-ok,
hawtio,hawtio,/home/camila/repos/hawtio/hawtio,io.hawt:project:4.2-SNAPSHOT,True,bom,bom,True,io.hawt:project:4.2-SNAPSHOT,True,listed-ok,
hawtio,hawtio,/home/camila/repos/hawtio/hawtio,io.hawt:project:4.2-SNAPSHOT,True,console,console,True,io.hawt:project:4.2-SNAPSHOT,True,listed-ok,
hawtio,hawtio,/home/camila/repos/hawtio/hawtio,io.hawt:project:4.2-SNAPSHOT,True,console-minimal,console-minimal,True,io.hawt:project:4.2-SNAPSHOT,True,listed-ok,
hawtio,hawtio,/home/camila/repos/hawtio/hawtio,io.hawt:project:4.2-SNAPSHOT,True,deploy/hawtio-default,deploy/hawtio-default,False,?:?:?,False,listed-nested-path,nested-module-path
hawtio,hawtio,/home/camila/repos/hawtio/hawtio,io.hawt:project:4.2-SNAPSHOT,True,deploy/hawtio-embedded,deploy/hawtio-embedded,False,?:?:?,False,listed-nested-path,nested-module-path
hawtio,hawtio,/home/camila/repos/hawtio/hawtio,io.hawt:project:4.2-SNAPSHOT,True,examples/quarkus,examples/quarkus,False,?:?:?,False,listed-nested-path,nested-module-path
hawtio,hawtio,/home/camila/repos/hawtio/hawtio,io.hawt:project:4.2-SNAPSHOT,True,examples/quarkus-keycloak,examples/quarkus-keycloak,False,?:?:?,False,listed-nested-path,nested-module-path
hawtio,hawtio,/home/camila/repos/hawtio/hawtio,io.hawt:project:4.2-SNAPSHOT,True,examples/sample-plugin,examples/sample-plugin,False,?:?:?,False,listed-nested-path,nested-module-path
hawtio,hawtio,/home/camila/repos/hawtio/hawtio,io.hawt:project:4.2-SNAPSHOT,True,examples/war-plugin,examples/war-plugin,False,?:?:?,False,listed-nested-path,nested-module-path
hawtio,hawtio,/home/camila/repos/hawtio/hawtio,io.hawt:project:4.2-SNAPSHOT,True,hawtio-jbang,hawtio-jbang,True,io.hawt:project:4.2-SNAPSHOT,True,listed-ok,
hawtio,hawtio,/home/camila/repos/hawtio/hawtio,io.hawt:project:4.2-SNAPSHOT,True,hawtio-plugin-mbean,hawtio-plugin-mbean,True,io.hawt:project:4.2-SNAPSHOT,True,listed-ok,
hawtio,hawtio,/home/camila/repos/hawtio/hawtio,io.hawt:project:4.2-SNAPSHOT,True,hawtio-system,hawtio-system,True,io.hawt:project:4.2-SNAPSHOT,True,listed-ok,
hawtio,hawtio,/home/camila/repos/hawtio/hawtio,io.hawt:project:4.2-SNAPSHOT,True,hawtio-war,hawtio-war,True,io.hawt:project:4.2-SNAPSHOT,True,listed-ok,
hawtio,hawtio,/home/camila/repos/hawtio/hawtio,io.hawt:project:4.2-SNAPSHOT,True,hawtio-war-minimal,hawtio-war-minimal,True,io.hawt:project:4.2-SNAPSHOT,True,listed-ok,
hawtio,hawtio,/home/camila/repos/hawtio/hawtio,io.hawt:project:4.2-SNAPSHOT,True,platforms/quarkus,platforms/quarkus,False,?:?:?,False,listed-nested-path,nested-module-path
hawtio,hawtio,/home/camila/repos/hawtio/hawtio,io.hawt:project:4.2-SNAPSHOT,True,plugins/hawtio-local-jvm-mbean,plugins/hawtio-local-jvm-mbean,False,?:?:?,False,listed-nested-path,nested-module-path
hawtio,hawtio,/home/camila/repos/hawtio/hawtio,io.hawt:project:4.2-SNAPSHOT,True,plugins/hawtio-log-logback,plugins/hawtio-log-logback,False,?:?:?,False,listed-nested-path,nested-module-path
hawtio,hawtio,/home/camila/repos/hawtio/hawtio,io.hawt:project:4.2-SNAPSHOT,True,plugins/hawtio-log,plugins/hawtio-log,False,?:?:?,False,listed-nested-path,nested-module-path
hawtio,hawtio,/home/camila/repos/hawtio/hawtio,io.hawt:project:4.2-SNAPSHOT,False,tests,tests,True,io.hawt:project:4.2-SNAPSHOT,True,unlisted-child-with-root-parent,unlisted-but-parent-matches-root
hcoles,pitest,/home/camila/repos/hcoles/pitest,org.pitest:pitest-parent:${revision},True,pitest-build-config,pitest-build-config,True,org.pitest:pitest-parent:${revision},True,listed-ok,
hcoles,pitest,/home/camila/repos/hcoles/pitest,org.pitest:pitest-parent:${revision},True,pitest,pitest,True,org.pitest:pitest-parent:${revision},True,listed-ok,
hcoles,pitest,/home/camila/repos/hcoles/pitest,org.pitest:pitest-parent:${revision},True,pitest-entry,pitest-entry,True,org.pitest:pitest-parent:${revision},True,listed-ok,
hcoles,pitest,/home/camila/repos/hcoles/pitest,org.pitest:pitest-parent:${revision},True,pitest-maven,pitest-maven,True,org.pitest:pitest-parent:${revision},True,listed-ok,
hcoles,pitest,/home/camila/repos/hcoles/pitest,org.pitest:pitest-parent:${revision},True,pitest-ant,pitest-ant,True,org.pitest:pitest-parent:${revision},True,listed-ok,
hcoles,pitest,/home/camila/repos/hcoles/pitest,org.pitest:pitest-parent:${revision},True,pitest-command-line,pitest-command-line,True,org.pitest:pitest-parent:${revision},True,listed-ok,
hcoles,pitest,/home/camila/repos/hcoles/pitest,org.pitest:pitest-parent:${revision},True,pitest-html-report,pitest-html-report,True,org.pitest:pitest-parent:${revision},True,listed-ok,
hcoles,pitest,/home/camila/repos/hcoles/pitest,org.pitest:pitest-parent:${revision},True,pitest-aggregator,pitest-aggregator,True,org.pitest:pitest-parent:${revision},True,listed-ok,
hcoles,pitest,/home/camila/repos/hcoles/pitest,org.pitest:pitest-parent:${revision},False,pitest-maven-verification,pitest-maven-verification,True,org.pitest:pitest-parent:${revision},True,unlisted-child-with-root-parent,unlisted-but-parent-matches-root
hcoles,pitest,/home/camila/repos/hcoles/pitest,org.pitest:pitest-parent:${revision},False,pitest-groovy-verification,pitest-groovy-verification,True,org.pitest:pitest-parent:${revision},True,unlisted-child-with-root-parent,unlisted-but-parent-matches-root
hcoles,pitest,/home/camila/repos/hcoles/pitest,org.pitest:pitest-parent:${revision},False,pitest-modern-verification,pitest-modern-verification,True,org.pitest:pitest-parent:${revision},True,unlisted-child-with-root-parent,unlisted-but-parent-matches-root
hcoles,pitest,/home/camila/repos/hcoles/pitest,org.pitest:pitest-parent:${revision},False,pitest-java8-verification,pitest-java8-verification,True,org.pitest:pitest-parent:${revision},True,unlisted-child-with-root-parent,unlisted-but-parent-matches-root
igniterealtime,Openfire,/home/camila/repos/igniterealtime/Openfire,org.igniterealtime.openfire:parent:4.9.0,True,i18n,i18n,True,org.igniterealtime.openfire:parent:4.9.0,True,listed-ok,
igniterealtime,Openfire,/home/camila/repos/igniterealtime/Openfire,org.igniterealtime.openfire:parent:4.9.0,True,xmppserver,xmppserver,True,org.igniterealtime.openfire:parent:4.9.0,True,listed-ok,
igniterealtime,Openfire,/home/camila/repos/igniterealtime/Openfire,org.igniterealtime.openfire:parent:4.9.0,True,starter,starter,True,org.igniterealtime.openfire:parent:4.9.0,True,listed-ok,
igniterealtime,Openfire,/home/camila/repos/igniterealtime/Openfire,org.igniterealtime.openfire:parent:4.9.0,True,plugins,plugins,True,?:?:?,False,listed-parent-mismatch,child-without-parent-or-missing-ga
igniterealtime,Openfire,/home/camila/repos/igniterealtime/Openfire,org.igniterealtime.openfire:parent:4.9.0,True,distribution,distribution,True,org.igniterealtime.openfire:parent:4.9.0,True,listed-ok,
iluwatar,java-design-patterns,/home/camila/repos/iluwatar/java-design-patterns,com.iluwatar:java-design-patterns:1.26.0-SNAPSHOT,True,abstract-factory,abstract-factory,True,com.iluwatar:java-design-patterns:1.26.0-SNAPSHOT,True,listed-ok,
iluwatar,java-design-patterns,/home/camila/repos/iluwatar/java-design-patterns,com.iluwatar:java-design-patterns:1.26.0-SNAPSHOT,True,collecting-parameter,collecting-parameter,True,com.iluwatar:java-design-patterns:1.26.0-SNAPSHOT,True,listed-ok,
iluwatar,java-design-patterns,/home/camila/repos/iluwatar/java-design-patterns,com.iluwatar:java-design-patterns:1.26.0-SNAPSHOT,True,monitor,monitor,True,com.iluwatar:java-design-patterns:1.26.0-SNAPSHOT,True,listed-ok,
iluwatar,java-design-patterns,/home/camila/repos/iluwatar/java-design-patterns,com.iluwatar:java-design-patterns:1.26.0-SNAPSHOT,True,builder,builder,True,com.iluwatar:java-design-patterns:1.26.0-SNAPSHOT,True,listed-ok,
iluwatar,java-design-patterns,/home/camila/repos/iluwatar/java-design-patterns,com.iluwatar:java-design-patterns:1.26.0-SNAPSHOT,True,factory-method,factory-method,True,com.iluwatar:java-design-patterns:1.26.0-SNAPSHOT,True,listed-ok,
iluwatar,java-design-patterns,/home/camila/repos/iluwatar/java-design-patterns,com.iluwatar:java-design-patterns:1.26.0-SNAPSHOT,True,prototype,prototype,True,com.iluwatar:java-design-patterns:1.26.0-SNAPSHOT,True,listed-ok,
iluwatar,java-design-patterns,/home/camila/repos/iluwatar/java-design-patterns,com.iluwatar:java-design-patterns:1.26.0-SNAPSHOT,True,singleton,singleton,True,com.iluwatar:java-design-patterns:1.26.0-SNAPSHOT,True,listed-ok,
iluwatar,java-design-patterns,/home/camila/repos/iluwatar/java-design-patterns,com.iluwatar:java-design-patterns:1.26.0-SNAPSHOT,True,adapter,adapter,True,com.iluwatar:java-design-patterns:1.26.0-SNAPSHOT,True,listed-ok,
iluwatar,java-design-patterns,/home/camila/repos/iluwatar/java-design-patterns,com.iluwatar:java-design-patterns:1.26.0-SNAPSHOT,True,bridge,bridge,True,com.iluwatar:java-design-patterns:1.26.0-SNAPSHOT,True,listed-ok,
iluwatar,java-design-patterns,/home/camila/repos/iluwatar/java-design-patterns,com.iluwatar:java-design-patterns:1.26.0-SNAPSHOT,True,composite,composite,True,com.iluwatar:java-design-patterns:1.26.0-SNAPSHOT,True,listed-ok,
iluwatar,java-design-patterns,/home/camila/repos/iluwatar/java-design-patterns,com.iluwatar:java-design-patterns:1.26.0-SNAPSHOT,True,data-access-object,data-access-object,True,com.iluwatar:java-design-patterns:1.26.0-SNAPSHOT,True,listed-ok,
iluwatar,java-design-patterns,/home/camila/repos/iluwatar/java-design-patterns,com.iluwatar:java-design-patterns:1.26.0-SNAPSHOT,True,data-mapper,data-mapper,True,com.iluwatar:java-design-patterns:1.26.0-SNAPSHOT,True,listed-ok,
iluwatar,java-design-patterns,/home/camila/repos/iluwatar/java-design-patterns,com.iluwatar:java-design-patterns:1.26.0-SNAPSHOT,True,decorator,decorator,True,com.iluwatar:java-design-patterns:1.26.0-SNAPSHOT,True,listed-ok,
iluwatar,java-design-patterns,/home/camila/repos/iluwatar/java-design-patterns,com.iluwatar:java-design-patterns:1.26.0-SNAPSHOT,True,facade,facade,True,com.iluwatar:java-design-patterns:1.26.0-SNAPSHOT,True,listed-ok,
iluwatar,java-design-patterns,/home/camila/repos/iluwatar/java-design-patterns,com.iluwatar:java-design-patterns:1.26.0-SNAPSHOT,True,flyweight,flyweight,True,com.iluwatar:java-design-patterns:1.26.0-SNAPSHOT,True,listed-ok,
iluwatar,java-design-patterns,/home/camila/repos/iluwatar/java-design-patterns,com.iluwatar:java-design-patterns:1.26.0-SNAPSHOT,True,proxy,proxy,True,com.iluwatar:java-design-patterns:1.26.0-SNAPSHOT,True,listed-ok,
iluwatar,java-design-patterns,/home/camila/repos/iluwatar/java-design-patterns,com.iluwatar:java-design-patterns:1.26.0-SNAPSHOT,True,chain-of-responsibility,chain-of-responsibility,True,com.iluwatar:java-design-patterns:1.26.0-SNAPSHOT,True,listed-ok,
iluwatar,java-design-patterns,/home/camila/repos/iluwatar/java-design-patterns,com.iluwatar:java-design-patterns:1.26.0-SNAPSHOT,True,command,command,True,com.iluwatar:java-design-patterns:1.26.0-SNAPSHOT,True,listed-ok,
iluwatar,java-design-patterns,/home/camila/repos/iluwatar/java-design-patterns,com.iluwatar:java-design-patterns:1.26.0-SNAPSHOT,True,interpreter,interpreter,True,com.iluwatar:java-design-patterns:1.26.0-SNAPSHOT,True,listed-ok,
iluwatar,java-design-patterns,/home/camila/repos/iluwatar/java-design-patterns,com.iluwatar:java-design-patterns:1.26.0-SNAPSHOT,True,iterator,iterator,True,com.iluwatar:java-design-patterns:1.26.0-SNAPSHOT,True,listed-ok,
iluwatar,java-design-patterns,/home/camila/repos/iluwatar/java-design-patterns,com.iluwatar:java-design-patterns:1.26.0-SNAPSHOT,True,mediator,mediator,True,com.iluwatar:java-design-patterns:1.26.0-SNAPSHOT,True,listed-ok,
iluwatar,java-design-patterns,/home/camila/repos/iluwatar/java-design-patterns,com.iluwatar:java-design-patterns:1.26.0-SNAPSHOT,True,memento,memento,True,com.iluwatar:java-design-patterns:1.26.0-SNAPSHOT,True,listed-ok,
iluwatar,java-design-patterns,/home/camila/repos/iluwatar/java-design-patterns,com.iluwatar:java-design-patterns:1.26.0-SNAPSHOT,True,model-view-presenter,model-view-presenter,True,com.iluwatar:java-design-patterns:1.26.0-SNAPSHOT,True,listed-ok,
iluwatar,java-design-patterns,/home/camila/repos/iluwatar/java-design-patterns,com.iluwatar:java-design-patterns:1.26.0-SNAPSHOT,True,observer,observer,True,com.iluwatar:java-design-patterns:1.26.0-SNAPSHOT,True,listed-ok,
iluwatar,java-design-patterns,/home/camila/repos/iluwatar/java-design-patterns,com.iluwatar:java-design-patterns:1.26.0-SNAPSHOT,True,state,state,True,com.iluwatar:java-design-patterns:1.26.0-SNAPSHOT,True,listed-ok,
iluwatar,java-design-patterns,/home/camila/repos/iluwatar/java-design-patterns,com.iluwatar:java-design-patterns:1.26.0-SNAPSHOT,True,strategy,strategy,True,com.iluwatar:java-design-patterns:1.26.0-SNAPSHOT,True,listed-ok,
iluwatar,java-design-patterns,/home/camila/repos/iluwatar/java-design-patterns,com.iluwatar:java-design-patterns:1.26.0-SNAPSHOT,True,template-method,template-method,True,com.iluwatar:java-design-patterns:1.26.0-SNAPSHOT,True,listed-ok,
iluwatar,java-design-patterns,/home/camila/repos/iluwatar/java-design-patterns,com.iluwatar:java-design-patterns:1.26.0-SNAPSHOT,True,version-number,version-number,True,com.iluwatar:java-design-patterns:1.26.0-SNAPSHOT,True,listed-ok,
iluwatar,java-design-patterns,/home/camila/repos/iluwatar/java-design-patterns,com.iluwatar:java-design-patterns:1.26.0-SNAPSHOT,True,visitor,visitor,True,com.iluwatar:java-design-patterns:1.26.0-SNAPSHOT,True,listed-ok,
iluwatar,java-design-patterns,/home/camila/repos/iluwatar/java-design-patterns,com.iluwatar:java-design-patterns:1.26.0-SNAPSHOT,True,double-checked-locking,double-checked-locking,True,com.iluwatar:java-design-patterns:1.26.0-SNAPSHOT,True,listed-ok,
iluwatar,java-design-patterns,/home/camila/repos/iluwatar/java-design-patterns,com.iluwatar:java-design-patterns:1.26.0-SNAPSHOT,True,servant,servant,True,com.iluwatar:java-design-patterns:1.26.0-SNAPSHOT,True,listed-ok,
iluwatar,java-design-patterns,/home/camila/repos/iluwatar/java-design-patterns,com.iluwatar:java-design-patterns:1.26.0-SNAPSHOT,True,service-locator,service-locator,True,com.iluwatar:java-design-patterns:1.26.0-SNAPSHOT,True,listed-ok,
iluwatar,java-design-patterns,/home/camila/repos/iluwatar/java-design-patterns,com.iluwatar:java-design-patterns:1.26.0-SNAPSHOT,True,null-object,null-object,True,com.iluwatar:java-design-patterns:1.26.0-SNAPSHOT,True,listed-ok,
iluwatar,java-design-patterns,/home/camila/repos/iluwatar/java-design-patterns,com.iluwatar:java-design-patterns:1.26.0-SNAPSHOT,True,event-aggregator,event-aggregator,True,com.iluwatar:java-design-patterns:1.26.0-SNAPSHOT,True,listed-ok,
iluwatar,java-design-patterns,/home/camila/repos/iluwatar/java-design-patterns,com.iluwatar:java-design-patterns:1.26.0-SNAPSHOT,True,callback,callback,True,com.iluwatar:java-design-patterns:1.26.0-SNAPSHOT,True,listed-ok,
iluwatar,java-design-patterns,/home/camila/repos/iluwatar/java-design-patterns,com.iluwatar:java-design-patterns:1.26.0-SNAPSHOT,True,execute-around,execute-around,True,com.iluwatar:java-design-patterns:1.26.0-SNAPSHOT,True,listed-ok,
iluwatar,java-design-patterns,/home/camila/repos/iluwatar/java-design-patterns,com.iluwatar:java-design-patterns:1.26.0-SNAPSHOT,True,property,property,True,com.iluwatar:java-design-patterns:1.26.0-SNAPSHOT,True,listed-ok,
iluwatar,java-design-patterns,/home/camila/repos/iluwatar/java-design-patterns,com.iluwatar:java-design-patterns:1.26.0-SNAPSHOT,True,intercepting-filter,intercepting-filter,True,com.iluwatar:java-design-patterns:1.26.0-SNAPSHOT,True,listed-ok,
iluwatar,java-design-patterns,/home/camila/repos/iluwatar/java-design-patterns,com.iluwatar:java-design-patterns:1.26.0-SNAPSHOT,True,producer-consumer,producer-consumer,True,com.iluwatar:java-design-patterns:1.26.0-SNAPSHOT,True,listed-ok,
iluwatar,java-design-patterns,/home/camila/repos/iluwatar/java-design-patterns,com.iluwatar:java-design-patterns:1.26.0-SNAPSHOT,True,pipeline,pipeline,True,com.iluwatar:java-design-patterns:1.26.0-SNAPSHOT,True,listed-ok,
iluwatar,java-design-patterns,/home/camila/repos/iluwatar/java-design-patterns,com.iluwatar:java-design-patterns:1.26.0-SNAPSHOT,True,poison-pill,poison-pill,True,com.iluwatar:java-design-patterns:1.26.0-SNAPSHOT,True,listed-ok,
iluwatar,java-design-patterns,/home/camila/repos/iluwatar/java-design-patterns,com.iluwatar:java-design-patterns:1.26.0-SNAPSHOT,True,lazy-loading,lazy-loading,True,com.iluwatar:java-design-patterns:1.26.0-SNAPSHOT,True,listed-ok,
iluwatar,java-design-patterns,/home/camila/repos/iluwatar/java-design-patterns,com.iluwatar:java-design-patterns:1.26.0-SNAPSHOT,True,service-layer,service-layer,True,com.iluwatar:java-design-patterns:1.26.0-SNAPSHOT,True,listed-ok,
iluwatar,java-design-patterns,/home/camila/repos/iluwatar/java-design-patterns,com.iluwatar:java-design-patterns:1.26.0-SNAPSHOT,True,specification,specification,True,com.iluwatar:java-design-patterns:1.26.0-SNAPSHOT,True,listed-ok,
iluwatar,java-design-patterns,/home/camila/repos/iluwatar/java-design-patterns,com.iluwatar:java-design-patterns:1.26.0-SNAPSHOT,True,tolerant-reader,tolerant-reader,True,com.iluwatar:java-design-patterns:1.26.0-SNAPSHOT,True,listed-ok,
iluwatar,java-design-patterns,/home/camila/repos/iluwatar/java-design-patterns,com.iluwatar:java-design-patterns:1.26.0-SNAPSHOT,True,model-view-controller,model-view-controller,True,com.iluwatar:java-design-patterns:1.26.0-SNAPSHOT,True,listed-ok,
iluwatar,java-design-patterns,/home/camila/repos/iluwatar/java-design-patterns,com.iluwatar:java-design-patterns:1.26.0-SNAPSHOT,True,flux,flux,True,com.iluwatar:java-design-patterns:1.26.0-SNAPSHOT,True,listed-ok,
iluwatar,java-design-patterns,/home/camila/repos/iluwatar/java-design-patterns,com.iluwatar:java-design-patterns:1.26.0-SNAPSHOT,True,double-dispatch,double-dispatch,True,com.iluwatar:java-design-patterns:1.26.0-SNAPSHOT,True,listed-ok,
iluwatar,java-design-patterns,/home/camila/repos/iluwatar/java-design-patterns,com.iluwatar:java-design-patterns:1.26.0-SNAPSHOT,True,multiton,multiton,True,com.iluwatar:java-design-patterns:1.26.0-SNAPSHOT,True,listed-ok,
iluwatar,java-design-patterns,/home/camila/repos/iluwatar/java-design-patterns,com.iluwatar:java-design-patterns:1.26.0-SNAPSHOT,True,resource-acquisition-is-initialization,resource-acquisition-is-initialization,True,com.iluwatar:java-design-patterns:1.26.0-SNAPSHOT,True,listed-ok,
iluwatar,java-design-patterns,/home/camila/repos/iluwatar/java-design-patterns,com.iluwatar:java-design-patterns:1.26.0-SNAPSHOT,True,twin,twin,True,com.iluwatar:java-design-patterns:1.26.0-SNAPSHOT,True,listed-ok,
iluwatar,java-design-patterns,/home/camila/repos/iluwatar/java-design-patterns,com.iluwatar:java-design-patterns:1.26.0-SNAPSHOT,True,private-class-data,private-class-data,True,com.iluwatar:java-design-patterns:1.26.0-SNAPSHOT,True,listed-ok,
iluwatar,java-design-patterns,/home/camila/repos/iluwatar/java-design-patterns,com.iluwatar:java-design-patterns:1.26.0-SNAPSHOT,True,object-pool,object-pool,True,com.iluwatar:java-design-patterns:1.26.0-SNAPSHOT,True,listed-ok,
iluwatar,java-design-patterns,/home/camila/repos/iluwatar/java-design-patterns,com.iluwatar:java-design-patterns:1.26.0-SNAPSHOT,True,dependency-injection,dependency-injection,True,com.iluwatar:java-design-patterns:1.26.0-SNAPSHOT,True,listed-ok,
iluwatar,java-design-patterns,/home/camila/repos/iluwatar/java-design-patterns,com.iluwatar:java-design-patterns:1.26.0-SNAPSHOT,True,front-controller,front-controller,True,com.iluwatar:java-design-patterns:1.26.0-SNAPSHOT,True,listed-ok,
iluwatar,java-design-patterns,/home/camila/repos/iluwatar/java-design-patterns,com.iluwatar:java-design-patterns:1.26.0-SNAPSHOT,True,repository,repository,True,com.iluwatar:java-design-patterns:1.26.0-SNAPSHOT,True,listed-ok,
iluwatar,java-design-patterns,/home/camila/repos/iluwatar/java-design-patterns,com.iluwatar:java-design-patterns:1.26.0-SNAPSHOT,True,async-method-invocation,async-method-invocation,True,com.iluwatar:java-design-patterns:1.26.0-SNAPSHOT,True,listed-ok,
iluwatar,java-design-patterns,/home/camila/repos/iluwatar/java-design-patterns,com.iluwatar:java-design-patterns:1.26.0-SNAPSHOT,True,monostate,monostate,True,com.iluwatar:java-design-patterns:1.26.0-SNAPSHOT,True,listed-ok,
iluwatar,java-design-patterns,/home/camila/repos/iluwatar/java-design-patterns,com.iluwatar:java-design-patterns:1.26.0-SNAPSHOT,True,step-builder,step-builder,True,com.iluwatar:java-design-patterns:1.26.0-SNAPSHOT,True,listed-ok,
iluwatar,java-design-patterns,/home/camila/repos/iluwatar/java-design-patterns,com.iluwatar:java-design-patterns:1.26.0-SNAPSHOT,True,business-delegate,business-delegate,True,com.iluwatar:java-design-patterns:1.26.0-SNAPSHOT,True,listed-ok,
iluwatar,java-design-patterns,/home/camila/repos/iluwatar/java-design-patterns,com.iluwatar:java-design-patterns:1.26.0-SNAPSHOT,True,half-sync-half-async,half-sync-half-async,True,com.iluwatar:java-design-patterns:1.26.0-SNAPSHOT,True,listed-ok,
iluwatar,java-design-patterns,/home/camila/repos/iluwatar/java-design-patterns,com.iluwatar:java-design-patterns:1.26.0-SNAPSHOT,True,layered-architecture,layered-architecture,True,com.iluwatar:java-design-patterns:1.26.0-SNAPSHOT,True,listed-ok,
iluwatar,java-design-patterns,/home/camila/repos/iluwatar/java-design-patterns,com.iluwatar:java-design-patterns:1.26.0-SNAPSHOT,True,fluent-interface,fluent-interface,True,com.iluwatar:java-design-patterns:1.26.0-SNAPSHOT,True,listed-ok,
iluwatar,java-design-patterns,/home/camila/repos/iluwatar/java-design-patterns,com.iluwatar:java-design-patterns:1.26.0-SNAPSHOT,True,reactor,reactor,True,com.iluwatar:java-design-patterns:1.26.0-SNAPSHOT,True,listed-ok,
iluwatar,java-design-patterns,/home/camila/repos/iluwatar/java-design-patterns,com.iluwatar:java-design-patterns:1.26.0-SNAPSHOT,True,caching,caching,True,com.iluwatar:java-design-patterns:1.26.0-SNAPSHOT,True,listed-ok,
iluwatar,java-design-patterns,/home/camila/repos/iluwatar/java-design-patterns,com.iluwatar:java-design-patterns:1.26.0-SNAPSHOT,True,delegation,delegation,True,com.iluwatar:java-design-patterns:1.26.0-SNAPSHOT,True,listed-ok,
iluwatar,java-design-patterns,/home/camila/repos/iluwatar/java-design-patterns,com.iluwatar:java-design-patterns:1.26.0-SNAPSHOT,True,event-driven-architecture,event-driven-architecture,True,com.iluwatar:java-design-patterns:1.26.0-SNAPSHOT,True,listed-ok,
iluwatar,java-design-patterns,/home/camila/repos/iluwatar/java-design-patterns,com.iluwatar:java-design-patterns:1.26.0-SNAPSHOT,True,microservices-api-gateway,microservices-api-gateway,True,com.iluwatar:java-design-patterns:1.26.0-SNAPSHOT,True,listed-ok,
iluwatar,java-design-patterns,/home/camila/repos/iluwatar/java-design-patterns,com.iluwatar:java-design-patterns:1.26.0-SNAPSHOT,True,factory-kit,factory-kit,True,com.iluwatar:java-design-patterns:1.26.0-SNAPSHOT,True,listed-ok,
iluwatar,java-design-patterns,/home/camila/repos/iluwatar/java-design-patterns,com.iluwatar:java-design-patterns:1.26.0-SNAPSHOT,True,feature-toggle,feature-toggle,True,com.iluwatar:java-design-patterns:1.26.0-SNAPSHOT,True,listed-ok,
iluwatar,java-design-patterns,/home/camila/repos/iluwatar/java-design-patterns,com.iluwatar:java-design-patterns:1.26.0-SNAPSHOT,True,value-object,value-object,True,com.iluwatar:java-design-patterns:1.26.0-SNAPSHOT,True,listed-ok,
iluwatar,java-design-patterns,/home/camila/repos/iluwatar/java-design-patterns,com.iluwatar:java-design-patterns:1.26.0-SNAPSHOT,True,monad,monad,True,com.iluwatar:java-design-patterns:1.26.0-SNAPSHOT,True,listed-ok,
iluwatar,java-design-patterns,/home/camila/repos/iluwatar/java-design-patterns,com.iluwatar:java-design-patterns:1.26.0-SNAPSHOT,True,mute-idiom,mute-idiom,True,com.iluwatar:java-design-patterns:1.26.0-SNAPSHOT,True,listed-ok,
iluwatar,java-design-patterns,/home/camila/repos/iluwatar/java-design-patterns,com.iluwatar:java-design-patterns:1.26.0-SNAPSHOT,True,hexagonal-architecture,hexagonal-architecture,True,com.iluwatar:java-design-patterns:1.26.0-SNAPSHOT,True,listed-ok,
iluwatar,java-design-patterns,/home/camila/repos/iluwatar/java-design-patterns,com.iluwatar:java-design-patterns:1.26.0-SNAPSHOT,True,abstract-document,abstract-document,True,com.iluwatar:java-design-patterns:1.26.0-SNAPSHOT,True,listed-ok,
iluwatar,java-design-patterns,/home/camila/repos/iluwatar/java-design-patterns,com.iluwatar:java-design-patterns:1.26.0-SNAPSHOT,True,microservices-aggregrator,microservices-aggregrator,True,com.iluwatar:java-design-patterns:1.26.0-SNAPSHOT,True,listed-ok,
iluwatar,java-design-patterns,/home/camila/repos/iluwatar/java-design-patterns,com.iluwatar:java-design-patterns:1.26.0-SNAPSHOT,True,promise,promise,True,com.iluwatar:java-design-patterns:1.26.0-SNAPSHOT,True,listed-ok,
iluwatar,java-design-patterns,/home/camila/repos/iluwatar/java-design-patterns,com.iluwatar:java-design-patterns:1.26.0-SNAPSHOT,True,page-controller,page-controller,True,com.iluwatar:java-design-patterns:1.26.0-SNAPSHOT,True,listed-ok,
iluwatar,java-design-patterns,/home/camila/repos/iluwatar/java-design-patterns,com.iluwatar:java-design-patterns:1.26.0-SNAPSHOT,True,page-object,page-object,True,com.iluwatar:java-design-patterns:1.26.0-SNAPSHOT,True,listed-ok,
iluwatar,java-design-patterns,/home/camila/repos/iluwatar/java-design-patterns,com.iluwatar:java-design-patterns:1.26.0-SNAPSHOT,True,event-based-asynchronous,event-based-asynchronous,True,com.iluwatar:java-design-patterns:1.26.0-SNAPSHOT,True,listed-ok,
iluwatar,java-design-patterns,/home/camila/repos/iluwatar/java-design-patterns,com.iluwatar:java-design-patterns:1.26.0-SNAPSHOT,True,event-queue,event-queue,True,com.iluwatar:java-design-patterns:1.26.0-SNAPSHOT,True,listed-ok,
iluwatar,java-design-patterns,/home/camila/repos/iluwatar/java-design-patterns,com.iluwatar:java-design-patterns:1.26.0-SNAPSHOT,True,queue-based-load-leveling,queue-based-load-leveling,True,com.iluwatar:java-design-patterns:1.26.0-SNAPSHOT,True,listed-ok,
iluwatar,java-design-patterns,/home/camila/repos/iluwatar/java-design-patterns,com.iluwatar:java-design-patterns:1.26.0-SNAPSHOT,True,object-mother,object-mother,True,com.iluwatar:java-design-patterns:1.26.0-SNAPSHOT,True,listed-ok,
iluwatar,java-design-patterns,/home/camila/repos/iluwatar/java-design-patterns,com.iluwatar:java-design-patterns:1.26.0-SNAPSHOT,True,data-bus,data-bus,True,com.iluwatar:java-design-patterns:1.26.0-SNAPSHOT,True,listed-ok,
iluwatar,java-design-patterns,/home/camila/repos/iluwatar/java-design-patterns,com.iluwatar:java-design-patterns:1.26.0-SNAPSHOT,True,converter,converter,True,com.iluwatar:java-design-patterns:1.26.0-SNAPSHOT,True,listed-ok,
iluwatar,java-design-patterns,/home/camila/repos/iluwatar/java-design-patterns,com.iluwatar:java-design-patterns:1.26.0-SNAPSHOT,True,guarded-suspension,guarded-suspension,True,com.iluwatar:java-design-patterns:1.26.0-SNAPSHOT,True,listed-ok,
iluwatar,java-design-patterns,/home/camila/repos/iluwatar/java-design-patterns,com.iluwatar:java-design-patterns:1.26.0-SNAPSHOT,True,balking,balking,True,com.iluwatar:java-design-patterns:1.26.0-SNAPSHOT,True,listed-ok,
iluwatar,java-design-patterns,/home/camila/repos/iluwatar/java-design-patterns,com.iluwatar:java-design-patterns:1.26.0-SNAPSHOT,True,extension-objects,extension-objects,True,com.iluwatar:java-design-patterns:1.26.0-SNAPSHOT,True,listed-ok,
iluwatar,java-design-patterns,/home/camila/repos/iluwatar/java-design-patterns,com.iluwatar:java-design-patterns:1.26.0-SNAPSHOT,True,marker-interface,marker-interface,True,com.iluwatar:java-design-patterns:1.26.0-SNAPSHOT,True,listed-ok,
iluwatar,java-design-patterns,/home/camila/repos/iluwatar/java-design-patterns,com.iluwatar:java-design-patterns:1.26.0-SNAPSHOT,True,command-query-responsibility-segregation,command-query-responsibility-segregation,True,com.iluwatar:java-design-patterns:1.26.0-SNAPSHOT,True,listed-ok,
iluwatar,java-design-patterns,/home/camila/repos/iluwatar/java-design-patterns,com.iluwatar:java-design-patterns:1.26.0-SNAPSHOT,True,event-sourcing,event-sourcing,True,com.iluwatar:java-design-patterns:1.26.0-SNAPSHOT,True,listed-ok,
iluwatar,java-design-patterns,/home/camila/repos/iluwatar/java-design-patterns,com.iluwatar:java-design-patterns:1.26.0-SNAPSHOT,True,data-transfer-object,data-transfer-object,True,com.iluwatar:java-design-patterns:1.26.0-SNAPSHOT,True,listed-ok,
iluwatar,java-design-patterns,/home/camila/repos/iluwatar/java-design-patterns,com.iluwatar:java-design-patterns:1.26.0-SNAPSHOT,True,throttling,throttling,True,com.iluwatar:java-design-patterns:1.26.0-SNAPSHOT,True,listed-ok,
iluwatar,java-design-patterns,/home/camila/repos/iluwatar/java-design-patterns,com.iluwatar:java-design-patterns:1.26.0-SNAPSHOT,True,unit-of-work,unit-of-work,True,com.iluwatar:java-design-patterns:1.26.0-SNAPSHOT,True,listed-ok,
iluwatar,java-design-patterns,/home/camila/repos/iluwatar/java-design-patterns,com.iluwatar:java-design-patterns:1.26.0-SNAPSHOT,True,partial-response,partial-response,True,com.iluwatar:java-design-patterns:1.26.0-SNAPSHOT,True,listed-ok,
iluwatar,java-design-patterns,/home/camila/repos/iluwatar/java-design-patterns,com.iluwatar:java-design-patterns:1.26.0-SNAPSHOT,True,retry,retry,True,com.iluwatar:java-design-patterns:1.26.0-SNAPSHOT,True,listed-ok,
iluwatar,java-design-patterns,/home/camila/repos/iluwatar/java-design-patterns,com.iluwatar:java-design-patterns:1.26.0-SNAPSHOT,True,dirty-flag,dirty-flag,True,com.iluwatar:java-design-patterns:1.26.0-SNAPSHOT,True,listed-ok,
iluwatar,java-design-patterns,/home/camila/repos/iluwatar/java-design-patterns,com.iluwatar:java-design-patterns:1.26.0-SNAPSHOT,True,trampoline,trampoline,True,com.iluwatar:java-design-patterns:1.26.0-SNAPSHOT,True,listed-ok,
iluwatar,java-design-patterns,/home/camila/repos/iluwatar/java-design-patterns,com.iluwatar:java-design-patterns:1.26.0-SNAPSHOT,True,ambassador,ambassador,True,com.iluwatar:java-design-patterns:1.26.0-SNAPSHOT,True,listed-ok,
iluwatar,java-design-patterns,/home/camila/repos/iluwatar/java-design-patterns,com.iluwatar:java-design-patterns:1.26.0-SNAPSHOT,True,acyclic-visitor,acyclic-visitor,True,com.iluwatar:java-design-patterns:1.26.0-SNAPSHOT,True,listed-ok,
iluwatar,java-design-patterns,/home/camila/repos/iluwatar/java-design-patterns,com.iluwatar:java-design-patterns:1.26.0-SNAPSHOT,True,collection-pipeline,collection-pipeline,True,com.iluwatar:java-design-patterns:1.26.0-SNAPSHOT,True,listed-ok,
iluwatar,java-design-patterns,/home/camila/repos/iluwatar/java-design-patterns,com.iluwatar:java-design-patterns:1.26.0-SNAPSHOT,True,master-worker,master-worker,True,com.iluwatar:java-design-patterns:1.26.0-SNAPSHOT,True,listed-ok,
iluwatar,java-design-patterns,/home/camila/repos/iluwatar/java-design-patterns,com.iluwatar:java-design-patterns:1.26.0-SNAPSHOT,True,spatial-partition,spatial-partition,True,com.iluwatar:java-design-patterns:1.26.0-SNAPSHOT,True,listed-ok,
iluwatar,java-design-patterns,/home/camila/repos/iluwatar/java-design-patterns,com.iluwatar:java-design-patterns:1.26.0-SNAPSHOT,True,commander,commander,True,com.iluwatar:java-design-patterns:1.26.0-SNAPSHOT,True,listed-ok,
iluwatar,java-design-patterns,/home/camila/repos/iluwatar/java-design-patterns,com.iluwatar:java-design-patterns:1.26.0-SNAPSHOT,True,type-object,type-object,True,com.iluwatar:java-design-patterns:1.26.0-SNAPSHOT,True,listed-ok,
iluwatar,java-design-patterns,/home/camila/repos/iluwatar/java-design-patterns,com.iluwatar:java-design-patterns:1.26.0-SNAPSHOT,True,bytecode,bytecode,True,com.iluwatar:java-design-patterns:1.26.0-SNAPSHOT,True,listed-ok,
iluwatar,java-design-patterns,/home/camila/repos/iluwatar/java-design-patterns,com.iluwatar:java-design-patterns:1.26.0-SNAPSHOT,True,leader-election,leader-election,True,com.iluwatar:java-design-patterns:1.26.0-SNAPSHOT,True,listed-ok,
iluwatar,java-design-patterns,/home/camila/repos/iluwatar/java-design-patterns,com.iluwatar:java-design-patterns:1.26.0-SNAPSHOT,True,data-locality,data-locality,True,com.iluwatar:java-design-patterns:1.26.0-SNAPSHOT,True,listed-ok,
iluwatar,java-design-patterns,/home/camila/repos/iluwatar/java-design-patterns,com.iluwatar:java-design-patterns:1.26.0-SNAPSHOT,True,subclass-sandbox,subclass-sandbox,True,com.iluwatar:java-design-patterns:1.26.0-SNAPSHOT,True,listed-ok,
iluwatar,java-design-patterns,/home/camila/repos/iluwatar/java-design-patterns,com.iluwatar:java-design-patterns:1.26.0-SNAPSHOT,True,circuit-breaker,circuit-breaker,True,com.iluwatar:java-design-patterns:1.26.0-SNAPSHOT,True,listed-ok,
iluwatar,java-design-patterns,/home/camila/repos/iluwatar/java-design-patterns,com.iluwatar:java-design-patterns:1.26.0-SNAPSHOT,True,role-object,role-object,True,com.iluwatar:java-design-patterns:1.26.0-SNAPSHOT,True,listed-ok,
iluwatar,java-design-patterns,/home/camila/repos/iluwatar/java-design-patterns,com.iluwatar:java-design-patterns:1.26.0-SNAPSHOT,True,saga,saga,True,com.iluwatar:java-design-patterns:1.26.0-SNAPSHOT,True,listed-ok,
iluwatar,java-design-patterns,/home/camila/repos/iluwatar/java-design-patterns,com.iluwatar:java-design-patterns:1.26.0-SNAPSHOT,True,double-buffer,double-buffer,True,com.iluwatar:java-design-patterns:1.26.0-SNAPSHOT,True,listed-ok,
iluwatar,java-design-patterns,/home/camila/repos/iluwatar/java-design-patterns,com.iluwatar:java-design-patterns:1.26.0-SNAPSHOT,True,sharding,sharding,True,com.iluwatar:java-design-patterns:1.26.0-SNAPSHOT,True,listed-ok,
iluwatar,java-design-patterns,/home/camila/repos/iluwatar/java-design-patterns,com.iluwatar:java-design-patterns:1.26.0-SNAPSHOT,True,game-loop,game-loop,True,com.iluwatar:java-design-patterns:1.26.0-SNAPSHOT,True,listed-ok,
iluwatar,java-design-patterns,/home/camila/repos/iluwatar/java-design-patterns,com.iluwatar:java-design-patterns:1.26.0-SNAPSHOT,True,combinator,combinator,True,com.iluwatar:java-design-patterns:1.26.0-SNAPSHOT,True,listed-ok,
iluwatar,java-design-patterns,/home/camila/repos/iluwatar/java-design-patterns,com.iluwatar:java-design-patterns:1.26.0-SNAPSHOT,True,update-method,update-method,True,com.iluwatar:java-design-patterns:1.26.0-SNAPSHOT,True,listed-ok,
iluwatar,java-design-patterns,/home/camila/repos/iluwatar/java-design-patterns,com.iluwatar:java-design-patterns:1.26.0-SNAPSHOT,True,leader-followers,leader-followers,True,com.iluwatar:java-design-patterns:1.26.0-SNAPSHOT,True,listed-ok,
iluwatar,java-design-patterns,/home/camila/repos/iluwatar/java-design-patterns,com.iluwatar:java-design-patterns:1.26.0-SNAPSHOT,True,strangler,strangler,True,com.iluwatar:java-design-patterns:1.26.0-SNAPSHOT,True,listed-ok,
iluwatar,java-design-patterns,/home/camila/repos/iluwatar/java-design-patterns,com.iluwatar:java-design-patterns:1.26.0-SNAPSHOT,True,arrange-act-assert,arrange-act-assert,True,com.iluwatar:java-design-patterns:1.26.0-SNAPSHOT,True,listed-ok,
iluwatar,java-design-patterns,/home/camila/repos/iluwatar/java-design-patterns,com.iluwatar:java-design-patterns:1.26.0-SNAPSHOT,True,transaction-script,transaction-script,True,com.iluwatar:java-design-patterns:1.26.0-SNAPSHOT,True,listed-ok,
iluwatar,java-design-patterns,/home/camila/repos/iluwatar/java-design-patterns,com.iluwatar:java-design-patterns:1.26.0-SNAPSHOT,True,registry,registry,True,com.iluwatar:java-design-patterns:1.26.0-SNAPSHOT,True,listed-ok,
iluwatar,java-design-patterns,/home/camila/repos/iluwatar/java-design-patterns,com.iluwatar:java-design-patterns:1.26.0-SNAPSHOT,True,filterer,filterer,True,com.iluwatar:java-design-patterns:1.26.0-SNAPSHOT,True,listed-ok,
iluwatar,java-design-patterns,/home/camila/repos/iluwatar/java-design-patterns,com.iluwatar:java-design-patterns:1.26.0-SNAPSHOT,True,factory,factory,True,com.iluwatar:java-design-patterns:1.26.0-SNAPSHOT,True,listed-ok,
iluwatar,java-design-patterns,/home/camila/repos/iluwatar/java-design-patterns,com.iluwatar:java-design-patterns:1.26.0-SNAPSHOT,True,separated-interface,separated-interface,True,com.iluwatar:java-design-patterns:1.26.0-SNAPSHOT,True,listed-ok,
iluwatar,java-design-patterns,/home/camila/repos/iluwatar/java-design-patterns,com.iluwatar:java-design-patterns:1.26.0-SNAPSHOT,True,special-case,special-case,True,com.iluwatar:java-design-patterns:1.26.0-SNAPSHOT,True,listed-ok,
iluwatar,java-design-patterns,/home/camila/repos/iluwatar/java-design-patterns,com.iluwatar:java-design-patterns:1.26.0-SNAPSHOT,True,parameter-object,parameter-object,True,com.iluwatar:java-design-patterns:1.26.0-SNAPSHOT,True,listed-ok,
iluwatar,java-design-patterns,/home/camila/repos/iluwatar/java-design-patterns,com.iluwatar:java-design-patterns:1.26.0-SNAPSHOT,True,active-object,active-object,True,com.iluwatar:java-design-patterns:1.26.0-SNAPSHOT,True,listed-ok,
iluwatar,java-design-patterns,/home/camila/repos/iluwatar/java-design-patterns,com.iluwatar:java-design-patterns:1.26.0-SNAPSHOT,True,model-view-viewmodel,model-view-viewmodel,True,com.iluwatar:java-design-patterns:1.26.0-SNAPSHOT,True,listed-ok,
iluwatar,java-design-patterns,/home/camila/repos/iluwatar/java-design-patterns,com.iluwatar:java-design-patterns:1.26.0-SNAPSHOT,True,composite-entity,composite-entity,True,com.iluwatar:java-design-patterns:1.26.0-SNAPSHOT,True,listed-ok,
iluwatar,java-design-patterns,/home/camila/repos/iluwatar/java-design-patterns,com.iluwatar:java-design-patterns:1.26.0-SNAPSHOT,True,table-module,table-module,True,com.iluwatar:java-design-patterns:1.26.0-SNAPSHOT,True,listed-ok,
iluwatar,java-design-patterns,/home/camila/repos/iluwatar/java-design-patterns,com.iluwatar:java-design-patterns:1.26.0-SNAPSHOT,True,presentation-model,presentation-model,True,com.iluwatar:java-design-patterns:1.26.0-SNAPSHOT,True,listed-ok,
iluwatar,java-design-patterns,/home/camila/repos/iluwatar/java-design-patterns,com.iluwatar:java-design-patterns:1.26.0-SNAPSHOT,True,lockable-object,lockable-object,True,com.iluwatar:java-design-patterns:1.26.0-SNAPSHOT,True,listed-ok,
iluwatar,java-design-patterns,/home/camila/repos/iluwatar/java-design-patterns,com.iluwatar:java-design-patterns:1.26.0-SNAPSHOT,True,fanout-fanin,fanout-fanin,True,com.iluwatar:java-design-patterns:1.26.0-SNAPSHOT,True,listed-ok,
iluwatar,java-design-patterns,/home/camila/repos/iluwatar/java-design-patterns,com.iluwatar:java-design-patterns:1.26.0-SNAPSHOT,True,domain-model,domain-model,True,com.iluwatar:java-design-patterns:1.26.0-SNAPSHOT,True,listed-ok,
iluwatar,java-design-patterns,/home/camila/repos/iluwatar/java-design-patterns,com.iluwatar:java-design-patterns:1.26.0-SNAPSHOT,True,composite-view,composite-view,True,com.iluwatar:java-design-patterns:1.26.0-SNAPSHOT,True,listed-ok,
iluwatar,java-design-patterns,/home/camila/repos/iluwatar/java-design-patterns,com.iluwatar:java-design-patterns:1.26.0-SNAPSHOT,True,metadata-mapping,metadata-mapping,True,com.iluwatar:java-design-patterns:1.26.0-SNAPSHOT,True,listed-ok,
iluwatar,java-design-patterns,/home/camila/repos/iluwatar/java-design-patterns,com.iluwatar:java-design-patterns:1.26.0-SNAPSHOT,True,service-to-worker,service-to-worker,True,com.iluwatar:java-design-patterns:1.26.0-SNAPSHOT,True,listed-ok,
iluwatar,java-design-patterns,/home/camila/repos/iluwatar/java-design-patterns,com.iluwatar:java-design-patterns:1.26.0-SNAPSHOT,True,client-session,client-session,True,com.iluwatar:java-design-patterns:1.26.0-SNAPSHOT,True,listed-ok,
iluwatar,java-design-patterns,/home/camila/repos/iluwatar/java-design-patterns,com.iluwatar:java-design-patterns:1.26.0-SNAPSHOT,True,model-view-intent,model-view-intent,True,com.iluwatar:java-design-patterns:1.26.0-SNAPSHOT,True,listed-ok,
iluwatar,java-design-patterns,/home/camila/repos/iluwatar/java-design-patterns,com.iluwatar:java-design-patterns:1.26.0-SNAPSHOT,True,currying,currying,True,com.iluwatar:java-design-patterns:1.26.0-SNAPSHOT,True,listed-ok,
iluwatar,java-design-patterns,/home/camila/repos/iluwatar/java-design-patterns,com.iluwatar:java-design-patterns:1.26.0-SNAPSHOT,True,serialized-entity,serialized-entity,True,com.iluwatar:java-design-patterns:1.26.0-SNAPSHOT,True,listed-ok,
iluwatar,java-design-patterns,/home/camila/repos/iluwatar/java-design-patterns,com.iluwatar:java-design-patterns:1.26.0-SNAPSHOT,True,identity-map,identity-map,True,com.iluwatar:java-design-patterns:1.26.0-SNAPSHOT,True,listed-ok,
iluwatar,java-design-patterns,/home/camila/repos/iluwatar/java-design-patterns,com.iluwatar:java-design-patterns:1.26.0-SNAPSHOT,True,component,component,True,com.iluwatar:java-design-patterns:1.26.0-SNAPSHOT,True,listed-ok,
iluwatar,java-design-patterns,/home/camila/repos/iluwatar/java-design-patterns,com.iluwatar:java-design-patterns:1.26.0-SNAPSHOT,True,context-object,context-object,True,com.iluwatar:java-design-patterns:1.26.0-SNAPSHOT,True,listed-ok,
iluwatar,java-design-patterns,/home/camila/repos/iluwatar/java-design-patterns,com.iluwatar:java-design-patterns:1.26.0-SNAPSHOT,True,optimistic-offline-lock,optimistic-offline-lock,True,com.iluwatar:java-design-patterns:1.26.0-SNAPSHOT,True,listed-ok,
iluwatar,java-design-patterns,/home/camila/repos/iluwatar/java-design-patterns,com.iluwatar:java-design-patterns:1.26.0-SNAPSHOT,True,curiously-recurring-template-pattern,curiously-recurring-template-pattern,True,com.iluwatar:java-design-patterns:1.26.0-SNAPSHOT,True,listed-ok,
iluwatar,java-design-patterns,/home/camila/repos/iluwatar/java-design-patterns,com.iluwatar:java-design-patterns:1.26.0-SNAPSHOT,True,microservices-log-aggregation,microservices-log-aggregation,True,com.iluwatar:java-design-patterns:1.26.0-SNAPSHOT,True,listed-ok,
iluwatar,java-design-patterns,/home/camila/repos/iluwatar/java-design-patterns,com.iluwatar:java-design-patterns:1.26.0-SNAPSHOT,True,anti-corruption-layer,anti-corruption-layer,True,com.iluwatar:java-design-patterns:1.26.0-SNAPSHOT,True,listed-ok,
iluwatar,java-design-patterns,/home/camila/repos/iluwatar/java-design-patterns,com.iluwatar:java-design-patterns:1.26.0-SNAPSHOT,True,health-check,health-check,True,com.iluwatar:java-design-patterns:1.26.0-SNAPSHOT,True,listed-ok,
iluwatar,java-design-patterns,/home/camila/repos/iluwatar/java-design-patterns,com.iluwatar:java-design-patterns:1.26.0-SNAPSHOT,True,notification,notification,True,com.iluwatar:java-design-patterns:1.26.0-SNAPSHOT,True,listed-ok,
iluwatar,java-design-patterns,/home/camila/repos/iluwatar/java-design-patterns,com.iluwatar:java-design-patterns:1.26.0-SNAPSHOT,True,single-table-inheritance,single-table-inheritance,True,com.iluwatar:java-design-patterns:1.26.0-SNAPSHOT,True,listed-ok,
iluwatar,java-design-patterns,/home/camila/repos/iluwatar/java-design-patterns,com.iluwatar:java-design-patterns:1.26.0-SNAPSHOT,True,dynamic-proxy,dynamic-proxy,True,com.iluwatar:java-design-patterns:1.26.0-SNAPSHOT,True,listed-ok,
iluwatar,java-design-patterns,/home/camila/repos/iluwatar/java-design-patterns,com.iluwatar:java-design-patterns:1.26.0-SNAPSHOT,True,gateway,gateway,True,com.iluwatar:java-design-patterns:1.26.0-SNAPSHOT,True,listed-ok,
iluwatar,java-design-patterns,/home/camila/repos/iluwatar/java-design-patterns,com.iluwatar:java-design-patterns:1.26.0-SNAPSHOT,True,serialized-lob,serialized-lob,True,com.iluwatar:java-design-patterns:1.26.0-SNAPSHOT,True,listed-ok,
iluwatar,java-design-patterns,/home/camila/repos/iluwatar/java-design-patterns,com.iluwatar:java-design-patterns:1.26.0-SNAPSHOT,True,server-session,server-session,True,com.iluwatar:java-design-patterns:1.26.0-SNAPSHOT,True,listed-ok,
iluwatar,java-design-patterns,/home/camila/repos/iluwatar/java-design-patterns,com.iluwatar:java-design-patterns:1.26.0-SNAPSHOT,True,virtual-proxy,virtual-proxy,True,com.iluwatar:java-design-patterns:1.26.0-SNAPSHOT,True,listed-ok,
iluwatar,java-design-patterns,/home/camila/repos/iluwatar/java-design-patterns,com.iluwatar:java-design-patterns:1.26.0-SNAPSHOT,True,function-composition,function-composition,True,com.iluwatar:java-design-patterns:1.26.0-SNAPSHOT,True,listed-ok,
iluwatar,java-design-patterns,/home/camila/repos/iluwatar/java-design-patterns,com.iluwatar:java-design-patterns:1.26.0-SNAPSHOT,True,microservices-distributed-tracing,microservices-distributed-tracing,True,com.iluwatar:java-design-patterns:1.26.0-SNAPSHOT,True,listed-ok,
immutables,immutables,/home/camila/repos/immutables/immutables,org.immutables:immutables:2.10.2-SNAPSHOT,True,testing,testing,True,org.immutables:immutables:2.10.2-SNAPSHOT,True,listed-ok,
immutables,immutables,/home/camila/repos/immutables/immutables,org.immutables:immutables:2.10.2-SNAPSHOT,True,generator,generator,True,org.immutables:immutables:2.10.2-SNAPSHOT,True,listed-ok,
immutables,immutables,/home/camila/repos/immutables/immutables,org.immutables:immutables:2.10.2-SNAPSHOT,True,generator-processor,generator-processor,True,org.immutables:immutables:2.10.2-SNAPSHOT,True,listed-ok,
immutables,immutables,/home/camila/repos/immutables/immutables,org.immutables:immutables:2.10.2-SNAPSHOT,True,generator-fixture,generator-fixture,True,org.immutables:immutables:2.10.2-SNAPSHOT,True,listed-ok,
immutables,immutables,/home/camila/repos/immutables/immutables,org.immutables:immutables:2.10.2-SNAPSHOT,True,metainf,metainf,True,org.immutables:immutables:2.10.2-SNAPSHOT,True,listed-ok,
immutables,immutables,/home/camila/repos/immutables/immutables,org.immutables:immutables:2.10.2-SNAPSHOT,True,mirror,mirror,True,org.immutables:immutables:2.10.2-SNAPSHOT,True,listed-ok,
immutables,immutables,/home/camila/repos/immutables/immutables,org.immutables:immutables:2.10.2-SNAPSHOT,True,annotate,annotate,True,org.immutables:immutables:2.10.2-SNAPSHOT,True,listed-ok,
immutables,immutables,/home/camila/repos/immutables/immutables,org.immutables:immutables:2.10.2-SNAPSHOT,True,ordinal,ordinal,True,org.immutables:immutables:2.10.2-SNAPSHOT,True,listed-ok,
immutables,immutables,/home/camila/repos/immutables/immutables,org.immutables:immutables:2.10.2-SNAPSHOT,True,builder,builder,True,org.immutables:immutables:2.10.2-SNAPSHOT,True,listed-ok,
immutables,immutables,/home/camila/repos/immutables/immutables,org.immutables:immutables:2.10.2-SNAPSHOT,True,android-stub,android-stub,True,org.immutables:immutables:2.10.2-SNAPSHOT,True,listed-ok,
immutables,immutables,/home/camila/repos/immutables/immutables,org.immutables:immutables:2.10.2-SNAPSHOT,True,gson,gson,True,org.immutables:immutables:2.10.2-SNAPSHOT,True,listed-ok,
immutables,immutables,/home/camila/repos/immutables/immutables,org.immutables:immutables:2.10.2-SNAPSHOT,True,criteria,criteria,True,org.immutables:immutables:2.10.2-SNAPSHOT,True,listed-ok,
immutables,immutables,/home/camila/repos/immutables/immutables,org.immutables:immutables:2.10.2-SNAPSHOT,True,mongo,mongo,True,org.immutables:immutables:2.10.2-SNAPSHOT,True,listed-ok,
immutables,immutables,/home/camila/repos/immutables/immutables,org.immutables:immutables:2.10.2-SNAPSHOT,True,func,func,True,org.immutables:immutables:2.10.2-SNAPSHOT,True,listed-ok,
immutables,immutables,/home/camila/repos/immutables/immutables,org.immutables:immutables:2.10.2-SNAPSHOT,True,data,data,True,org.immutables:immutables:2.10.2-SNAPSHOT,True,listed-ok,
immutables,immutables,/home/camila/repos/immutables/immutables,org.immutables:immutables:2.10.2-SNAPSHOT,True,value-processor,value-processor,True,org.immutables:immutables:2.10.2-SNAPSHOT,True,listed-ok,
immutables,immutables,/home/camila/repos/immutables/immutables,org.immutables:immutables:2.10.2-SNAPSHOT,True,processor-testlib,processor-testlib,True,org.immutables:immutables:2.10.2-SNAPSHOT,True,listed-ok,
immutables,immutables,/home/camila/repos/immutables/immutables,org.immutables:immutables:2.10.2-SNAPSHOT,True,value-annotations,value-annotations,True,org.immutables:immutables:2.10.2-SNAPSHOT,True,listed-ok,
immutables,immutables,/home/camila/repos/immutables/immutables,org.immutables:immutables:2.10.2-SNAPSHOT,True,value-fixture,value-fixture,True,org.immutables:immutables:2.10.2-SNAPSHOT,True,listed-ok,
immutables,immutables,/home/camila/repos/immutables/immutables,org.immutables:immutables:2.10.2-SNAPSHOT,True,value,value,True,org.immutables:immutables:2.10.2-SNAPSHOT,True,listed-ok,
immutables,immutables,/home/camila/repos/immutables/immutables,org.immutables:immutables:2.10.2-SNAPSHOT,True,serial,serial,True,org.immutables:immutables:2.10.2-SNAPSHOT,True,listed-ok,
immutables,immutables,/home/camila/repos/immutables/immutables,org.immutables:immutables:2.10.2-SNAPSHOT,True,trees,trees,True,org.immutables:immutables:2.10.2-SNAPSHOT,True,listed-ok,
immutables,immutables,/home/camila/repos/immutables/immutables,org.immutables:immutables:2.10.2-SNAPSHOT,True,encode,encode,True,org.immutables:immutables:2.10.2-SNAPSHOT,True,listed-ok,
immutables,immutables,/home/camila/repos/immutables/immutables,org.immutables:immutables:2.10.2-SNAPSHOT,True,bom,bom,True,org.immutables:immutables:2.10.2-SNAPSHOT,True,listed-ok,
internetarchive,heritrix3,/home/camila/repos/internetarchive/heritrix3,org.archive:heritrix:3.4.0-SNAPSHOT,True,commons,commons,True,org.archive:heritrix:3.4.0-SNAPSHOT,True,listed-ok,
internetarchive,heritrix3,/home/camila/repos/internetarchive/heritrix3,org.archive:heritrix:3.4.0-SNAPSHOT,True,modules,modules,True,org.archive:heritrix:3.4.0-SNAPSHOT,True,listed-ok,
internetarchive,heritrix3,/home/camila/repos/internetarchive/heritrix3,org.archive:heritrix:3.4.0-SNAPSHOT,True,engine,engine,True,org.archive:heritrix:3.4.0-SNAPSHOT,True,listed-ok,
internetarchive,heritrix3,/home/camila/repos/internetarchive/heritrix3,org.archive:heritrix:3.4.0-SNAPSHOT,True,dist,dist,True,org.archive:heritrix:3.4.0-SNAPSHOT,True,listed-ok,
internetarchive,heritrix3,/home/camila/repos/internetarchive/heritrix3,org.archive:heritrix:3.4.0-SNAPSHOT,True,contrib,contrib,True,org.archive:heritrix:3.4.0-SNAPSHOT,True,listed-ok,
iterate-ch,cyberduck,/home/camila/repos/iterate-ch/cyberduck,ch.cyberduck:parent:9.0.4-SNAPSHOT,True,defaults,defaults,True,ch.cyberduck:parent:9.0.4-SNAPSHOT,True,listed-ok,
iterate-ch,cyberduck,/home/camila/repos/iterate-ch/cyberduck,ch.cyberduck:parent:9.0.4-SNAPSHOT,True,binding,binding,True,ch.cyberduck:parent:9.0.4-SNAPSHOT,True,listed-ok,
iterate-ch,cyberduck,/home/camila/repos/iterate-ch/cyberduck,ch.cyberduck:parent:9.0.4-SNAPSHOT,True,core,core,True,ch.cyberduck:parent:9.0.4-SNAPSHOT,True,listed-ok,
iterate-ch,cyberduck,/home/camila/repos/iterate-ch/cyberduck,ch.cyberduck:parent:9.0.4-SNAPSHOT,True,core/dylib,core/dylib,False,?:?:?,False,listed-nested-path,nested-module-path
iterate-ch,cyberduck,/home/camila/repos/iterate-ch/cyberduck,ch.cyberduck:parent:9.0.4-SNAPSHOT,True,core/dll,core/dll,False,?:?:?,False,listed-nested-path,nested-module-path
iterate-ch,cyberduck,/home/camila/repos/iterate-ch/cyberduck,ch.cyberduck:parent:9.0.4-SNAPSHOT,True,core/native,core/native,False,?:?:?,False,listed-nested-path,nested-module-path
iterate-ch,cyberduck,/home/camila/repos/iterate-ch/cyberduck,ch.cyberduck:parent:9.0.4-SNAPSHOT,True,i18n,i18n,True,ch.cyberduck:parent:9.0.4-SNAPSHOT,True,listed-ok,
iterate-ch,cyberduck,/home/camila/repos/iterate-ch/cyberduck,ch.cyberduck:parent:9.0.4-SNAPSHOT,True,profiles,profiles,True,ch.cyberduck:parent:9.0.4-SNAPSHOT,True,listed-ok,
iterate-ch,cyberduck,/home/camila/repos/iterate-ch/cyberduck,ch.cyberduck:parent:9.0.4-SNAPSHOT,True,cryptomator,cryptomator,True,ch.cyberduck:parent:9.0.4-SNAPSHOT,True,listed-ok,
iterate-ch,cyberduck,/home/camila/repos/iterate-ch/cyberduck,ch.cyberduck:parent:9.0.4-SNAPSHOT,True,cryptomator/dll,cryptomator/dll,False,?:?:?,False,listed-nested-path,nested-module-path
iterate-ch,cyberduck,/home/camila/repos/iterate-ch/cyberduck,ch.cyberduck:parent:9.0.4-SNAPSHOT,True,bonjour,bonjour,True,ch.cyberduck:parent:9.0.4-SNAPSHOT,True,listed-ok,
iterate-ch,cyberduck,/home/camila/repos/iterate-ch/cyberduck,ch.cyberduck:parent:9.0.4-SNAPSHOT,True,bonjour/dll,bonjour/dll,False,?:?:?,False,listed-nested-path,nested-module-path
iterate-ch,cyberduck,/home/camila/repos/iterate-ch/cyberduck,ch.cyberduck:parent:9.0.4-SNAPSHOT,True,bonjour/native,bonjour/native,False,?:?:?,False,listed-nested-path,nested-module-path
iterate-ch,cyberduck,/home/camila/repos/iterate-ch/cyberduck,ch.cyberduck:parent:9.0.4-SNAPSHOT,True,importer,importer,True,ch.cyberduck:parent:9.0.4-SNAPSHOT,True,listed-ok,
iterate-ch,cyberduck,/home/camila/repos/iterate-ch/cyberduck,ch.cyberduck:parent:9.0.4-SNAPSHOT,True,importer/dll,importer/dll,False,?:?:?,False,listed-nested-path,nested-module-path
iterate-ch,cyberduck,/home/camila/repos/iterate-ch/cyberduck,ch.cyberduck:parent:9.0.4-SNAPSHOT,True,jersey,jersey,True,ch.cyberduck:parent:9.0.4-SNAPSHOT,True,listed-ok,
iterate-ch,cyberduck,/home/camila/repos/iterate-ch/cyberduck,ch.cyberduck:parent:9.0.4-SNAPSHOT,True,oauth,oauth,True,ch.cyberduck:parent:9.0.4-SNAPSHOT,True,listed-ok,
iterate-ch,cyberduck,/home/camila/repos/iterate-ch/cyberduck,ch.cyberduck:parent:9.0.4-SNAPSHOT,True,irods,irods,True,ch.cyberduck:parent:9.0.4-SNAPSHOT,True,listed-ok,
iterate-ch,cyberduck,/home/camila/repos/iterate-ch/cyberduck,ch.cyberduck:parent:9.0.4-SNAPSHOT,True,spectra,spectra,True,ch.cyberduck:parent:9.0.4-SNAPSHOT,True,listed-ok,
iterate-ch,cyberduck,/home/camila/repos/iterate-ch/cyberduck,ch.cyberduck:parent:9.0.4-SNAPSHOT,True,s3,s3,True,ch.cyberduck:parent:9.0.4-SNAPSHOT,True,listed-ok,
iterate-ch,cyberduck,/home/camila/repos/iterate-ch/cyberduck,ch.cyberduck:parent:9.0.4-SNAPSHOT,True,smb,smb,True,ch.cyberduck:parent:9.0.4-SNAPSHOT,True,listed-ok,
iterate-ch,cyberduck,/home/camila/repos/iterate-ch/cyberduck,ch.cyberduck:parent:9.0.4-SNAPSHOT,True,googlestorage,googlestorage,True,ch.cyberduck:parent:9.0.4-SNAPSHOT,True,listed-ok,
iterate-ch,cyberduck,/home/camila/repos/iterate-ch/cyberduck,ch.cyberduck:parent:9.0.4-SNAPSHOT,True,openstack,openstack,True,ch.cyberduck:parent:9.0.4-SNAPSHOT,True,listed-ok,
iterate-ch,cyberduck,/home/camila/repos/iterate-ch/cyberduck,ch.cyberduck:parent:9.0.4-SNAPSHOT,True,webdav,webdav,True,ch.cyberduck:parent:9.0.4-SNAPSHOT,True,listed-ok,
iterate-ch,cyberduck,/home/camila/repos/iterate-ch/cyberduck,ch.cyberduck:parent:9.0.4-SNAPSHOT,True,azure,azure,True,ch.cyberduck:parent:9.0.4-SNAPSHOT,True,listed-ok,
iterate-ch,cyberduck,/home/camila/repos/iterate-ch/cyberduck,ch.cyberduck:parent:9.0.4-SNAPSHOT,True,ssh,ssh,True,ch.cyberduck:parent:9.0.4-SNAPSHOT,True,listed-ok,
iterate-ch,cyberduck,/home/camila/repos/iterate-ch/cyberduck,ch.cyberduck:parent:9.0.4-SNAPSHOT,True,ftp,ftp,True,ch.cyberduck:parent:9.0.4-SNAPSHOT,True,listed-ok,
iterate-ch,cyberduck,/home/camila/repos/iterate-ch/cyberduck,ch.cyberduck:parent:9.0.4-SNAPSHOT,True,googledrive,googledrive,True,ch.cyberduck:parent:9.0.4-SNAPSHOT,True,listed-ok,
iterate-ch,cyberduck,/home/camila/repos/iterate-ch/cyberduck,ch.cyberduck:parent:9.0.4-SNAPSHOT,True,backblaze,backblaze,True,ch.cyberduck:parent:9.0.4-SNAPSHOT,True,listed-ok,
iterate-ch,cyberduck,/home/camila/repos/iterate-ch/cyberduck,ch.cyberduck:parent:9.0.4-SNAPSHOT,True,dropbox,dropbox,True,ch.cyberduck:parent:9.0.4-SNAPSHOT,True,listed-ok,
iterate-ch,cyberduck,/home/camila/repos/iterate-ch/cyberduck,ch.cyberduck:parent:9.0.4-SNAPSHOT,True,nio,nio,True,ch.cyberduck:parent:9.0.4-SNAPSHOT,True,listed-ok,
iterate-ch,cyberduck,/home/camila/repos/iterate-ch/cyberduck,ch.cyberduck:parent:9.0.4-SNAPSHOT,True,hubic,hubic,True,ch.cyberduck:parent:9.0.4-SNAPSHOT,True,listed-ok,
iterate-ch,cyberduck,/home/camila/repos/iterate-ch/cyberduck,ch.cyberduck:parent:9.0.4-SNAPSHOT,True,onedrive,onedrive,True,ch.cyberduck:parent:9.0.4-SNAPSHOT,True,listed-ok,
iterate-ch,cyberduck,/home/camila/repos/iterate-ch/cyberduck,ch.cyberduck:parent:9.0.4-SNAPSHOT,True,dracoon,dracoon,True,ch.cyberduck:parent:9.0.4-SNAPSHOT,True,listed-ok,
iterate-ch,cyberduck,/home/camila/repos/iterate-ch/cyberduck,ch.cyberduck:parent:9.0.4-SNAPSHOT,True,storegate,storegate,True,ch.cyberduck:parent:9.0.4-SNAPSHOT,True,listed-ok,
iterate-ch,cyberduck,/home/camila/repos/iterate-ch/cyberduck,ch.cyberduck:parent:9.0.4-SNAPSHOT,True,brick,brick,True,ch.cyberduck:parent:9.0.4-SNAPSHOT,True,listed-ok,
iterate-ch,cyberduck,/home/camila/repos/iterate-ch/cyberduck,ch.cyberduck:parent:9.0.4-SNAPSHOT,True,nextcloud,nextcloud,True,ch.cyberduck:parent:9.0.4-SNAPSHOT,True,listed-ok,
iterate-ch,cyberduck,/home/camila/repos/iterate-ch/cyberduck,ch.cyberduck:parent:9.0.4-SNAPSHOT,True,owncloud,owncloud,True,ch.cyberduck:parent:9.0.4-SNAPSHOT,True,listed-ok,
iterate-ch,cyberduck,/home/camila/repos/iterate-ch/cyberduck,ch.cyberduck:parent:9.0.4-SNAPSHOT,True,tus,tus,True,ch.cyberduck:parent:9.0.4-SNAPSHOT,True,listed-ok,
iterate-ch,cyberduck,/home/camila/repos/iterate-ch/cyberduck,ch.cyberduck:parent:9.0.4-SNAPSHOT,True,manta,manta,True,ch.cyberduck:parent:9.0.4-SNAPSHOT,True,listed-ok,
iterate-ch,cyberduck,/home/camila/repos/iterate-ch/cyberduck,ch.cyberduck:parent:9.0.4-SNAPSHOT,True,box,box,True,ch.cyberduck:parent:9.0.4-SNAPSHOT,True,listed-ok,
iterate-ch,cyberduck,/home/camila/repos/iterate-ch/cyberduck,ch.cyberduck:parent:9.0.4-SNAPSHOT,True,ctera,ctera,True,ch.cyberduck:parent:9.0.4-SNAPSHOT,True,listed-ok,
iterate-ch,cyberduck,/home/camila/repos/iterate-ch/cyberduck,ch.cyberduck:parent:9.0.4-SNAPSHOT,True,eue,eue,True,ch.cyberduck:parent:9.0.4-SNAPSHOT,True,listed-ok,
iterate-ch,cyberduck,/home/camila/repos/iterate-ch/cyberduck,ch.cyberduck:parent:9.0.4-SNAPSHOT,True,freenet,freenet,True,ch.cyberduck:parent:9.0.4-SNAPSHOT,True,listed-ok,
iterate-ch,cyberduck,/home/camila/repos/iterate-ch/cyberduck,ch.cyberduck:parent:9.0.4-SNAPSHOT,True,deepbox,deepbox,True,ch.cyberduck:parent:9.0.4-SNAPSHOT,True,listed-ok,
iterate-ch,cyberduck,/home/camila/repos/iterate-ch/cyberduck,ch.cyberduck:parent:9.0.4-SNAPSHOT,True,protocols,protocols,True,ch.cyberduck:parent:9.0.4-SNAPSHOT,True,listed-ok,
iterate-ch,cyberduck,/home/camila/repos/iterate-ch/cyberduck,ch.cyberduck:parent:9.0.4-SNAPSHOT,True,protocols/dll,protocols/dll,False,?:?:?,False,listed-nested-path,nested-module-path
iterate-ch,cyberduck,/home/camila/repos/iterate-ch/cyberduck,ch.cyberduck:parent:9.0.4-SNAPSHOT,True,test,test,True,ch.cyberduck:parent:9.0.4-SNAPSHOT,True,listed-ok,
iterate-ch,cyberduck,/home/camila/repos/iterate-ch/cyberduck,ch.cyberduck:parent:9.0.4-SNAPSHOT,True,osx,osx,True,ch.cyberduck:parent:9.0.4-SNAPSHOT,True,listed-ok,
iterate-ch,cyberduck,/home/camila/repos/iterate-ch/cyberduck,ch.cyberduck:parent:9.0.4-SNAPSHOT,True,windows,windows,True,ch.cyberduck:parent:9.0.4-SNAPSHOT,True,listed-ok,
iterate-ch,cyberduck,/home/camila/repos/iterate-ch/cyberduck,ch.cyberduck:parent:9.0.4-SNAPSHOT,True,cli,cli,True,ch.cyberduck:parent:9.0.4-SNAPSHOT,True,listed-ok,
iterate-ch,cyberduck,/home/camila/repos/iterate-ch/cyberduck,ch.cyberduck:parent:9.0.4-SNAPSHOT,True,cli/dll,cli/dll,False,?:?:?,False,listed-nested-path,nested-module-path
iterate-ch,cyberduck,/home/camila/repos/iterate-ch/cyberduck,ch.cyberduck:parent:9.0.4-SNAPSHOT,True,cli/linux,cli/linux,False,?:?:?,False,listed-nested-path,nested-module-path
iterate-ch,cyberduck,/home/camila/repos/iterate-ch/cyberduck,ch.cyberduck:parent:9.0.4-SNAPSHOT,True,cli/windows,cli/windows,False,?:?:?,False,listed-nested-path,nested-module-path
iterate-ch,cyberduck,/home/camila/repos/iterate-ch/cyberduck,ch.cyberduck:parent:9.0.4-SNAPSHOT,True,cli/osx,cli/osx,False,?:?:?,False,listed-nested-path,nested-module-path
itext,itextpdf,/home/camila/repos/itext/itextpdf,com.itextpdf:root:5.5.13.4,True,itext,itext,True,com.itextpdf:itext-parent:1.0.0,False,listed-parent-mismatch,parent-ga-mismatch
itext,itextpdf,/home/camila/repos/itext/itextpdf,com.itextpdf:root:5.5.13.4,True,pdfa,pdfa,True,com.itextpdf:itext-parent:1.0.0,False,listed-parent-mismatch,parent-ga-mismatch
itext,itextpdf,/home/camila/repos/itext/itextpdf,com.itextpdf:root:5.5.13.4,True,xtra,xtra,True,com.itextpdf:itext-parent:1.0.0,False,listed-parent-mismatch,parent-ga-mismatch
itext,itextpdf,/home/camila/repos/itext/itextpdf,com.itextpdf:root:5.5.13.4,True,xmlworker,xmlworker,True,com.itextpdf:itext-parent:1.0.0,False,listed-parent-mismatch,parent-ga-mismatch
jacoco,jacoco,/home/camila/repos/jacoco/jacoco,org.jacoco:root:0.8.13-SNAPSHOT,True,org.jacoco.build,org.jacoco.build,True,?:?:?,False,listed-parent-mismatch,child-without-parent-or-missing-ga
JanusGraph,janusgraph,/home/camila/repos/JanusGraph/janusgraph,org.janusgraph:janusgraph:1.1.0-SNAPSHOT,True,janusgraph-grpc,janusgraph-grpc,True,org.janusgraph:janusgraph:1.1.0-SNAPSHOT,True,listed-ok,
JanusGraph,janusgraph,/home/camila/repos/JanusGraph/janusgraph,org.janusgraph:janusgraph:1.1.0-SNAPSHOT,True,janusgraph-driver,janusgraph-driver,True,org.janusgraph:janusgraph:1.1.0-SNAPSHOT,True,listed-ok,
JanusGraph,janusgraph,/home/camila/repos/JanusGraph/janusgraph,org.janusgraph:janusgraph:1.1.0-SNAPSHOT,True,janusgraph-core,janusgraph-core,True,org.janusgraph:janusgraph:1.1.0-SNAPSHOT,True,listed-ok,
JanusGraph,janusgraph,/home/camila/repos/JanusGraph/janusgraph,org.janusgraph:janusgraph:1.1.0-SNAPSHOT,True,janusgraph-server,janusgraph-server,True,org.janusgraph:janusgraph:1.1.0-SNAPSHOT,True,listed-ok,
JanusGraph,janusgraph,/home/camila/repos/JanusGraph/janusgraph,org.janusgraph:janusgraph:1.1.0-SNAPSHOT,True,janusgraph-backend-testutils,janusgraph-backend-testutils,True,org.janusgraph:janusgraph:1.1.0-SNAPSHOT,True,listed-ok,
JanusGraph,janusgraph,/home/camila/repos/JanusGraph/janusgraph,org.janusgraph:janusgraph:1.1.0-SNAPSHOT,True,janusgraph-test,janusgraph-test,True,org.janusgraph:janusgraph:1.1.0-SNAPSHOT,True,listed-ok,
JanusGraph,janusgraph,/home/camila/repos/JanusGraph/janusgraph,org.janusgraph:janusgraph:1.1.0-SNAPSHOT,True,janusgraph-inmemory,janusgraph-inmemory,True,org.janusgraph:janusgraph:1.1.0-SNAPSHOT,True,listed-ok,
JanusGraph,janusgraph,/home/camila/repos/JanusGraph/janusgraph,org.janusgraph:janusgraph:1.1.0-SNAPSHOT,True,janusgraph-berkeleyje,janusgraph-berkeleyje,True,org.janusgraph:janusgraph:1.1.0-SNAPSHOT,True,listed-ok,
JanusGraph,janusgraph,/home/camila/repos/JanusGraph/janusgraph,org.janusgraph:janusgraph:1.1.0-SNAPSHOT,True,cassandra-hadoop-util,cassandra-hadoop-util,True,org.janusgraph:janusgraph:1.1.0-SNAPSHOT,True,listed-ok,
JanusGraph,janusgraph,/home/camila/repos/JanusGraph/janusgraph,org.janusgraph:janusgraph:1.1.0-SNAPSHOT,True,scylla-hadoop-util,scylla-hadoop-util,True,org.janusgraph:janusgraph:1.1.0-SNAPSHOT,True,listed-ok,
JanusGraph,janusgraph,/home/camila/repos/JanusGraph/janusgraph,org.janusgraph:janusgraph:1.1.0-SNAPSHOT,True,janusgraph-cql,janusgraph-cql,True,org.janusgraph:janusgraph:1.1.0-SNAPSHOT,True,listed-ok,
JanusGraph,janusgraph,/home/camila/repos/JanusGraph/janusgraph,org.janusgraph:janusgraph:1.1.0-SNAPSHOT,True,janusgraph-hadoop,janusgraph-hadoop,True,org.janusgraph:janusgraph:1.1.0-SNAPSHOT,True,listed-ok,
JanusGraph,janusgraph,/home/camila/repos/JanusGraph/janusgraph,org.janusgraph:janusgraph:1.1.0-SNAPSHOT,True,janusgraph-hbase,janusgraph-hbase,True,org.janusgraph:janusgraph:1.1.0-SNAPSHOT,True,listed-ok,
JanusGraph,janusgraph,/home/camila/repos/JanusGraph/janusgraph,org.janusgraph:janusgraph:1.1.0-SNAPSHOT,True,janusgraph-bigtable,janusgraph-bigtable,True,org.janusgraph:janusgraph:1.1.0-SNAPSHOT,True,listed-ok,
JanusGraph,janusgraph,/home/camila/repos/JanusGraph/janusgraph,org.janusgraph:janusgraph:1.1.0-SNAPSHOT,True,janusgraph-es,janusgraph-es,True,org.janusgraph:janusgraph:1.1.0-SNAPSHOT,True,listed-ok,
JanusGraph,janusgraph,/home/camila/repos/JanusGraph/janusgraph,org.janusgraph:janusgraph:1.1.0-SNAPSHOT,True,janusgraph-lucene,janusgraph-lucene,True,org.janusgraph:janusgraph:1.1.0-SNAPSHOT,True,listed-ok,
JanusGraph,janusgraph,/home/camila/repos/JanusGraph/janusgraph,org.janusgraph:janusgraph:1.1.0-SNAPSHOT,True,janusgraph-all,janusgraph-all,True,org.janusgraph:janusgraph:1.1.0-SNAPSHOT,True,listed-ok,
JanusGraph,janusgraph,/home/camila/repos/JanusGraph/janusgraph,org.janusgraph:janusgraph:1.1.0-SNAPSHOT,True,janusgraph-dist,janusgraph-dist,True,org.janusgraph:janusgraph:1.1.0-SNAPSHOT,True,listed-ok,
JanusGraph,janusgraph,/home/camila/repos/JanusGraph/janusgraph,org.janusgraph:janusgraph:1.1.0-SNAPSHOT,True,janusgraph-benchmark,janusgraph-benchmark,True,org.janusgraph:janusgraph:1.1.0-SNAPSHOT,True,listed-ok,
JanusGraph,janusgraph,/home/camila/repos/JanusGraph/janusgraph,org.janusgraph:janusgraph:1.1.0-SNAPSHOT,True,janusgraph-doc,janusgraph-doc,True,org.janusgraph:janusgraph:1.1.0-SNAPSHOT,True,listed-ok,
JanusGraph,janusgraph,/home/camila/repos/JanusGraph/janusgraph,org.janusgraph:janusgraph:1.1.0-SNAPSHOT,True,janusgraph-solr,janusgraph-solr,True,org.janusgraph:janusgraph:1.1.0-SNAPSHOT,True,listed-ok,
JanusGraph,janusgraph,/home/camila/repos/JanusGraph/janusgraph,org.janusgraph:janusgraph:1.1.0-SNAPSHOT,True,janusgraph-examples,janusgraph-examples,True,org.janusgraph:janusgraph:1.1.0-SNAPSHOT,True,listed-ok,
JanusGraph,janusgraph,/home/camila/repos/JanusGraph/janusgraph,org.janusgraph:janusgraph:1.1.0-SNAPSHOT,True,janusgraph-mixed-index-utils,janusgraph-mixed-index-utils,True,org.janusgraph:janusgraph:1.1.0-SNAPSHOT,True,listed-ok,
JanusGraph,janusgraph,/home/camila/repos/JanusGraph/janusgraph,org.janusgraph:janusgraph:1.1.0-SNAPSHOT,True,janusgraph-scylla,janusgraph-scylla,True,org.janusgraph:janusgraph:1.1.0-SNAPSHOT,True,listed-ok,
javamelody,javamelody,/home/camila/repos/javamelody/javamelody,net.bull.javamelody:javamelody-parent:2.3.0-SNAPSHOT,True,javamelody-core,javamelody-core,True,?:?:?,False,listed-parent-mismatch,child-without-parent-or-missing-ga
javamelody,javamelody,/home/camila/repos/javamelody/javamelody,net.bull.javamelody:javamelody-parent:2.3.0-SNAPSHOT,True,javamelody-swing,javamelody-swing,True,net.bull.javamelody:javamelody-parent:2.3.0-SNAPSHOT,True,listed-ok,
javamelody,javamelody,/home/camila/repos/javamelody/javamelody,net.bull.javamelody:javamelody-parent:2.3.0-SNAPSHOT,True,javamelody-collector-server,javamelody-collector-server,True,?:?:?,False,listed-parent-mismatch,child-without-parent-or-missing-ga
javamelody,javamelody,/home/camila/repos/javamelody/javamelody,net.bull.javamelody:javamelody-parent:2.3.0-SNAPSHOT,True,javamelody-for-standalone,javamelody-for-standalone,True,?:?:?,False,listed-parent-mismatch,child-without-parent-or-missing-ga
javamelody,javamelody,/home/camila/repos/javamelody/javamelody,net.bull.javamelody:javamelody-parent:2.3.0-SNAPSHOT,True,javamelody-spring-boot-starter,javamelody-spring-boot-starter,True,?:?:?,False,listed-parent-mismatch,child-without-parent-or-missing-ga
javamelody,javamelody,/home/camila/repos/javamelody/javamelody,net.bull.javamelody:javamelody-parent:2.3.0-SNAPSHOT,True,javamelody-for-spring-boot,javamelody-for-spring-boot,True,org.springframework.boot:spring-boot-starter-parent:3.2.5,False,listed-parent-mismatch,parent-ga-mismatch
javamelody,javamelody,/home/camila/repos/javamelody/javamelody,net.bull.javamelody:javamelody-parent:2.3.0-SNAPSHOT,True,javamelody-offline-viewer,javamelody-offline-viewer,True,?:?:?,False,listed-parent-mismatch,child-without-parent-or-missing-ga
javamelody,javamelody,/home/camila/repos/javamelody/javamelody,net.bull.javamelody:javamelody-parent:2.3.0-SNAPSHOT,True,javamelody-test-webapp,javamelody-test-webapp,True,net.bull.javamelody:javamelody-parent:2.3.0-SNAPSHOT,True,listed-ok,
javamelody,javamelody,/home/camila/repos/javamelody/javamelody,net.bull.javamelody:javamelody-parent:2.3.0-SNAPSHOT,True,javamelody-objectfactory,javamelody-objectfactory,True,?:?:?,False,listed-parent-mismatch,child-without-parent-or-missing-ga
javaparser,javaparser,/home/camila/repos/javaparser/javaparser,com.github.javaparser:javaparser-parent:3.26.3-SNAPSHOT,True,javaparser-core,javaparser-core,True,com.github.javaparser:javaparser-parent:3.26.3-SNAPSHOT,True,listed-ok,
javaparser,javaparser,/home/camila/repos/javaparser/javaparser,com.github.javaparser:javaparser-parent:3.26.3-SNAPSHOT,True,javaparser-core-testing,javaparser-core-testing,True,com.github.javaparser:javaparser-parent:3.26.3-SNAPSHOT,True,listed-ok,
javaparser,javaparser,/home/camila/repos/javaparser/javaparser,com.github.javaparser:javaparser-parent:3.26.3-SNAPSHOT,True,javaparser-core-testing-bdd,javaparser-core-testing-bdd,True,com.github.javaparser:javaparser-parent:3.26.3-SNAPSHOT,True,listed-ok,
javaparser,javaparser,/home/camila/repos/javaparser/javaparser,com.github.javaparser:javaparser-parent:3.26.3-SNAPSHOT,True,javaparser-core-generators,javaparser-core-generators,True,com.github.javaparser:javaparser-parent:3.26.3-SNAPSHOT,True,listed-ok,
javaparser,javaparser,/home/camila/repos/javaparser/javaparser,com.github.javaparser:javaparser-parent:3.26.3-SNAPSHOT,True,javaparser-core-metamodel-generator,javaparser-core-metamodel-generator,True,com.github.javaparser:javaparser-parent:3.26.3-SNAPSHOT,True,listed-ok,
javaparser,javaparser,/home/camila/repos/javaparser/javaparser,com.github.javaparser:javaparser-parent:3.26.3-SNAPSHOT,True,javaparser-core-serialization,javaparser-core-serialization,True,com.github.javaparser:javaparser-parent:3.26.3-SNAPSHOT,True,listed-ok,
javaparser,javaparser,/home/camila/repos/javaparser/javaparser,com.github.javaparser:javaparser-parent:3.26.3-SNAPSHOT,True,javaparser-symbol-solver-core,javaparser-symbol-solver-core,True,com.github.javaparser:javaparser-parent:3.26.3-SNAPSHOT,True,listed-ok,
javaparser,javaparser,/home/camila/repos/javaparser/javaparser,com.github.javaparser:javaparser-parent:3.26.3-SNAPSHOT,True,javaparser-symbol-solver-testing,javaparser-symbol-solver-testing,True,com.github.javaparser:javaparser-parent:3.26.3-SNAPSHOT,True,listed-ok,
jdbi,jdbi,/home/camila/repos/jdbi/jdbi,org.jdbi.internal:jdbi3-parent:3.45.5-SNAPSHOT,True,internal,internal,True,org.jdbi.internal:jdbi3-parent:3.45.5-SNAPSHOT,True,listed-ok,
jdbi,jdbi,/home/camila/repos/jdbi/jdbi,org.jdbi.internal:jdbi3-parent:3.45.5-SNAPSHOT,True,bom,bom,True,org.jdbi:jdbi3-build-parent:3.45.5-SNAPSHOT,False,listed-parent-mismatch,parent-ga-mismatch
jdbi,jdbi,/home/camila/repos/jdbi/jdbi,org.jdbi.internal:jdbi3-parent:3.45.5-SNAPSHOT,True,cache,cache,True,org.jdbi.internal:jdbi3-parent:3.45.5-SNAPSHOT,True,listed-ok,
jdbi,jdbi,/home/camila/repos/jdbi/jdbi,org.jdbi.internal:jdbi3-parent:3.45.5-SNAPSHOT,True,commons-text,commons-text,True,org.jdbi.internal:jdbi3-parent:3.45.5-SNAPSHOT,True,listed-ok,
jdbi,jdbi,/home/camila/repos/jdbi/jdbi,org.jdbi.internal:jdbi3-parent:3.45.5-SNAPSHOT,True,core,core,True,org.jdbi.internal:jdbi3-parent:3.45.5-SNAPSHOT,True,listed-ok,
jdbi,jdbi,/home/camila/repos/jdbi/jdbi,org.jdbi.internal:jdbi3-parent:3.45.5-SNAPSHOT,True,freemarker,freemarker,True,org.jdbi.internal:jdbi3-parent:3.45.5-SNAPSHOT,True,listed-ok,
jdbi,jdbi,/home/camila/repos/jdbi/jdbi,org.jdbi.internal:jdbi3-parent:3.45.5-SNAPSHOT,True,generator,generator,True,org.jdbi.internal:jdbi3-parent:3.45.5-SNAPSHOT,True,listed-ok,
jdbi,jdbi,/home/camila/repos/jdbi/jdbi,org.jdbi.internal:jdbi3-parent:3.45.5-SNAPSHOT,True,gson2,gson2,True,org.jdbi.internal:jdbi3-parent:3.45.5-SNAPSHOT,True,listed-ok,
jdbi,jdbi,/home/camila/repos/jdbi/jdbi,org.jdbi.internal:jdbi3-parent:3.45.5-SNAPSHOT,True,guava,guava,True,org.jdbi.internal:jdbi3-parent:3.45.5-SNAPSHOT,True,listed-ok,
jdbi,jdbi,/home/camila/repos/jdbi/jdbi,org.jdbi.internal:jdbi3-parent:3.45.5-SNAPSHOT,True,guice,guice,True,org.jdbi.internal:jdbi3-parent:3.45.5-SNAPSHOT,True,listed-ok,
jdbi,jdbi,/home/camila/repos/jdbi/jdbi,org.jdbi.internal:jdbi3-parent:3.45.5-SNAPSHOT,True,jackson2,jackson2,True,org.jdbi.internal:jdbi3-parent:3.45.5-SNAPSHOT,True,listed-ok,
jdbi,jdbi,/home/camila/repos/jdbi/jdbi,org.jdbi.internal:jdbi3-parent:3.45.5-SNAPSHOT,True,jodatime2,jodatime2,True,org.jdbi.internal:jdbi3-parent:3.45.5-SNAPSHOT,True,listed-ok,
jdbi,jdbi,/home/camila/repos/jdbi/jdbi,org.jdbi.internal:jdbi3-parent:3.45.5-SNAPSHOT,True,jpa,jpa,True,org.jdbi.internal:jdbi3-parent:3.45.5-SNAPSHOT,True,listed-ok,
jdbi,jdbi,/home/camila/repos/jdbi/jdbi,org.jdbi.internal:jdbi3-parent:3.45.5-SNAPSHOT,True,json,json,True,org.jdbi.internal:jdbi3-parent:3.45.5-SNAPSHOT,True,listed-ok,
jdbi,jdbi,/home/camila/repos/jdbi/jdbi,org.jdbi.internal:jdbi3-parent:3.45.5-SNAPSHOT,True,kotlin-sqlobject,kotlin-sqlobject,True,org.jdbi.internal:jdbi3-parent:3.45.5-SNAPSHOT,True,listed-ok,
jdbi,jdbi,/home/camila/repos/jdbi/jdbi,org.jdbi.internal:jdbi3-parent:3.45.5-SNAPSHOT,True,kotlin,kotlin,True,org.jdbi.internal:jdbi3-parent:3.45.5-SNAPSHOT,True,listed-ok,
jdbi,jdbi,/home/camila/repos/jdbi/jdbi,org.jdbi.internal:jdbi3-parent:3.45.5-SNAPSHOT,True,moshi,moshi,True,org.jdbi.internal:jdbi3-parent:3.45.5-SNAPSHOT,True,listed-ok,
jdbi,jdbi,/home/camila/repos/jdbi/jdbi,org.jdbi.internal:jdbi3-parent:3.45.5-SNAPSHOT,True,oracle12,oracle12,True,org.jdbi.internal:jdbi3-parent:3.45.5-SNAPSHOT,True,listed-ok,
jdbi,jdbi,/home/camila/repos/jdbi/jdbi,org.jdbi.internal:jdbi3-parent:3.45.5-SNAPSHOT,True,postgis,postgis,True,org.jdbi.internal:jdbi3-parent:3.45.5-SNAPSHOT,True,listed-ok,
jdbi,jdbi,/home/camila/repos/jdbi/jdbi,org.jdbi.internal:jdbi3-parent:3.45.5-SNAPSHOT,True,postgres,postgres,True,org.jdbi.internal:jdbi3-parent:3.45.5-SNAPSHOT,True,listed-ok,
jdbi,jdbi,/home/camila/repos/jdbi/jdbi,org.jdbi.internal:jdbi3-parent:3.45.5-SNAPSHOT,True,spring5,spring5,True,org.jdbi.internal:jdbi3-parent:3.45.5-SNAPSHOT,True,listed-ok,
jdbi,jdbi,/home/camila/repos/jdbi/jdbi,org.jdbi.internal:jdbi3-parent:3.45.5-SNAPSHOT,True,sqlite,sqlite,True,org.jdbi.internal:jdbi3-parent:3.45.5-SNAPSHOT,True,listed-ok,
jdbi,jdbi,/home/camila/repos/jdbi/jdbi,org.jdbi.internal:jdbi3-parent:3.45.5-SNAPSHOT,True,sqlobject,sqlobject,True,org.jdbi.internal:jdbi3-parent:3.45.5-SNAPSHOT,True,listed-ok,
jdbi,jdbi,/home/camila/repos/jdbi/jdbi,org.jdbi.internal:jdbi3-parent:3.45.5-SNAPSHOT,True,stringtemplate4,stringtemplate4,True,org.jdbi.internal:jdbi3-parent:3.45.5-SNAPSHOT,True,listed-ok,
jdbi,jdbi,/home/camila/repos/jdbi/jdbi,org.jdbi.internal:jdbi3-parent:3.45.5-SNAPSHOT,True,testcontainers,testcontainers,True,org.jdbi.internal:jdbi3-parent:3.45.5-SNAPSHOT,True,listed-ok,
jdbi,jdbi,/home/camila/repos/jdbi/jdbi,org.jdbi.internal:jdbi3-parent:3.45.5-SNAPSHOT,True,testing,testing,True,org.jdbi.internal:jdbi3-parent:3.45.5-SNAPSHOT,True,listed-ok,
jdbi,jdbi,/home/camila/repos/jdbi/jdbi,org.jdbi.internal:jdbi3-parent:3.45.5-SNAPSHOT,True,vavr,vavr,True,org.jdbi.internal:jdbi3-parent:3.45.5-SNAPSHOT,True,listed-ok,
jdbi,jdbi,/home/camila/repos/jdbi/jdbi,org.jdbi.internal:jdbi3-parent:3.45.5-SNAPSHOT,True,e2e,e2e,True,org.jdbi.internal:jdbi3-parent:3.45.5-SNAPSHOT,True,listed-ok,
jdbi,jdbi,/home/camila/repos/jdbi/jdbi,org.jdbi.internal:jdbi3-parent:3.45.5-SNAPSHOT,True,benchmark,benchmark,True,org.jdbi.internal:jdbi3-parent:3.45.5-SNAPSHOT,True,listed-ok,
jdbi,jdbi,/home/camila/repos/jdbi/jdbi,org.jdbi.internal:jdbi3-parent:3.45.5-SNAPSHOT,True,docs,docs,True,org.jdbi.internal:jdbi3-parent:3.45.5-SNAPSHOT,True,listed-ok,
jdbi,jdbi,/home/camila/repos/jdbi/jdbi,org.jdbi.internal:jdbi3-parent:3.45.5-SNAPSHOT,True,examples,examples,True,org.jdbi.internal:jdbi3-parent:3.45.5-SNAPSHOT,True,listed-ok,
jdbi,jdbi,/home/camila/repos/jdbi/jdbi,org.jdbi.internal:jdbi3-parent:3.45.5-SNAPSHOT,True,noparameters,noparameters,True,org.jdbi.internal:jdbi3-parent:3.45.5-SNAPSHOT,True,listed-ok,
jdbi,jdbi,/home/camila/repos/jdbi/jdbi,org.jdbi.internal:jdbi3-parent:3.45.5-SNAPSHOT,False,java21,java21,True,org.jdbi.internal:jdbi3-parent:3.45.5-SNAPSHOT,True,unlisted-child-with-root-parent,unlisted-but-parent-matches-root
jenkinsci,blueocean-plugin,/home/camila/repos/jenkinsci/blueocean-plugin,io.jenkins.blueocean:blueocean-parent:${revision}${changelist},True,jenkins-design-language,jenkins-design-language,True,io.jenkins.blueocean:blueocean-parent:${revision}${changelist},True,listed-ok,
jenkinsci,blueocean-plugin,/home/camila/repos/jenkinsci/blueocean-plugin,io.jenkins.blueocean:blueocean-parent:${revision}${changelist},True,blueocean-core-js,blueocean-core-js,True,io.jenkins.blueocean:blueocean-parent:${revision}${changelist},True,listed-ok,
jenkinsci,blueocean-plugin,/home/camila/repos/jenkinsci/blueocean-plugin,io.jenkins.blueocean:blueocean-parent:${revision}${changelist},True,blueocean-commons,blueocean-commons,True,io.jenkins.blueocean:blueocean-parent:${revision}${changelist},True,listed-ok,
jenkinsci,blueocean-plugin,/home/camila/repos/jenkinsci/blueocean-plugin,io.jenkins.blueocean:blueocean-parent:${revision}${changelist},True,blueocean-i18n,blueocean-i18n,True,io.jenkins.blueocean:blueocean-parent:${revision}${changelist},True,listed-ok,
jenkinsci,blueocean-plugin,/home/camila/repos/jenkinsci/blueocean-plugin,io.jenkins.blueocean:blueocean-parent:${revision}${changelist},True,blueocean-web,blueocean-web,True,io.jenkins.blueocean:blueocean-parent:${revision}${changelist},True,listed-ok,
jenkinsci,blueocean-plugin,/home/camila/repos/jenkinsci/blueocean-plugin,io.jenkins.blueocean:blueocean-parent:${revision}${changelist},True,blueocean-rest,blueocean-rest,True,io.jenkins.blueocean:blueocean-parent:${revision}${changelist},True,listed-ok,
jenkinsci,blueocean-plugin,/home/camila/repos/jenkinsci/blueocean-plugin,io.jenkins.blueocean:blueocean-parent:${revision}${changelist},True,blueocean-pipeline-scm-api,blueocean-pipeline-scm-api,True,io.jenkins.blueocean:blueocean-parent:${revision}${changelist},True,listed-ok,
jenkinsci,blueocean-plugin,/home/camila/repos/jenkinsci/blueocean-plugin,io.jenkins.blueocean:blueocean-parent:${revision}${changelist},True,blueocean-rest-impl,blueocean-rest-impl,True,io.jenkins.blueocean:blueocean-parent:${revision}${changelist},True,listed-ok,
jenkinsci,blueocean-plugin,/home/camila/repos/jenkinsci/blueocean-plugin,io.jenkins.blueocean:blueocean-parent:${revision}${changelist},True,blueocean-pipeline-api-impl,blueocean-pipeline-api-impl,True,io.jenkins.blueocean:blueocean-parent:${revision}${changelist},True,listed-ok,
jenkinsci,blueocean-plugin,/home/camila/repos/jenkinsci/blueocean-plugin,io.jenkins.blueocean:blueocean-parent:${revision}${changelist},True,blueocean-events,blueocean-events,True,io.jenkins.blueocean:blueocean-parent:${revision}${changelist},True,listed-ok,
jenkinsci,blueocean-plugin,/home/camila/repos/jenkinsci/blueocean-plugin,io.jenkins.blueocean:blueocean-parent:${revision}${changelist},True,blueocean-dashboard,blueocean-dashboard,True,io.jenkins.blueocean:blueocean-parent:${revision}${changelist},True,listed-ok,
jenkinsci,blueocean-plugin,/home/camila/repos/jenkinsci/blueocean-plugin,io.jenkins.blueocean:blueocean-parent:${revision}${changelist},True,blueocean-personalization,blueocean-personalization,True,io.jenkins.blueocean:blueocean-parent:${revision}${changelist},True,listed-ok,
jenkinsci,blueocean-plugin,/home/camila/repos/jenkinsci/blueocean-plugin,io.jenkins.blueocean:blueocean-parent:${revision}${changelist},True,blueocean-config,blueocean-config,True,io.jenkins.blueocean:blueocean-parent:${revision}${changelist},True,listed-ok,
jenkinsci,blueocean-plugin,/home/camila/repos/jenkinsci/blueocean-plugin,io.jenkins.blueocean:blueocean-parent:${revision}${changelist},True,blueocean,blueocean,True,io.jenkins.blueocean:blueocean-parent:${revision}${changelist},True,listed-ok,
jenkinsci,blueocean-plugin,/home/camila/repos/jenkinsci/blueocean-plugin,io.jenkins.blueocean:blueocean-parent:${revision}${changelist},True,blueocean-jwt,blueocean-jwt,True,io.jenkins.blueocean:blueocean-parent:${revision}${changelist},True,listed-ok,
jenkinsci,blueocean-plugin,/home/camila/repos/jenkinsci/blueocean-plugin,io.jenkins.blueocean:blueocean-parent:${revision}${changelist},True,blueocean-github-pipeline,blueocean-github-pipeline,True,io.jenkins.blueocean:blueocean-parent:${revision}${changelist},True,listed-ok,
jenkinsci,blueocean-plugin,/home/camila/repos/jenkinsci/blueocean-plugin,io.jenkins.blueocean:blueocean-parent:${revision}${changelist},True,blueocean-git-pipeline,blueocean-git-pipeline,True,io.jenkins.blueocean:blueocean-parent:${revision}${changelist},True,listed-ok,
jenkinsci,blueocean-plugin,/home/camila/repos/jenkinsci/blueocean-plugin,io.jenkins.blueocean:blueocean-parent:${revision}${changelist},True,blueocean-bitbucket-pipeline,blueocean-bitbucket-pipeline,True,io.jenkins.blueocean:blueocean-parent:${revision}${changelist},True,listed-ok,
jenkinsci,blueocean-plugin,/home/camila/repos/jenkinsci/blueocean-plugin,io.jenkins.blueocean:blueocean-parent:${revision}${changelist},True,blueocean-pipeline-editor,blueocean-pipeline-editor,True,io.jenkins.blueocean:blueocean-parent:${revision}${changelist},True,listed-ok,
jenkinsci,blueocean-plugin,/home/camila/repos/jenkinsci/blueocean-plugin,io.jenkins.blueocean:blueocean-parent:${revision}${changelist},True,blueocean-jira,blueocean-jira,True,io.jenkins.blueocean:blueocean-parent:${revision}${changelist},True,listed-ok,
jenkinsci,blueocean-plugin,/home/camila/repos/jenkinsci/blueocean-plugin,io.jenkins.blueocean:blueocean-parent:${revision}${changelist},True,blueocean-executor-info,blueocean-executor-info,True,io.jenkins.blueocean:blueocean-parent:${revision}${changelist},True,listed-ok,
jenkinsci,jenkins,/home/camila/repos/jenkinsci/jenkins,org.jenkins-ci.main:jenkins-parent:${revision}${changelist},True,bom,bom,True,org.jenkins-ci.main:jenkins-parent:${revision}${changelist},True,listed-ok,
jenkinsci,jenkins,/home/camila/repos/jenkinsci/jenkins,org.jenkins-ci.main:jenkins-parent:${revision}${changelist},True,websocket/spi,websocket/spi,False,?:?:?,False,listed-nested-path,nested-module-path
jenkinsci,jenkins,/home/camila/repos/jenkinsci/jenkins,org.jenkins-ci.main:jenkins-parent:${revision}${changelist},True,websocket/jetty12-ee9,websocket/jetty12-ee9,False,?:?:?,False,listed-nested-path,nested-module-path
jenkinsci,jenkins,/home/camila/repos/jenkinsci/jenkins,org.jenkins-ci.main:jenkins-parent:${revision}${changelist},True,core,core,True,org.jenkins-ci.main:jenkins-parent:${revision}${changelist},True,listed-ok,
jenkinsci,jenkins,/home/camila/repos/jenkinsci/jenkins,org.jenkins-ci.main:jenkins-parent:${revision}${changelist},True,war,war,True,org.jenkins-ci.main:jenkins-parent:${revision}${changelist},True,listed-ok,
jenkinsci,jenkins,/home/camila/repos/jenkinsci/jenkins,org.jenkins-ci.main:jenkins-parent:${revision}${changelist},True,test,test,True,org.jenkins-ci.main:jenkins-parent:${revision}${changelist},True,listed-ok,
jenkinsci,jenkins,/home/camila/repos/jenkinsci/jenkins,org.jenkins-ci.main:jenkins-parent:${revision}${changelist},True,cli,cli,True,org.jenkins-ci.main:jenkins-parent:${revision}${changelist},True,listed-ok,
jenkinsci,jenkins,/home/camila/repos/jenkinsci/jenkins,org.jenkins-ci.main:jenkins-parent:${revision}${changelist},True,coverage,coverage,True,org.jenkins-ci.main:jenkins-parent:${revision}${changelist},True,listed-ok,
jeremylong,DependencyCheck,/home/camila/repos/jeremylong/DependencyCheck,org.owasp:dependency-check-parent:11.0.0-SNAPSHOT,True,utils,utils,True,org.owasp:dependency-check-parent:11.0.0-SNAPSHOT,True,listed-ok,
jeremylong,DependencyCheck,/home/camila/repos/jeremylong/DependencyCheck,org.owasp:dependency-check-parent:11.0.0-SNAPSHOT,True,core,core,True,org.owasp:dependency-check-parent:11.0.0-SNAPSHOT,True,listed-ok,
jeremylong,DependencyCheck,/home/camila/repos/jeremylong/DependencyCheck,org.owasp:dependency-check-parent:11.0.0-SNAPSHOT,True,cli,cli,True,org.owasp:dependency-check-parent:11.0.0-SNAPSHOT,True,listed-ok,
jeremylong,DependencyCheck,/home/camila/repos/jeremylong/DependencyCheck,org.owasp:dependency-check-parent:11.0.0-SNAPSHOT,True,ant,ant,True,org.owasp:dependency-check-parent:11.0.0-SNAPSHOT,True,listed-ok,
jeremylong,DependencyCheck,/home/camila/repos/jeremylong/DependencyCheck,org.owasp:dependency-check-parent:11.0.0-SNAPSHOT,True,maven,maven,True,org.owasp:dependency-check-parent:11.0.0-SNAPSHOT,True,listed-ok,
jeremylong,DependencyCheck,/home/camila/repos/jeremylong/DependencyCheck,org.owasp:dependency-check-parent:11.0.0-SNAPSHOT,True,archetype,archetype,True,org.owasp:dependency-check-parent:11.0.0-SNAPSHOT,True,listed-ok,
jitsi,jitsi,/home/camila/repos/jitsi/jitsi,org.jitsi.desktop:jitsi:${revision},True,modules/osgi-util,modules/osgi-util,False,?:?:?,False,listed-nested-path,nested-module-path
jitsi,jitsi,/home/camila/repos/jitsi/jitsi,org.jitsi.desktop:jitsi:${revision},True,modules/util,modules/util,False,?:?:?,False,listed-nested-path,nested-module-path
jitsi,jitsi,/home/camila/repos/jitsi/jitsi,org.jitsi.desktop:jitsi:${revision},True,modules/service,modules/service,False,?:?:?,False,listed-nested-path,nested-module-path
jitsi,jitsi,/home/camila/repos/jitsi/jitsi,org.jitsi.desktop:jitsi:${revision},True,modules/impl,modules/impl,False,?:?:?,False,listed-nested-path,nested-module-path
jitsi,jitsi,/home/camila/repos/jitsi/jitsi,org.jitsi.desktop:jitsi:${revision},True,modules/plugin,modules/plugin,False,?:?:?,False,listed-nested-path,nested-module-path
jitsi,jitsi,/home/camila/repos/jitsi/jitsi,org.jitsi.desktop:jitsi:${revision},True,modules/launcher,modules/launcher,False,?:?:?,False,listed-nested-path,nested-module-path
jooby-project,jooby,/home/camila/repos/jooby-project/jooby,io.jooby:jooby-project:3.4.1-SNAPSHOT,True,jooby,jooby,True,io.jooby:jooby-project:3.4.1-SNAPSHOT,True,listed-ok,
jooby-project,jooby,/home/camila/repos/jooby-project/jooby,io.jooby:jooby-project:3.4.1-SNAPSHOT,True,modules,modules,True,io.jooby:jooby-project:3.4.1-SNAPSHOT,True,listed-ok,
jooby-project,jooby,/home/camila/repos/jooby-project/jooby,io.jooby:jooby-project:3.4.1-SNAPSHOT,True,tests,tests,True,io.jooby:jooby-project:3.4.1-SNAPSHOT,True,listed-ok,
jtablesaw,tablesaw,/home/camila/repos/jtablesaw/tablesaw,tech.tablesaw:tablesaw-parent:1.0.0-SNAPSHOT,True,core,core,True,tech.tablesaw:tablesaw-parent:1.0.0-SNAPSHOT,True,listed-ok,
jtablesaw,tablesaw,/home/camila/repos/jtablesaw/tablesaw,tech.tablesaw:tablesaw-parent:1.0.0-SNAPSHOT,True,aggregate,aggregate,True,tech.tablesaw:tablesaw-parent:1.0.0-SNAPSHOT,True,listed-ok,
jtablesaw,tablesaw,/home/camila/repos/jtablesaw/tablesaw,tech.tablesaw:tablesaw-parent:1.0.0-SNAPSHOT,True,beakerx,beakerx,True,tech.tablesaw:tablesaw-parent:1.0.0-SNAPSHOT,True,listed-ok,
jtablesaw,tablesaw,/home/camila/repos/jtablesaw/tablesaw,tech.tablesaw:tablesaw-parent:1.0.0-SNAPSHOT,True,excel,excel,True,tech.tablesaw:tablesaw-parent:1.0.0-SNAPSHOT,True,listed-ok,
jtablesaw,tablesaw,/home/camila/repos/jtablesaw/tablesaw,tech.tablesaw:tablesaw-parent:1.0.0-SNAPSHOT,True,html,html,True,tech.tablesaw:tablesaw-parent:1.0.0-SNAPSHOT,True,listed-ok,
jtablesaw,tablesaw,/home/camila/repos/jtablesaw/tablesaw,tech.tablesaw:tablesaw-parent:1.0.0-SNAPSHOT,True,json,json,True,tech.tablesaw:tablesaw-parent:1.0.0-SNAPSHOT,True,listed-ok,
jtablesaw,tablesaw,/home/camila/repos/jtablesaw/tablesaw,tech.tablesaw:tablesaw-parent:1.0.0-SNAPSHOT,True,jsplot,jsplot,True,tech.tablesaw:tablesaw-parent:1.0.0-SNAPSHOT,True,listed-ok,
jtablesaw,tablesaw,/home/camila/repos/jtablesaw/tablesaw,tech.tablesaw:tablesaw-parent:1.0.0-SNAPSHOT,True,saw,saw,True,tech.tablesaw:tablesaw-parent:1.0.0-SNAPSHOT,True,listed-ok,
jtablesaw,tablesaw,/home/camila/repos/jtablesaw/tablesaw,tech.tablesaw:tablesaw-parent:1.0.0-SNAPSHOT,True,arrow,arrow,True,tech.tablesaw:tablesaw-parent:1.0.0-SNAPSHOT,True,listed-ok,
jtablesaw,tablesaw,/home/camila/repos/jtablesaw/tablesaw,tech.tablesaw:tablesaw-parent:1.0.0-SNAPSHOT,True,docs-src,docs-src,True,tech.tablesaw:tablesaw-parent:1.0.0-SNAPSHOT,True,listed-ok,
keycloak,keycloak,/home/camila/repos/keycloak/keycloak,org.keycloak:keycloak-parent:999.0.0-SNAPSHOT,True,boms,boms,True,org.jboss:jboss-parent:39,False,listed-parent-mismatch,parent-ga-mismatch
keycloak,keycloak,/home/camila/repos/keycloak/keycloak,org.keycloak:keycloak-parent:999.0.0-SNAPSHOT,True,common,common,True,org.keycloak:keycloak-parent:999.0.0-SNAPSHOT,True,listed-ok,
keycloak,keycloak,/home/camila/repos/keycloak/keycloak,org.keycloak:keycloak-parent:999.0.0-SNAPSHOT,True,core,core,True,org.keycloak:keycloak-parent:999.0.0-SNAPSHOT,True,listed-ok,
keycloak,keycloak,/home/camila/repos/keycloak/keycloak,org.keycloak:keycloak-parent:999.0.0-SNAPSHOT,True,crypto,crypto,True,org.keycloak:keycloak-parent:999.0.0-SNAPSHOT,True,listed-ok,
keycloak,keycloak,/home/camila/repos/keycloak/keycloak,org.keycloak:keycloak-parent:999.0.0-SNAPSHOT,True,dependencies,dependencies,True,org.keycloak:keycloak-parent:999.0.0-SNAPSHOT,True,listed-ok,
keycloak,keycloak,/home/camila/repos/keycloak/keycloak,org.keycloak:keycloak-parent:999.0.0-SNAPSHOT,True,docs,docs,True,org.keycloak:keycloak-parent:999.0.0-SNAPSHOT,True,listed-ok,
keycloak,keycloak,/home/camila/repos/keycloak/keycloak,org.keycloak:keycloak-parent:999.0.0-SNAPSHOT,True,server-spi,server-spi,True,org.keycloak:keycloak-parent:999.0.0-SNAPSHOT,True,listed-ok,
keycloak,keycloak,/home/camila/repos/keycloak/keycloak,org.keycloak:keycloak-parent:999.0.0-SNAPSHOT,True,server-spi-private,server-spi-private,True,org.keycloak:keycloak-parent:999.0.0-SNAPSHOT,True,listed-ok,
keycloak,keycloak,/home/camila/repos/keycloak/keycloak,org.keycloak:keycloak-parent:999.0.0-SNAPSHOT,True,saml-core-api,saml-core-api,True,org.keycloak:keycloak-parent:999.0.0-SNAPSHOT,True,listed-ok,
keycloak,keycloak,/home/camila/repos/keycloak/keycloak,org.keycloak:keycloak-parent:999.0.0-SNAPSHOT,True,saml-core,saml-core,True,org.keycloak:keycloak-parent:999.0.0-SNAPSHOT,True,listed-ok,
keycloak,keycloak,/home/camila/repos/keycloak/keycloak,org.keycloak:keycloak-parent:999.0.0-SNAPSHOT,True,federation,federation,True,org.keycloak:keycloak-parent:999.0.0-SNAPSHOT,True,listed-ok,
keycloak,keycloak,/home/camila/repos/keycloak/keycloak,org.keycloak:keycloak-parent:999.0.0-SNAPSHOT,True,services,services,True,org.keycloak:keycloak-parent:999.0.0-SNAPSHOT,True,listed-ok,
keycloak,keycloak,/home/camila/repos/keycloak/keycloak,org.keycloak:keycloak-parent:999.0.0-SNAPSHOT,True,themes,themes,True,org.keycloak:keycloak-parent:999.0.0-SNAPSHOT,True,listed-ok,
keycloak,keycloak,/home/camila/repos/keycloak/keycloak,org.keycloak:keycloak-parent:999.0.0-SNAPSHOT,True,model,model,True,org.keycloak:keycloak-parent:999.0.0-SNAPSHOT,True,listed-ok,
keycloak,keycloak,/home/camila/repos/keycloak/keycloak,org.keycloak:keycloak-parent:999.0.0-SNAPSHOT,True,util,util,True,org.keycloak:keycloak-parent:999.0.0-SNAPSHOT,True,listed-ok,
keycloak,keycloak,/home/camila/repos/keycloak/keycloak,org.keycloak:keycloak-parent:999.0.0-SNAPSHOT,True,rest,rest,True,org.keycloak:keycloak-parent:999.0.0-SNAPSHOT,True,listed-ok,
keycloak,keycloak,/home/camila/repos/keycloak/keycloak,org.keycloak:keycloak-parent:999.0.0-SNAPSHOT,True,integration,integration,True,org.keycloak:keycloak-parent:999.0.0-SNAPSHOT,True,listed-ok,
keycloak,keycloak,/home/camila/repos/keycloak/keycloak,org.keycloak:keycloak-parent:999.0.0-SNAPSHOT,True,adapters,adapters,True,org.keycloak:keycloak-parent:999.0.0-SNAPSHOT,True,listed-ok,
keycloak,keycloak,/home/camila/repos/keycloak/keycloak,org.keycloak:keycloak-parent:999.0.0-SNAPSHOT,True,authz,authz,True,org.keycloak:keycloak-parent:999.0.0-SNAPSHOT,True,listed-ok,
keycloak,keycloak,/home/camila/repos/keycloak/keycloak,org.keycloak:keycloak-parent:999.0.0-SNAPSHOT,True,js,js,True,org.keycloak:keycloak-parent:999.0.0-SNAPSHOT,True,listed-ok,
keycloak,keycloak,/home/camila/repos/keycloak/keycloak,org.keycloak:keycloak-parent:999.0.0-SNAPSHOT,True,test-framework,test-framework,True,org.keycloak:keycloak-parent:999.0.0-SNAPSHOT,True,listed-ok,
keycloak,keycloak,/home/camila/repos/keycloak/keycloak,org.keycloak:keycloak-parent:999.0.0-SNAPSHOT,True,quarkus,quarkus,True,org.keycloak:keycloak-parent:999.0.0-SNAPSHOT,True,listed-ok,
keycloak,keycloak,/home/camila/repos/keycloak/keycloak,org.keycloak:keycloak-parent:999.0.0-SNAPSHOT,False,operator,operator,True,org.keycloak:keycloak-parent:999.0.0-SNAPSHOT,True,unlisted-child-with-root-parent,unlisted-but-parent-matches-root
keycloak,keycloak,/home/camila/repos/keycloak/keycloak,org.keycloak:keycloak-parent:999.0.0-SNAPSHOT,False,testsuite,testsuite,True,org.keycloak:keycloak-parent:999.0.0-SNAPSHOT,True,unlisted-child-with-root-parent,unlisted-but-parent-matches-root
keycloak,keycloak,/home/camila/repos/keycloak/keycloak,org.keycloak:keycloak-parent:999.0.0-SNAPSHOT,False,distribution,distribution,True,org.keycloak:keycloak-parent:999.0.0-SNAPSHOT,True,unlisted-child-with-root-parent,unlisted-but-parent-matches-root
keycloak,keycloak,/home/camila/repos/keycloak/keycloak,org.keycloak:keycloak-parent:999.0.0-SNAPSHOT,False,test-poc,test-poc,True,org.keycloak:keycloak-parent:999.0.0-SNAPSHOT,True,unlisted-child-with-root-parent,unlisted-but-parent-matches-root
kiegroup,jbpm,/home/camila/repos/kiegroup/jbpm,org.jbpm:jbpm:7.67.2-SNAPSHOT,True,jbpm-db-scripts,jbpm-db-scripts,True,org.jbpm:jbpm:7.67.2-SNAPSHOT,True,listed-ok,
kiegroup,jbpm,/home/camila/repos/kiegroup/jbpm,org.jbpm:jbpm:7.67.2-SNAPSHOT,True,jbpm-test-util,jbpm-test-util,True,org.jbpm:jbpm:7.67.2-SNAPSHOT,True,listed-ok,
kiegroup,jbpm,/home/camila/repos/kiegroup/jbpm,org.jbpm:jbpm:7.67.2-SNAPSHOT,True,jbpm-flow,jbpm-flow,True,org.jbpm:jbpm:7.67.2-SNAPSHOT,True,listed-ok,
kiegroup,jbpm,/home/camila/repos/kiegroup/jbpm,org.jbpm:jbpm:7.67.2-SNAPSHOT,True,jbpm-flow-builder,jbpm-flow-builder,True,org.jbpm:jbpm:7.67.2-SNAPSHOT,True,listed-ok,
kiegroup,jbpm,/home/camila/repos/kiegroup/jbpm,org.jbpm:jbpm:7.67.2-SNAPSHOT,True,jbpm-persistence,jbpm-persistence,True,org.jbpm:jbpm:7.67.2-SNAPSHOT,True,listed-ok,
kiegroup,jbpm,/home/camila/repos/kiegroup/jbpm,org.jbpm:jbpm:7.67.2-SNAPSHOT,True,jbpm-query-jpa,jbpm-query-jpa,True,org.jbpm:jbpm:7.67.2-SNAPSHOT,True,listed-ok,
kiegroup,jbpm,/home/camila/repos/kiegroup/jbpm,org.jbpm:jbpm:7.67.2-SNAPSHOT,True,jbpm-audit,jbpm-audit,True,org.jbpm:jbpm:7.67.2-SNAPSHOT,True,listed-ok,
kiegroup,jbpm,/home/camila/repos/kiegroup/jbpm,org.jbpm:jbpm:7.67.2-SNAPSHOT,True,jbpm-bpmn2,jbpm-bpmn2,True,org.jbpm:jbpm:7.67.2-SNAPSHOT,True,listed-ok,
kiegroup,jbpm,/home/camila/repos/kiegroup/jbpm,org.jbpm:jbpm:7.67.2-SNAPSHOT,True,jbpm-bpmn2-emfextmodel,jbpm-bpmn2-emfextmodel,True,org.jbpm:jbpm:7.67.2-SNAPSHOT,True,listed-ok,
kiegroup,jbpm,/home/camila/repos/kiegroup/jbpm,org.jbpm:jbpm:7.67.2-SNAPSHOT,True,jbpm-workitems,jbpm-workitems,True,org.jbpm:jbpm:7.67.2-SNAPSHOT,True,listed-ok,
kiegroup,jbpm,/home/camila/repos/kiegroup/jbpm,org.jbpm:jbpm:7.67.2-SNAPSHOT,True,jbpm-human-task,jbpm-human-task,True,org.jbpm:jbpm:7.67.2-SNAPSHOT,True,listed-ok,
kiegroup,jbpm,/home/camila/repos/kiegroup/jbpm,org.jbpm:jbpm:7.67.2-SNAPSHOT,True,jbpm-runtime-manager,jbpm-runtime-manager,True,org.jbpm:jbpm:7.67.2-SNAPSHOT,True,listed-ok,
kiegroup,jbpm,/home/camila/repos/kiegroup/jbpm,org.jbpm:jbpm:7.67.2-SNAPSHOT,True,jbpm-services,jbpm-services,True,org.jbpm:jbpm:7.67.2-SNAPSHOT,True,listed-ok,
kiegroup,jbpm,/home/camila/repos/kiegroup/jbpm,org.jbpm:jbpm:7.67.2-SNAPSHOT,True,jbpm-document,jbpm-document,True,org.jbpm:jbpm:7.67.2-SNAPSHOT,True,listed-ok,
kiegroup,jbpm,/home/camila/repos/kiegroup/jbpm,org.jbpm:jbpm:7.67.2-SNAPSHOT,True,jbpm-test,jbpm-test,True,org.jbpm:jbpm:7.67.2-SNAPSHOT,True,listed-ok,
kiegroup,jbpm,/home/camila/repos/kiegroup/jbpm,org.jbpm:jbpm:7.67.2-SNAPSHOT,True,jbpm-case-mgmt,jbpm-case-mgmt,True,org.jbpm:jbpm:7.67.2-SNAPSHOT,True,listed-ok,
kiegroup,jbpm,/home/camila/repos/kiegroup/jbpm,org.jbpm:jbpm:7.67.2-SNAPSHOT,True,jbpm-test-coverage,jbpm-test-coverage,True,org.jbpm:jbpm:7.67.2-SNAPSHOT,True,listed-ok,
kiegroup,jbpm,/home/camila/repos/kiegroup/jbpm,org.jbpm:jbpm:7.67.2-SNAPSHOT,True,jbpm-examples,jbpm-examples,True,org.jbpm:jbpm:7.67.2-SNAPSHOT,True,listed-ok,
kiegroup,jbpm,/home/camila/repos/kiegroup/jbpm,org.jbpm:jbpm:7.67.2-SNAPSHOT,True,jbpm-container-test,jbpm-container-test,True,org.jbpm:jbpm:7.67.2-SNAPSHOT,True,listed-ok,
kiegroup,jbpm,/home/camila/repos/kiegroup/jbpm,org.jbpm:jbpm:7.67.2-SNAPSHOT,True,jbpm-event-emitters,jbpm-event-emitters,True,org.jbpm:jbpm:7.67.2-SNAPSHOT,True,listed-ok,
kiegroup,jbpm,/home/camila/repos/kiegroup/jbpm,org.jbpm:jbpm:7.67.2-SNAPSHOT,True,jbpm-xes,jbpm-xes,True,org.jbpm:jbpm:7.67.2-SNAPSHOT,True,listed-ok,
kiegroup,jbpm,/home/camila/repos/kiegroup/jbpm,org.jbpm:jbpm:7.67.2-SNAPSHOT,False,jbpm-installer,jbpm-installer,True,org.jbpm:jbpm:7.67.2-SNAPSHOT,True,unlisted-child-with-root-parent,unlisted-but-parent-matches-root
kiegroup,jbpm,/home/camila/repos/kiegroup/jbpm,org.jbpm:jbpm:7.67.2-SNAPSHOT,False,jbpm-distribution,jbpm-distribution,True,org.jbpm:jbpm:7.67.2-SNAPSHOT,True,unlisted-child-with-root-parent,unlisted-but-parent-matches-root
killbill,killbill,/home/camila/repos/killbill/killbill,org.kill-bill.billing:killbill:0.24.12-SNAPSHOT,True,account,account,True,org.kill-bill.billing:killbill:0.24.12-SNAPSHOT,True,listed-ok,
killbill,killbill,/home/camila/repos/killbill/killbill,org.kill-bill.billing:killbill:0.24.12-SNAPSHOT,True,api,api,True,org.kill-bill.billing:killbill:0.24.12-SNAPSHOT,True,listed-ok,
killbill,killbill,/home/camila/repos/killbill/killbill,org.kill-bill.billing:killbill:0.24.12-SNAPSHOT,True,beatrix,beatrix,True,org.kill-bill.billing:killbill:0.24.12-SNAPSHOT,True,listed-ok,
killbill,killbill,/home/camila/repos/killbill/killbill,org.kill-bill.billing:killbill:0.24.12-SNAPSHOT,True,catalog,catalog,True,org.kill-bill.billing:killbill:0.24.12-SNAPSHOT,True,listed-ok,
killbill,killbill,/home/camila/repos/killbill/killbill,org.kill-bill.billing:killbill:0.24.12-SNAPSHOT,True,subscription,subscription,True,org.kill-bill.billing:killbill:0.24.12-SNAPSHOT,True,listed-ok,
killbill,killbill,/home/camila/repos/killbill/killbill,org.kill-bill.billing:killbill:0.24.12-SNAPSHOT,True,entitlement,entitlement,True,org.kill-bill.billing:killbill:0.24.12-SNAPSHOT,True,listed-ok,
killbill,killbill,/home/camila/repos/killbill/killbill,org.kill-bill.billing:killbill:0.24.12-SNAPSHOT,True,invoice,invoice,True,org.kill-bill.billing:killbill:0.24.12-SNAPSHOT,True,listed-ok,
killbill,killbill,/home/camila/repos/killbill/killbill,org.kill-bill.billing:killbill:0.24.12-SNAPSHOT,True,junction,junction,True,org.kill-bill.billing:killbill:0.24.12-SNAPSHOT,True,listed-ok,
killbill,killbill,/home/camila/repos/killbill/killbill,org.kill-bill.billing:killbill:0.24.12-SNAPSHOT,True,overdue,overdue,True,org.kill-bill.billing:killbill:0.24.12-SNAPSHOT,True,listed-ok,
killbill,killbill,/home/camila/repos/killbill/killbill,org.kill-bill.billing:killbill:0.24.12-SNAPSHOT,True,payment,payment,True,org.kill-bill.billing:killbill:0.24.12-SNAPSHOT,True,listed-ok,
killbill,killbill,/home/camila/repos/killbill/killbill,org.kill-bill.billing:killbill:0.24.12-SNAPSHOT,True,usage,usage,True,org.kill-bill.billing:killbill:0.24.12-SNAPSHOT,True,listed-ok,
killbill,killbill,/home/camila/repos/killbill/killbill,org.kill-bill.billing:killbill:0.24.12-SNAPSHOT,True,util,util,True,org.kill-bill.billing:killbill:0.24.12-SNAPSHOT,True,listed-ok,
killbill,killbill,/home/camila/repos/killbill/killbill,org.kill-bill.billing:killbill:0.24.12-SNAPSHOT,True,jaxrs,jaxrs,True,org.kill-bill.billing:killbill:0.24.12-SNAPSHOT,True,listed-ok,
killbill,killbill,/home/camila/repos/killbill/killbill,org.kill-bill.billing:killbill:0.24.12-SNAPSHOT,True,tenant,tenant,True,org.kill-bill.billing:killbill:0.24.12-SNAPSHOT,True,listed-ok,
killbill,killbill,/home/camila/repos/killbill/killbill,org.kill-bill.billing:killbill:0.24.12-SNAPSHOT,True,currency,currency,True,org.kill-bill.billing:killbill:0.24.12-SNAPSHOT,True,listed-ok,
killbill,killbill,/home/camila/repos/killbill/killbill,org.kill-bill.billing:killbill:0.24.12-SNAPSHOT,True,profiles,profiles,True,org.kill-bill.billing:killbill:0.24.12-SNAPSHOT,True,listed-ok,
knowm,XChart,/home/camila/repos/knowm/XChart,org.knowm.xchart:xchart-parent:3.8.9-SNAPSHOT,True,xchart,xchart,True,org.knowm.xchart:xchart-parent:3.8.9-SNAPSHOT,True,listed-ok,
knowm,XChart,/home/camila/repos/knowm/XChart,org.knowm.xchart:xchart-parent:3.8.9-SNAPSHOT,True,xchart-demo,xchart-demo,True,org.knowm.xchart:xchart-parent:3.8.9-SNAPSHOT,True,listed-ok,
knowm,XChange,/home/camila/repos/knowm/XChange,org.knowm.xchange:xchange-parent:5.2.1-SNAPSHOT,True,xchange-ascendex,xchange-ascendex,True,org.knowm.xchange:xchange-parent:5.2.1-SNAPSHOT,True,listed-ok,
knowm,XChange,/home/camila/repos/knowm/XChange,org.knowm.xchange:xchange-parent:5.2.1-SNAPSHOT,True,xchange-bibox,xchange-bibox,True,org.knowm.xchange:xchange-parent:5.2.1-SNAPSHOT,True,listed-ok,
knowm,XChange,/home/camila/repos/knowm/XChange,org.knowm.xchange:xchange-parent:5.2.1-SNAPSHOT,True,xchange-binance,xchange-binance,True,org.knowm.xchange:xchange-parent:5.2.1-SNAPSHOT,True,listed-ok,
knowm,XChange,/home/camila/repos/knowm/XChange,org.knowm.xchange:xchange-parent:5.2.1-SNAPSHOT,True,xchange-bitbay,xchange-bitbay,True,org.knowm.xchange:xchange-parent:5.2.1-SNAPSHOT,True,listed-ok,
knowm,XChange,/home/camila/repos/knowm/XChange,org.knowm.xchange:xchange-parent:5.2.1-SNAPSHOT,True,xchange-bitcoinaverage,xchange-bitcoinaverage,True,org.knowm.xchange:xchange-parent:5.2.1-SNAPSHOT,True,listed-ok,
knowm,XChange,/home/camila/repos/knowm/XChange,org.knowm.xchange:xchange-parent:5.2.1-SNAPSHOT,True,xchange-bitcoincore,xchange-bitcoincore,True,org.knowm.xchange:xchange-parent:5.2.1-SNAPSHOT,True,listed-ok,
knowm,XChange,/home/camila/repos/knowm/XChange,org.knowm.xchange:xchange-parent:5.2.1-SNAPSHOT,True,xchange-bitcoinde,xchange-bitcoinde,True,org.knowm.xchange:xchange-parent:5.2.1-SNAPSHOT,True,listed-ok,
knowm,XChange,/home/camila/repos/knowm/XChange,org.knowm.xchange:xchange-parent:5.2.1-SNAPSHOT,True,xchange-bitcointoyou,xchange-bitcointoyou,True,org.knowm.xchange:xchange-parent:5.2.1-SNAPSHOT,True,listed-ok,
knowm,XChange,/home/camila/repos/knowm/XChange,org.knowm.xchange:xchange-parent:5.2.1-SNAPSHOT,True,xchange-bitfinex,xchange-bitfinex,True,org.knowm.xchange:xchange-parent:5.2.1-SNAPSHOT,True,listed-ok,
knowm,XChange,/home/camila/repos/knowm/XChange,org.knowm.xchange:xchange-parent:5.2.1-SNAPSHOT,True,xchange-bitflyer,xchange-bitflyer,True,org.knowm.xchange:xchange-parent:5.2.1-SNAPSHOT,True,listed-ok,
knowm,XChange,/home/camila/repos/knowm/XChange,org.knowm.xchange:xchange-parent:5.2.1-SNAPSHOT,True,xchange-bitget,xchange-bitget,True,org.knowm.xchange:xchange-parent:5.2.1-SNAPSHOT,True,listed-ok,
knowm,XChange,/home/camila/repos/knowm/XChange,org.knowm.xchange:xchange-parent:5.2.1-SNAPSHOT,True,xchange-bithumb,xchange-bithumb,True,org.knowm.xchange:xchange-parent:5.2.1-SNAPSHOT,True,listed-ok,
knowm,XChange,/home/camila/repos/knowm/XChange,org.knowm.xchange:xchange-parent:5.2.1-SNAPSHOT,True,xchange-bitmex,xchange-bitmex,True,org.knowm.xchange:xchange-parent:5.2.1-SNAPSHOT,True,listed-ok,
knowm,XChange,/home/camila/repos/knowm/XChange,org.knowm.xchange:xchange-parent:5.2.1-SNAPSHOT,True,xchange-bitso,xchange-bitso,True,org.knowm.xchange:xchange-parent:5.2.1-SNAPSHOT,True,listed-ok,
knowm,XChange,/home/camila/repos/knowm/XChange,org.knowm.xchange:xchange-parent:5.2.1-SNAPSHOT,True,xchange-bitstamp,xchange-bitstamp,True,org.knowm.xchange:xchange-parent:5.2.1-SNAPSHOT,True,listed-ok,
knowm,XChange,/home/camila/repos/knowm/XChange,org.knowm.xchange:xchange-parent:5.2.1-SNAPSHOT,True,xchange-bittrex,xchange-bittrex,True,org.knowm.xchange:xchange-parent:5.2.1-SNAPSHOT,True,listed-ok,
knowm,XChange,/home/camila/repos/knowm/XChange,org.knowm.xchange:xchange-parent:5.2.1-SNAPSHOT,True,xchange-bity,xchange-bity,True,org.knowm.xchange:xchange-parent:5.2.1-SNAPSHOT,True,listed-ok,
knowm,XChange,/home/camila/repos/knowm/XChange,org.knowm.xchange:xchange-parent:5.2.1-SNAPSHOT,True,xchange-bitz,xchange-bitz,True,org.knowm.xchange:xchange-parent:5.2.1-SNAPSHOT,True,listed-ok,
knowm,XChange,/home/camila/repos/knowm/XChange,org.knowm.xchange:xchange-parent:5.2.1-SNAPSHOT,True,xchange-bl3p,xchange-bl3p,True,org.knowm.xchange:xchange-parent:5.2.1-SNAPSHOT,True,listed-ok,
knowm,XChange,/home/camila/repos/knowm/XChange,org.knowm.xchange:xchange-parent:5.2.1-SNAPSHOT,True,xchange-bleutrade,xchange-bleutrade,True,org.knowm.xchange:xchange-parent:5.2.1-SNAPSHOT,True,listed-ok,
knowm,XChange,/home/camila/repos/knowm/XChange,org.knowm.xchange:xchange-parent:5.2.1-SNAPSHOT,True,xchange-blockchain,xchange-blockchain,True,org.knowm.xchange:xchange-parent:5.2.1-SNAPSHOT,True,listed-ok,
knowm,XChange,/home/camila/repos/knowm/XChange,org.knowm.xchange:xchange-parent:5.2.1-SNAPSHOT,True,xchange-btcc,xchange-btcc,True,org.knowm.xchange:xchange-parent:5.2.1-SNAPSHOT,True,listed-ok,
knowm,XChange,/home/camila/repos/knowm/XChange,org.knowm.xchange:xchange-parent:5.2.1-SNAPSHOT,True,xchange-btcmarkets,xchange-btcmarkets,True,org.knowm.xchange:xchange-parent:5.2.1-SNAPSHOT,True,listed-ok,
knowm,XChange,/home/camila/repos/knowm/XChange,org.knowm.xchange:xchange-parent:5.2.1-SNAPSHOT,True,xchange-btcturk,xchange-btcturk,True,org.knowm.xchange:xchange-parent:5.2.1-SNAPSHOT,True,listed-ok,
knowm,XChange,/home/camila/repos/knowm/XChange,org.knowm.xchange:xchange-parent:5.2.1-SNAPSHOT,True,xchange-bybit,xchange-bybit,True,org.knowm.xchange:xchange-parent:5.2.1-SNAPSHOT,True,listed-ok,
knowm,XChange,/home/camila/repos/knowm/XChange,org.knowm.xchange:xchange-parent:5.2.1-SNAPSHOT,True,xchange-ccex,xchange-ccex,True,org.knowm.xchange:xchange-parent:5.2.1-SNAPSHOT,True,listed-ok,
knowm,XChange,/home/camila/repos/knowm/XChange,org.knowm.xchange:xchange-parent:5.2.1-SNAPSHOT,True,xchange-cexio,xchange-cexio,True,org.knowm.xchange:xchange-parent:5.2.1-SNAPSHOT,True,listed-ok,
knowm,XChange,/home/camila/repos/knowm/XChange,org.knowm.xchange:xchange-parent:5.2.1-SNAPSHOT,True,xchange-coinbase,xchange-coinbase,True,org.knowm.xchange:xchange-parent:5.2.1-SNAPSHOT,True,listed-ok,
knowm,XChange,/home/camila/repos/knowm/XChange,org.knowm.xchange:xchange-parent:5.2.1-SNAPSHOT,True,xchange-coinbasepro,xchange-coinbasepro,True,org.knowm.xchange:xchange-parent:5.2.1-SNAPSHOT,True,listed-ok,
knowm,XChange,/home/camila/repos/knowm/XChange,org.knowm.xchange:xchange-parent:5.2.1-SNAPSHOT,True,xchange-coincheck,xchange-coincheck,True,org.knowm.xchange:xchange-parent:5.2.1-SNAPSHOT,True,listed-ok,
knowm,XChange,/home/camila/repos/knowm/XChange,org.knowm.xchange:xchange-parent:5.2.1-SNAPSHOT,True,xchange-coindeal,xchange-coindeal,True,org.knowm.xchange:xchange-parent:5.2.1-SNAPSHOT,True,listed-ok,
knowm,XChange,/home/camila/repos/knowm/XChange,org.knowm.xchange:xchange-parent:5.2.1-SNAPSHOT,True,xchange-coindirect,xchange-coindirect,True,org.knowm.xchange:xchange-parent:5.2.1-SNAPSHOT,True,listed-ok,
knowm,XChange,/home/camila/repos/knowm/XChange,org.knowm.xchange:xchange-parent:5.2.1-SNAPSHOT,True,xchange-coinegg,xchange-coinegg,True,org.knowm.xchange:xchange-parent:5.2.1-SNAPSHOT,True,listed-ok,
knowm,XChange,/home/camila/repos/knowm/XChange,org.knowm.xchange:xchange-parent:5.2.1-SNAPSHOT,True,xchange-coinex,xchange-coinex,True,org.knowm.xchange:xchange-parent:5.2.1-SNAPSHOT,True,listed-ok,
knowm,XChange,/home/camila/repos/knowm/XChange,org.knowm.xchange:xchange-parent:5.2.1-SNAPSHOT,True,xchange-coinfloor,xchange-coinfloor,True,org.knowm.xchange:xchange-parent:5.2.1-SNAPSHOT,True,listed-ok,
knowm,XChange,/home/camila/repos/knowm/XChange,org.knowm.xchange:xchange-parent:5.2.1-SNAPSHOT,True,xchange-coingi,xchange-coingi,True,org.knowm.xchange:xchange-parent:5.2.1-SNAPSHOT,True,listed-ok,
knowm,XChange,/home/camila/repos/knowm/XChange,org.knowm.xchange:xchange-parent:5.2.1-SNAPSHOT,True,xchange-coinjar,xchange-coinjar,True,org.knowm.xchange:xchange-parent:5.2.1-SNAPSHOT,True,listed-ok,
knowm,XChange,/home/camila/repos/knowm/XChange,org.knowm.xchange:xchange-parent:5.2.1-SNAPSHOT,True,xchange-coinmarketcap,xchange-coinmarketcap,True,org.knowm.xchange:xchange-parent:5.2.1-SNAPSHOT,True,listed-ok,
knowm,XChange,/home/camila/repos/knowm/XChange,org.knowm.xchange:xchange-parent:5.2.1-SNAPSHOT,True,xchange-coinmate,xchange-coinmate,True,org.knowm.xchange:xchange-parent:5.2.1-SNAPSHOT,True,listed-ok,
knowm,XChange,/home/camila/repos/knowm/XChange,org.knowm.xchange:xchange-parent:5.2.1-SNAPSHOT,True,xchange-coinone,xchange-coinone,True,org.knowm.xchange:xchange-parent:5.2.1-SNAPSHOT,True,listed-ok,
knowm,XChange,/home/camila/repos/knowm/XChange,org.knowm.xchange:xchange-parent:5.2.1-SNAPSHOT,True,xchange-core,xchange-core,True,org.knowm.xchange:xchange-parent:5.2.1-SNAPSHOT,True,listed-ok,
knowm,XChange,/home/camila/repos/knowm/XChange,org.knowm.xchange:xchange-parent:5.2.1-SNAPSHOT,True,xchange-cryptowatch,xchange-cryptowatch,True,org.knowm.xchange:xchange-parent:5.2.1-SNAPSHOT,True,listed-ok,
knowm,XChange,/home/camila/repos/knowm/XChange,org.knowm.xchange:xchange-parent:5.2.1-SNAPSHOT,True,xchange-deribit,xchange-deribit,True,org.knowm.xchange:xchange-parent:5.2.1-SNAPSHOT,True,listed-ok,
knowm,XChange,/home/camila/repos/knowm/XChange,org.knowm.xchange:xchange-parent:5.2.1-SNAPSHOT,True,xchange-dvchain,xchange-dvchain,True,org.knowm.xchange:xchange-parent:5.2.1-SNAPSHOT,True,listed-ok,
knowm,XChange,/home/camila/repos/knowm/XChange,org.knowm.xchange:xchange-parent:5.2.1-SNAPSHOT,True,xchange-dydx,xchange-dydx,True,org.knowm.xchange:xchange-parent:5.2.1-SNAPSHOT,True,listed-ok,
knowm,XChange,/home/camila/repos/knowm/XChange,org.knowm.xchange:xchange-parent:5.2.1-SNAPSHOT,True,xchange-enigma,xchange-enigma,True,org.knowm.xchange:xchange-parent:5.2.1-SNAPSHOT,True,listed-ok,
knowm,XChange,/home/camila/repos/knowm/XChange,org.knowm.xchange:xchange-parent:5.2.1-SNAPSHOT,True,xchange-examples,xchange-examples,True,org.knowm.xchange:xchange-parent:5.2.1-SNAPSHOT,True,listed-ok,
knowm,XChange,/home/camila/repos/knowm/XChange,org.knowm.xchange:xchange-parent:5.2.1-SNAPSHOT,True,xchange-exmo,xchange-exmo,True,org.knowm.xchange:xchange-parent:5.2.1-SNAPSHOT,True,listed-ok,
knowm,XChange,/home/camila/repos/knowm/XChange,org.knowm.xchange:xchange-parent:5.2.1-SNAPSHOT,True,xchange-ftx,xchange-ftx,True,org.knowm.xchange:xchange-parent:5.2.1-SNAPSHOT,True,listed-ok,
knowm,XChange,/home/camila/repos/knowm/XChange,org.knowm.xchange:xchange-parent:5.2.1-SNAPSHOT,True,xchange-gateio,xchange-gateio,True,org.knowm.xchange:xchange-parent:5.2.1-SNAPSHOT,True,listed-ok,
knowm,XChange,/home/camila/repos/knowm/XChange,org.knowm.xchange:xchange-parent:5.2.1-SNAPSHOT,True,xchange-gateio-v4,xchange-gateio-v4,True,org.knowm.xchange:xchange-parent:5.2.1-SNAPSHOT,True,listed-ok,
knowm,XChange,/home/camila/repos/knowm/XChange,org.knowm.xchange:xchange-parent:5.2.1-SNAPSHOT,True,xchange-gemini,xchange-gemini,True,org.knowm.xchange:xchange-parent:5.2.1-SNAPSHOT,True,listed-ok,
knowm,XChange,/home/camila/repos/knowm/XChange,org.knowm.xchange:xchange-parent:5.2.1-SNAPSHOT,True,xchange-globitex,xchange-globitex,True,org.knowm.xchange:xchange-parent:5.2.1-SNAPSHOT,True,listed-ok,
knowm,XChange,/home/camila/repos/knowm/XChange,org.knowm.xchange:xchange-parent:5.2.1-SNAPSHOT,True,xchange-hitbtc,xchange-hitbtc,True,org.knowm.xchange:xchange-parent:5.2.1-SNAPSHOT,True,listed-ok,
knowm,XChange,/home/camila/repos/knowm/XChange,org.knowm.xchange:xchange-parent:5.2.1-SNAPSHOT,True,xchange-huobi,xchange-huobi,True,org.knowm.xchange:xchange-parent:5.2.1-SNAPSHOT,True,listed-ok,
knowm,XChange,/home/camila/repos/knowm/XChange,org.knowm.xchange:xchange-parent:5.2.1-SNAPSHOT,True,xchange-idex,xchange-idex,True,org.knowm.xchange:xchange-parent:5.2.1-SNAPSHOT,True,listed-ok,
knowm,XChange,/home/camila/repos/knowm/XChange,org.knowm.xchange:xchange-parent:5.2.1-SNAPSHOT,True,xchange-independentreserve,xchange-independentreserve,True,org.knowm.xchange:xchange-parent:5.2.1-SNAPSHOT,True,listed-ok,
knowm,XChange,/home/camila/repos/knowm/XChange,org.knowm.xchange:xchange-parent:5.2.1-SNAPSHOT,True,xchange-itbit,xchange-itbit,True,org.knowm.xchange:xchange-parent:5.2.1-SNAPSHOT,True,listed-ok,
knowm,XChange,/home/camila/repos/knowm/XChange,org.knowm.xchange:xchange-parent:5.2.1-SNAPSHOT,True,xchange-koineks,xchange-koineks,True,org.knowm.xchange:xchange-parent:5.2.1-SNAPSHOT,True,listed-ok,
knowm,XChange,/home/camila/repos/knowm/XChange,org.knowm.xchange:xchange-parent:5.2.1-SNAPSHOT,True,xchange-koinim,xchange-koinim,True,org.knowm.xchange:xchange-parent:5.2.1-SNAPSHOT,True,listed-ok,
knowm,XChange,/home/camila/repos/knowm/XChange,org.knowm.xchange:xchange-parent:5.2.1-SNAPSHOT,True,xchange-kraken,xchange-kraken,True,org.knowm.xchange:xchange-parent:5.2.1-SNAPSHOT,True,listed-ok,
knowm,XChange,/home/camila/repos/knowm/XChange,org.knowm.xchange:xchange-parent:5.2.1-SNAPSHOT,True,xchange-krakenfutures,xchange-krakenfutures,True,org.knowm.xchange:xchange-parent:5.2.1-SNAPSHOT,True,listed-ok,
knowm,XChange,/home/camila/repos/knowm/XChange,org.knowm.xchange:xchange-parent:5.2.1-SNAPSHOT,True,xchange-kucoin,xchange-kucoin,True,org.knowm.xchange:xchange-parent:5.2.1-SNAPSHOT,True,listed-ok,
knowm,XChange,/home/camila/repos/knowm/XChange,org.knowm.xchange:xchange-parent:5.2.1-SNAPSHOT,True,xchange-kuna,xchange-kuna,True,org.knowm.xchange:xchange-parent:5.2.1-SNAPSHOT,True,listed-ok,
knowm,XChange,/home/camila/repos/knowm/XChange,org.knowm.xchange:xchange-parent:5.2.1-SNAPSHOT,True,xchange-latoken,xchange-latoken,True,org.knowm.xchange:xchange-parent:5.2.1-SNAPSHOT,True,listed-ok,
knowm,XChange,/home/camila/repos/knowm/XChange,org.knowm.xchange:xchange-parent:5.2.1-SNAPSHOT,True,xchange-lgo,xchange-lgo,True,org.knowm.xchange:xchange-parent:5.2.1-SNAPSHOT,True,listed-ok,
knowm,XChange,/home/camila/repos/knowm/XChange,org.knowm.xchange:xchange-parent:5.2.1-SNAPSHOT,True,xchange-livecoin,xchange-livecoin,True,org.knowm.xchange:xchange-parent:5.2.1-SNAPSHOT,True,listed-ok,
knowm,XChange,/home/camila/repos/knowm/XChange,org.knowm.xchange:xchange-parent:5.2.1-SNAPSHOT,True,xchange-luno,xchange-luno,True,org.knowm.xchange:xchange-parent:5.2.1-SNAPSHOT,True,listed-ok,
knowm,XChange,/home/camila/repos/knowm/XChange,org.knowm.xchange:xchange-parent:5.2.1-SNAPSHOT,True,xchange-lykke,xchange-lykke,True,org.knowm.xchange:xchange-parent:5.2.1-SNAPSHOT,True,listed-ok,
knowm,XChange,/home/camila/repos/knowm/XChange,org.knowm.xchange:xchange-parent:5.2.1-SNAPSHOT,True,xchange-mercadobitcoin,xchange-mercadobitcoin,True,org.knowm.xchange:xchange-parent:5.2.1-SNAPSHOT,True,listed-ok,
knowm,XChange,/home/camila/repos/knowm/XChange,org.knowm.xchange:xchange-parent:5.2.1-SNAPSHOT,True,xchange-mexc,xchange-mexc,True,org.knowm.xchange:xchange-parent:5.2.1-SNAPSHOT,True,listed-ok,
knowm,XChange,/home/camila/repos/knowm/XChange,org.knowm.xchange:xchange-parent:5.2.1-SNAPSHOT,True,xchange-okcoin,xchange-okcoin,True,org.knowm.xchange:xchange-parent:5.2.1-SNAPSHOT,True,listed-ok,
knowm,XChange,/home/camila/repos/knowm/XChange,org.knowm.xchange:xchange-parent:5.2.1-SNAPSHOT,True,xchange-okex,xchange-okex,True,org.knowm.xchange:xchange-parent:5.2.1-SNAPSHOT,True,listed-ok,
knowm,XChange,/home/camila/repos/knowm/XChange,org.knowm.xchange:xchange-parent:5.2.1-SNAPSHOT,True,xchange-openexchangerates,xchange-openexchangerates,True,org.knowm.xchange:xchange-parent:5.2.1-SNAPSHOT,True,listed-ok,
knowm,XChange,/home/camila/repos/knowm/XChange,org.knowm.xchange:xchange-parent:5.2.1-SNAPSHOT,True,xchange-paribu,xchange-paribu,True,org.knowm.xchange:xchange-parent:5.2.1-SNAPSHOT,True,listed-ok,
knowm,XChange,/home/camila/repos/knowm/XChange,org.knowm.xchange:xchange-parent:5.2.1-SNAPSHOT,True,xchange-paymium,xchange-paymium,True,org.knowm.xchange:xchange-parent:5.2.1-SNAPSHOT,True,listed-ok,
knowm,XChange,/home/camila/repos/knowm/XChange,org.knowm.xchange:xchange-parent:5.2.1-SNAPSHOT,True,xchange-poloniex,xchange-poloniex,True,org.knowm.xchange:xchange-parent:5.2.1-SNAPSHOT,True,listed-ok,
knowm,XChange,/home/camila/repos/knowm/XChange,org.knowm.xchange:xchange-parent:5.2.1-SNAPSHOT,True,xchange-quoine,xchange-quoine,True,org.knowm.xchange:xchange-parent:5.2.1-SNAPSHOT,True,listed-ok,
knowm,XChange,/home/camila/repos/knowm/XChange,org.knowm.xchange:xchange-parent:5.2.1-SNAPSHOT,True,xchange-ripple,xchange-ripple,True,org.knowm.xchange:xchange-parent:5.2.1-SNAPSHOT,True,listed-ok,
knowm,XChange,/home/camila/repos/knowm/XChange,org.knowm.xchange:xchange-parent:5.2.1-SNAPSHOT,True,xchange-serum,xchange-serum,True,org.knowm.xchange:xchange-parent:5.2.1-SNAPSHOT,True,listed-ok,
knowm,XChange,/home/camila/repos/knowm/XChange,org.knowm.xchange:xchange-parent:5.2.1-SNAPSHOT,True,xchange-simulated,xchange-simulated,True,org.knowm.xchange:xchange-parent:5.2.1-SNAPSHOT,True,listed-ok,
knowm,XChange,/home/camila/repos/knowm/XChange,org.knowm.xchange:xchange-parent:5.2.1-SNAPSHOT,True,xchange-stream-binance,xchange-stream-binance,True,org.knowm.xchange:xchange-parent:5.2.1-SNAPSHOT,True,listed-ok,
knowm,XChange,/home/camila/repos/knowm/XChange,org.knowm.xchange:xchange-parent:5.2.1-SNAPSHOT,True,xchange-stream-bitfinex,xchange-stream-bitfinex,True,org.knowm.xchange:xchange-parent:5.2.1-SNAPSHOT,True,listed-ok,
knowm,XChange,/home/camila/repos/knowm/XChange,org.knowm.xchange:xchange-parent:5.2.1-SNAPSHOT,True,xchange-stream-bitflyer,xchange-stream-bitflyer,True,org.knowm.xchange:xchange-parent:5.2.1-SNAPSHOT,True,listed-ok,
knowm,XChange,/home/camila/repos/knowm/XChange,org.knowm.xchange:xchange-parent:5.2.1-SNAPSHOT,True,xchange-stream-bitmex,xchange-stream-bitmex,True,org.knowm.xchange:xchange-parent:5.2.1-SNAPSHOT,True,listed-ok,
knowm,XChange,/home/camila/repos/knowm/XChange,org.knowm.xchange:xchange-parent:5.2.1-SNAPSHOT,True,xchange-stream-bitstamp,xchange-stream-bitstamp,True,org.knowm.xchange:xchange-parent:5.2.1-SNAPSHOT,True,listed-ok,
knowm,XChange,/home/camila/repos/knowm/XChange,org.knowm.xchange:xchange-parent:5.2.1-SNAPSHOT,True,xchange-stream-btcmarkets,xchange-stream-btcmarkets,True,org.knowm.xchange:xchange-parent:5.2.1-SNAPSHOT,True,listed-ok,
knowm,XChange,/home/camila/repos/knowm/XChange,org.knowm.xchange:xchange-parent:5.2.1-SNAPSHOT,True,xchange-stream-bybit,xchange-stream-bybit,True,org.knowm.xchange:xchange-parent:5.2.1-SNAPSHOT,True,listed-ok,
knowm,XChange,/home/camila/repos/knowm/XChange,org.knowm.xchange:xchange-parent:5.2.1-SNAPSHOT,True,xchange-stream-cexio,xchange-stream-cexio,True,org.knowm.xchange:xchange-parent:5.2.1-SNAPSHOT,True,listed-ok,
knowm,XChange,/home/camila/repos/knowm/XChange,org.knowm.xchange:xchange-parent:5.2.1-SNAPSHOT,True,xchange-stream-coinbasepro,xchange-stream-coinbasepro,True,org.knowm.xchange:xchange-parent:5.2.1-SNAPSHOT,True,listed-ok,
knowm,XChange,/home/camila/repos/knowm/XChange,org.knowm.xchange:xchange-parent:5.2.1-SNAPSHOT,True,xchange-stream-coincheck,xchange-stream-coincheck,True,org.knowm.xchange:xchange-parent:5.2.1-SNAPSHOT,True,listed-ok,
knowm,XChange,/home/camila/repos/knowm/XChange,org.knowm.xchange:xchange-parent:5.2.1-SNAPSHOT,True,xchange-stream-coinjar,xchange-stream-coinjar,True,org.knowm.xchange:xchange-parent:5.2.1-SNAPSHOT,True,listed-ok,
knowm,XChange,/home/camila/repos/knowm/XChange,org.knowm.xchange:xchange-parent:5.2.1-SNAPSHOT,True,xchange-stream-coinmate,xchange-stream-coinmate,True,org.knowm.xchange:xchange-parent:5.2.1-SNAPSHOT,True,listed-ok,
knowm,XChange,/home/camila/repos/knowm/XChange,org.knowm.xchange:xchange-parent:5.2.1-SNAPSHOT,True,xchange-stream-core,xchange-stream-core,True,org.knowm.xchange:xchange-parent:5.2.1-SNAPSHOT,True,listed-ok,
knowm,XChange,/home/camila/repos/knowm/XChange,org.knowm.xchange:xchange-parent:5.2.1-SNAPSHOT,True,xchange-stream-dydx,xchange-stream-dydx,True,org.knowm.xchange:xchange-parent:5.2.1-SNAPSHOT,True,listed-ok,
knowm,XChange,/home/camila/repos/knowm/XChange,org.knowm.xchange:xchange-parent:5.2.1-SNAPSHOT,True,xchange-stream-ftx,xchange-stream-ftx,True,org.knowm.xchange:xchange-parent:5.2.1-SNAPSHOT,True,listed-ok,
knowm,XChange,/home/camila/repos/knowm/XChange,org.knowm.xchange:xchange-parent:5.2.1-SNAPSHOT,True,xchange-stream-gateio,xchange-stream-gateio,True,org.knowm.xchange:xchange-parent:5.2.1-SNAPSHOT,True,listed-ok,
knowm,XChange,/home/camila/repos/knowm/XChange,org.knowm.xchange:xchange-parent:5.2.1-SNAPSHOT,True,xchange-stream-gemini,xchange-stream-gemini,True,org.knowm.xchange:xchange-parent:5.2.1-SNAPSHOT,True,listed-ok,
knowm,XChange,/home/camila/repos/knowm/XChange,org.knowm.xchange:xchange-parent:5.2.1-SNAPSHOT,True,xchange-stream-gemini-v2,xchange-stream-gemini-v2,True,org.knowm.xchange:xchange-parent:5.2.1-SNAPSHOT,True,listed-ok,
knowm,XChange,/home/camila/repos/knowm/XChange,org.knowm.xchange:xchange-parent:5.2.1-SNAPSHOT,True,xchange-stream-hitbtc,xchange-stream-hitbtc,True,org.knowm.xchange:xchange-parent:5.2.1-SNAPSHOT,True,listed-ok,
knowm,XChange,/home/camila/repos/knowm/XChange,org.knowm.xchange:xchange-parent:5.2.1-SNAPSHOT,True,xchange-stream-huobi,xchange-stream-huobi,True,org.knowm.xchange:xchange-parent:5.2.1-SNAPSHOT,True,listed-ok,
knowm,XChange,/home/camila/repos/knowm/XChange,org.knowm.xchange:xchange-parent:5.2.1-SNAPSHOT,True,xchange-stream-kraken,xchange-stream-kraken,True,org.knowm.xchange:xchange-parent:5.2.1-SNAPSHOT,True,listed-ok,
knowm,XChange,/home/camila/repos/knowm/XChange,org.knowm.xchange:xchange-parent:5.2.1-SNAPSHOT,True,xchange-stream-krakenfutures,xchange-stream-krakenfutures,True,org.knowm.xchange:xchange-parent:5.2.1-SNAPSHOT,True,listed-ok,
knowm,XChange,/home/camila/repos/knowm/XChange,org.knowm.xchange:xchange-parent:5.2.1-SNAPSHOT,True,xchange-stream-kucoin,xchange-stream-kucoin,True,org.knowm.xchange:xchange-parent:5.2.1-SNAPSHOT,True,listed-ok,
knowm,XChange,/home/camila/repos/knowm/XChange,org.knowm.xchange:xchange-parent:5.2.1-SNAPSHOT,True,xchange-stream-lgo,xchange-stream-lgo,True,org.knowm.xchange:xchange-parent:5.2.1-SNAPSHOT,True,listed-ok,
knowm,XChange,/home/camila/repos/knowm/XChange,org.knowm.xchange:xchange-parent:5.2.1-SNAPSHOT,True,xchange-stream-okcoin,xchange-stream-okcoin,True,org.knowm.xchange:xchange-parent:5.2.1-SNAPSHOT,True,listed-ok,
knowm,XChange,/home/camila/repos/knowm/XChange,org.knowm.xchange:xchange-parent:5.2.1-SNAPSHOT,True,xchange-stream-okex,xchange-stream-okex,True,org.knowm.xchange:xchange-parent:5.2.1-SNAPSHOT,True,listed-ok,
knowm,XChange,/home/camila/repos/knowm/XChange,org.knowm.xchange:xchange-parent:5.2.1-SNAPSHOT,True,xchange-stream-poloniex2,xchange-stream-poloniex2,True,org.knowm.xchange:xchange-parent:5.2.1-SNAPSHOT,True,listed-ok,
knowm,XChange,/home/camila/repos/knowm/XChange,org.knowm.xchange:xchange-parent:5.2.1-SNAPSHOT,True,xchange-stream-serum,xchange-stream-serum,True,org.knowm.xchange:xchange-parent:5.2.1-SNAPSHOT,True,listed-ok,
knowm,XChange,/home/camila/repos/knowm/XChange,org.knowm.xchange:xchange-parent:5.2.1-SNAPSHOT,True,xchange-stream-service-core,xchange-stream-service-core,True,org.knowm.xchange:xchange-parent:5.2.1-SNAPSHOT,True,listed-ok,
knowm,XChange,/home/camila/repos/knowm/XChange,org.knowm.xchange:xchange-parent:5.2.1-SNAPSHOT,True,xchange-stream-service-netty,xchange-stream-service-netty,True,org.knowm.xchange:xchange-parent:5.2.1-SNAPSHOT,True,listed-ok,
knowm,XChange,/home/camila/repos/knowm/XChange,org.knowm.xchange:xchange-parent:5.2.1-SNAPSHOT,True,xchange-stream-service-pubnub,xchange-stream-service-pubnub,True,org.knowm.xchange:xchange-parent:5.2.1-SNAPSHOT,True,listed-ok,
knowm,XChange,/home/camila/repos/knowm/XChange,org.knowm.xchange:xchange-parent:5.2.1-SNAPSHOT,True,xchange-therock,xchange-therock,True,org.knowm.xchange:xchange-parent:5.2.1-SNAPSHOT,True,listed-ok,
knowm,XChange,/home/camila/repos/knowm/XChange,org.knowm.xchange:xchange-parent:5.2.1-SNAPSHOT,True,xchange-tradeogre,xchange-tradeogre,True,org.knowm.xchange:xchange-parent:5.2.1-SNAPSHOT,True,listed-ok,
knowm,XChange,/home/camila/repos/knowm/XChange,org.knowm.xchange:xchange-parent:5.2.1-SNAPSHOT,True,xchange-truefx,xchange-truefx,True,org.knowm.xchange:xchange-parent:5.2.1-SNAPSHOT,True,listed-ok,
knowm,XChange,/home/camila/repos/knowm/XChange,org.knowm.xchange:xchange-parent:5.2.1-SNAPSHOT,True,xchange-upbit,xchange-upbit,True,org.knowm.xchange:xchange-parent:5.2.1-SNAPSHOT,True,listed-ok,
knowm,XChange,/home/camila/repos/knowm/XChange,org.knowm.xchange:xchange-parent:5.2.1-SNAPSHOT,True,xchange-vaultoro,xchange-vaultoro,True,org.knowm.xchange:xchange-parent:5.2.1-SNAPSHOT,True,listed-ok,
knowm,XChange,/home/camila/repos/knowm/XChange,org.knowm.xchange:xchange-parent:5.2.1-SNAPSHOT,True,xchange-yobit,xchange-yobit,True,org.knowm.xchange:xchange-parent:5.2.1-SNAPSHOT,True,listed-ok,
knowm,XChange,/home/camila/repos/knowm/XChange,org.knowm.xchange:xchange-parent:5.2.1-SNAPSHOT,True,xchange-zaif,xchange-zaif,True,org.knowm.xchange:xchange-parent:5.2.1-SNAPSHOT,True,listed-ok,
Kong,unirest-java,/home/camila/repos/Kong/unirest-java,com.konghq:unirest-java-parent:4.4.5-SNAPSHOT,True,unirest,unirest,True,com.konghq:unirest-java-parent:4.4.5-SNAPSHOT,True,listed-ok,
Kong,unirest-java,/home/camila/repos/Kong/unirest-java,com.konghq:unirest-java-parent:4.4.5-SNAPSHOT,True,unirest-modules-gson,unirest-modules-gson,True,com.konghq:unirest-java-parent:4.4.5-SNAPSHOT,True,listed-ok,
Kong,unirest-java,/home/camila/repos/Kong/unirest-java,com.konghq:unirest-java-parent:4.4.5-SNAPSHOT,True,unirest-modules-jackson,unirest-modules-jackson,True,com.konghq:unirest-java-parent:4.4.5-SNAPSHOT,True,listed-ok,
Kong,unirest-java,/home/camila/repos/Kong/unirest-java,com.konghq:unirest-java-parent:4.4.5-SNAPSHOT,True,unirest-modules-mocks,unirest-modules-mocks,True,com.konghq:unirest-java-parent:4.4.5-SNAPSHOT,True,listed-ok,
Kong,unirest-java,/home/camila/repos/Kong/unirest-java,com.konghq:unirest-java-parent:4.4.5-SNAPSHOT,True,unirest-bdd-tests,unirest-bdd-tests,True,com.konghq:unirest-java-parent:4.4.5-SNAPSHOT,True,listed-ok,
Kong,unirest-java,/home/camila/repos/Kong/unirest-java,com.konghq:unirest-java-parent:4.4.5-SNAPSHOT,True,unirest-java-bom,unirest-java-bom,True,com.konghq:unirest-java-parent:4.4.5-SNAPSHOT,True,listed-ok,
kubernetes-client,java,/home/camila/repos/kubernetes-client/java,io.kubernetes:client-java-parent:21.0.0-SNAPSHOT,True,e2e,e2e,True,io.kubernetes:client-java-parent:21.0.0-SNAPSHOT,True,listed-ok,
kubernetes-client,java,/home/camila/repos/kubernetes-client/java,io.kubernetes:client-java-parent:21.0.0-SNAPSHOT,True,examples,examples,True,io.kubernetes:client-java-parent:21.0.0-SNAPSHOT,True,listed-ok,
kubernetes-client,java,/home/camila/repos/kubernetes-client/java,io.kubernetes:client-java-parent:21.0.0-SNAPSHOT,True,client-java-contrib/cert-manager,client-java-contrib/cert-manager,False,?:?:?,False,listed-nested-path,nested-module-path
kubernetes-client,java,/home/camila/repos/kubernetes-client/java,io.kubernetes:client-java-parent:21.0.0-SNAPSHOT,True,client-java-contrib/prometheus-operator,client-java-contrib/prometheus-operator,False,?:?:?,False,listed-nested-path,nested-module-path
kubernetes-client,java,/home/camila/repos/kubernetes-client/java,io.kubernetes:client-java-parent:21.0.0-SNAPSHOT,True,client-java-contrib/admissionreview,client-java-contrib/admissionreview,False,?:?:?,False,listed-nested-path,nested-module-path
kubernetes-client,java,/home/camila/repos/kubernetes-client/java,io.kubernetes:client-java-parent:21.0.0-SNAPSHOT,True,util,util,True,io.kubernetes:client-java-parent:21.0.0-SNAPSHOT,True,listed-ok,
kubernetes-client,java,/home/camila/repos/kubernetes-client/java,io.kubernetes:client-java-parent:21.0.0-SNAPSHOT,True,kubernetes,kubernetes,True,io.kubernetes:client-java-parent:21.0.0-SNAPSHOT,True,listed-ok,
kubernetes-client,java,/home/camila/repos/kubernetes-client/java,io.kubernetes:client-java-parent:21.0.0-SNAPSHOT,True,proto,proto,True,io.kubernetes:client-java-parent:21.0.0-SNAPSHOT,True,listed-ok,
kubernetes-client,java,/home/camila/repos/kubernetes-client/java,io.kubernetes:client-java-parent:21.0.0-SNAPSHOT,True,extended,extended,True,io.kubernetes:client-java-parent:21.0.0-SNAPSHOT,True,listed-ok,
kubernetes-client,java,/home/camila/repos/kubernetes-client/java,io.kubernetes:client-java-parent:21.0.0-SNAPSHOT,True,fluent,fluent,True,io.kubernetes:client-java-parent:21.0.0-SNAPSHOT,True,listed-ok,
kubernetes-client,java,/home/camila/repos/kubernetes-client/java,io.kubernetes:client-java-parent:21.0.0-SNAPSHOT,True,spring,spring,True,io.kubernetes:client-java-parent:21.0.0-SNAPSHOT,True,listed-ok,
kubernetes-client,java,/home/camila/repos/kubernetes-client/java,io.kubernetes:client-java-parent:21.0.0-SNAPSHOT,True,spring-aot,spring-aot,True,io.kubernetes:client-java-parent:21.0.0-SNAPSHOT,True,listed-ok,
kubernetes-client,java,/home/camila/repos/kubernetes-client/java,io.kubernetes:client-java-parent:21.0.0-SNAPSHOT,False,fluent-gen,fluent-gen,True,io.kubernetes:client-java-parent:21.0.0-SNAPSHOT,True,unlisted-child-with-root-parent,unlisted-but-parent-matches-root
languagetool-org,languagetool,/home/camila/repos/languagetool-org/languagetool,org.languagetool:languagetool-parent:${revision},True,languagetool-core,languagetool-core,True,org.languagetool:languagetool-parent:${revision},True,listed-ok,
languagetool-org,languagetool,/home/camila/repos/languagetool-org/languagetool,org.languagetool:languagetool-parent:${revision},True,languagetool-language-modules/en,languagetool-language-modules/en,False,?:?:?,False,listed-nested-path,nested-module-path
languagetool-org,languagetool,/home/camila/repos/languagetool-org/languagetool,org.languagetool:languagetool-parent:${revision},True,languagetool-language-modules/fa,languagetool-language-modules/fa,False,?:?:?,False,listed-nested-path,nested-module-path
languagetool-org,languagetool,/home/camila/repos/languagetool-org/languagetool,org.languagetool:languagetool-parent:${revision},True,languagetool-language-modules/ar,languagetool-language-modules/ar,False,?:?:?,False,listed-nested-path,nested-module-path
languagetool-org,languagetool,/home/camila/repos/languagetool-org/languagetool,org.languagetool:languagetool-parent:${revision},True,languagetool-language-modules/fr,languagetool-language-modules/fr,False,?:?:?,False,listed-nested-path,nested-module-path
languagetool-org,languagetool,/home/camila/repos/languagetool-org/languagetool,org.languagetool:languagetool-parent:${revision},True,languagetool-language-modules/de,languagetool-language-modules/de,False,?:?:?,False,listed-nested-path,nested-module-path
languagetool-org,languagetool,/home/camila/repos/languagetool-org/languagetool,org.languagetool:languagetool-parent:${revision},True,languagetool-language-modules/pl,languagetool-language-modules/pl,False,?:?:?,False,listed-nested-path,nested-module-path
languagetool-org,languagetool,/home/camila/repos/languagetool-org/languagetool,org.languagetool:languagetool-parent:${revision},True,languagetool-language-modules/ca,languagetool-language-modules/ca,False,?:?:?,False,listed-nested-path,nested-module-path
languagetool-org,languagetool,/home/camila/repos/languagetool-org/languagetool,org.languagetool:languagetool-parent:${revision},True,languagetool-language-modules/it,languagetool-language-modules/it,False,?:?:?,False,listed-nested-path,nested-module-path
languagetool-org,languagetool,/home/camila/repos/languagetool-org/languagetool,org.languagetool:languagetool-parent:${revision},True,languagetool-language-modules/br,languagetool-language-modules/br,False,?:?:?,False,listed-nested-path,nested-module-path
languagetool-org,languagetool,/home/camila/repos/languagetool-org/languagetool,org.languagetool:languagetool-parent:${revision},True,languagetool-language-modules/nl,languagetool-language-modules/nl,False,?:?:?,False,listed-nested-path,nested-module-path
languagetool-org,languagetool,/home/camila/repos/languagetool-org/languagetool,org.languagetool:languagetool-parent:${revision},True,languagetool-language-modules/pt,languagetool-language-modules/pt,False,?:?:?,False,listed-nested-path,nested-module-path
languagetool-org,languagetool,/home/camila/repos/languagetool-org/languagetool,org.languagetool:languagetool-parent:${revision},True,languagetool-language-modules/ru,languagetool-language-modules/ru,False,?:?:?,False,listed-nested-path,nested-module-path
languagetool-org,languagetool,/home/camila/repos/languagetool-org/languagetool,org.languagetool:languagetool-parent:${revision},True,languagetool-language-modules/ast,languagetool-language-modules/ast,False,?:?:?,False,listed-nested-path,nested-module-path
languagetool-org,languagetool,/home/camila/repos/languagetool-org/languagetool,org.languagetool:languagetool-parent:${revision},True,languagetool-language-modules/be,languagetool-language-modules/be,False,?:?:?,False,listed-nested-path,nested-module-path
languagetool-org,languagetool,/home/camila/repos/languagetool-org/languagetool,org.languagetool:languagetool-parent:${revision},True,languagetool-language-modules/zh,languagetool-language-modules/zh,False,?:?:?,False,listed-nested-path,nested-module-path
languagetool-org,languagetool,/home/camila/repos/languagetool-org/languagetool,org.languagetool:languagetool-parent:${revision},True,languagetool-language-modules/da,languagetool-language-modules/da,False,?:?:?,False,listed-nested-path,nested-module-path
languagetool-org,languagetool,/home/camila/repos/languagetool-org/languagetool,org.languagetool:languagetool-parent:${revision},True,languagetool-language-modules/eo,languagetool-language-modules/eo,False,?:?:?,False,listed-nested-path,nested-module-path
languagetool-org,languagetool,/home/camila/repos/languagetool-org/languagetool,org.languagetool:languagetool-parent:${revision},True,languagetool-language-modules/gl,languagetool-language-modules/gl,False,?:?:?,False,listed-nested-path,nested-module-path
languagetool-org,languagetool,/home/camila/repos/languagetool-org/languagetool,org.languagetool:languagetool-parent:${revision},True,languagetool-language-modules/el,languagetool-language-modules/el,False,?:?:?,False,listed-nested-path,nested-module-path
languagetool-org,languagetool,/home/camila/repos/languagetool-org/languagetool,org.languagetool:languagetool-parent:${revision},True,languagetool-language-modules/is,languagetool-language-modules/is,False,?:?:?,False,listed-nested-path,nested-module-path
languagetool-org,languagetool,/home/camila/repos/languagetool-org/languagetool,org.languagetool:languagetool-parent:${revision},True,languagetool-language-modules/ja,languagetool-language-modules/ja,False,?:?:?,False,listed-nested-path,nested-module-path
languagetool-org,languagetool,/home/camila/repos/languagetool-org/languagetool,org.languagetool:languagetool-parent:${revision},True,languagetool-language-modules/km,languagetool-language-modules/km,False,?:?:?,False,listed-nested-path,nested-module-path
languagetool-org,languagetool,/home/camila/repos/languagetool-org/languagetool,org.languagetool:languagetool-parent:${revision},True,languagetool-language-modules/lt,languagetool-language-modules/lt,False,?:?:?,False,listed-nested-path,nested-module-path
languagetool-org,languagetool,/home/camila/repos/languagetool-org/languagetool,org.languagetool:languagetool-parent:${revision},True,languagetool-language-modules/ml,languagetool-language-modules/ml,False,?:?:?,False,listed-nested-path,nested-module-path
languagetool-org,languagetool,/home/camila/repos/languagetool-org/languagetool,org.languagetool:languagetool-parent:${revision},True,languagetool-language-modules/ro,languagetool-language-modules/ro,False,?:?:?,False,listed-nested-path,nested-module-path
languagetool-org,languagetool,/home/camila/repos/languagetool-org/languagetool,org.languagetool:languagetool-parent:${revision},True,languagetool-language-modules/sk,languagetool-language-modules/sk,False,?:?:?,False,listed-nested-path,nested-module-path
languagetool-org,languagetool,/home/camila/repos/languagetool-org/languagetool,org.languagetool:languagetool-parent:${revision},True,languagetool-language-modules/sl,languagetool-language-modules/sl,False,?:?:?,False,listed-nested-path,nested-module-path
languagetool-org,languagetool,/home/camila/repos/languagetool-org/languagetool,org.languagetool:languagetool-parent:${revision},True,languagetool-language-modules/es,languagetool-language-modules/es,False,?:?:?,False,listed-nested-path,nested-module-path
languagetool-org,languagetool,/home/camila/repos/languagetool-org/languagetool,org.languagetool:languagetool-parent:${revision},True,languagetool-language-modules/sv,languagetool-language-modules/sv,False,?:?:?,False,listed-nested-path,nested-module-path
languagetool-org,languagetool,/home/camila/repos/languagetool-org/languagetool,org.languagetool:languagetool-parent:${revision},True,languagetool-language-modules/ta,languagetool-language-modules/ta,False,?:?:?,False,listed-nested-path,nested-module-path
languagetool-org,languagetool,/home/camila/repos/languagetool-org/languagetool,org.languagetool:languagetool-parent:${revision},True,languagetool-language-modules/tl,languagetool-language-modules/tl,False,?:?:?,False,listed-nested-path,nested-module-path
languagetool-org,languagetool,/home/camila/repos/languagetool-org/languagetool,org.languagetool:languagetool-parent:${revision},True,languagetool-language-modules/uk,languagetool-language-modules/uk,False,?:?:?,False,listed-nested-path,nested-module-path
languagetool-org,languagetool,/home/camila/repos/languagetool-org/languagetool,org.languagetool:languagetool-parent:${revision},True,languagetool-language-modules/crh,languagetool-language-modules/crh,False,?:?:?,False,listed-nested-path,nested-module-path
languagetool-org,languagetool,/home/camila/repos/languagetool-org/languagetool,org.languagetool:languagetool-parent:${revision},True,languagetool-language-modules/de-DE-x-simple-language,languagetool-language-modules/de-DE-x-simple-language,False,?:?:?,False,listed-nested-path,nested-module-path
languagetool-org,languagetool,/home/camila/repos/languagetool-org/languagetool,org.languagetool:languagetool-parent:${revision},True,languagetool-language-modules/ga,languagetool-language-modules/ga,False,?:?:?,False,listed-nested-path,nested-module-path
languagetool-org,languagetool,/home/camila/repos/languagetool-org/languagetool,org.languagetool:languagetool-parent:${revision},True,languagetool-language-modules/all,languagetool-language-modules/all,False,?:?:?,False,listed-nested-path,nested-module-path
languagetool-org,languagetool,/home/camila/repos/languagetool-org/languagetool,org.languagetool:languagetool-parent:${revision},True,languagetool-gui-commons,languagetool-gui-commons,True,org.languagetool:languagetool-parent:${revision},True,listed-ok,
languagetool-org,languagetool,/home/camila/repos/languagetool-org/languagetool,org.languagetool:languagetool-parent:${revision},True,languagetool-commandline,languagetool-commandline,True,org.languagetool:languagetool-parent:${revision},True,listed-ok,
languagetool-org,languagetool,/home/camila/repos/languagetool-org/languagetool,org.languagetool:languagetool-parent:${revision},True,languagetool-standalone,languagetool-standalone,True,org.languagetool:languagetool-parent:${revision},True,listed-ok,
languagetool-org,languagetool,/home/camila/repos/languagetool-org/languagetool,org.languagetool:languagetool-parent:${revision},True,languagetool-wikipedia,languagetool-wikipedia,True,org.languagetool:languagetool-parent:${revision},True,listed-ok,
languagetool-org,languagetool,/home/camila/repos/languagetool-org/languagetool,org.languagetool:languagetool-parent:${revision},True,languagetool-server,languagetool-server,True,org.languagetool:languagetool-parent:${revision},True,listed-ok,
languagetool-org,languagetool,/home/camila/repos/languagetool-org/languagetool,org.languagetool:languagetool-parent:${revision},True,languagetool-http-client,languagetool-http-client,True,org.languagetool:languagetool-parent:${revision},True,listed-ok,
languagetool-org,languagetool,/home/camila/repos/languagetool-org/languagetool,org.languagetool:languagetool-parent:${revision},True,languagetool-tools,languagetool-tools,True,org.languagetool:languagetool-parent:${revision},True,listed-ok,
languagetool-org,languagetool,/home/camila/repos/languagetool-org/languagetool,org.languagetool:languagetool-parent:${revision},True,languagetool-dev,languagetool-dev,True,org.languagetool:languagetool-parent:${revision},True,listed-ok,
LibrePDF,OpenPDF,/home/camila/repos/LibrePDF/OpenPDF,com.github.librepdf:openpdf-parent:2.0.4-SNAPSHOT,True,openpdf,openpdf,True,com.github.librepdf:openpdf-parent:2.0.4-SNAPSHOT,True,listed-ok,
LibrePDF,OpenPDF,/home/camila/repos/LibrePDF/OpenPDF,com.github.librepdf:openpdf-parent:2.0.4-SNAPSHOT,True,pdf-swing,pdf-swing,True,com.github.librepdf:openpdf-parent:2.0.4-SNAPSHOT,True,listed-ok,
LibrePDF,OpenPDF,/home/camila/repos/LibrePDF/OpenPDF,com.github.librepdf:openpdf-parent:2.0.4-SNAPSHOT,True,pdf-toolbox,pdf-toolbox,True,com.github.librepdf:openpdf-parent:2.0.4-SNAPSHOT,True,listed-ok,
LibrePDF,OpenPDF,/home/camila/repos/LibrePDF/OpenPDF,com.github.librepdf:openpdf-parent:2.0.4-SNAPSHOT,True,openpdf-fonts-extra,openpdf-fonts-extra,True,com.github.librepdf:openpdf-parent:2.0.4-SNAPSHOT,True,listed-ok,
liquibase,liquibase,/home/camila/repos/liquibase/liquibase,org.liquibase:liquibase:0-SNAPSHOT,True,liquibase-core,liquibase-core,True,org.liquibase:liquibase:0-SNAPSHOT,True,listed-ok,
liquibase,liquibase,/home/camila/repos/liquibase/liquibase,org.liquibase:liquibase:0-SNAPSHOT,True,liquibase-standard,liquibase-standard,True,org.liquibase:liquibase:0-SNAPSHOT,True,listed-ok,
liquibase,liquibase,/home/camila/repos/liquibase/liquibase,org.liquibase:liquibase:0-SNAPSHOT,True,liquibase-cli,liquibase-cli,True,org.liquibase:liquibase:0-SNAPSHOT,True,listed-ok,
liquibase,liquibase,/home/camila/repos/liquibase/liquibase,org.liquibase:liquibase:0-SNAPSHOT,True,liquibase-maven-plugin,liquibase-maven-plugin,True,org.liquibase:liquibase:0-SNAPSHOT,True,listed-ok,
liquibase,liquibase,/home/camila/repos/liquibase/liquibase,org.liquibase:liquibase:0-SNAPSHOT,True,liquibase-cdi-jakarta,liquibase-cdi-jakarta,True,org.liquibase:liquibase:0-SNAPSHOT,True,listed-ok,
liquibase,liquibase,/home/camila/repos/liquibase/liquibase,org.liquibase:liquibase:0-SNAPSHOT,True,liquibase-cdi,liquibase-cdi,True,org.liquibase:liquibase:0-SNAPSHOT,True,listed-ok,
liquibase,liquibase,/home/camila/repos/liquibase/liquibase,org.liquibase:liquibase:0-SNAPSHOT,True,liquibase-integration-tests,liquibase-integration-tests,True,org.liquibase:liquibase:0-SNAPSHOT,True,listed-ok,
liquibase,liquibase,/home/camila/repos/liquibase/liquibase,org.liquibase:liquibase:0-SNAPSHOT,True,liquibase-dist,liquibase-dist,True,org.liquibase:liquibase:0-SNAPSHOT,True,listed-ok,
liquibase,liquibase,/home/camila/repos/liquibase/liquibase,org.liquibase:liquibase:0-SNAPSHOT,True,liquibase-extension-testing,liquibase-extension-testing,True,org.liquibase:liquibase:0-SNAPSHOT,True,listed-ok,
liquibase,liquibase,/home/camila/repos/liquibase/liquibase,org.liquibase:liquibase:0-SNAPSHOT,True,liquibase-snowflake,liquibase-snowflake,True,org.liquibase:liquibase:0-SNAPSHOT,True,listed-ok,
lukas-krecan,ShedLock,/home/camila/repos/lukas-krecan/ShedLock,net.javacrumbs.shedlock:shedlock-parent:5.16.1-SNAPSHOT,True,shedlock-bom,shedlock-bom,True,net.javacrumbs.shedlock:shedlock-parent:5.16.1-SNAPSHOT,True,listed-ok,
lukas-krecan,ShedLock,/home/camila/repos/lukas-krecan/ShedLock,net.javacrumbs.shedlock:shedlock-parent:5.16.1-SNAPSHOT,True,shedlock-core,shedlock-core,True,net.javacrumbs.shedlock:shedlock-parent:5.16.1-SNAPSHOT,True,listed-ok,
lukas-krecan,ShedLock,/home/camila/repos/lukas-krecan/ShedLock,net.javacrumbs.shedlock:shedlock-parent:5.16.1-SNAPSHOT,True,cdi/shedlock-cdi-vintage,cdi/shedlock-cdi-vintage,False,?:?:?,False,listed-nested-path,nested-module-path
lukas-krecan,ShedLock,/home/camila/repos/lukas-krecan/ShedLock,net.javacrumbs.shedlock:shedlock-parent:5.16.1-SNAPSHOT,True,cdi/shedlock-cdi,cdi/shedlock-cdi,False,?:?:?,False,listed-nested-path,nested-module-path
lukas-krecan,ShedLock,/home/camila/repos/lukas-krecan/ShedLock,net.javacrumbs.shedlock:shedlock-parent:5.16.1-SNAPSHOT,True,cdi/test/quarkus-test,cdi/test/quarkus-test,False,?:?:?,False,listed-nested-path,nested-module-path
lukas-krecan,ShedLock,/home/camila/repos/lukas-krecan/ShedLock,net.javacrumbs.shedlock:shedlock-parent:5.16.1-SNAPSHOT,True,micronaut/shedlock-micronaut,micronaut/shedlock-micronaut,False,?:?:?,False,listed-nested-path,nested-module-path
lukas-krecan,ShedLock,/home/camila/repos/lukas-krecan/ShedLock,net.javacrumbs.shedlock:shedlock-parent:5.16.1-SNAPSHOT,True,micronaut/shedlock-micronaut4,micronaut/shedlock-micronaut4,False,?:?:?,False,listed-nested-path,nested-module-path
lukas-krecan,ShedLock,/home/camila/repos/lukas-krecan/ShedLock,net.javacrumbs.shedlock:shedlock-parent:5.16.1-SNAPSHOT,True,micronaut/test/micronaut-jdbc,micronaut/test/micronaut-jdbc,False,?:?:?,False,listed-nested-path,nested-module-path
lukas-krecan,ShedLock,/home/camila/repos/lukas-krecan/ShedLock,net.javacrumbs.shedlock:shedlock-parent:5.16.1-SNAPSHOT,True,micronaut/test/micronaut-jdbc-template,micronaut/test/micronaut-jdbc-template,False,?:?:?,False,listed-nested-path,nested-module-path
lukas-krecan,ShedLock,/home/camila/repos/lukas-krecan/ShedLock,net.javacrumbs.shedlock:shedlock-parent:5.16.1-SNAPSHOT,True,micronaut/test/micronaut4-jdbc,micronaut/test/micronaut4-jdbc,False,?:?:?,False,listed-nested-path,nested-module-path
lukas-krecan,ShedLock,/home/camila/repos/lukas-krecan/ShedLock,net.javacrumbs.shedlock:shedlock-parent:5.16.1-SNAPSHOT,True,micronaut/test/micronaut4-jdbc-template,micronaut/test/micronaut4-jdbc-template,False,?:?:?,False,listed-nested-path,nested-module-path
lukas-krecan,ShedLock,/home/camila/repos/lukas-krecan/ShedLock,net.javacrumbs.shedlock:shedlock-parent:5.16.1-SNAPSHOT,True,spring/shedlock-spring,spring/shedlock-spring,False,?:?:?,False,listed-nested-path,nested-module-path
lukas-krecan,ShedLock,/home/camila/repos/lukas-krecan/ShedLock,net.javacrumbs.shedlock:shedlock-parent:5.16.1-SNAPSHOT,True,spring/test/shedlock-springboot-old-test,spring/test/shedlock-springboot-old-test,False,?:?:?,False,listed-nested-path,nested-module-path
lukas-krecan,ShedLock,/home/camila/repos/lukas-krecan/ShedLock,net.javacrumbs.shedlock:shedlock-parent:5.16.1-SNAPSHOT,True,spring/test/shedlock-springboot-test,spring/test/shedlock-springboot-test,False,?:?:?,False,listed-nested-path,nested-module-path
lukas-krecan,ShedLock,/home/camila/repos/lukas-krecan/ShedLock,net.javacrumbs.shedlock:shedlock-parent:5.16.1-SNAPSHOT,True,spring/test/shedlock-springboot-future-test,spring/test/shedlock-springboot-future-test,False,?:?:?,False,listed-nested-path,nested-module-path
lukas-krecan,ShedLock,/home/camila/repos/lukas-krecan/ShedLock,net.javacrumbs.shedlock:shedlock-parent:5.16.1-SNAPSHOT,True,spring/test/shedlock-springboot-sleuth-test,spring/test/shedlock-springboot-sleuth-test,False,?:?:?,False,listed-nested-path,nested-module-path
lukas-krecan,ShedLock,/home/camila/repos/lukas-krecan/ShedLock,net.javacrumbs.shedlock:shedlock-parent:5.16.1-SNAPSHOT,True,spring/test/shedlock-springboot-kotlin-test,spring/test/shedlock-springboot-kotlin-test,False,?:?:?,False,listed-nested-path,nested-module-path
lukas-krecan,ShedLock,/home/camila/repos/lukas-krecan/ShedLock,net.javacrumbs.shedlock:shedlock-parent:5.16.1-SNAPSHOT,True,spring/test/shedlock-testng-test,spring/test/shedlock-testng-test,False,?:?:?,False,listed-nested-path,nested-module-path
lukas-krecan,ShedLock,/home/camila/repos/lukas-krecan/ShedLock,net.javacrumbs.shedlock:shedlock-parent:5.16.1-SNAPSHOT,True,shedlock-test-support,shedlock-test-support,True,net.javacrumbs.shedlock:shedlock-parent:5.16.1-SNAPSHOT,True,listed-ok,
lukas-krecan,ShedLock,/home/camila/repos/lukas-krecan/ShedLock,net.javacrumbs.shedlock:shedlock-parent:5.16.1-SNAPSHOT,True,providers/etcd/shedlock-provider-etcd-jetcd,providers/etcd/shedlock-provider-etcd-jetcd,False,?:?:?,False,listed-nested-path,nested-module-path
lukas-krecan,ShedLock,/home/camila/repos/lukas-krecan/ShedLock,net.javacrumbs.shedlock:shedlock-parent:5.16.1-SNAPSHOT,True,providers/hazelcast/shedlock-provider-hazelcast4,providers/hazelcast/shedlock-provider-hazelcast4,False,?:?:?,False,listed-nested-path,nested-module-path
lukas-krecan,ShedLock,/home/camila/repos/lukas-krecan/ShedLock,net.javacrumbs.shedlock:shedlock-parent:5.16.1-SNAPSHOT,True,providers/jdbc/shedlock-test-support-jdbc,providers/jdbc/shedlock-test-support-jdbc,False,?:?:?,False,listed-nested-path,nested-module-path
lukas-krecan,ShedLock,/home/camila/repos/lukas-krecan/ShedLock,net.javacrumbs.shedlock:shedlock-parent:5.16.1-SNAPSHOT,True,providers/jdbc/shedlock-provider-jdbc-internal,providers/jdbc/shedlock-provider-jdbc-internal,False,?:?:?,False,listed-nested-path,nested-module-path
lukas-krecan,ShedLock,/home/camila/repos/lukas-krecan/ShedLock,net.javacrumbs.shedlock:shedlock-parent:5.16.1-SNAPSHOT,True,providers/jdbc/shedlock-provider-jdbc,providers/jdbc/shedlock-provider-jdbc,False,?:?:?,False,listed-nested-path,nested-module-path
lukas-krecan,ShedLock,/home/camila/repos/lukas-krecan/ShedLock,net.javacrumbs.shedlock:shedlock-parent:5.16.1-SNAPSHOT,True,providers/jdbc/shedlock-provider-jooq,providers/jdbc/shedlock-provider-jooq,False,?:?:?,False,listed-nested-path,nested-module-path
lukas-krecan,ShedLock,/home/camila/repos/lukas-krecan/ShedLock,net.javacrumbs.shedlock:shedlock-parent:5.16.1-SNAPSHOT,True,providers/jdbc/shedlock-provider-jdbc-template,providers/jdbc/shedlock-provider-jdbc-template,False,?:?:?,False,listed-nested-path,nested-module-path
lukas-krecan,ShedLock,/home/camila/repos/lukas-krecan/ShedLock,net.javacrumbs.shedlock:shedlock-parent:5.16.1-SNAPSHOT,True,providers/jdbc/shedlock-provider-jdbc-micronaut,providers/jdbc/shedlock-provider-jdbc-micronaut,False,?:?:?,False,listed-nested-path,nested-module-path
lukas-krecan,ShedLock,/home/camila/repos/lukas-krecan/ShedLock,net.javacrumbs.shedlock:shedlock-parent:5.16.1-SNAPSHOT,True,providers/r2dbc/shedlock-provider-r2dbc,providers/r2dbc/shedlock-provider-r2dbc,False,?:?:?,False,listed-nested-path,nested-module-path
lukas-krecan,ShedLock,/home/camila/repos/lukas-krecan/ShedLock,net.javacrumbs.shedlock:shedlock-parent:5.16.1-SNAPSHOT,True,providers/mongo/shedlock-provider-mongo,providers/mongo/shedlock-provider-mongo,False,?:?:?,False,listed-nested-path,nested-module-path
lukas-krecan,ShedLock,/home/camila/repos/lukas-krecan/ShedLock,net.javacrumbs.shedlock:shedlock-parent:5.16.1-SNAPSHOT,True,providers/mongo/shedlock-provider-mongo-reactivestreams,providers/mongo/shedlock-provider-mongo-reactivestreams,False,?:?:?,False,listed-nested-path,nested-module-path
lukas-krecan,ShedLock,/home/camila/repos/lukas-krecan/ShedLock,net.javacrumbs.shedlock:shedlock-parent:5.16.1-SNAPSHOT,True,providers/neo4j/shedlock-provider-neo4j,providers/neo4j/shedlock-provider-neo4j,False,?:?:?,False,listed-nested-path,nested-module-path
lukas-krecan,ShedLock,/home/camila/repos/lukas-krecan/ShedLock,net.javacrumbs.shedlock:shedlock-parent:5.16.1-SNAPSHOT,True,providers/elasticsearch/shedlock-provider-elasticsearch8,providers/elasticsearch/shedlock-provider-elasticsearch8,False,?:?:?,False,listed-nested-path,nested-module-path
lukas-krecan,ShedLock,/home/camila/repos/lukas-krecan/ShedLock,net.javacrumbs.shedlock:shedlock-parent:5.16.1-SNAPSHOT,True,providers/opensearch/shedlock-provider-opensearch,providers/opensearch/shedlock-provider-opensearch,False,?:?:?,False,listed-nested-path,nested-module-path
lukas-krecan,ShedLock,/home/camila/repos/lukas-krecan/ShedLock,net.javacrumbs.shedlock:shedlock-parent:5.16.1-SNAPSHOT,True,providers/couchbase/shedlock-provider-couchbase-javaclient3,providers/couchbase/shedlock-provider-couchbase-javaclient3,False,?:?:?,False,listed-nested-path,nested-module-path
lukas-krecan,ShedLock,/home/camila/repos/lukas-krecan/ShedLock,net.javacrumbs.shedlock:shedlock-parent:5.16.1-SNAPSHOT,True,providers/zookeeper/shedlock-provider-zookeeper-curator,providers/zookeeper/shedlock-provider-zookeeper-curator,False,?:?:?,False,listed-nested-path,nested-module-path
lukas-krecan,ShedLock,/home/camila/repos/lukas-krecan/ShedLock,net.javacrumbs.shedlock:shedlock-parent:5.16.1-SNAPSHOT,True,providers/redis/shedlock-provider-redis-jedis4,providers/redis/shedlock-provider-redis-jedis4,False,?:?:?,False,listed-nested-path,nested-module-path
lukas-krecan,ShedLock,/home/camila/repos/lukas-krecan/ShedLock,net.javacrumbs.shedlock:shedlock-parent:5.16.1-SNAPSHOT,True,providers/redis/shedlock-provider-redis-spring,providers/redis/shedlock-provider-redis-spring,False,?:?:?,False,listed-nested-path,nested-module-path
lukas-krecan,ShedLock,/home/camila/repos/lukas-krecan/ShedLock,net.javacrumbs.shedlock:shedlock-parent:5.16.1-SNAPSHOT,True,providers/redis/shedlock-provider-redis-quarkus2,providers/redis/shedlock-provider-redis-quarkus2,False,?:?:?,False,listed-nested-path,nested-module-path
lukas-krecan,ShedLock,/home/camila/repos/lukas-krecan/ShedLock,net.javacrumbs.shedlock:shedlock-parent:5.16.1-SNAPSHOT,True,providers/dynamodb/shedlock-provider-dynamodb2,providers/dynamodb/shedlock-provider-dynamodb2,False,?:?:?,False,listed-nested-path,nested-module-path
lukas-krecan,ShedLock,/home/camila/repos/lukas-krecan/ShedLock,net.javacrumbs.shedlock:shedlock-parent:5.16.1-SNAPSHOT,True,providers/cassandra/shedlock-provider-cassandra,providers/cassandra/shedlock-provider-cassandra,False,?:?:?,False,listed-nested-path,nested-module-path
lukas-krecan,ShedLock,/home/camila/repos/lukas-krecan/ShedLock,net.javacrumbs.shedlock:shedlock-parent:5.16.1-SNAPSHOT,True,providers/consul/shedlock-provider-consul,providers/consul/shedlock-provider-consul,False,?:?:?,False,listed-nested-path,nested-module-path
lukas-krecan,ShedLock,/home/camila/repos/lukas-krecan/ShedLock,net.javacrumbs.shedlock:shedlock-parent:5.16.1-SNAPSHOT,True,providers/arangodb/shedlock-provider-arangodb,providers/arangodb/shedlock-provider-arangodb,False,?:?:?,False,listed-nested-path,nested-module-path
lukas-krecan,ShedLock,/home/camila/repos/lukas-krecan/ShedLock,net.javacrumbs.shedlock:shedlock-parent:5.16.1-SNAPSHOT,True,providers/ignite/shedlock-provider-ignite,providers/ignite/shedlock-provider-ignite,False,?:?:?,False,listed-nested-path,nested-module-path
lukas-krecan,ShedLock,/home/camila/repos/lukas-krecan/ShedLock,net.javacrumbs.shedlock:shedlock-parent:5.16.1-SNAPSHOT,True,providers/inmemory/shedlock-provider-inmemory,providers/inmemory/shedlock-provider-inmemory,False,?:?:?,False,listed-nested-path,nested-module-path
lukas-krecan,ShedLock,/home/camila/repos/lukas-krecan/ShedLock,net.javacrumbs.shedlock:shedlock-parent:5.16.1-SNAPSHOT,True,providers/memcached/shedlock-provider-memcached-spy,providers/memcached/shedlock-provider-memcached-spy,False,?:?:?,False,listed-nested-path,nested-module-path
lukas-krecan,ShedLock,/home/camila/repos/lukas-krecan/ShedLock,net.javacrumbs.shedlock:shedlock-parent:5.16.1-SNAPSHOT,True,providers/datastore/shedlock-provider-datastore,providers/datastore/shedlock-provider-datastore,False,?:?:?,False,listed-nested-path,nested-module-path
lukas-krecan,ShedLock,/home/camila/repos/lukas-krecan/ShedLock,net.javacrumbs.shedlock:shedlock-parent:5.16.1-SNAPSHOT,True,providers/spanner/shedlock-provider-spanner,providers/spanner/shedlock-provider-spanner,False,?:?:?,False,listed-nested-path,nested-module-path
magefree,mage,/home/camila/repos/magefree/mage,org.mage:mage-root:1.4.54,True,Mage,Mage,True,org.mage:mage-root:1.4.54,True,listed-ok,
magefree,mage,/home/camila/repos/magefree/mage,org.mage:mage-root:1.4.54,True,Mage.Common,Mage.Common,True,org.mage:mage-root:1.4.54,True,listed-ok,
magefree,mage,/home/camila/repos/magefree/mage,org.mage:mage-root:1.4.54,True,Mage.Server,Mage.Server,True,org.mage:mage-root:1.4.54,True,listed-ok,
magefree,mage,/home/camila/repos/magefree/mage,org.mage:mage-root:1.4.54,True,Mage.Sets,Mage.Sets,True,org.mage:mage-root:1.4.54,True,listed-ok,
magefree,mage,/home/camila/repos/magefree/mage,org.mage:mage-root:1.4.54,True,Mage.Client,Mage.Client,True,org.mage:mage-root:1.4.54,True,listed-ok,
magefree,mage,/home/camila/repos/magefree/mage,org.mage:mage-root:1.4.54,True,Mage.Plugins,Mage.Plugins,True,org.mage:mage-root:1.4.54,True,listed-ok,
magefree,mage,/home/camila/repos/magefree/mage,org.mage:mage-root:1.4.54,True,Mage.Server.Plugins,Mage.Server.Plugins,True,org.mage:mage-root:1.4.54,True,listed-ok,
magefree,mage,/home/camila/repos/magefree/mage,org.mage:mage-root:1.4.54,True,Mage.Server.Console,Mage.Server.Console,True,org.mage:mage-root:1.4.54,True,listed-ok,
magefree,mage,/home/camila/repos/magefree/mage,org.mage:mage-root:1.4.54,True,Mage.Tests,Mage.Tests,True,org.mage:mage-root:1.4.54,True,listed-ok,
magefree,mage,/home/camila/repos/magefree/mage,org.mage:mage-root:1.4.54,True,Mage.Verify,Mage.Verify,True,org.mage:mage-root:1.4.54,True,listed-ok,
magefree,mage,/home/camila/repos/magefree/mage,org.mage:mage-root:1.4.54,True,Mage.Reports,Mage.Reports,True,org.mage:mage-root:1.4.54,True,listed-ok,
manifold-systems,manifold,/home/camila/repos/manifold-systems/manifold,systems.manifold:manifold-parent:2024.1.33-SNAPSHOT,True,manifold-core-parent,manifold-core-parent,True,systems.manifold:manifold-parent:2024.1.33-SNAPSHOT,True,listed-ok,
manifold-systems,manifold,/home/camila/repos/manifold-systems/manifold,systems.manifold:manifold-parent:2024.1.33-SNAPSHOT,True,manifold-deps-parent,manifold-deps-parent,True,systems.manifold:manifold-parent:2024.1.33-SNAPSHOT,True,listed-ok,
manifold-systems,manifold,/home/camila/repos/manifold-systems/manifold,systems.manifold:manifold-parent:2024.1.33-SNAPSHOT,True,manifold-util,manifold-util,True,systems.manifold:manifold-parent:2024.1.33-SNAPSHOT,True,listed-ok,
manifold-systems,manifold,/home/camila/repos/manifold-systems/manifold,systems.manifold:manifold-parent:2024.1.33-SNAPSHOT,True,manifold-javadoc-agent,manifold-javadoc-agent,True,systems.manifold:manifold-parent:2024.1.33-SNAPSHOT,True,listed-ok,
manifold-systems,manifold,/home/camila/repos/manifold-systems/manifold,systems.manifold:manifold-parent:2024.1.33-SNAPSHOT,True,manifold-all,manifold-all,True,systems.manifold:manifold-parent:2024.1.33-SNAPSHOT,True,listed-ok,
mapstruct,mapstruct,/home/camila/repos/mapstruct/mapstruct,org.mapstruct:mapstruct-aggregator:1.7.0-SNAPSHOT,True,parent,parent,True,?:?:?,False,listed-parent-mismatch,child-without-parent-or-missing-ga
mapstruct,mapstruct,/home/camila/repos/mapstruct/mapstruct,org.mapstruct:mapstruct-aggregator:1.7.0-SNAPSHOT,True,build-config,build-config,True,org.mapstruct:mapstruct-parent:1.7.0-SNAPSHOT,False,listed-parent-mismatch,parent-ga-mismatch
mapstruct,mapstruct,/home/camila/repos/mapstruct/mapstruct,org.mapstruct:mapstruct-aggregator:1.7.0-SNAPSHOT,True,core,core,True,org.mapstruct:mapstruct-parent:1.7.0-SNAPSHOT,False,listed-parent-mismatch,parent-ga-mismatch
mapstruct,mapstruct,/home/camila/repos/mapstruct/mapstruct,org.mapstruct:mapstruct-aggregator:1.7.0-SNAPSHOT,True,core-jdk8,core-jdk8,True,org.mapstruct:mapstruct-parent:1.7.0-SNAPSHOT,False,listed-parent-mismatch,parent-ga-mismatch
mapstruct,mapstruct,/home/camila/repos/mapstruct/mapstruct,org.mapstruct:mapstruct-aggregator:1.7.0-SNAPSHOT,True,processor,processor,True,org.mapstruct:mapstruct-parent:1.7.0-SNAPSHOT,False,listed-parent-mismatch,parent-ga-mismatch
mitreid-connect,OpenID-Connect-Java-Spring-Server,/home/camila/repos/mitreid-connect/OpenID-Connect-Java-Spring-Server,org.mitre:openid-connect-parent:1.3.5-SNAPSHOT,True,openid-connect-common,openid-connect-common,True,org.mitre:openid-connect-parent:1.3.5-SNAPSHOT,True,listed-ok,
mitreid-connect,OpenID-Connect-Java-Spring-Server,/home/camila/repos/mitreid-connect/OpenID-Connect-Java-Spring-Server,org.mitre:openid-connect-parent:1.3.5-SNAPSHOT,True,openid-connect-client,openid-connect-client,True,org.mitre:openid-connect-parent:1.3.5-SNAPSHOT,True,listed-ok,
mitreid-connect,OpenID-Connect-Java-Spring-Server,/home/camila/repos/mitreid-connect/OpenID-Connect-Java-Spring-Server,org.mitre:openid-connect-parent:1.3.5-SNAPSHOT,True,openid-connect-server,openid-connect-server,True,org.mitre:openid-connect-parent:1.3.5-SNAPSHOT,True,listed-ok,
mitreid-connect,OpenID-Connect-Java-Spring-Server,/home/camila/repos/mitreid-connect/OpenID-Connect-Java-Spring-Server,org.mitre:openid-connect-parent:1.3.5-SNAPSHOT,True,openid-connect-server-webapp,openid-connect-server-webapp,True,org.mitre:openid-connect-parent:1.3.5-SNAPSHOT,True,listed-ok,
mitreid-connect,OpenID-Connect-Java-Spring-Server,/home/camila/repos/mitreid-connect/OpenID-Connect-Java-Spring-Server,org.mitre:openid-connect-parent:1.3.5-SNAPSHOT,True,uma-server,uma-server,True,org.mitre:openid-connect-parent:1.3.5-SNAPSHOT,True,listed-ok,
mitreid-connect,OpenID-Connect-Java-Spring-Server,/home/camila/repos/mitreid-connect/OpenID-Connect-Java-Spring-Server,org.mitre:openid-connect-parent:1.3.5-SNAPSHOT,True,uma-server-webapp,uma-server-webapp,True,org.mitre:openid-connect-parent:1.3.5-SNAPSHOT,True,listed-ok,
mock-server,mockserver,/home/camila/repos/mock-server/mockserver,org.mock-server:mockserver:5.15.1-SNAPSHOT,True,mockserver-testing,mockserver-testing,True,org.mock-server:mockserver:5.15.1-SNAPSHOT,True,listed-ok,
mock-server,mockserver,/home/camila/repos/mock-server/mockserver,org.mock-server:mockserver:5.15.1-SNAPSHOT,True,mockserver-client-java,mockserver-client-java,True,org.mock-server:mockserver:5.15.1-SNAPSHOT,True,listed-ok,
mock-server,mockserver,/home/camila/repos/mock-server/mockserver,org.mock-server:mockserver:5.15.1-SNAPSHOT,True,mockserver-core,mockserver-core,True,org.mock-server:mockserver:5.15.1-SNAPSHOT,True,listed-ok,
mock-server,mockserver,/home/camila/repos/mock-server/mockserver,org.mock-server:mockserver:5.15.1-SNAPSHOT,True,mockserver-integration-testing,mockserver-integration-testing,True,org.mock-server:mockserver:5.15.1-SNAPSHOT,True,listed-ok,
mock-server,mockserver,/home/camila/repos/mock-server/mockserver,org.mock-server:mockserver:5.15.1-SNAPSHOT,True,mockserver-war,mockserver-war,True,org.mock-server:mockserver:5.15.1-SNAPSHOT,True,listed-ok,
mock-server,mockserver,/home/camila/repos/mock-server/mockserver,org.mock-server:mockserver:5.15.1-SNAPSHOT,True,mockserver-proxy-war,mockserver-proxy-war,True,org.mock-server:mockserver:5.15.1-SNAPSHOT,True,listed-ok,
mock-server,mockserver,/home/camila/repos/mock-server/mockserver,org.mock-server:mockserver:5.15.1-SNAPSHOT,True,mockserver-netty,mockserver-netty,True,org.mock-server:mockserver:5.15.1-SNAPSHOT,True,listed-ok,
mock-server,mockserver,/home/camila/repos/mock-server/mockserver,org.mock-server:mockserver:5.15.1-SNAPSHOT,True,mockserver-junit-rule,mockserver-junit-rule,True,org.mock-server:mockserver:5.15.1-SNAPSHOT,True,listed-ok,
mock-server,mockserver,/home/camila/repos/mock-server/mockserver,org.mock-server:mockserver:5.15.1-SNAPSHOT,True,mockserver-junit-jupiter,mockserver-junit-jupiter,True,org.mock-server:mockserver:5.15.1-SNAPSHOT,True,listed-ok,
mock-server,mockserver,/home/camila/repos/mock-server/mockserver,org.mock-server:mockserver:5.15.1-SNAPSHOT,True,mockserver-spring-test-listener,mockserver-spring-test-listener,True,org.mock-server:mockserver:5.15.1-SNAPSHOT,True,listed-ok,
mock-server,mockserver,/home/camila/repos/mock-server/mockserver,org.mock-server:mockserver:5.15.1-SNAPSHOT,True,mockserver-examples,mockserver-examples,True,org.mock-server:mockserver:5.15.1-SNAPSHOT,True,listed-ok,
moquette-io,moquette,/home/camila/repos/moquette-io/moquette,io.moquette:moquette-parent:0.18-SNAPSHOT,True,broker,broker,True,io.moquette:moquette-parent:0.18-SNAPSHOT,True,listed-ok,
moquette-io,moquette,/home/camila/repos/moquette-io/moquette,io.moquette:moquette-parent:0.18-SNAPSHOT,True,distribution,distribution,True,io.moquette:moquette-parent:0.18-SNAPSHOT,True,listed-ok,
moquette-io,moquette,/home/camila/repos/moquette-io/moquette,io.moquette:moquette-parent:0.18-SNAPSHOT,True,embedding_moquette,embedding_moquette,True,io.moquette:moquette-parent:0.18-SNAPSHOT,True,listed-ok,
MorphiaOrg,morphia,/home/camila/repos/MorphiaOrg/morphia,dev.morphia.morphia:morphia:2.3.10-SNAPSHOT,True,build-plugins,build-plugins,True,dev.morphia.morphia:morphia:2.3.10-SNAPSHOT,True,listed-ok,
MorphiaOrg,morphia,/home/camila/repos/MorphiaOrg/morphia,dev.morphia.morphia:morphia:2.3.10-SNAPSHOT,True,util,util,True,dev.morphia.morphia:morphia:2.3.10-SNAPSHOT,True,listed-ok,
MorphiaOrg,morphia,/home/camila/repos/MorphiaOrg/morphia,dev.morphia.morphia:morphia:2.3.10-SNAPSHOT,True,core,core,True,dev.morphia.morphia:morphia:2.3.10-SNAPSHOT,True,listed-ok,
MorphiaOrg,morphia,/home/camila/repos/MorphiaOrg/morphia,dev.morphia.morphia:morphia:2.3.10-SNAPSHOT,True,kotlin,kotlin,True,dev.morphia.morphia:morphia:2.3.10-SNAPSHOT,True,listed-ok,
MorphiaOrg,morphia,/home/camila/repos/MorphiaOrg/morphia,dev.morphia.morphia:morphia:2.3.10-SNAPSHOT,True,validation,validation,True,dev.morphia.morphia:morphia:2.3.10-SNAPSHOT,True,listed-ok,
MorphiaOrg,morphia,/home/camila/repos/MorphiaOrg/morphia,dev.morphia.morphia:morphia:2.3.10-SNAPSHOT,True,examples,examples,True,dev.morphia.morphia:morphia:2.3.10-SNAPSHOT,True,listed-ok,
MorphiaOrg,morphia,/home/camila/repos/MorphiaOrg/morphia,dev.morphia.morphia:morphia:2.3.10-SNAPSHOT,False,audits,audits,True,dev.morphia.morphia:morphia:2.3.10-SNAPSHOT,True,unlisted-child-with-root-parent,unlisted-but-parent-matches-root
netty,netty,/home/camila/repos/netty/netty,io.netty:netty-parent:4.2.0.Alpha5-SNAPSHOT,True,all,all,True,io.netty:netty-parent:4.2.0.Alpha5-SNAPSHOT,True,listed-ok,
netty,netty,/home/camila/repos/netty/netty,io.netty:netty-parent:4.2.0.Alpha5-SNAPSHOT,True,dev-tools,dev-tools,True,org.sonatype.oss:oss-parent:7,False,listed-parent-mismatch,parent-ga-mismatch
netty,netty,/home/camila/repos/netty/netty,io.netty:netty-parent:4.2.0.Alpha5-SNAPSHOT,True,common,common,True,io.netty:netty-parent:4.2.0.Alpha5-SNAPSHOT,True,listed-ok,
netty,netty,/home/camila/repos/netty/netty,io.netty:netty-parent:4.2.0.Alpha5-SNAPSHOT,True,buffer,buffer,True,io.netty:netty-parent:4.2.0.Alpha5-SNAPSHOT,True,listed-ok,
netty,netty,/home/camila/repos/netty/netty,io.netty:netty-parent:4.2.0.Alpha5-SNAPSHOT,True,codec,codec,True,io.netty:netty-parent:4.2.0.Alpha5-SNAPSHOT,True,listed-ok,
netty,netty,/home/camila/repos/netty/netty,io.netty:netty-parent:4.2.0.Alpha5-SNAPSHOT,True,codec-dns,codec-dns,True,io.netty:netty-parent:4.2.0.Alpha5-SNAPSHOT,True,listed-ok,
netty,netty,/home/camila/repos/netty/netty,io.netty:netty-parent:4.2.0.Alpha5-SNAPSHOT,True,codec-haproxy,codec-haproxy,True,io.netty:netty-parent:4.2.0.Alpha5-SNAPSHOT,True,listed-ok,
netty,netty,/home/camila/repos/netty/netty,io.netty:netty-parent:4.2.0.Alpha5-SNAPSHOT,True,codec-http,codec-http,True,io.netty:netty-parent:4.2.0.Alpha5-SNAPSHOT,True,listed-ok,
netty,netty,/home/camila/repos/netty/netty,io.netty:netty-parent:4.2.0.Alpha5-SNAPSHOT,True,codec-http2,codec-http2,True,io.netty:netty-parent:4.2.0.Alpha5-SNAPSHOT,True,listed-ok,
netty,netty,/home/camila/repos/netty/netty,io.netty:netty-parent:4.2.0.Alpha5-SNAPSHOT,True,codec-memcache,codec-memcache,True,io.netty:netty-parent:4.2.0.Alpha5-SNAPSHOT,True,listed-ok,
netty,netty,/home/camila/repos/netty/netty,io.netty:netty-parent:4.2.0.Alpha5-SNAPSHOT,True,codec-mqtt,codec-mqtt,True,io.netty:netty-parent:4.2.0.Alpha5-SNAPSHOT,True,listed-ok,
netty,netty,/home/camila/repos/netty/netty,io.netty:netty-parent:4.2.0.Alpha5-SNAPSHOT,True,codec-redis,codec-redis,True,io.netty:netty-parent:4.2.0.Alpha5-SNAPSHOT,True,listed-ok,
netty,netty,/home/camila/repos/netty/netty,io.netty:netty-parent:4.2.0.Alpha5-SNAPSHOT,True,codec-smtp,codec-smtp,True,io.netty:netty-parent:4.2.0.Alpha5-SNAPSHOT,True,listed-ok,
netty,netty,/home/camila/repos/netty/netty,io.netty:netty-parent:4.2.0.Alpha5-SNAPSHOT,True,codec-socks,codec-socks,True,io.netty:netty-parent:4.2.0.Alpha5-SNAPSHOT,True,listed-ok,
netty,netty,/home/camila/repos/netty/netty,io.netty:netty-parent:4.2.0.Alpha5-SNAPSHOT,True,codec-stomp,codec-stomp,True,io.netty:netty-parent:4.2.0.Alpha5-SNAPSHOT,True,listed-ok,
netty,netty,/home/camila/repos/netty/netty,io.netty:netty-parent:4.2.0.Alpha5-SNAPSHOT,True,codec-xml,codec-xml,True,io.netty:netty-parent:4.2.0.Alpha5-SNAPSHOT,True,listed-ok,
netty,netty,/home/camila/repos/netty/netty,io.netty:netty-parent:4.2.0.Alpha5-SNAPSHOT,True,codec-compression,codec-compression,True,io.netty:netty-parent:4.2.0.Alpha5-SNAPSHOT,True,listed-ok,
netty,netty,/home/camila/repos/netty/netty,io.netty:netty-parent:4.2.0.Alpha5-SNAPSHOT,True,codec-protobuf,codec-protobuf,True,io.netty:netty-parent:4.2.0.Alpha5-SNAPSHOT,True,listed-ok,
netty,netty,/home/camila/repos/netty/netty,io.netty:netty-parent:4.2.0.Alpha5-SNAPSHOT,True,codec-marshalling,codec-marshalling,True,io.netty:netty-parent:4.2.0.Alpha5-SNAPSHOT,True,listed-ok,
netty,netty,/home/camila/repos/netty/netty,io.netty:netty-parent:4.2.0.Alpha5-SNAPSHOT,True,resolver,resolver,True,io.netty:netty-parent:4.2.0.Alpha5-SNAPSHOT,True,listed-ok,
netty,netty,/home/camila/repos/netty/netty,io.netty:netty-parent:4.2.0.Alpha5-SNAPSHOT,True,resolver-dns,resolver-dns,True,io.netty:netty-parent:4.2.0.Alpha5-SNAPSHOT,True,listed-ok,
netty,netty,/home/camila/repos/netty/netty,io.netty:netty-parent:4.2.0.Alpha5-SNAPSHOT,True,resolver-dns-classes-macos,resolver-dns-classes-macos,True,io.netty:netty-parent:4.2.0.Alpha5-SNAPSHOT,True,listed-ok,
netty,netty,/home/camila/repos/netty/netty,io.netty:netty-parent:4.2.0.Alpha5-SNAPSHOT,True,resolver-dns-native-macos,resolver-dns-native-macos,True,io.netty:netty-parent:4.2.0.Alpha5-SNAPSHOT,True,listed-ok,
netty,netty,/home/camila/repos/netty/netty,io.netty:netty-parent:4.2.0.Alpha5-SNAPSHOT,True,transport,transport,True,io.netty:netty-parent:4.2.0.Alpha5-SNAPSHOT,True,listed-ok,
netty,netty,/home/camila/repos/netty/netty,io.netty:netty-parent:4.2.0.Alpha5-SNAPSHOT,True,transport-native-unix-common-tests,transport-native-unix-common-tests,True,io.netty:netty-parent:4.2.0.Alpha5-SNAPSHOT,True,listed-ok,
netty,netty,/home/camila/repos/netty/netty,io.netty:netty-parent:4.2.0.Alpha5-SNAPSHOT,True,transport-native-unix-common,transport-native-unix-common,True,io.netty:netty-parent:4.2.0.Alpha5-SNAPSHOT,True,listed-ok,
netty,netty,/home/camila/repos/netty/netty,io.netty:netty-parent:4.2.0.Alpha5-SNAPSHOT,True,transport-classes-epoll,transport-classes-epoll,True,io.netty:netty-parent:4.2.0.Alpha5-SNAPSHOT,True,listed-ok,
netty,netty,/home/camila/repos/netty/netty,io.netty:netty-parent:4.2.0.Alpha5-SNAPSHOT,True,transport-native-epoll,transport-native-epoll,True,io.netty:netty-parent:4.2.0.Alpha5-SNAPSHOT,True,listed-ok,
netty,netty,/home/camila/repos/netty/netty,io.netty:netty-parent:4.2.0.Alpha5-SNAPSHOT,True,transport-classes-io_uring,transport-classes-io_uring,True,io.netty:netty-parent:4.2.0.Alpha5-SNAPSHOT,True,listed-ok,
netty,netty,/home/camila/repos/netty/netty,io.netty:netty-parent:4.2.0.Alpha5-SNAPSHOT,True,transport-native-io_uring,transport-native-io_uring,True,io.netty:netty-parent:4.2.0.Alpha5-SNAPSHOT,True,listed-ok,
netty,netty,/home/camila/repos/netty/netty,io.netty:netty-parent:4.2.0.Alpha5-SNAPSHOT,True,transport-classes-kqueue,transport-classes-kqueue,True,io.netty:netty-parent:4.2.0.Alpha5-SNAPSHOT,True,listed-ok,
netty,netty,/home/camila/repos/netty/netty,io.netty:netty-parent:4.2.0.Alpha5-SNAPSHOT,True,transport-native-kqueue,transport-native-kqueue,True,io.netty:netty-parent:4.2.0.Alpha5-SNAPSHOT,True,listed-ok,
netty,netty,/home/camila/repos/netty/netty,io.netty:netty-parent:4.2.0.Alpha5-SNAPSHOT,True,transport-rxtx,transport-rxtx,True,io.netty:netty-parent:4.2.0.Alpha5-SNAPSHOT,True,listed-ok,
netty,netty,/home/camila/repos/netty/netty,io.netty:netty-parent:4.2.0.Alpha5-SNAPSHOT,True,transport-sctp,transport-sctp,True,io.netty:netty-parent:4.2.0.Alpha5-SNAPSHOT,True,listed-ok,
netty,netty,/home/camila/repos/netty/netty,io.netty:netty-parent:4.2.0.Alpha5-SNAPSHOT,True,transport-udt,transport-udt,True,io.netty:netty-parent:4.2.0.Alpha5-SNAPSHOT,True,listed-ok,
netty,netty,/home/camila/repos/netty/netty,io.netty:netty-parent:4.2.0.Alpha5-SNAPSHOT,True,handler,handler,True,io.netty:netty-parent:4.2.0.Alpha5-SNAPSHOT,True,listed-ok,
netty,netty,/home/camila/repos/netty/netty,io.netty:netty-parent:4.2.0.Alpha5-SNAPSHOT,True,handler-proxy,handler-proxy,True,io.netty:netty-parent:4.2.0.Alpha5-SNAPSHOT,True,listed-ok,
netty,netty,/home/camila/repos/netty/netty,io.netty:netty-parent:4.2.0.Alpha5-SNAPSHOT,True,handler-ssl-ocsp,handler-ssl-ocsp,True,io.netty:netty-parent:4.2.0.Alpha5-SNAPSHOT,True,listed-ok,
netty,netty,/home/camila/repos/netty/netty,io.netty:netty-parent:4.2.0.Alpha5-SNAPSHOT,True,example,example,True,io.netty:netty-parent:4.2.0.Alpha5-SNAPSHOT,True,listed-ok,
netty,netty,/home/camila/repos/netty/netty,io.netty:netty-parent:4.2.0.Alpha5-SNAPSHOT,True,testsuite,testsuite,True,io.netty:netty-parent:4.2.0.Alpha5-SNAPSHOT,True,listed-ok,
netty,netty,/home/camila/repos/netty/netty,io.netty:netty-parent:4.2.0.Alpha5-SNAPSHOT,True,testsuite-autobahn,testsuite-autobahn,True,io.netty:netty-parent:4.2.0.Alpha5-SNAPSHOT,True,listed-ok,
netty,netty,/home/camila/repos/netty/netty,io.netty:netty-parent:4.2.0.Alpha5-SNAPSHOT,True,testsuite-http2,testsuite-http2,True,io.netty:netty-parent:4.2.0.Alpha5-SNAPSHOT,True,listed-ok,
netty,netty,/home/camila/repos/netty/netty,io.netty:netty-parent:4.2.0.Alpha5-SNAPSHOT,True,testsuite-osgi,testsuite-osgi,True,io.netty:netty-parent:4.2.0.Alpha5-SNAPSHOT,True,listed-ok,
netty,netty,/home/camila/repos/netty/netty,io.netty:netty-parent:4.2.0.Alpha5-SNAPSHOT,True,testsuite-shading,testsuite-shading,True,io.netty:netty-parent:4.2.0.Alpha5-SNAPSHOT,True,listed-ok,
netty,netty,/home/camila/repos/netty/netty,io.netty:netty-parent:4.2.0.Alpha5-SNAPSHOT,True,testsuite-native,testsuite-native,True,io.netty:netty-parent:4.2.0.Alpha5-SNAPSHOT,True,listed-ok,
netty,netty,/home/camila/repos/netty/netty,io.netty:netty-parent:4.2.0.Alpha5-SNAPSHOT,True,testsuite-native-image,testsuite-native-image,True,io.netty:netty-parent:4.2.0.Alpha5-SNAPSHOT,True,listed-ok,
netty,netty,/home/camila/repos/netty/netty,io.netty:netty-parent:4.2.0.Alpha5-SNAPSHOT,True,testsuite-native-image-client,testsuite-native-image-client,True,io.netty:netty-parent:4.2.0.Alpha5-SNAPSHOT,True,listed-ok,
netty,netty,/home/camila/repos/netty/netty,io.netty:netty-parent:4.2.0.Alpha5-SNAPSHOT,True,testsuite-native-image-client-runtime-init,testsuite-native-image-client-runtime-init,True,io.netty:netty-parent:4.2.0.Alpha5-SNAPSHOT,True,listed-ok,
netty,netty,/home/camila/repos/netty/netty,io.netty:netty-parent:4.2.0.Alpha5-SNAPSHOT,True,transport-blockhound-tests,transport-blockhound-tests,True,io.netty:netty-parent:4.2.0.Alpha5-SNAPSHOT,True,listed-ok,
netty,netty,/home/camila/repos/netty/netty,io.netty:netty-parent:4.2.0.Alpha5-SNAPSHOT,True,microbench,microbench,True,io.netty:netty-parent:4.2.0.Alpha5-SNAPSHOT,True,listed-ok,
netty,netty,/home/camila/repos/netty/netty,io.netty:netty-parent:4.2.0.Alpha5-SNAPSHOT,True,bom,bom,True,org.sonatype.oss:oss-parent:7,False,listed-parent-mismatch,parent-ga-mismatch
netty,netty,/home/camila/repos/netty/netty,io.netty:netty-parent:4.2.0.Alpha5-SNAPSHOT,False,testsuite-jpms,testsuite-jpms,True,io.netty:netty-parent:4.2.0.Alpha5-SNAPSHOT,True,unlisted-child-with-root-parent,unlisted-but-parent-matches-root
networknt,light-4j,/home/camila/repos/networknt/light-4j,com.networknt:light-4j:2.1.38-SNAPSHOT,True,config,config,True,com.networknt:light-4j:2.1.38-SNAPSHOT,True,listed-ok,
networknt,light-4j,/home/camila/repos/networknt/light-4j,com.networknt:light-4j:2.1.38-SNAPSHOT,True,utility,utility,True,com.networknt:light-4j:2.1.38-SNAPSHOT,True,listed-ok,
networknt,light-4j,/home/camila/repos/networknt/light-4j,com.networknt:light-4j:2.1.38-SNAPSHOT,True,http-string,http-string,True,com.networknt:light-4j:2.1.38-SNAPSHOT,True,listed-ok,
networknt,light-4j,/home/camila/repos/networknt/light-4j,com.networknt:light-4j:2.1.38-SNAPSHOT,True,http-url,http-url,True,com.networknt:light-4j:2.1.38-SNAPSHOT,True,listed-ok,
networknt,light-4j,/home/camila/repos/networknt/light-4j,com.networknt:light-4j:2.1.38-SNAPSHOT,True,security,security,True,com.networknt:light-4j:2.1.38-SNAPSHOT,True,listed-ok,
networknt,light-4j,/home/camila/repos/networknt/light-4j,com.networknt:light-4j:2.1.38-SNAPSHOT,True,security-config,security-config,True,com.networknt:light-4j:2.1.38-SNAPSHOT,True,listed-ok,
networknt,light-4j,/home/camila/repos/networknt/light-4j,com.networknt:light-4j:2.1.38-SNAPSHOT,True,client-config,client-config,True,com.networknt:light-4j:2.1.38-SNAPSHOT,True,listed-ok,
networknt,light-4j,/home/camila/repos/networknt/light-4j,com.networknt:light-4j:2.1.38-SNAPSHOT,True,client,client,True,com.networknt:light-4j:2.1.38-SNAPSHOT,True,listed-ok,
networknt,light-4j,/home/camila/repos/networknt/light-4j,com.networknt:light-4j:2.1.38-SNAPSHOT,True,audit,audit,True,com.networknt:light-4j:2.1.38-SNAPSHOT,True,listed-ok,
networknt,light-4j,/home/camila/repos/networknt/light-4j,com.networknt:light-4j:2.1.38-SNAPSHOT,True,audit-config,audit-config,True,com.networknt:light-4j:2.1.38-SNAPSHOT,True,listed-ok,
networknt,light-4j,/home/camila/repos/networknt/light-4j,com.networknt:light-4j:2.1.38-SNAPSHOT,True,dump,dump,True,com.networknt:light-4j:2.1.38-SNAPSHOT,True,listed-ok,
networknt,light-4j,/home/camila/repos/networknt/light-4j,com.networknt:light-4j:2.1.38-SNAPSHOT,True,info-config,info-config,True,com.networknt:light-4j:2.1.38-SNAPSHOT,True,listed-ok,
networknt,light-4j,/home/camila/repos/networknt/light-4j,com.networknt:light-4j:2.1.38-SNAPSHOT,True,info,info,True,com.networknt:light-4j:2.1.38-SNAPSHOT,True,listed-ok,
networknt,light-4j,/home/camila/repos/networknt/light-4j,com.networknt:light-4j:2.1.38-SNAPSHOT,True,health-config,health-config,True,com.networknt:light-4j:2.1.38-SNAPSHOT,True,listed-ok,
networknt,light-4j,/home/camila/repos/networknt/light-4j,com.networknt:light-4j:2.1.38-SNAPSHOT,True,health,health,True,com.networknt:light-4j:2.1.38-SNAPSHOT,True,listed-ok,
networknt,light-4j,/home/camila/repos/networknt/light-4j,com.networknt:light-4j:2.1.38-SNAPSHOT,True,status,status,True,com.networknt:light-4j:2.1.38-SNAPSHOT,True,listed-ok,
networknt,light-4j,/home/camila/repos/networknt/light-4j,com.networknt:light-4j:2.1.38-SNAPSHOT,True,exception,exception,True,com.networknt:light-4j:2.1.38-SNAPSHOT,True,listed-ok,
networknt,light-4j,/home/camila/repos/networknt/light-4j,com.networknt:light-4j:2.1.38-SNAPSHOT,True,exception-config,exception-config,True,com.networknt:light-4j:2.1.38-SNAPSHOT,True,listed-ok,
networknt,light-4j,/home/camila/repos/networknt/light-4j,com.networknt:light-4j:2.1.38-SNAPSHOT,True,body,body,True,com.networknt:light-4j:2.1.38-SNAPSHOT,True,listed-ok,
networknt,light-4j,/home/camila/repos/networknt/light-4j,com.networknt:light-4j:2.1.38-SNAPSHOT,True,body-config,body-config,True,com.networknt:light-4j:2.1.38-SNAPSHOT,True,listed-ok,
networknt,light-4j,/home/camila/repos/networknt/light-4j,com.networknt:light-4j:2.1.38-SNAPSHOT,True,header,header,True,com.networknt:light-4j:2.1.38-SNAPSHOT,True,listed-ok,
networknt,light-4j,/home/camila/repos/networknt/light-4j,com.networknt:light-4j:2.1.38-SNAPSHOT,True,header-config,header-config,True,com.networknt:light-4j:2.1.38-SNAPSHOT,True,listed-ok,
networknt,light-4j,/home/camila/repos/networknt/light-4j,com.networknt:light-4j:2.1.38-SNAPSHOT,True,mask,mask,True,com.networknt:light-4j:2.1.38-SNAPSHOT,True,listed-ok,
networknt,light-4j,/home/camila/repos/networknt/light-4j,com.networknt:light-4j:2.1.38-SNAPSHOT,True,handler-config,handler-config,True,com.networknt:light-4j:2.1.38-SNAPSHOT,True,listed-ok,
networknt,light-4j,/home/camila/repos/networknt/light-4j,com.networknt:light-4j:2.1.38-SNAPSHOT,True,handler,handler,True,com.networknt:light-4j:2.1.38-SNAPSHOT,True,listed-ok,
networknt,light-4j,/home/camila/repos/networknt/light-4j,com.networknt:light-4j:2.1.38-SNAPSHOT,True,metrics-config,metrics-config,True,com.networknt:light-4j:2.1.38-SNAPSHOT,True,listed-ok,
networknt,light-4j,/home/camila/repos/networknt/light-4j,com.networknt:light-4j:2.1.38-SNAPSHOT,True,metrics,metrics,True,com.networknt:light-4j:2.1.38-SNAPSHOT,True,listed-ok,
networknt,light-4j,/home/camila/repos/networknt/light-4j,com.networknt:light-4j:2.1.38-SNAPSHOT,True,prometheus,prometheus,True,com.networknt:light-4j:2.1.38-SNAPSHOT,True,listed-ok,
networknt,light-4j,/home/camila/repos/networknt/light-4j,com.networknt:light-4j:2.1.38-SNAPSHOT,True,sanitizer-config,sanitizer-config,True,com.networknt:light-4j:2.1.38-SNAPSHOT,True,listed-ok,
networknt,light-4j,/home/camila/repos/networknt/light-4j,com.networknt:light-4j:2.1.38-SNAPSHOT,True,sanitizer,sanitizer,True,com.networknt:light-4j:2.1.38-SNAPSHOT,True,listed-ok,
networknt,light-4j,/home/camila/repos/networknt/light-4j,com.networknt:light-4j:2.1.38-SNAPSHOT,True,traceability,traceability,True,com.networknt:light-4j:2.1.38-SNAPSHOT,True,listed-ok,
networknt,light-4j,/home/camila/repos/networknt/light-4j,com.networknt:light-4j:2.1.38-SNAPSHOT,True,traceability-config,traceability-config,True,com.networknt:light-4j:2.1.38-SNAPSHOT,True,listed-ok,
networknt,light-4j,/home/camila/repos/networknt/light-4j,com.networknt:light-4j:2.1.38-SNAPSHOT,True,correlation,correlation,True,com.networknt:light-4j:2.1.38-SNAPSHOT,True,listed-ok,
networknt,light-4j,/home/camila/repos/networknt/light-4j,com.networknt:light-4j:2.1.38-SNAPSHOT,True,correlation-config,correlation-config,True,com.networknt:light-4j:2.1.38-SNAPSHOT,True,listed-ok,
networknt,light-4j,/home/camila/repos/networknt/light-4j,com.networknt:light-4j:2.1.38-SNAPSHOT,True,service,service,True,com.networknt:light-4j:2.1.38-SNAPSHOT,True,listed-ok,
networknt,light-4j,/home/camila/repos/networknt/light-4j,com.networknt:light-4j:2.1.38-SNAPSHOT,True,switcher,switcher,True,com.networknt:light-4j:2.1.38-SNAPSHOT,True,listed-ok,
networknt,light-4j,/home/camila/repos/networknt/light-4j,com.networknt:light-4j:2.1.38-SNAPSHOT,True,registry,registry,True,com.networknt:light-4j:2.1.38-SNAPSHOT,True,listed-ok,
networknt,light-4j,/home/camila/repos/networknt/light-4j,com.networknt:light-4j:2.1.38-SNAPSHOT,True,balance,balance,True,com.networknt:light-4j:2.1.38-SNAPSHOT,True,listed-ok,
networknt,light-4j,/home/camila/repos/networknt/light-4j,com.networknt:light-4j:2.1.38-SNAPSHOT,True,consul,consul,True,com.networknt:light-4j:2.1.38-SNAPSHOT,True,listed-ok,
networknt,light-4j,/home/camila/repos/networknt/light-4j,com.networknt:light-4j:2.1.38-SNAPSHOT,True,portal-registry,portal-registry,True,com.networknt:light-4j:2.1.38-SNAPSHOT,True,listed-ok,
networknt,light-4j,/home/camila/repos/networknt/light-4j,com.networknt:light-4j:2.1.38-SNAPSHOT,True,cors,cors,True,com.networknt:light-4j:2.1.38-SNAPSHOT,True,listed-ok,
networknt,light-4j,/home/camila/repos/networknt/light-4j,com.networknt:light-4j:2.1.38-SNAPSHOT,True,cluster,cluster,True,com.networknt:light-4j:2.1.38-SNAPSHOT,True,listed-ok,
networknt,light-4j,/home/camila/repos/networknt/light-4j,com.networknt:light-4j:2.1.38-SNAPSHOT,True,rate-limit,rate-limit,True,com.networknt:light-4j:2.1.38-SNAPSHOT,True,listed-ok,
networknt,light-4j,/home/camila/repos/networknt/light-4j,com.networknt:light-4j:2.1.38-SNAPSHOT,True,limit-config,limit-config,True,com.networknt:light-4j:2.1.38-SNAPSHOT,True,listed-ok,
networknt,light-4j,/home/camila/repos/networknt/light-4j,com.networknt:light-4j:2.1.38-SNAPSHOT,True,decryptor,decryptor,True,com.networknt:light-4j:2.1.38-SNAPSHOT,True,listed-ok,
networknt,light-4j,/home/camila/repos/networknt/light-4j,com.networknt:light-4j:2.1.38-SNAPSHOT,True,common,common,True,com.networknt:light-4j:2.1.38-SNAPSHOT,True,listed-ok,
networknt,light-4j,/home/camila/repos/networknt/light-4j,com.networknt:light-4j:2.1.38-SNAPSHOT,True,email-sender,email-sender,True,com.networknt:light-4j:2.1.38-SNAPSHOT,True,listed-ok,
networknt,light-4j,/home/camila/repos/networknt/light-4j,com.networknt:light-4j:2.1.38-SNAPSHOT,True,server-config,server-config,True,com.networknt:light-4j:2.1.38-SNAPSHOT,True,listed-ok,
networknt,light-4j,/home/camila/repos/networknt/light-4j,com.networknt:light-4j:2.1.38-SNAPSHOT,True,server,server,True,com.networknt:light-4j:2.1.38-SNAPSHOT,True,listed-ok,
networknt,light-4j,/home/camila/repos/networknt/light-4j,com.networknt:light-4j:2.1.38-SNAPSHOT,True,resource,resource,True,com.networknt:light-4j:2.1.38-SNAPSHOT,True,listed-ok,
networknt,light-4j,/home/camila/repos/networknt/light-4j,com.networknt:light-4j:2.1.38-SNAPSHOT,True,content,content,True,com.networknt:light-4j:2.1.38-SNAPSHOT,True,listed-ok,
networknt,light-4j,/home/camila/repos/networknt/light-4j,com.networknt:light-4j:2.1.38-SNAPSHOT,True,data-source,data-source,True,com.networknt:light-4j:2.1.38-SNAPSHOT,True,listed-ok,
networknt,light-4j,/home/camila/repos/networknt/light-4j,com.networknt:light-4j:2.1.38-SNAPSHOT,True,basic-config,basic-config,True,com.networknt:light-4j:2.1.38-SNAPSHOT,True,listed-ok,
networknt,light-4j,/home/camila/repos/networknt/light-4j,com.networknt:light-4j:2.1.38-SNAPSHOT,True,basic-auth,basic-auth,True,com.networknt:light-4j:2.1.38-SNAPSHOT,True,listed-ok,
networknt,light-4j,/home/camila/repos/networknt/light-4j,com.networknt:light-4j:2.1.38-SNAPSHOT,True,deref-token,deref-token,True,com.networknt:light-4j:2.1.38-SNAPSHOT,True,listed-ok,
networknt,light-4j,/home/camila/repos/networknt/light-4j,com.networknt:light-4j:2.1.38-SNAPSHOT,True,ip-whitelist,ip-whitelist,True,com.networknt:light-4j:2.1.38-SNAPSHOT,True,listed-ok,
networknt,light-4j,/home/camila/repos/networknt/light-4j,com.networknt:light-4j:2.1.38-SNAPSHOT,True,encode-decode,encode-decode,True,com.networknt:light-4j:2.1.38-SNAPSHOT,True,listed-ok,
networknt,light-4j,/home/camila/repos/networknt/light-4j,com.networknt:light-4j:2.1.38-SNAPSHOT,True,monad-result,monad-result,True,com.networknt:light-4j:2.1.38-SNAPSHOT,True,listed-ok,
networknt,light-4j,/home/camila/repos/networknt/light-4j,com.networknt:light-4j:2.1.38-SNAPSHOT,True,logger-config,logger-config,True,com.networknt:light-4j:2.1.38-SNAPSHOT,True,listed-ok,
networknt,light-4j,/home/camila/repos/networknt/light-4j,com.networknt:light-4j:2.1.38-SNAPSHOT,True,logger-handler,logger-handler,True,com.networknt:light-4j:2.1.38-SNAPSHOT,True,listed-ok,
networknt,light-4j,/home/camila/repos/networknt/light-4j,com.networknt:light-4j:2.1.38-SNAPSHOT,True,http-entity,http-entity,True,com.networknt:light-4j:2.1.38-SNAPSHOT,True,listed-ok,
networknt,light-4j,/home/camila/repos/networknt/light-4j,com.networknt:light-4j:2.1.38-SNAPSHOT,True,router-config,router-config,True,com.networknt:light-4j:2.1.38-SNAPSHOT,True,listed-ok,
networknt,light-4j,/home/camila/repos/networknt/light-4j,com.networknt:light-4j:2.1.38-SNAPSHOT,True,egress-router,egress-router,True,com.networknt:light-4j:2.1.38-SNAPSHOT,True,listed-ok,
networknt,light-4j,/home/camila/repos/networknt/light-4j,com.networknt:light-4j:2.1.38-SNAPSHOT,True,ingress-proxy,ingress-proxy,True,com.networknt:light-4j:2.1.38-SNAPSHOT,True,listed-ok,
networknt,light-4j,/home/camila/repos/networknt/light-4j,com.networknt:light-4j:2.1.38-SNAPSHOT,True,ruleloader-config,ruleloader-config,True,com.networknt:light-4j:2.1.38-SNAPSHOT,True,listed-ok,
networknt,light-4j,/home/camila/repos/networknt/light-4j,com.networknt:light-4j:2.1.38-SNAPSHOT,True,rule-loader,rule-loader,True,com.networknt:light-4j:2.1.38-SNAPSHOT,True,listed-ok,
networknt,light-4j,/home/camila/repos/networknt/light-4j,com.networknt:light-4j:2.1.38-SNAPSHOT,True,config-reload,config-reload,True,com.networknt:light-4j:2.1.38-SNAPSHOT,True,listed-ok,
networknt,light-4j,/home/camila/repos/networknt/light-4j,com.networknt:light-4j:2.1.38-SNAPSHOT,True,sidecar-config,sidecar-config,True,com.networknt:light-4j:2.1.38-SNAPSHOT,True,listed-ok,
networknt,light-4j,/home/camila/repos/networknt/light-4j,com.networknt:light-4j:2.1.38-SNAPSHOT,True,sidecar,sidecar,True,com.networknt:light-4j:2.1.38-SNAPSHOT,True,listed-ok,
networknt,light-4j,/home/camila/repos/networknt/light-4j,com.networknt:light-4j:2.1.38-SNAPSHOT,True,reqtrans-config,reqtrans-config,True,com.networknt:light-4j:2.1.38-SNAPSHOT,True,listed-ok,
networknt,light-4j,/home/camila/repos/networknt/light-4j,com.networknt:light-4j:2.1.38-SNAPSHOT,True,request-transformer,request-transformer,True,com.networknt:light-4j:2.1.38-SNAPSHOT,True,listed-ok,
networknt,light-4j,/home/camila/repos/networknt/light-4j,com.networknt:light-4j:2.1.38-SNAPSHOT,True,restrans-config,restrans-config,True,com.networknt:light-4j:2.1.38-SNAPSHOT,True,listed-ok,
networknt,light-4j,/home/camila/repos/networknt/light-4j,com.networknt:light-4j:2.1.38-SNAPSHOT,True,response-transformer,response-transformer,True,com.networknt:light-4j:2.1.38-SNAPSHOT,True,listed-ok,
networknt,light-4j,/home/camila/repos/networknt/light-4j,com.networknt:light-4j:2.1.38-SNAPSHOT,True,apikey-config,apikey-config,True,com.networknt:light-4j:2.1.38-SNAPSHOT,True,listed-ok,
networknt,light-4j,/home/camila/repos/networknt/light-4j,com.networknt:light-4j:2.1.38-SNAPSHOT,True,api-key,api-key,True,com.networknt:light-4j:2.1.38-SNAPSHOT,True,listed-ok,
networknt,light-4j,/home/camila/repos/networknt/light-4j,com.networknt:light-4j:2.1.38-SNAPSHOT,True,ldap-util,ldap-util,True,com.networknt:light-4j:2.1.38-SNAPSHOT,True,listed-ok,
networknt,light-4j,/home/camila/repos/networknt/light-4j,com.networknt:light-4j:2.1.38-SNAPSHOT,True,cache-manager,cache-manager,True,com.networknt:light-4j:2.1.38-SNAPSHOT,True,listed-ok,
networknt,light-4j,/home/camila/repos/networknt/light-4j,com.networknt:light-4j:2.1.38-SNAPSHOT,True,cache-explorer,cache-explorer,True,com.networknt:light-4j:2.1.38-SNAPSHOT,True,listed-ok,
networknt,light-4j,/home/camila/repos/networknt/light-4j,com.networknt:light-4j:2.1.38-SNAPSHOT,True,caffeine-cache,caffeine-cache,True,com.networknt:light-4j:2.1.38-SNAPSHOT,True,listed-ok,
networknt,light-4j,/home/camila/repos/networknt/light-4j,com.networknt:light-4j:2.1.38-SNAPSHOT,True,db-provider,db-provider,True,com.networknt:light-4j:2.1.38-SNAPSHOT,True,listed-ok,
networknt,light-4j,/home/camila/repos/networknt/light-4j,com.networknt:light-4j:2.1.38-SNAPSHOT,True,proxy-handler,proxy-handler,True,com.networknt:light-4j:2.1.38-SNAPSHOT,True,listed-ok,
networknt,light-4j,/home/camila/repos/networknt/light-4j,com.networknt:light-4j:2.1.38-SNAPSHOT,True,unified-config,unified-config,True,com.networknt:light-4j:2.1.38-SNAPSHOT,True,listed-ok,
networknt,light-4j,/home/camila/repos/networknt/light-4j,com.networknt:light-4j:2.1.38-SNAPSHOT,True,unified-security,unified-security,True,com.networknt:light-4j:2.1.38-SNAPSHOT,True,listed-ok,
OpenRefine,OpenRefine,/home/camila/repos/OpenRefine/OpenRefine,org.openrefine:openrefine:3.9-SNAPSHOT,True,modules/core,modules/core,False,?:?:?,False,listed-nested-path,nested-module-path
OpenRefine,OpenRefine,/home/camila/repos/OpenRefine/OpenRefine,org.openrefine:openrefine:3.9-SNAPSHOT,True,modules/grel,modules/grel,False,?:?:?,False,listed-nested-path,nested-module-path
OpenRefine,OpenRefine,/home/camila/repos/OpenRefine/OpenRefine,org.openrefine:openrefine:3.9-SNAPSHOT,True,main,main,True,org.openrefine:openrefine:3.9-SNAPSHOT,True,listed-ok,
OpenRefine,OpenRefine,/home/camila/repos/OpenRefine/OpenRefine,org.openrefine:openrefine:3.9-SNAPSHOT,True,server,server,True,org.openrefine:openrefine:3.9-SNAPSHOT,True,listed-ok,
OpenRefine,OpenRefine,/home/camila/repos/OpenRefine/OpenRefine,org.openrefine:openrefine:3.9-SNAPSHOT,True,extensions,extensions,True,org.openrefine:openrefine:3.9-SNAPSHOT,True,listed-ok,
OpenRefine,OpenRefine,/home/camila/repos/OpenRefine/OpenRefine,org.openrefine:openrefine:3.9-SNAPSHOT,True,packaging,packaging,True,org.openrefine:openrefine:3.9-SNAPSHOT,True,listed-ok,
OpenRefine,OpenRefine,/home/camila/repos/OpenRefine/OpenRefine,org.openrefine:openrefine:3.9-SNAPSHOT,True,benchmark,benchmark,True,org.openrefine:openrefine:3.9-SNAPSHOT,True,listed-ok,
opensourceBIM,BIMserver,/home/camila/repos/opensourceBIM/BIMserver,org.opensourcebim:parent:1.5.186-SNAPSHOT,True,Bdb,Bdb,True,org.opensourcebim:parent:1.5.186-SNAPSHOT,True,listed-ok,
opensourceBIM,BIMserver,/home/camila/repos/opensourceBIM/BIMserver,org.opensourcebim:parent:1.5.186-SNAPSHOT,True,BimServer,BimServer,True,org.opensourcebim:parent:1.5.186-SNAPSHOT,True,listed-ok,
opensourceBIM,BIMserver,/home/camila/repos/opensourceBIM/BIMserver,org.opensourcebim:parent:1.5.186-SNAPSHOT,True,BimServerClientLib,BimServerClientLib,True,org.opensourcebim:parent:1.5.186-SNAPSHOT,True,listed-ok,
opensourceBIM,BIMserver,/home/camila/repos/opensourceBIM/BIMserver,org.opensourcebim:parent:1.5.186-SNAPSHOT,True,PluginBase,PluginBase,True,org.opensourcebim:parent:1.5.186-SNAPSHOT,True,listed-ok,
opensourceBIM,BIMserver,/home/camila/repos/opensourceBIM/BIMserver,org.opensourcebim:parent:1.5.186-SNAPSHOT,True,Shared,Shared,True,org.opensourcebim:parent:1.5.186-SNAPSHOT,True,listed-ok,
opensourceBIM,BIMserver,/home/camila/repos/opensourceBIM/BIMserver,org.opensourcebim:parent:1.5.186-SNAPSHOT,True,BimServerWar,BimServerWar,True,org.opensourcebim:parent:1.5.186-SNAPSHOT,True,listed-ok,
opensourceBIM,BIMserver,/home/camila/repos/opensourceBIM/BIMserver,org.opensourcebim:parent:1.5.186-SNAPSHOT,True,BimServerJar,BimServerJar,True,org.opensourcebim:parent:1.5.186-SNAPSHOT,True,listed-ok,
OpenVidu,openvidu,/home/camila/repos/OpenVidu/openvidu,io.openvidu:openvidu-parent:2.0.0,False,openvidu-test-e2e,openvidu-test-e2e,True,io.openvidu:openvidu-parent:2.0.0,True,unlisted-child-with-root-parent,unlisted-but-parent-matches-root
OpenVidu,openvidu,/home/camila/repos/OpenVidu/openvidu,io.openvidu:openvidu-parent:2.0.0,False,openvidu-test-browsers,openvidu-test-browsers,True,io.openvidu:openvidu-parent:2.0.0,True,unlisted-child-with-root-parent,unlisted-but-parent-matches-root
openzipkin,brave,/home/camila/repos/openzipkin/brave,io.zipkin.brave:brave-parent:6.0.4-SNAPSHOT,True,brave,brave,True,io.zipkin.brave:brave-parent:6.0.4-SNAPSHOT,True,listed-ok,
openzipkin,brave,/home/camila/repos/openzipkin/brave,io.zipkin.brave:brave-parent:6.0.4-SNAPSHOT,True,brave-bom,brave-bom,True,?:?:?,False,listed-parent-mismatch,child-without-parent-or-missing-ga
openzipkin,brave,/home/camila/repos/openzipkin/brave,io.zipkin.brave:brave-parent:6.0.4-SNAPSHOT,True,brave-tests,brave-tests,True,io.zipkin.brave:brave-parent:6.0.4-SNAPSHOT,True,listed-ok,
openzipkin,brave,/home/camila/repos/openzipkin/brave,io.zipkin.brave:brave-parent:6.0.4-SNAPSHOT,True,context,context,True,io.zipkin.brave:brave-parent:6.0.4-SNAPSHOT,True,listed-ok,
openzipkin,brave,/home/camila/repos/openzipkin/brave,io.zipkin.brave:brave-parent:6.0.4-SNAPSHOT,True,instrumentation,instrumentation,True,io.zipkin.brave:brave-parent:6.0.4-SNAPSHOT,True,listed-ok,
openzipkin,brave,/home/camila/repos/openzipkin/brave,io.zipkin.brave:brave-parent:6.0.4-SNAPSHOT,True,spring-beans,spring-beans,True,io.zipkin.brave:brave-parent:6.0.4-SNAPSHOT,True,listed-ok,
openzipkin,zipkin,/home/camila/repos/openzipkin/zipkin,io.zipkin:zipkin-parent:3.4.2-SNAPSHOT,True,zipkin,zipkin,True,io.zipkin:zipkin-parent:3.4.2-SNAPSHOT,True,listed-ok,
openzipkin,zipkin,/home/camila/repos/openzipkin/zipkin,io.zipkin:zipkin-parent:3.4.2-SNAPSHOT,True,zipkin-tests,zipkin-tests,True,io.zipkin:zipkin-parent:3.4.2-SNAPSHOT,True,listed-ok,
openzipkin,zipkin,/home/camila/repos/openzipkin/zipkin,io.zipkin:zipkin-parent:3.4.2-SNAPSHOT,True,zipkin-junit5,zipkin-junit5,True,io.zipkin:zipkin-parent:3.4.2-SNAPSHOT,True,listed-ok,
openzipkin,zipkin,/home/camila/repos/openzipkin/zipkin,io.zipkin:zipkin-parent:3.4.2-SNAPSHOT,True,zipkin-storage,zipkin-storage,True,io.zipkin:zipkin-parent:3.4.2-SNAPSHOT,True,listed-ok,
openzipkin,zipkin,/home/camila/repos/openzipkin/zipkin,io.zipkin:zipkin-parent:3.4.2-SNAPSHOT,True,zipkin-collector,zipkin-collector,True,io.zipkin:zipkin-parent:3.4.2-SNAPSHOT,True,listed-ok,
openzipkin,zipkin,/home/camila/repos/openzipkin/zipkin,io.zipkin:zipkin-parent:3.4.2-SNAPSHOT,True,zipkin-server,zipkin-server,True,io.zipkin:zipkin-parent:3.4.2-SNAPSHOT,True,listed-ok,
openzipkin,zipkin,/home/camila/repos/openzipkin/zipkin,io.zipkin:zipkin-parent:3.4.2-SNAPSHOT,False,zipkin-lens,zipkin-lens,True,io.zipkin:zipkin-parent:3.4.2-SNAPSHOT,True,unlisted-child-with-root-parent,unlisted-but-parent-matches-root
openzipkin,zipkin,/home/camila/repos/openzipkin/zipkin,io.zipkin:zipkin-parent:3.4.2-SNAPSHOT,False,benchmarks,benchmarks,True,io.zipkin:zipkin-parent:3.4.2-SNAPSHOT,True,unlisted-child-with-root-parent,unlisted-but-parent-matches-root
pentaho,pentaho-kettle,/home/camila/repos/pentaho/pentaho-kettle,org.pentaho.di:pdi:10.2.0.0-SNAPSHOT,False,dbdialog,dbdialog,True,org.pentaho.di:pdi:10.2.0.0-SNAPSHOT,True,unlisted-child-with-root-parent,unlisted-but-parent-matches-root
pentaho,pentaho-kettle,/home/camila/repos/pentaho/pentaho-kettle,org.pentaho.di:pdi:10.2.0.0-SNAPSHOT,False,assemblies,assemblies,True,org.pentaho.di:pdi:10.2.0.0-SNAPSHOT,True,unlisted-child-with-root-parent,unlisted-but-parent-matches-root
pentaho,pentaho-kettle,/home/camila/repos/pentaho/pentaho-kettle,org.pentaho.di:pdi:10.2.0.0-SNAPSHOT,False,core,core,True,org.pentaho.di:pdi:10.2.0.0-SNAPSHOT,True,unlisted-child-with-root-parent,unlisted-but-parent-matches-root
pentaho,pentaho-kettle,/home/camila/repos/pentaho/pentaho-kettle,org.pentaho.di:pdi:10.2.0.0-SNAPSHOT,False,plugins,plugins,True,org.pentaho.di:pdi:10.2.0.0-SNAPSHOT,True,unlisted-child-with-root-parent,unlisted-but-parent-matches-root
pentaho,pentaho-kettle,/home/camila/repos/pentaho/pentaho-kettle,org.pentaho.di:pdi:10.2.0.0-SNAPSHOT,False,engine-ext,engine-ext,True,org.pentaho.di:pdi:10.2.0.0-SNAPSHOT,True,unlisted-child-with-root-parent,unlisted-but-parent-matches-root
pentaho,pentaho-kettle,/home/camila/repos/pentaho/pentaho-kettle,org.pentaho.di:pdi:10.2.0.0-SNAPSHOT,False,utilities,utilities,True,org.pentaho.di:pdi:10.2.0.0-SNAPSHOT,True,unlisted-child-with-root-parent,unlisted-but-parent-matches-root
pentaho,pentaho-kettle,/home/camila/repos/pentaho/pentaho-kettle,org.pentaho.di:pdi:10.2.0.0-SNAPSHOT,False,integration,integration,True,org.pentaho.di:pdi:10.2.0.0-SNAPSHOT,True,unlisted-child-with-root-parent,unlisted-but-parent-matches-root
pentaho,pentaho-kettle,/home/camila/repos/pentaho/pentaho-kettle,org.pentaho.di:pdi:10.2.0.0-SNAPSHOT,False,ui,ui,True,org.pentaho.di:pdi:10.2.0.0-SNAPSHOT,True,unlisted-child-with-root-parent,unlisted-but-parent-matches-root
pentaho,pentaho-kettle,/home/camila/repos/pentaho/pentaho-kettle,org.pentaho.di:pdi:10.2.0.0-SNAPSHOT,False,engine,engine,True,org.pentaho.di:pdi:10.2.0.0-SNAPSHOT,True,unlisted-child-with-root-parent,unlisted-but-parent-matches-root
plutext,docx4j,/home/camila/repos/plutext/docx4j,org.docx4j:docx4j-parent:${revision},True,docx4j-openxml-objects,docx4j-openxml-objects,True,org.docx4j:docx4j-parent:${revision},True,listed-ok,
plutext,docx4j,/home/camila/repos/plutext/docx4j,org.docx4j:docx4j-parent:${revision},True,docx4j-openxml-objects-pml,docx4j-openxml-objects-pml,True,org.docx4j:docx4j-parent:${revision},True,listed-ok,
plutext,docx4j,/home/camila/repos/plutext/docx4j,org.docx4j:docx4j-parent:${revision},True,docx4j-openxml-objects-sml,docx4j-openxml-objects-sml,True,org.docx4j:docx4j-parent:${revision},True,listed-ok,
plutext,docx4j,/home/camila/repos/plutext/docx4j,org.docx4j:docx4j-parent:${revision},True,docx4j-core,docx4j-core,True,org.docx4j:docx4j-parent:${revision},True,listed-ok,
plutext,docx4j,/home/camila/repos/plutext/docx4j,org.docx4j:docx4j-parent:${revision},True,docx4j-core-tests,docx4j-core-tests,True,org.docx4j:docx4j-parent:${revision},True,listed-ok,
plutext,docx4j,/home/camila/repos/plutext/docx4j,org.docx4j:docx4j-parent:${revision},True,docx4j-diffx,docx4j-diffx,True,org.docx4j:docx4j-parent:${revision},True,listed-ok,
plutext,docx4j,/home/camila/repos/plutext/docx4j,org.docx4j:docx4j-parent:${revision},True,docx4j-docx-anon,docx4j-docx-anon,True,org.docx4j:docx4j-parent:${revision},True,listed-ok,
plutext,docx4j,/home/camila/repos/plutext/docx4j,org.docx4j:docx4j-parent:${revision},True,docx4j-export-fo,docx4j-export-fo,True,org.docx4j:docx4j-parent:${revision},True,listed-ok,
plutext,docx4j,/home/camila/repos/plutext/docx4j,org.docx4j:docx4j-parent:${revision},True,docx4j-conversion-via-microsoft-graph,docx4j-conversion-via-microsoft-graph,True,org.docx4j:docx4j-parent:${revision},True,listed-ok,
plutext,docx4j,/home/camila/repos/plutext/docx4j,org.docx4j:docx4j-parent:${revision},True,docx4j-documents4j-remote,docx4j-documents4j-remote,True,org.docx4j:docx4j-parent:${revision},True,listed-ok,
plutext,docx4j,/home/camila/repos/plutext/docx4j,org.docx4j:docx4j-parent:${revision},True,docx4j-documents4j-local,docx4j-documents4j-local,True,org.docx4j:docx4j-parent:${revision},True,listed-ok,
plutext,docx4j,/home/camila/repos/plutext/docx4j,org.docx4j:docx4j-parent:${revision},True,docx4j-JAXB-MOXy,docx4j-JAXB-MOXy,True,org.docx4j:docx4j-parent:${revision},True,listed-ok,
plutext,docx4j,/home/camila/repos/plutext/docx4j,org.docx4j:docx4j-parent:${revision},True,docx4j-JAXB-ReferenceImpl,docx4j-JAXB-ReferenceImpl,True,org.docx4j:docx4j-parent:${revision},True,listed-ok,
plutext,docx4j,/home/camila/repos/plutext/docx4j,org.docx4j:docx4j-parent:${revision},True,docx4j-samples-resources,docx4j-samples-resources,True,org.docx4j:docx4j-parent:${revision},True,listed-ok,
plutext,docx4j,/home/camila/repos/plutext/docx4j,org.docx4j:docx4j-parent:${revision},True,docx4j-samples-docx4j,docx4j-samples-docx4j,True,org.docx4j:docx4j-parent:${revision},True,listed-ok,
plutext,docx4j,/home/camila/repos/plutext/docx4j,org.docx4j:docx4j-parent:${revision},True,docx4j-samples-docx-diffx,docx4j-samples-docx-diffx,True,org.docx4j:docx4j-parent:${revision},True,listed-ok,
plutext,docx4j,/home/camila/repos/plutext/docx4j,org.docx4j:docx4j-parent:${revision},True,docx4j-samples-docx-export-fo,docx4j-samples-docx-export-fo,True,org.docx4j:docx4j-parent:${revision},True,listed-ok,
plutext,docx4j,/home/camila/repos/plutext/docx4j,org.docx4j:docx4j-parent:${revision},True,docx4j-samples-pptx4j,docx4j-samples-pptx4j,True,org.docx4j:docx4j-parent:${revision},True,listed-ok,
plutext,docx4j,/home/camila/repos/plutext/docx4j,org.docx4j:docx4j-parent:${revision},True,docx4j-samples-xlsx4j,docx4j-samples-xlsx4j,True,org.docx4j:docx4j-parent:${revision},True,listed-ok,
plutext,docx4j,/home/camila/repos/plutext/docx4j,org.docx4j:docx4j-parent:${revision},True,docx4j-samples-glox4j,docx4j-samples-glox4j,True,org.docx4j:docx4j-parent:${revision},True,listed-ok,
plutext,docx4j,/home/camila/repos/plutext/docx4j,org.docx4j:docx4j-parent:${revision},True,docx4j-samples-conversion-via-microsoft-graph,docx4j-samples-conversion-via-microsoft-graph,True,org.docx4j:docx4j-parent:${revision},True,listed-ok,
plutext,docx4j,/home/camila/repos/plutext/docx4j,org.docx4j:docx4j-parent:${revision},True,docx4j-samples-documents4j-remote,docx4j-samples-documents4j-remote,True,org.docx4j:docx4j-parent:${revision},True,listed-ok,
plutext,docx4j,/home/camila/repos/plutext/docx4j,org.docx4j:docx4j-parent:${revision},True,docx4j-samples-documents4j-local,docx4j-samples-documents4j-local,True,org.docx4j:docx4j-parent:${revision},True,listed-ok,
plutext,docx4j,/home/camila/repos/plutext/docx4j,org.docx4j:docx4j-parent:${revision},True,docx4j-bundle,docx4j-bundle,True,org.docx4j:docx4j-parent:${revision},True,listed-ok,
plutext,docx4j,/home/camila/repos/plutext/docx4j,org.docx4j:docx4j-parent:${revision},True,docx4j-legacy-service,docx4j-legacy-service,True,org.docx4j:docx4j-parent:${revision},True,listed-ok,
plutext,docx4j,/home/camila/repos/plutext/docx4j,org.docx4j:docx4j-parent:${revision},False,docx4j-export-fo-tests,docx4j-export-fo-tests,True,org.docx4j:docx4j-parent:${revision},True,unlisted-child-with-root-parent,unlisted-but-parent-matches-root
plutext,docx4j,/home/camila/repos/plutext/docx4j,org.docx4j:docx4j-parent:${revision},False,docx4j-diffx-tests,docx4j-diffx-tests,True,org.docx4j:docx4j-parent:${revision},True,unlisted-child-with-root-parent,unlisted-but-parent-matches-root
pmd,pmd,/home/camila/repos/pmd/pmd,net.sourceforge.pmd:pmd:7.6.0-SNAPSHOT,True,pmd-apex,pmd-apex,True,net.sourceforge.pmd:pmd:7.6.0-SNAPSHOT,True,listed-ok,
pmd,pmd,/home/camila/repos/pmd/pmd,net.sourceforge.pmd:pmd:7.6.0-SNAPSHOT,True,pmd-coco,pmd-coco,True,net.sourceforge.pmd:pmd:7.6.0-SNAPSHOT,True,listed-ok,
pmd,pmd,/home/camila/repos/pmd/pmd,net.sourceforge.pmd:pmd:7.6.0-SNAPSHOT,True,pmd-core,pmd-core,True,net.sourceforge.pmd:pmd:7.6.0-SNAPSHOT,True,listed-ok,
pmd,pmd,/home/camila/repos/pmd/pmd,net.sourceforge.pmd:pmd:7.6.0-SNAPSHOT,True,pmd-cpp,pmd-cpp,True,net.sourceforge.pmd:pmd:7.6.0-SNAPSHOT,True,listed-ok,
pmd,pmd,/home/camila/repos/pmd/pmd,net.sourceforge.pmd:pmd:7.6.0-SNAPSHOT,True,pmd-cs,pmd-cs,True,net.sourceforge.pmd:pmd:7.6.0-SNAPSHOT,True,listed-ok,
pmd,pmd,/home/camila/repos/pmd/pmd,net.sourceforge.pmd:pmd:7.6.0-SNAPSHOT,True,pmd-dart,pmd-dart,True,net.sourceforge.pmd:pmd:7.6.0-SNAPSHOT,True,listed-ok,
pmd,pmd,/home/camila/repos/pmd/pmd,net.sourceforge.pmd:pmd:7.6.0-SNAPSHOT,True,pmd-doc,pmd-doc,True,net.sourceforge.pmd:pmd:7.6.0-SNAPSHOT,True,listed-ok,
pmd,pmd,/home/camila/repos/pmd/pmd,net.sourceforge.pmd:pmd:7.6.0-SNAPSHOT,True,pmd-fortran,pmd-fortran,True,net.sourceforge.pmd:pmd:7.6.0-SNAPSHOT,True,listed-ok,
pmd,pmd,/home/camila/repos/pmd/pmd,net.sourceforge.pmd:pmd:7.6.0-SNAPSHOT,True,pmd-gherkin,pmd-gherkin,True,net.sourceforge.pmd:pmd:7.6.0-SNAPSHOT,True,listed-ok,
pmd,pmd,/home/camila/repos/pmd/pmd,net.sourceforge.pmd:pmd:7.6.0-SNAPSHOT,True,pmd-go,pmd-go,True,net.sourceforge.pmd:pmd:7.6.0-SNAPSHOT,True,listed-ok,
pmd,pmd,/home/camila/repos/pmd/pmd,net.sourceforge.pmd:pmd:7.6.0-SNAPSHOT,True,pmd-groovy,pmd-groovy,True,net.sourceforge.pmd:pmd:7.6.0-SNAPSHOT,True,listed-ok,
pmd,pmd,/home/camila/repos/pmd/pmd,net.sourceforge.pmd:pmd:7.6.0-SNAPSHOT,True,pmd-html,pmd-html,True,net.sourceforge.pmd:pmd:7.6.0-SNAPSHOT,True,listed-ok,
pmd,pmd,/home/camila/repos/pmd/pmd,net.sourceforge.pmd:pmd:7.6.0-SNAPSHOT,True,pmd-lua,pmd-lua,True,net.sourceforge.pmd:pmd:7.6.0-SNAPSHOT,True,listed-ok,
pmd,pmd,/home/camila/repos/pmd/pmd,net.sourceforge.pmd:pmd:7.6.0-SNAPSHOT,True,pmd-java,pmd-java,True,net.sourceforge.pmd:pmd:7.6.0-SNAPSHOT,True,listed-ok,
pmd,pmd,/home/camila/repos/pmd/pmd,net.sourceforge.pmd:pmd:7.6.0-SNAPSHOT,True,pmd-javascript,pmd-javascript,True,net.sourceforge.pmd:pmd:7.6.0-SNAPSHOT,True,listed-ok,
pmd,pmd,/home/camila/repos/pmd/pmd,net.sourceforge.pmd:pmd:7.6.0-SNAPSHOT,True,pmd-jsp,pmd-jsp,True,net.sourceforge.pmd:pmd:7.6.0-SNAPSHOT,True,listed-ok,
pmd,pmd,/home/camila/repos/pmd/pmd,net.sourceforge.pmd:pmd:7.6.0-SNAPSHOT,True,pmd-julia,pmd-julia,True,net.sourceforge.pmd:pmd:7.6.0-SNAPSHOT,True,listed-ok,
pmd,pmd,/home/camila/repos/pmd/pmd,net.sourceforge.pmd:pmd:7.6.0-SNAPSHOT,True,pmd-kotlin,pmd-kotlin,True,net.sourceforge.pmd:pmd:7.6.0-SNAPSHOT,True,listed-ok,
pmd,pmd,/home/camila/repos/pmd/pmd,net.sourceforge.pmd:pmd:7.6.0-SNAPSHOT,True,pmd-lang-test,pmd-lang-test,True,net.sourceforge.pmd:pmd:7.6.0-SNAPSHOT,True,listed-ok,
pmd,pmd,/home/camila/repos/pmd/pmd,net.sourceforge.pmd:pmd:7.6.0-SNAPSHOT,True,pmd-matlab,pmd-matlab,True,net.sourceforge.pmd:pmd:7.6.0-SNAPSHOT,True,listed-ok,
pmd,pmd,/home/camila/repos/pmd/pmd,net.sourceforge.pmd:pmd:7.6.0-SNAPSHOT,True,pmd-modelica,pmd-modelica,True,net.sourceforge.pmd:pmd:7.6.0-SNAPSHOT,True,listed-ok,
pmd,pmd,/home/camila/repos/pmd/pmd,net.sourceforge.pmd:pmd:7.6.0-SNAPSHOT,True,pmd-objectivec,pmd-objectivec,True,net.sourceforge.pmd:pmd:7.6.0-SNAPSHOT,True,listed-ok,
pmd,pmd,/home/camila/repos/pmd/pmd,net.sourceforge.pmd:pmd:7.6.0-SNAPSHOT,True,pmd-perl,pmd-perl,True,net.sourceforge.pmd:pmd:7.6.0-SNAPSHOT,True,listed-ok,
pmd,pmd,/home/camila/repos/pmd/pmd,net.sourceforge.pmd:pmd:7.6.0-SNAPSHOT,True,pmd-php,pmd-php,True,net.sourceforge.pmd:pmd:7.6.0-SNAPSHOT,True,listed-ok,
pmd,pmd,/home/camila/repos/pmd/pmd,net.sourceforge.pmd:pmd:7.6.0-SNAPSHOT,True,pmd-plsql,pmd-plsql,True,net.sourceforge.pmd:pmd:7.6.0-SNAPSHOT,True,listed-ok,
pmd,pmd,/home/camila/repos/pmd/pmd,net.sourceforge.pmd:pmd:7.6.0-SNAPSHOT,True,pmd-python,pmd-python,True,net.sourceforge.pmd:pmd:7.6.0-SNAPSHOT,True,listed-ok,
pmd,pmd,/home/camila/repos/pmd/pmd,net.sourceforge.pmd:pmd:7.6.0-SNAPSHOT,True,pmd-ruby,pmd-ruby,True,net.sourceforge.pmd:pmd:7.6.0-SNAPSHOT,True,listed-ok,
pmd,pmd,/home/camila/repos/pmd/pmd,net.sourceforge.pmd:pmd:7.6.0-SNAPSHOT,True,pmd-scala-modules/pmd-scala-common,pmd-scala-modules/pmd-scala-common,False,?:?:?,False,listed-nested-path,nested-module-path
pmd,pmd,/home/camila/repos/pmd/pmd,net.sourceforge.pmd:pmd:7.6.0-SNAPSHOT,True,pmd-scala-modules/pmd-scala_2.13,pmd-scala-modules/pmd-scala_2.13,False,?:?:?,False,listed-nested-path,nested-module-path
pmd,pmd,/home/camila/repos/pmd/pmd,net.sourceforge.pmd:pmd:7.6.0-SNAPSHOT,True,pmd-scala-modules/pmd-scala_2.12,pmd-scala-modules/pmd-scala_2.12,False,?:?:?,False,listed-nested-path,nested-module-path
pmd,pmd,/home/camila/repos/pmd/pmd,net.sourceforge.pmd:pmd:7.6.0-SNAPSHOT,True,pmd-swift,pmd-swift,True,net.sourceforge.pmd:pmd:7.6.0-SNAPSHOT,True,listed-ok,
pmd,pmd,/home/camila/repos/pmd/pmd,net.sourceforge.pmd:pmd:7.6.0-SNAPSHOT,True,pmd-test,pmd-test,True,net.sourceforge.pmd:pmd:7.6.0-SNAPSHOT,True,listed-ok,
pmd,pmd,/home/camila/repos/pmd/pmd,net.sourceforge.pmd:pmd:7.6.0-SNAPSHOT,True,pmd-test-schema,pmd-test-schema,True,net.sourceforge.pmd:pmd:7.6.0-SNAPSHOT,True,listed-ok,
pmd,pmd,/home/camila/repos/pmd/pmd,net.sourceforge.pmd:pmd:7.6.0-SNAPSHOT,True,pmd-tsql,pmd-tsql,True,net.sourceforge.pmd:pmd:7.6.0-SNAPSHOT,True,listed-ok,
pmd,pmd,/home/camila/repos/pmd/pmd,net.sourceforge.pmd:pmd:7.6.0-SNAPSHOT,True,pmd-velocity,pmd-velocity,True,net.sourceforge.pmd:pmd:7.6.0-SNAPSHOT,True,listed-ok,
pmd,pmd,/home/camila/repos/pmd/pmd,net.sourceforge.pmd:pmd:7.6.0-SNAPSHOT,True,pmd-visualforce,pmd-visualforce,True,net.sourceforge.pmd:pmd:7.6.0-SNAPSHOT,True,listed-ok,
pmd,pmd,/home/camila/repos/pmd/pmd,net.sourceforge.pmd:pmd:7.6.0-SNAPSHOT,True,pmd-xml,pmd-xml,True,net.sourceforge.pmd:pmd:7.6.0-SNAPSHOT,True,listed-ok,
pmd,pmd,/home/camila/repos/pmd/pmd,net.sourceforge.pmd:pmd:7.6.0-SNAPSHOT,True,pmd-ant,pmd-ant,True,net.sourceforge.pmd:pmd:7.6.0-SNAPSHOT,True,listed-ok,
pmd,pmd,/home/camila/repos/pmd/pmd,net.sourceforge.pmd:pmd:7.6.0-SNAPSHOT,True,pmd-languages-deps,pmd-languages-deps,True,net.sourceforge.pmd:pmd:7.6.0-SNAPSHOT,True,listed-ok,
pmd,pmd,/home/camila/repos/pmd/pmd,net.sourceforge.pmd:pmd:7.6.0-SNAPSHOT,False,pmd-dist,pmd-dist,True,net.sourceforge.pmd:pmd:7.6.0-SNAPSHOT,True,unlisted-child-with-root-parent,unlisted-but-parent-matches-root
pmd,pmd,/home/camila/repos/pmd/pmd,net.sourceforge.pmd:pmd:7.6.0-SNAPSHOT,False,pmd-cli,pmd-cli,True,net.sourceforge.pmd:pmd:7.6.0-SNAPSHOT,True,unlisted-child-with-root-parent,unlisted-but-parent-matches-root
prestodb,presto,/home/camila/repos/prestodb/presto,com.facebook.presto:presto-root:0.290-SNAPSHOT,True,presto-atop,presto-atop,True,com.facebook.presto:presto-root:0.290-SNAPSHOT,True,listed-ok,
prestodb,presto,/home/camila/repos/prestodb/presto,com.facebook.presto:presto-root:0.290-SNAPSHOT,True,presto-spi,presto-spi,True,com.facebook.presto:presto-root:0.290-SNAPSHOT,True,listed-ok,
prestodb,presto,/home/camila/repos/prestodb/presto,com.facebook.presto:presto-root:0.290-SNAPSHOT,True,presto-analyzer,presto-analyzer,True,com.facebook.presto:presto-root:0.290-SNAPSHOT,True,listed-ok,
prestodb,presto,/home/camila/repos/prestodb/presto,com.facebook.presto:presto-root:0.290-SNAPSHOT,True,presto-cache,presto-cache,True,com.facebook.presto:presto-root:0.290-SNAPSHOT,True,listed-ok,
prestodb,presto,/home/camila/repos/prestodb/presto,com.facebook.presto:presto-root:0.290-SNAPSHOT,True,presto-jmx,presto-jmx,True,com.facebook.presto:presto-root:0.290-SNAPSHOT,True,listed-ok,
prestodb,presto,/home/camila/repos/prestodb/presto,com.facebook.presto:presto-root:0.290-SNAPSHOT,True,presto-record-decoder,presto-record-decoder,True,com.facebook.presto:presto-root:0.290-SNAPSHOT,True,listed-ok,
prestodb,presto,/home/camila/repos/prestodb/presto,com.facebook.presto:presto-root:0.290-SNAPSHOT,True,presto-kafka,presto-kafka,True,com.facebook.presto:presto-root:0.290-SNAPSHOT,True,listed-ok,
prestodb,presto,/home/camila/repos/prestodb/presto,com.facebook.presto:presto-root:0.290-SNAPSHOT,True,presto-redis,presto-redis,True,com.facebook.presto:presto-root:0.290-SNAPSHOT,True,listed-ok,
prestodb,presto,/home/camila/repos/prestodb/presto,com.facebook.presto:presto-root:0.290-SNAPSHOT,True,presto-accumulo,presto-accumulo,True,com.facebook.presto:presto-root:0.290-SNAPSHOT,True,listed-ok,
prestodb,presto,/home/camila/repos/prestodb/presto,com.facebook.presto:presto-root:0.290-SNAPSHOT,True,presto-cassandra,presto-cassandra,True,com.facebook.presto:presto-root:0.290-SNAPSHOT,True,listed-ok,
prestodb,presto,/home/camila/repos/prestodb/presto,com.facebook.presto:presto-root:0.290-SNAPSHOT,True,presto-bigquery,presto-bigquery,True,com.facebook.presto:presto-root:0.290-SNAPSHOT,True,listed-ok,
prestodb,presto,/home/camila/repos/prestodb/presto,com.facebook.presto:presto-root:0.290-SNAPSHOT,True,presto-blackhole,presto-blackhole,True,com.facebook.presto:presto-root:0.290-SNAPSHOT,True,listed-ok,
prestodb,presto,/home/camila/repos/prestodb/presto,com.facebook.presto:presto-root:0.290-SNAPSHOT,True,presto-memory,presto-memory,True,com.facebook.presto:presto-root:0.290-SNAPSHOT,True,listed-ok,
prestodb,presto,/home/camila/repos/prestodb/presto,com.facebook.presto:presto-root:0.290-SNAPSHOT,True,presto-orc,presto-orc,True,com.facebook.presto:presto-root:0.290-SNAPSHOT,True,listed-ok,
prestodb,presto,/home/camila/repos/prestodb/presto,com.facebook.presto:presto-root:0.290-SNAPSHOT,True,presto-parquet,presto-parquet,True,com.facebook.presto:presto-root:0.290-SNAPSHOT,True,listed-ok,
prestodb,presto,/home/camila/repos/prestodb/presto,com.facebook.presto:presto-root:0.290-SNAPSHOT,True,presto-rcfile,presto-rcfile,True,com.facebook.presto:presto-root:0.290-SNAPSHOT,True,listed-ok,
prestodb,presto,/home/camila/repos/prestodb/presto,com.facebook.presto:presto-root:0.290-SNAPSHOT,True,presto-hive,presto-hive,True,com.facebook.presto:presto-root:0.290-SNAPSHOT,True,listed-ok,
prestodb,presto,/home/camila/repos/prestodb/presto,com.facebook.presto:presto-root:0.290-SNAPSHOT,True,presto-hdfs-core,presto-hdfs-core,True,com.facebook.presto:presto-root:0.290-SNAPSHOT,True,listed-ok,
prestodb,presto,/home/camila/repos/prestodb/presto,com.facebook.presto:presto-root:0.290-SNAPSHOT,True,presto-hive-common,presto-hive-common,True,com.facebook.presto:presto-root:0.290-SNAPSHOT,True,listed-ok,
prestodb,presto,/home/camila/repos/prestodb/presto,com.facebook.presto:presto-root:0.290-SNAPSHOT,True,presto-hive-hadoop2,presto-hive-hadoop2,True,com.facebook.presto:presto-root:0.290-SNAPSHOT,True,listed-ok,
prestodb,presto,/home/camila/repos/prestodb/presto,com.facebook.presto:presto-root:0.290-SNAPSHOT,True,presto-hive-metastore,presto-hive-metastore,True,com.facebook.presto:presto-root:0.290-SNAPSHOT,True,listed-ok,
prestodb,presto,/home/camila/repos/prestodb/presto,com.facebook.presto:presto-root:0.290-SNAPSHOT,True,presto-iceberg,presto-iceberg,True,com.facebook.presto:presto-root:0.290-SNAPSHOT,True,listed-ok,
prestodb,presto,/home/camila/repos/prestodb/presto,com.facebook.presto:presto-root:0.290-SNAPSHOT,True,presto-i18n-functions,presto-i18n-functions,True,com.facebook.presto:presto-root:0.290-SNAPSHOT,True,listed-ok,
prestodb,presto,/home/camila/repos/prestodb/presto,com.facebook.presto:presto-root:0.290-SNAPSHOT,True,presto-teradata-functions,presto-teradata-functions,True,com.facebook.presto:presto-root:0.290-SNAPSHOT,True,listed-ok,
prestodb,presto,/home/camila/repos/prestodb/presto,com.facebook.presto:presto-root:0.290-SNAPSHOT,True,presto-example-http,presto-example-http,True,com.facebook.presto:presto-root:0.290-SNAPSHOT,True,listed-ok,
prestodb,presto,/home/camila/repos/prestodb/presto,com.facebook.presto:presto-root:0.290-SNAPSHOT,True,presto-local-file,presto-local-file,True,com.facebook.presto:presto-root:0.290-SNAPSHOT,True,listed-ok,
prestodb,presto,/home/camila/repos/prestodb/presto,com.facebook.presto:presto-root:0.290-SNAPSHOT,True,presto-tpch,presto-tpch,True,com.facebook.presto:presto-root:0.290-SNAPSHOT,True,listed-ok,
prestodb,presto,/home/camila/repos/prestodb/presto,com.facebook.presto:presto-root:0.290-SNAPSHOT,True,presto-tpcds,presto-tpcds,True,com.facebook.presto:presto-root:0.290-SNAPSHOT,True,listed-ok,
prestodb,presto,/home/camila/repos/prestodb/presto,com.facebook.presto:presto-root:0.290-SNAPSHOT,True,presto-base-jdbc,presto-base-jdbc,True,com.facebook.presto:presto-root:0.290-SNAPSHOT,True,listed-ok,
prestodb,presto,/home/camila/repos/prestodb/presto,com.facebook.presto:presto-root:0.290-SNAPSHOT,True,presto-testing-docker,presto-testing-docker,True,com.facebook.presto:presto-root:0.290-SNAPSHOT,True,listed-ok,
prestodb,presto,/home/camila/repos/prestodb/presto,com.facebook.presto:presto-root:0.290-SNAPSHOT,True,presto-mysql,presto-mysql,True,com.facebook.presto:presto-root:0.290-SNAPSHOT,True,listed-ok,
prestodb,presto,/home/camila/repos/prestodb/presto,com.facebook.presto:presto-root:0.290-SNAPSHOT,True,presto-oracle,presto-oracle,True,com.facebook.presto:presto-root:0.290-SNAPSHOT,True,listed-ok,
prestodb,presto,/home/camila/repos/prestodb/presto,com.facebook.presto:presto-root:0.290-SNAPSHOT,True,presto-postgresql,presto-postgresql,True,com.facebook.presto:presto-root:0.290-SNAPSHOT,True,listed-ok,
prestodb,presto,/home/camila/repos/prestodb/presto,com.facebook.presto:presto-root:0.290-SNAPSHOT,True,presto-prometheus,presto-prometheus,True,com.facebook.presto:presto-root:0.290-SNAPSHOT,True,listed-ok,
prestodb,presto,/home/camila/repos/prestodb/presto,com.facebook.presto:presto-root:0.290-SNAPSHOT,True,presto-redshift,presto-redshift,True,com.facebook.presto:presto-root:0.290-SNAPSHOT,True,listed-ok,
prestodb,presto,/home/camila/repos/prestodb/presto,com.facebook.presto:presto-root:0.290-SNAPSHOT,True,presto-sqlserver,presto-sqlserver,True,com.facebook.presto:presto-root:0.290-SNAPSHOT,True,listed-ok,
prestodb,presto,/home/camila/repos/prestodb/presto,com.facebook.presto:presto-root:0.290-SNAPSHOT,True,presto-mongodb,presto-mongodb,True,com.facebook.presto:presto-root:0.290-SNAPSHOT,True,listed-ok,
prestodb,presto,/home/camila/repos/prestodb/presto,com.facebook.presto:presto-root:0.290-SNAPSHOT,True,presto-bytecode,presto-bytecode,True,com.facebook.presto:presto-root:0.290-SNAPSHOT,True,listed-ok,
prestodb,presto,/home/camila/repos/prestodb/presto,com.facebook.presto:presto-root:0.290-SNAPSHOT,True,presto-client,presto-client,True,com.facebook.presto:presto-root:0.290-SNAPSHOT,True,listed-ok,
prestodb,presto,/home/camila/repos/prestodb/presto,com.facebook.presto:presto-root:0.290-SNAPSHOT,True,presto-parser,presto-parser,True,com.facebook.presto:presto-root:0.290-SNAPSHOT,True,listed-ok,
prestodb,presto,/home/camila/repos/prestodb/presto,com.facebook.presto:presto-root:0.290-SNAPSHOT,True,presto-main,presto-main,True,com.facebook.presto:presto-root:0.290-SNAPSHOT,True,listed-ok,
prestodb,presto,/home/camila/repos/prestodb/presto,com.facebook.presto:presto-root:0.290-SNAPSHOT,True,presto-ml,presto-ml,True,com.facebook.presto:presto-root:0.290-SNAPSHOT,True,listed-ok,
prestodb,presto,/home/camila/repos/prestodb/presto,com.facebook.presto:presto-root:0.290-SNAPSHOT,True,presto-geospatial-toolkit,presto-geospatial-toolkit,True,com.facebook.presto:presto-root:0.290-SNAPSHOT,True,listed-ok,
prestodb,presto,/home/camila/repos/prestodb/presto,com.facebook.presto:presto-root:0.290-SNAPSHOT,True,presto-benchmark,presto-benchmark,True,com.facebook.presto:presto-root:0.290-SNAPSHOT,True,listed-ok,
prestodb,presto,/home/camila/repos/prestodb/presto,com.facebook.presto:presto-root:0.290-SNAPSHOT,True,presto-tests,presto-tests,True,com.facebook.presto:presto-root:0.290-SNAPSHOT,True,listed-ok,
prestodb,presto,/home/camila/repos/prestodb/presto,com.facebook.presto:presto-root:0.290-SNAPSHOT,True,presto-product-tests,presto-product-tests,True,com.facebook.presto:presto-root:0.290-SNAPSHOT,True,listed-ok,
prestodb,presto,/home/camila/repos/prestodb/presto,com.facebook.presto:presto-root:0.290-SNAPSHOT,True,presto-jdbc,presto-jdbc,True,com.facebook.presto:presto-root:0.290-SNAPSHOT,True,listed-ok,
prestodb,presto,/home/camila/repos/prestodb/presto,com.facebook.presto:presto-root:0.290-SNAPSHOT,True,presto-pinot,presto-pinot,True,com.facebook.presto:presto-root:0.290-SNAPSHOT,True,listed-ok,
prestodb,presto,/home/camila/repos/prestodb/presto,com.facebook.presto:presto-root:0.290-SNAPSHOT,True,presto-pinot-toolkit,presto-pinot-toolkit,True,com.facebook.presto:presto-root:0.290-SNAPSHOT,True,listed-ok,
prestodb,presto,/home/camila/repos/prestodb/presto,com.facebook.presto:presto-root:0.290-SNAPSHOT,True,presto-cli,presto-cli,True,com.facebook.presto:presto-root:0.290-SNAPSHOT,True,listed-ok,
prestodb,presto,/home/camila/repos/prestodb/presto,com.facebook.presto:presto-root:0.290-SNAPSHOT,True,presto-benchmark-driver,presto-benchmark-driver,True,com.facebook.presto:presto-root:0.290-SNAPSHOT,True,listed-ok,
prestodb,presto,/home/camila/repos/prestodb/presto,com.facebook.presto:presto-root:0.290-SNAPSHOT,True,presto-server,presto-server,True,com.facebook.presto:presto-root:0.290-SNAPSHOT,True,listed-ok,
prestodb,presto,/home/camila/repos/prestodb/presto,com.facebook.presto:presto-root:0.290-SNAPSHOT,True,presto-docs,presto-docs,True,com.facebook.presto:presto-root:0.290-SNAPSHOT,True,listed-ok,
prestodb,presto,/home/camila/repos/prestodb/presto,com.facebook.presto:presto-root:0.290-SNAPSHOT,True,presto-verifier,presto-verifier,True,com.facebook.presto:presto-root:0.290-SNAPSHOT,True,listed-ok,
prestodb,presto,/home/camila/repos/prestodb/presto,com.facebook.presto:presto-root:0.290-SNAPSHOT,True,presto-testing-server-launcher,presto-testing-server-launcher,True,com.facebook.presto:presto-root:0.290-SNAPSHOT,True,listed-ok,
prestodb,presto,/home/camila/repos/prestodb/presto,com.facebook.presto:presto-root:0.290-SNAPSHOT,True,presto-plugin-toolkit,presto-plugin-toolkit,True,com.facebook.presto:presto-root:0.290-SNAPSHOT,True,listed-ok,
prestodb,presto,/home/camila/repos/prestodb/presto,com.facebook.presto:presto-root:0.290-SNAPSHOT,True,presto-resource-group-managers,presto-resource-group-managers,True,com.facebook.presto:presto-root:0.290-SNAPSHOT,True,listed-ok,
prestodb,presto,/home/camila/repos/prestodb/presto,com.facebook.presto:presto-root:0.290-SNAPSHOT,True,presto-password-authenticators,presto-password-authenticators,True,com.facebook.presto:presto-root:0.290-SNAPSHOT,True,listed-ok,
prestodb,presto,/home/camila/repos/prestodb/presto,com.facebook.presto:presto-root:0.290-SNAPSHOT,True,presto-session-property-managers,presto-session-property-managers,True,com.facebook.presto:presto-root:0.290-SNAPSHOT,True,listed-ok,
prestodb,presto,/home/camila/repos/prestodb/presto,com.facebook.presto:presto-root:0.290-SNAPSHOT,True,presto-benchto-benchmarks,presto-benchto-benchmarks,True,com.facebook.presto:presto-root:0.290-SNAPSHOT,True,listed-ok,
prestodb,presto,/home/camila/repos/prestodb/presto,com.facebook.presto:presto-root:0.290-SNAPSHOT,True,presto-thrift-api,presto-thrift-api,True,com.facebook.presto:presto-root:0.290-SNAPSHOT,True,listed-ok,
prestodb,presto,/home/camila/repos/prestodb/presto,com.facebook.presto:presto-root:0.290-SNAPSHOT,True,presto-thrift-testing-server,presto-thrift-testing-server,True,com.facebook.presto:presto-root:0.290-SNAPSHOT,True,listed-ok,
prestodb,presto,/home/camila/repos/prestodb/presto,com.facebook.presto:presto-root:0.290-SNAPSHOT,True,presto-thrift-connector,presto-thrift-connector,True,com.facebook.presto:presto-root:0.290-SNAPSHOT,True,listed-ok,
prestodb,presto,/home/camila/repos/prestodb/presto,com.facebook.presto:presto-root:0.290-SNAPSHOT,True,presto-matching,presto-matching,True,com.facebook.presto:presto-root:0.290-SNAPSHOT,True,listed-ok,
prestodb,presto,/home/camila/repos/prestodb/presto,com.facebook.presto:presto-root:0.290-SNAPSHOT,True,presto-memory-context,presto-memory-context,True,com.facebook.presto:presto-root:0.290-SNAPSHOT,True,listed-ok,
prestodb,presto,/home/camila/repos/prestodb/presto,com.facebook.presto:presto-root:0.290-SNAPSHOT,True,presto-proxy,presto-proxy,True,com.facebook.presto:presto-root:0.290-SNAPSHOT,True,listed-ok,
prestodb,presto,/home/camila/repos/prestodb/presto,com.facebook.presto:presto-root:0.290-SNAPSHOT,True,presto-kudu,presto-kudu,True,com.facebook.presto:presto-root:0.290-SNAPSHOT,True,listed-ok,
prestodb,presto,/home/camila/repos/prestodb/presto,com.facebook.presto:presto-root:0.290-SNAPSHOT,True,presto-elasticsearch,presto-elasticsearch,True,com.facebook.presto:presto-root:0.290-SNAPSHOT,True,listed-ok,
prestodb,presto,/home/camila/repos/prestodb/presto,com.facebook.presto:presto-root:0.290-SNAPSHOT,True,presto-function-namespace-managers,presto-function-namespace-managers,True,com.facebook.presto:presto-root:0.290-SNAPSHOT,True,listed-ok,
prestodb,presto,/home/camila/repos/prestodb/presto,com.facebook.presto:presto-root:0.290-SNAPSHOT,True,presto-expressions,presto-expressions,True,com.facebook.presto:presto-root:0.290-SNAPSHOT,True,listed-ok,
prestodb,presto,/home/camila/repos/prestodb/presto,com.facebook.presto:presto-root:0.290-SNAPSHOT,True,presto-benchmark-runner,presto-benchmark-runner,True,com.facebook.presto:presto-root:0.290-SNAPSHOT,True,listed-ok,
prestodb,presto,/home/camila/repos/prestodb/presto,com.facebook.presto:presto-root:0.290-SNAPSHOT,True,presto-spark-classloader-interface,presto-spark-classloader-interface,True,com.facebook.presto:presto-root:0.290-SNAPSHOT,True,listed-ok,
prestodb,presto,/home/camila/repos/prestodb/presto,com.facebook.presto:presto-root:0.290-SNAPSHOT,True,presto-spark-base,presto-spark-base,True,com.facebook.presto:presto-root:0.290-SNAPSHOT,True,listed-ok,
prestodb,presto,/home/camila/repos/prestodb/presto,com.facebook.presto:presto-root:0.290-SNAPSHOT,True,presto-spark-common,presto-spark-common,True,com.facebook.presto:presto-root:0.290-SNAPSHOT,True,listed-ok,
prestodb,presto,/home/camila/repos/prestodb/presto,com.facebook.presto:presto-root:0.290-SNAPSHOT,True,presto-spark,presto-spark,True,com.facebook.presto:presto-root:0.290-SNAPSHOT,True,listed-ok,
prestodb,presto,/home/camila/repos/prestodb/presto,com.facebook.presto:presto-root:0.290-SNAPSHOT,True,presto-spark-package,presto-spark-package,True,com.facebook.presto:presto-root:0.290-SNAPSHOT,True,listed-ok,
prestodb,presto,/home/camila/repos/prestodb/presto,com.facebook.presto:presto-root:0.290-SNAPSHOT,True,presto-spark-launcher,presto-spark-launcher,True,com.facebook.presto:presto-root:0.290-SNAPSHOT,True,listed-ok,
prestodb,presto,/home/camila/repos/prestodb/presto,com.facebook.presto:presto-root:0.290-SNAPSHOT,True,presto-spark-testing,presto-spark-testing,True,com.facebook.presto:presto-root:0.290-SNAPSHOT,True,listed-ok,
prestodb,presto,/home/camila/repos/prestodb/presto,com.facebook.presto:presto-root:0.290-SNAPSHOT,True,presto-druid,presto-druid,True,com.facebook.presto:presto-root:0.290-SNAPSHOT,True,listed-ok,
prestodb,presto,/home/camila/repos/prestodb/presto,com.facebook.presto:presto-root:0.290-SNAPSHOT,True,presto-common,presto-common,True,com.facebook.presto:presto-root:0.290-SNAPSHOT,True,listed-ok,
prestodb,presto,/home/camila/repos/prestodb/presto,com.facebook.presto:presto-root:0.290-SNAPSHOT,True,presto-thrift-testing-udf-server,presto-thrift-testing-udf-server,True,com.facebook.presto:presto-root:0.290-SNAPSHOT,True,listed-ok,
prestodb,presto,/home/camila/repos/prestodb/presto,com.facebook.presto:presto-root:0.290-SNAPSHOT,True,presto-thrift-spec,presto-thrift-spec,True,com.facebook.presto:presto-root:0.290-SNAPSHOT,True,listed-ok,
prestodb,presto,/home/camila/repos/prestodb/presto,com.facebook.presto:presto-root:0.290-SNAPSHOT,True,presto-testng-services,presto-testng-services,True,com.facebook.presto:presto-root:0.290-SNAPSHOT,True,listed-ok,
prestodb,presto,/home/camila/repos/prestodb/presto,com.facebook.presto:presto-root:0.290-SNAPSHOT,True,presto-node-ttl-fetchers,presto-node-ttl-fetchers,True,com.facebook.presto:presto-root:0.290-SNAPSHOT,True,listed-ok,
prestodb,presto,/home/camila/repos/prestodb/presto,com.facebook.presto:presto-root:0.290-SNAPSHOT,True,presto-cluster-ttl-providers,presto-cluster-ttl-providers,True,com.facebook.presto:presto-root:0.290-SNAPSHOT,True,listed-ok,
prestodb,presto,/home/camila/repos/prestodb/presto,com.facebook.presto:presto-root:0.290-SNAPSHOT,True,presto-google-sheets,presto-google-sheets,True,com.facebook.presto:presto-root:0.290-SNAPSHOT,True,listed-ok,
prestodb,presto,/home/camila/repos/prestodb/presto,com.facebook.presto:presto-root:0.290-SNAPSHOT,True,presto-clickhouse,presto-clickhouse,True,com.facebook.presto:presto-root:0.290-SNAPSHOT,True,listed-ok,
prestodb,presto,/home/camila/repos/prestodb/presto,com.facebook.presto:presto-root:0.290-SNAPSHOT,True,presto-hive-function-namespace,presto-hive-function-namespace,True,com.facebook.presto:presto-root:0.290-SNAPSHOT,True,listed-ok,
prestodb,presto,/home/camila/repos/prestodb/presto,com.facebook.presto:presto-root:0.290-SNAPSHOT,True,presto-delta,presto-delta,True,com.facebook.presto:presto-root:0.290-SNAPSHOT,True,listed-ok,
prestodb,presto,/home/camila/repos/prestodb/presto,com.facebook.presto:presto-root:0.290-SNAPSHOT,True,presto-grpc-api,presto-grpc-api,True,com.facebook.presto:presto-root:0.290-SNAPSHOT,True,listed-ok,
prestodb,presto,/home/camila/repos/prestodb/presto,com.facebook.presto:presto-root:0.290-SNAPSHOT,True,presto-grpc-testing-udf-server,presto-grpc-testing-udf-server,True,com.facebook.presto:presto-root:0.290-SNAPSHOT,True,listed-ok,
prestodb,presto,/home/camila/repos/prestodb/presto,com.facebook.presto:presto-root:0.290-SNAPSHOT,True,presto-lark-sheets,presto-lark-sheets,True,com.facebook.presto:presto-root:0.290-SNAPSHOT,True,listed-ok,
prestodb,presto,/home/camila/repos/prestodb/presto,com.facebook.presto:presto-root:0.290-SNAPSHOT,True,presto-test-coverage,presto-test-coverage,True,com.facebook.presto:presto-root:0.290-SNAPSHOT,True,listed-ok,
prestodb,presto,/home/camila/repos/prestodb/presto,com.facebook.presto:presto-root:0.290-SNAPSHOT,True,presto-hudi,presto-hudi,True,com.facebook.presto:presto-root:0.290-SNAPSHOT,True,listed-ok,
prestodb,presto,/home/camila/repos/prestodb/presto,com.facebook.presto:presto-root:0.290-SNAPSHOT,True,presto-native-execution,presto-native-execution,True,com.facebook.presto:presto-root:0.290-SNAPSHOT,True,listed-ok,
prestodb,presto,/home/camila/repos/prestodb/presto,com.facebook.presto:presto-root:0.290-SNAPSHOT,True,presto-router,presto-router,True,com.facebook.presto:presto-root:0.290-SNAPSHOT,True,listed-ok,
prestodb,presto,/home/camila/repos/prestodb/presto,com.facebook.presto:presto-root:0.290-SNAPSHOT,True,presto-open-telemetry,presto-open-telemetry,True,com.facebook.presto:presto-root:0.290-SNAPSHOT,True,listed-ok,
prestodb,presto,/home/camila/repos/prestodb/presto,com.facebook.presto:presto-root:0.290-SNAPSHOT,True,redis-hbo-provider,redis-hbo-provider,True,com.facebook.presto:presto-root:0.290-SNAPSHOT,True,listed-ok,
prestodb,presto,/home/camila/repos/prestodb/presto,com.facebook.presto:presto-root:0.290-SNAPSHOT,True,presto-singlestore,presto-singlestore,True,com.facebook.presto:presto-root:0.290-SNAPSHOT,True,listed-ok,
prestodb,presto,/home/camila/repos/prestodb/presto,com.facebook.presto:presto-root:0.290-SNAPSHOT,True,presto-hana,presto-hana,True,com.facebook.presto:presto-root:0.290-SNAPSHOT,True,listed-ok,
prestodb,presto,/home/camila/repos/prestodb/presto,com.facebook.presto:presto-root:0.290-SNAPSHOT,True,presto-openapi,presto-openapi,True,com.facebook.presto:presto-root:0.290-SNAPSHOT,True,listed-ok,
prestodb,presto,/home/camila/repos/prestodb/presto,com.facebook.presto:presto-root:0.290-SNAPSHOT,False,presto-ui,presto-ui,True,com.facebook.presto:presto-root:0.290-SNAPSHOT,True,unlisted-child-with-root-parent,unlisted-but-parent-matches-root
primefaces,primefaces,/home/camila/repos/primefaces/primefaces,org.primefaces:primefaces-parent:15.0.0-SNAPSHOT,True,primefaces-themes,primefaces-themes,True,org.primefaces:primefaces-parent:15.0.0-SNAPSHOT,True,listed-ok,
primefaces,primefaces,/home/camila/repos/primefaces/primefaces,org.primefaces:primefaces-parent:15.0.0-SNAPSHOT,True,primefaces,primefaces,True,org.primefaces:primefaces-parent:15.0.0-SNAPSHOT,True,listed-ok,
primefaces,primefaces,/home/camila/repos/primefaces/primefaces,org.primefaces:primefaces-parent:15.0.0-SNAPSHOT,True,primefaces-showcase,primefaces-showcase,True,org.primefaces:primefaces-parent:15.0.0-SNAPSHOT,True,listed-ok,
primefaces,primefaces,/home/camila/repos/primefaces/primefaces,org.primefaces:primefaces-parent:15.0.0-SNAPSHOT,True,primefaces-selenium,primefaces-selenium,True,org.primefaces:primefaces-parent:15.0.0-SNAPSHOT,True,listed-ok,
primefaces,primefaces,/home/camila/repos/primefaces/primefaces,org.primefaces:primefaces-parent:15.0.0-SNAPSHOT,True,primefaces-integration-tests,primefaces-integration-tests,True,org.primefaces:primefaces-parent:15.0.0-SNAPSHOT,True,listed-ok,
primefaces,primefaces,/home/camila/repos/primefaces/primefaces,org.primefaces:primefaces-parent:15.0.0-SNAPSHOT,True,primefaces-integration-tests-jakarta,primefaces-integration-tests-jakarta,True,org.primefaces:primefaces-parent:15.0.0-SNAPSHOT,True,listed-ok,
primefaces,primefaces,/home/camila/repos/primefaces/primefaces,org.primefaces:primefaces-parent:15.0.0-SNAPSHOT,True,primefaces-cli,primefaces-cli,True,org.primefaces:primefaces-parent:15.0.0-SNAPSHOT,True,listed-ok,
psi-probe,psi-probe,/home/camila/repos/psi-probe/psi-probe,com.github.psi-probe:psi-probe:4.3.2-SNAPSHOT,True,psi-probe-core,psi-probe-core,True,com.github.psi-probe:psi-probe:4.3.2-SNAPSHOT,True,listed-ok,
psi-probe,psi-probe,/home/camila/repos/psi-probe/psi-probe,com.github.psi-probe:psi-probe:4.3.2-SNAPSHOT,True,psi-probe-rest,psi-probe-rest,True,com.github.psi-probe:psi-probe:4.3.2-SNAPSHOT,True,listed-ok,
psi-probe,psi-probe,/home/camila/repos/psi-probe/psi-probe,com.github.psi-probe:psi-probe:4.3.2-SNAPSHOT,True,psi-probe-tomcat9,psi-probe-tomcat9,True,com.github.psi-probe:psi-probe:4.3.2-SNAPSHOT,True,listed-ok,
psi-probe,psi-probe,/home/camila/repos/psi-probe/psi-probe,com.github.psi-probe:psi-probe:4.3.2-SNAPSHOT,True,psi-probe-web,psi-probe-web,True,com.github.psi-probe:psi-probe:4.3.2-SNAPSHOT,True,listed-ok,
qos-ch,slf4j,/home/camila/repos/qos-ch/slf4j,org.slf4j:slf4j-bom:2.0.17-SNAPSHOT,True,parent,parent,True,org.slf4j:slf4j-bom:2.0.17-SNAPSHOT,True,listed-ok,
qos-ch,slf4j,/home/camila/repos/qos-ch/slf4j,org.slf4j:slf4j-bom:2.0.17-SNAPSHOT,True,slf4j-api,slf4j-api,True,org.slf4j:slf4j-parent:2.0.17-SNAPSHOT,False,listed-parent-mismatch,parent-ga-mismatch
qos-ch,slf4j,/home/camila/repos/qos-ch/slf4j,org.slf4j:slf4j-bom:2.0.17-SNAPSHOT,True,slf4j-simple,slf4j-simple,True,org.slf4j:slf4j-parent:2.0.17-SNAPSHOT,False,listed-parent-mismatch,parent-ga-mismatch
qos-ch,slf4j,/home/camila/repos/qos-ch/slf4j,org.slf4j:slf4j-bom:2.0.17-SNAPSHOT,True,slf4j-nop,slf4j-nop,True,org.slf4j:slf4j-parent:2.0.17-SNAPSHOT,False,listed-parent-mismatch,parent-ga-mismatch
qos-ch,slf4j,/home/camila/repos/qos-ch/slf4j,org.slf4j:slf4j-bom:2.0.17-SNAPSHOT,True,slf4j-jdk14,slf4j-jdk14,True,org.slf4j:slf4j-parent:2.0.17-SNAPSHOT,False,listed-parent-mismatch,parent-ga-mismatch
qos-ch,slf4j,/home/camila/repos/qos-ch/slf4j,org.slf4j:slf4j-bom:2.0.17-SNAPSHOT,True,slf4j-jdk-platform-logging,slf4j-jdk-platform-logging,True,org.slf4j:slf4j-parent:2.0.17-SNAPSHOT,False,listed-parent-mismatch,parent-ga-mismatch
qos-ch,slf4j,/home/camila/repos/qos-ch/slf4j,org.slf4j:slf4j-bom:2.0.17-SNAPSHOT,True,slf4j-log4j12,slf4j-log4j12,True,org.slf4j:slf4j-parent:2.0.17-SNAPSHOT,False,listed-parent-mismatch,parent-ga-mismatch
qos-ch,slf4j,/home/camila/repos/qos-ch/slf4j,org.slf4j:slf4j-bom:2.0.17-SNAPSHOT,True,slf4j-reload4j,slf4j-reload4j,True,org.slf4j:slf4j-parent:2.0.17-SNAPSHOT,False,listed-parent-mismatch,parent-ga-mismatch
qos-ch,slf4j,/home/camila/repos/qos-ch/slf4j,org.slf4j:slf4j-bom:2.0.17-SNAPSHOT,True,slf4j-ext,slf4j-ext,True,org.slf4j:slf4j-parent:2.0.17-SNAPSHOT,False,listed-parent-mismatch,parent-ga-mismatch
qos-ch,slf4j,/home/camila/repos/qos-ch/slf4j,org.slf4j:slf4j-bom:2.0.17-SNAPSHOT,True,jcl-over-slf4j,jcl-over-slf4j,True,org.slf4j:slf4j-parent:2.0.17-SNAPSHOT,False,listed-parent-mismatch,parent-ga-mismatch
qos-ch,slf4j,/home/camila/repos/qos-ch/slf4j,org.slf4j:slf4j-bom:2.0.17-SNAPSHOT,True,log4j-over-slf4j,log4j-over-slf4j,True,org.slf4j:slf4j-parent:2.0.17-SNAPSHOT,False,listed-parent-mismatch,parent-ga-mismatch
qos-ch,slf4j,/home/camila/repos/qos-ch/slf4j,org.slf4j:slf4j-bom:2.0.17-SNAPSHOT,True,jul-to-slf4j,jul-to-slf4j,True,org.slf4j:slf4j-parent:2.0.17-SNAPSHOT,False,listed-parent-mismatch,parent-ga-mismatch
qos-ch,slf4j,/home/camila/repos/qos-ch/slf4j,org.slf4j:slf4j-bom:2.0.17-SNAPSHOT,True,osgi-over-slf4j,osgi-over-slf4j,True,org.slf4j:slf4j-parent:2.0.17-SNAPSHOT,False,listed-parent-mismatch,parent-ga-mismatch
qos-ch,slf4j,/home/camila/repos/qos-ch/slf4j,org.slf4j:slf4j-bom:2.0.17-SNAPSHOT,True,integration,integration,True,org.slf4j:slf4j-parent:2.0.17-SNAPSHOT,False,listed-parent-mismatch,parent-ga-mismatch
qos-ch,slf4j,/home/camila/repos/qos-ch/slf4j,org.slf4j:slf4j-bom:2.0.17-SNAPSHOT,True,slf4j-migrator,slf4j-migrator,True,org.slf4j:slf4j-parent:2.0.17-SNAPSHOT,False,listed-parent-mismatch,parent-ga-mismatch
qos-ch,logback,/home/camila/repos/qos-ch/logback,ch.qos.logback:logback-parent:1.5.9-SNAPSHOT,True,logback-core,logback-core,True,ch.qos.logback:logback-parent:1.5.9-SNAPSHOT,True,listed-ok,
qos-ch,logback,/home/camila/repos/qos-ch/logback,ch.qos.logback:logback-parent:1.5.9-SNAPSHOT,True,logback-core-blackbox,logback-core-blackbox,True,ch.qos.logback:logback-parent:1.5.9-SNAPSHOT,True,listed-ok,
qos-ch,logback,/home/camila/repos/qos-ch/logback,ch.qos.logback:logback-parent:1.5.9-SNAPSHOT,True,logback-classic,logback-classic,True,ch.qos.logback:logback-parent:1.5.9-SNAPSHOT,True,listed-ok,
qos-ch,logback,/home/camila/repos/qos-ch/logback,ch.qos.logback:logback-parent:1.5.9-SNAPSHOT,True,logback-classic-blackbox,logback-classic-blackbox,True,ch.qos.logback:logback-parent:1.5.9-SNAPSHOT,True,listed-ok,
qos-ch,logback,/home/camila/repos/qos-ch/logback,ch.qos.logback:logback-parent:1.5.9-SNAPSHOT,True,logback-access,logback-access,True,ch.qos.logback:logback-parent:1.5.9-SNAPSHOT,True,listed-ok,
qos-ch,logback,/home/camila/repos/qos-ch/logback,ch.qos.logback:logback-parent:1.5.9-SNAPSHOT,True,logback-examples,logback-examples,True,ch.qos.logback:logback-parent:1.5.9-SNAPSHOT,True,listed-ok,
quarkusio,quarkus,/home/camila/repos/quarkusio/quarkus,io.quarkus:quarkus-project:999-SNAPSHOT,True,independent-projects/parent,independent-projects/parent,False,?:?:?,False,listed-nested-path,nested-module-path
quarkusio,quarkus,/home/camila/repos/quarkusio/quarkus,io.quarkus:quarkus-project:999-SNAPSHOT,True,independent-projects/ide-config,independent-projects/ide-config,False,?:?:?,False,listed-nested-path,nested-module-path
quarkusio,quarkus,/home/camila/repos/quarkusio/quarkus,io.quarkus:quarkus-project:999-SNAPSHOT,True,independent-projects/revapi,independent-projects/revapi,False,?:?:?,False,listed-nested-path,nested-module-path
quarkusio,quarkus,/home/camila/repos/quarkusio/quarkus,io.quarkus:quarkus-project:999-SNAPSHOT,True,independent-projects/arc,independent-projects/arc,False,?:?:?,False,listed-nested-path,nested-module-path
quarkusio,quarkus,/home/camila/repos/quarkusio/quarkus,io.quarkus:quarkus-project:999-SNAPSHOT,True,independent-projects/bootstrap,independent-projects/bootstrap,False,?:?:?,False,listed-nested-path,nested-module-path
quarkusio,quarkus,/home/camila/repos/quarkusio/quarkus,io.quarkus:quarkus-project:999-SNAPSHOT,True,independent-projects/qute,independent-projects/qute,False,?:?:?,False,listed-nested-path,nested-module-path
quarkusio,quarkus,/home/camila/repos/quarkusio/quarkus,io.quarkus:quarkus-project:999-SNAPSHOT,True,independent-projects/tools,independent-projects/tools,False,?:?:?,False,listed-nested-path,nested-module-path
quarkusio,quarkus,/home/camila/repos/quarkusio/quarkus,io.quarkus:quarkus-project:999-SNAPSHOT,True,independent-projects/enforcer-rules,independent-projects/enforcer-rules,False,?:?:?,False,listed-nested-path,nested-module-path
quarkusio,quarkus,/home/camila/repos/quarkusio/quarkus,io.quarkus:quarkus-project:999-SNAPSHOT,True,independent-projects/vertx-utils,independent-projects/vertx-utils,False,?:?:?,False,listed-nested-path,nested-module-path
quarkusio,quarkus,/home/camila/repos/quarkusio/quarkus,io.quarkus:quarkus-project:999-SNAPSHOT,True,independent-projects/resteasy-reactive,independent-projects/resteasy-reactive,False,?:?:?,False,listed-nested-path,nested-module-path
quarkusio,quarkus,/home/camila/repos/quarkusio/quarkus,io.quarkus:quarkus-project:999-SNAPSHOT,True,independent-projects/extension-maven-plugin,independent-projects/extension-maven-plugin,False,?:?:?,False,listed-nested-path,nested-module-path
quarkusio,quarkus,/home/camila/repos/quarkusio/quarkus,io.quarkus:quarkus-project:999-SNAPSHOT,True,independent-projects/junit5-virtual-threads,independent-projects/junit5-virtual-threads,False,?:?:?,False,listed-nested-path,nested-module-path
quarkusio,quarkus,/home/camila/repos/quarkusio/quarkus,io.quarkus:quarkus-project:999-SNAPSHOT,True,bom/application,bom/application,False,?:?:?,False,listed-nested-path,nested-module-path
quarkusio,quarkus,/home/camila/repos/quarkusio/quarkus,io.quarkus:quarkus-project:999-SNAPSHOT,True,bom/test,bom/test,False,?:?:?,False,listed-nested-path,nested-module-path
quarkusio,quarkus,/home/camila/repos/quarkusio/quarkus,io.quarkus:quarkus-project:999-SNAPSHOT,True,bom/dev-ui,bom/dev-ui,False,?:?:?,False,listed-nested-path,nested-module-path
quarkusio,quarkus,/home/camila/repos/quarkusio/quarkus,io.quarkus:quarkus-project:999-SNAPSHOT,True,build-parent,build-parent,True,io.quarkus:quarkus-project:999-SNAPSHOT,True,listed-ok,
quarkusio,quarkus,/home/camila/repos/quarkusio/quarkus,io.quarkus:quarkus-project:999-SNAPSHOT,True,core,core,True,io.quarkus:quarkus-build-parent:999-SNAPSHOT,False,listed-parent-mismatch,parent-ga-mismatch
quarkusio,quarkus,/home/camila/repos/quarkusio/quarkus,io.quarkus:quarkus-project:999-SNAPSHOT,True,test-framework,test-framework,True,io.quarkus:quarkus-build-parent:999-SNAPSHOT,False,listed-parent-mismatch,parent-ga-mismatch
quarkusio,quarkus,/home/camila/repos/quarkusio/quarkus,io.quarkus:quarkus-project:999-SNAPSHOT,True,extensions,extensions,True,io.quarkus:quarkus-build-parent:999-SNAPSHOT,False,listed-parent-mismatch,parent-ga-mismatch
quarkusio,quarkus,/home/camila/repos/quarkusio/quarkus,io.quarkus:quarkus-project:999-SNAPSHOT,True,devtools,devtools,True,io.quarkus:quarkus-build-parent:999-SNAPSHOT,False,listed-parent-mismatch,parent-ga-mismatch
quarkusio,quarkus,/home/camila/repos/quarkusio/quarkus,io.quarkus:quarkus-project:999-SNAPSHOT,True,integration-tests,integration-tests,True,io.quarkus:quarkus-build-parent:999-SNAPSHOT,False,listed-parent-mismatch,parent-ga-mismatch
quarkusio,quarkus,/home/camila/repos/quarkusio/quarkus,io.quarkus:quarkus-project:999-SNAPSHOT,True,docs,docs,True,io.quarkus:quarkus-build-parent:999-SNAPSHOT,False,listed-parent-mismatch,parent-ga-mismatch
querydsl,querydsl,/home/camila/repos/querydsl/querydsl,com.querydsl:querydsl-root:5.1.0,False,querydsl-guava,querydsl-guava,True,com.querydsl:querydsl-root:5.1.0,True,unlisted-child-with-root-parent,unlisted-but-parent-matches-root
querydsl,querydsl,/home/camila/repos/querydsl/querydsl,com.querydsl:querydsl-root:5.1.0,False,querydsl-lucene5,querydsl-lucene5,True,com.querydsl:querydsl-root:5.1.0,True,unlisted-child-with-root-parent,unlisted-but-parent-matches-root
querydsl,querydsl,/home/camila/repos/querydsl/querydsl,com.querydsl:querydsl-root:5.1.0,False,querydsl-sql-spring,querydsl-sql-spring,True,com.querydsl:querydsl-root:5.1.0,True,unlisted-child-with-root-parent,unlisted-but-parent-matches-root
querydsl,querydsl,/home/camila/repos/querydsl/querydsl,com.querydsl:querydsl-root:5.1.0,False,querydsl-hibernate-search,querydsl-hibernate-search,True,com.querydsl:querydsl-root:5.1.0,True,unlisted-child-with-root-parent,unlisted-but-parent-matches-root
querydsl,querydsl,/home/camila/repos/querydsl/querydsl,com.querydsl:querydsl-root:5.1.0,False,querydsl-jpa-codegen,querydsl-jpa-codegen,True,com.querydsl:querydsl-root:5.1.0,True,unlisted-child-with-root-parent,unlisted-but-parent-matches-root
querydsl,querydsl,/home/camila/repos/querydsl/querydsl,com.querydsl:querydsl-root:5.1.0,False,querydsl-lucene4,querydsl-lucene4,True,com.querydsl:querydsl-root:5.1.0,True,unlisted-child-with-root-parent,unlisted-but-parent-matches-root
querydsl,querydsl,/home/camila/repos/querydsl/querydsl,com.querydsl:querydsl-root:5.1.0,False,querydsl-scala,querydsl-scala,True,com.querydsl:querydsl-root:5.1.0,True,unlisted-child-with-root-parent,unlisted-but-parent-matches-root
querydsl,querydsl,/home/camila/repos/querydsl/querydsl,com.querydsl:querydsl-root:5.1.0,False,querydsl-collections,querydsl-collections,True,com.querydsl:querydsl-root:5.1.0,True,unlisted-child-with-root-parent,unlisted-but-parent-matches-root
querydsl,querydsl,/home/camila/repos/querydsl/querydsl,com.querydsl:querydsl-root:5.1.0,False,querydsl-bom,querydsl-bom,True,com.querydsl:querydsl-root:5.1.0,True,unlisted-child-with-root-parent,unlisted-but-parent-matches-root
querydsl,querydsl,/home/camila/repos/querydsl/querydsl,com.querydsl:querydsl-root:5.1.0,False,querydsl-sql,querydsl-sql,True,com.querydsl:querydsl-root:5.1.0,True,unlisted-child-with-root-parent,unlisted-but-parent-matches-root
querydsl,querydsl,/home/camila/repos/querydsl/querydsl,com.querydsl:querydsl-root:5.1.0,False,querydsl-apt,querydsl-apt,True,com.querydsl:querydsl-root:5.1.0,True,unlisted-child-with-root-parent,unlisted-but-parent-matches-root
querydsl,querydsl,/home/camila/repos/querydsl/querydsl,com.querydsl:querydsl-root:5.1.0,False,querydsl-maven-plugin,querydsl-maven-plugin,True,com.querydsl:querydsl-root:5.1.0,True,unlisted-child-with-root-parent,unlisted-but-parent-matches-root
querydsl,querydsl,/home/camila/repos/querydsl/querydsl,com.querydsl:querydsl-root:5.1.0,False,querydsl-docs,querydsl-docs,True,com.querydsl:querydsl-root:5.1.0,True,unlisted-child-with-root-parent,unlisted-but-parent-matches-root
querydsl,querydsl,/home/camila/repos/querydsl/querydsl,com.querydsl:querydsl-root:5.1.0,False,querydsl-kotlin,querydsl-kotlin,True,com.querydsl:querydsl-root:5.1.0,True,unlisted-child-with-root-parent,unlisted-but-parent-matches-root
querydsl,querydsl,/home/camila/repos/querydsl/querydsl,com.querydsl:querydsl-root:5.1.0,False,querydsl-spatial,querydsl-spatial,True,com.querydsl:querydsl-root:5.1.0,True,unlisted-child-with-root-parent,unlisted-but-parent-matches-root
querydsl,querydsl,/home/camila/repos/querydsl/querydsl,com.querydsl:querydsl-root:5.1.0,False,querydsl-core,querydsl-core,True,com.querydsl:querydsl-root:5.1.0,True,unlisted-child-with-root-parent,unlisted-but-parent-matches-root
querydsl,querydsl,/home/camila/repos/querydsl/querydsl,com.querydsl:querydsl-root:5.1.0,False,querydsl-codegen,querydsl-codegen,True,com.querydsl:querydsl-root:5.1.0,True,unlisted-child-with-root-parent,unlisted-but-parent-matches-root
querydsl,querydsl,/home/camila/repos/querydsl/querydsl,com.querydsl:querydsl-root:5.1.0,False,querydsl-examples,querydsl-examples,True,com.querydsl:querydsl-root:5.1.0,True,unlisted-child-with-root-parent,unlisted-but-parent-matches-root
querydsl,querydsl,/home/camila/repos/querydsl/querydsl,com.querydsl:querydsl-root:5.1.0,False,querydsl-jpa,querydsl-jpa,True,com.querydsl:querydsl-root:5.1.0,True,unlisted-child-with-root-parent,unlisted-but-parent-matches-root
querydsl,querydsl,/home/camila/repos/querydsl/querydsl,com.querydsl:querydsl-root:5.1.0,False,querydsl-lucene3,querydsl-lucene3,True,com.querydsl:querydsl-root:5.1.0,True,unlisted-child-with-root-parent,unlisted-but-parent-matches-root
querydsl,querydsl,/home/camila/repos/querydsl/querydsl,com.querydsl:querydsl-root:5.1.0,False,querydsl-codegen-utils,querydsl-codegen-utils,True,com.querydsl:querydsl-root:5.1.0,True,unlisted-child-with-root-parent,unlisted-but-parent-matches-root
querydsl,querydsl,/home/camila/repos/querydsl/querydsl,com.querydsl:querydsl-root:5.1.0,False,querydsl-mongodb,querydsl-mongodb,True,com.querydsl:querydsl-root:5.1.0,True,unlisted-child-with-root-parent,unlisted-but-parent-matches-root
querydsl,querydsl,/home/camila/repos/querydsl/querydsl,com.querydsl:querydsl-root:5.1.0,False,querydsl-sql-spatial,querydsl-sql-spatial,True,com.querydsl:querydsl-root:5.1.0,True,unlisted-child-with-root-parent,unlisted-but-parent-matches-root
querydsl,querydsl,/home/camila/repos/querydsl/querydsl,com.querydsl:querydsl-root:5.1.0,False,querydsl-kotlin-codegen,querydsl-kotlin-codegen,True,com.querydsl:querydsl-root:5.1.0,True,unlisted-child-with-root-parent,unlisted-but-parent-matches-root
querydsl,querydsl,/home/camila/repos/querydsl/querydsl,com.querydsl:querydsl-root:5.1.0,False,querydsl-sql-codegen,querydsl-sql-codegen,True,com.querydsl:querydsl-root:5.1.0,True,unlisted-child-with-root-parent,unlisted-but-parent-matches-root
querydsl,querydsl,/home/camila/repos/querydsl/querydsl,com.querydsl:querydsl-root:5.1.0,False,querydsl-jdo,querydsl-jdo,True,com.querydsl:querydsl-root:5.1.0,True,unlisted-child-with-root-parent,unlisted-but-parent-matches-root
questdb,questdb,/home/camila/repos/questdb/questdb,org.questdb:questdb-parent:8.1.2-SNAPSHOT,True,core,core,True,?:?:?,False,listed-parent-mismatch,child-without-parent-or-missing-ga
questdb,questdb,/home/camila/repos/questdb/questdb,org.questdb:questdb-parent:8.1.2-SNAPSHOT,True,benchmarks,benchmarks,True,?:?:?,False,listed-parent-mismatch,child-without-parent-or-missing-ga
questdb,questdb,/home/camila/repos/questdb/questdb,org.questdb:questdb-parent:8.1.2-SNAPSHOT,True,utils,utils,True,?:?:?,False,listed-parent-mismatch,child-without-parent-or-missing-ga
questdb,questdb,/home/camila/repos/questdb/questdb,org.questdb:questdb-parent:8.1.2-SNAPSHOT,True,examples,examples,True,?:?:?,False,listed-parent-mismatch,child-without-parent-or-missing-ga
questdb,questdb,/home/camila/repos/questdb/questdb,org.questdb:questdb-parent:8.1.2-SNAPSHOT,True,compat,compat,True,?:?:?,False,listed-parent-mismatch,child-without-parent-or-missing-ga
raphw,byte-buddy,/home/camila/repos/raphw/byte-buddy,net.bytebuddy:byte-buddy-parent:1.15.2-SNAPSHOT,True,byte-buddy,byte-buddy,True,net.bytebuddy:byte-buddy-parent:1.15.2-SNAPSHOT,True,listed-ok,
raphw,byte-buddy,/home/camila/repos/raphw/byte-buddy,net.bytebuddy:byte-buddy-parent:1.15.2-SNAPSHOT,True,byte-buddy-dep,byte-buddy-dep,True,net.bytebuddy:byte-buddy-parent:1.15.2-SNAPSHOT,True,listed-ok,
raphw,byte-buddy,/home/camila/repos/raphw/byte-buddy,net.bytebuddy:byte-buddy-parent:1.15.2-SNAPSHOT,True,byte-buddy-benchmark,byte-buddy-benchmark,True,net.bytebuddy:byte-buddy-parent:1.15.2-SNAPSHOT,True,listed-ok,
raphw,byte-buddy,/home/camila/repos/raphw/byte-buddy,net.bytebuddy:byte-buddy-parent:1.15.2-SNAPSHOT,True,byte-buddy-agent,byte-buddy-agent,True,net.bytebuddy:byte-buddy-parent:1.15.2-SNAPSHOT,True,listed-ok,
raphw,byte-buddy,/home/camila/repos/raphw/byte-buddy,net.bytebuddy:byte-buddy-parent:1.15.2-SNAPSHOT,True,byte-buddy-android,byte-buddy-android,True,net.bytebuddy:byte-buddy-parent:1.15.2-SNAPSHOT,True,listed-ok,
raphw,byte-buddy,/home/camila/repos/raphw/byte-buddy,net.bytebuddy:byte-buddy-parent:1.15.2-SNAPSHOT,True,byte-buddy-android-test,byte-buddy-android-test,True,net.bytebuddy:byte-buddy-parent:1.15.2-SNAPSHOT,True,listed-ok,
raphw,byte-buddy,/home/camila/repos/raphw/byte-buddy,net.bytebuddy:byte-buddy-parent:1.15.2-SNAPSHOT,True,byte-buddy-maven-plugin,byte-buddy-maven-plugin,True,net.bytebuddy:byte-buddy-parent:1.15.2-SNAPSHOT,True,listed-ok,
raphw,byte-buddy,/home/camila/repos/raphw/byte-buddy,net.bytebuddy:byte-buddy-parent:1.15.2-SNAPSHOT,True,byte-buddy-gradle-plugin,byte-buddy-gradle-plugin,True,net.bytebuddy:byte-buddy-parent:1.15.2-SNAPSHOT,True,listed-ok,
redisson,redisson,/home/camila/repos/redisson/redisson,org.redisson:redisson-parent:3.36.1-SNAPSHOT,True,redisson,redisson,True,org.redisson:redisson-parent:3.36.1-SNAPSHOT,True,listed-ok,
redisson,redisson,/home/camila/repos/redisson/redisson,org.redisson:redisson-parent:3.36.1-SNAPSHOT,True,redisson-all,redisson-all,True,org.redisson:redisson-parent:3.36.1-SNAPSHOT,True,listed-ok,
redisson,redisson,/home/camila/repos/redisson/redisson,org.redisson:redisson-parent:3.36.1-SNAPSHOT,True,redisson-tomcat,redisson-tomcat,True,org.redisson:redisson-parent:3.36.1-SNAPSHOT,True,listed-ok,
redisson,redisson,/home/camila/repos/redisson/redisson,org.redisson:redisson-parent:3.36.1-SNAPSHOT,True,redisson-spring-data,redisson-spring-data,True,org.redisson:redisson-parent:3.36.1-SNAPSHOT,True,listed-ok,
redisson,redisson,/home/camila/repos/redisson/redisson,org.redisson:redisson-parent:3.36.1-SNAPSHOT,True,redisson-spring-boot-starter,redisson-spring-boot-starter,True,org.redisson:redisson-parent:3.36.1-SNAPSHOT,True,listed-ok,
redisson,redisson,/home/camila/repos/redisson/redisson,org.redisson:redisson-parent:3.36.1-SNAPSHOT,True,redisson-mybatis,redisson-mybatis,True,org.redisson:redisson-parent:3.36.1-SNAPSHOT,True,listed-ok,
redisson,redisson,/home/camila/repos/redisson/redisson,org.redisson:redisson-parent:3.36.1-SNAPSHOT,True,redisson-hibernate,redisson-hibernate,True,org.redisson:redisson-parent:3.36.1-SNAPSHOT,True,listed-ok,
redisson,redisson,/home/camila/repos/redisson/redisson,org.redisson:redisson-parent:3.36.1-SNAPSHOT,True,redisson-helidon,redisson-helidon,True,org.redisson:redisson-parent:3.36.1-SNAPSHOT,True,listed-ok,
redisson,redisson,/home/camila/repos/redisson/redisson,org.redisson:redisson-parent:3.36.1-SNAPSHOT,True,redisson-quarkus,redisson-quarkus,True,org.redisson:redisson-parent:3.36.1-SNAPSHOT,True,listed-ok,
redisson,redisson,/home/camila/repos/redisson/redisson,org.redisson:redisson-parent:3.36.1-SNAPSHOT,True,redisson-micronaut,redisson-micronaut,True,org.redisson:redisson-parent:3.36.1-SNAPSHOT,True,listed-ok,
rest-assured,rest-assured,/home/camila/repos/rest-assured/rest-assured,io.rest-assured:rest-assured-parent:5.5.1-SNAPSHOT,True,modules,modules,True,io.rest-assured:rest-assured-parent:5.5.1-SNAPSHOT,True,listed-ok,
rest-assured,rest-assured,/home/camila/repos/rest-assured/rest-assured,io.rest-assured:rest-assured-parent:5.5.1-SNAPSHOT,True,rest-assured,rest-assured,True,io.rest-assured:rest-assured-parent:5.5.1-SNAPSHOT,True,listed-ok,
rest-assured,rest-assured,/home/camila/repos/rest-assured/rest-assured,io.rest-assured:rest-assured-parent:5.5.1-SNAPSHOT,True,rest-assured-all,rest-assured-all,True,io.rest-assured:rest-assured-parent:5.5.1-SNAPSHOT,True,listed-ok,
rest-assured,rest-assured,/home/camila/repos/rest-assured/rest-assured,io.rest-assured:rest-assured-parent:5.5.1-SNAPSHOT,True,examples,examples,True,io.rest-assured:rest-assured-parent:5.5.1-SNAPSHOT,True,listed-ok,
rest-assured,rest-assured,/home/camila/repos/rest-assured/rest-assured,io.rest-assured:rest-assured-parent:5.5.1-SNAPSHOT,True,json-path,json-path,True,io.rest-assured:rest-assured-parent:5.5.1-SNAPSHOT,True,listed-ok,
rest-assured,rest-assured,/home/camila/repos/rest-assured/rest-assured,io.rest-assured:rest-assured-parent:5.5.1-SNAPSHOT,True,rest-assured-common,rest-assured-common,True,io.rest-assured:rest-assured-parent:5.5.1-SNAPSHOT,True,listed-ok,
rest-assured,rest-assured,/home/camila/repos/rest-assured/rest-assured,io.rest-assured:rest-assured-parent:5.5.1-SNAPSHOT,True,xml-path,xml-path,True,io.rest-assured:rest-assured-parent:5.5.1-SNAPSHOT,True,listed-ok,
runelite,runelite,/home/camila/repos/runelite/runelite,net.runelite:runelite-parent:1.10.38-SNAPSHOT,True,cache,cache,True,net.runelite:runelite-parent:1.10.38-SNAPSHOT,True,listed-ok,
runelite,runelite,/home/camila/repos/runelite/runelite,net.runelite:runelite-parent:1.10.38-SNAPSHOT,True,runelite-api,runelite-api,True,net.runelite:runelite-parent:1.10.38-SNAPSHOT,True,listed-ok,
runelite,runelite,/home/camila/repos/runelite/runelite,net.runelite:runelite-parent:1.10.38-SNAPSHOT,True,runelite-client,runelite-client,True,net.runelite:runelite-parent:1.10.38-SNAPSHOT,True,listed-ok,
runelite,runelite,/home/camila/repos/runelite/runelite,net.runelite:runelite-parent:1.10.38-SNAPSHOT,True,runelite-jshell,runelite-jshell,True,net.runelite:runelite-parent:1.10.38-SNAPSHOT,True,listed-ok,
runelite,runelite,/home/camila/repos/runelite/runelite,net.runelite:runelite-parent:1.10.38-SNAPSHOT,True,runelite-maven-plugin,runelite-maven-plugin,True,net.runelite:runelite-parent:1.10.38-SNAPSHOT,True,listed-ok,
scribejava,scribejava,/home/camila/repos/scribejava/scribejava,com.github.scribejava:scribejava:8.3.4-SNAPSHOT,True,scribejava-core,scribejava-core,True,com.github.scribejava:scribejava:8.3.4-SNAPSHOT,True,listed-ok,
scribejava,scribejava,/home/camila/repos/scribejava/scribejava,com.github.scribejava:scribejava:8.3.4-SNAPSHOT,True,scribejava-java8,scribejava-java8,True,com.github.scribejava:scribejava:8.3.4-SNAPSHOT,True,listed-ok,
scribejava,scribejava,/home/camila/repos/scribejava/scribejava,com.github.scribejava:scribejava:8.3.4-SNAPSHOT,True,scribejava-apis,scribejava-apis,True,com.github.scribejava:scribejava:8.3.4-SNAPSHOT,True,listed-ok,
scribejava,scribejava,/home/camila/repos/scribejava/scribejava,com.github.scribejava:scribejava:8.3.4-SNAPSHOT,True,scribejava-httpclient-ahc,scribejava-httpclient-ahc,True,com.github.scribejava:scribejava:8.3.4-SNAPSHOT,True,listed-ok,
scribejava,scribejava,/home/camila/repos/scribejava/scribejava,com.github.scribejava:scribejava:8.3.4-SNAPSHOT,True,scribejava-httpclient-ning,scribejava-httpclient-ning,True,com.github.scribejava:scribejava:8.3.4-SNAPSHOT,True,listed-ok,
scribejava,scribejava,/home/camila/repos/scribejava/scribejava,com.github.scribejava:scribejava:8.3.4-SNAPSHOT,True,scribejava-httpclient-okhttp,scribejava-httpclient-okhttp,True,com.github.scribejava:scribejava:8.3.4-SNAPSHOT,True,listed-ok,
scribejava,scribejava,/home/camila/repos/scribejava/scribejava,com.github.scribejava:scribejava:8.3.4-SNAPSHOT,True,scribejava-httpclient-apache,scribejava-httpclient-apache,True,com.github.scribejava:scribejava:8.3.4-SNAPSHOT,True,listed-ok,
scribejava,scribejava,/home/camila/repos/scribejava/scribejava,com.github.scribejava:scribejava:8.3.4-SNAPSHOT,True,scribejava-httpclient-armeria,scribejava-httpclient-armeria,True,com.github.scribejava:scribejava:8.3.4-SNAPSHOT,True,listed-ok,
siddhi-io,siddhi,/home/camila/repos/siddhi-io/siddhi,org.wso2.siddhi:siddhi:3.2.14-SNAPSHOT,True,modules/siddhi-query-api,modules/siddhi-query-api,False,?:?:?,False,listed-nested-path,nested-module-path
siddhi-io,siddhi,/home/camila/repos/siddhi-io/siddhi,org.wso2.siddhi:siddhi:3.2.14-SNAPSHOT,True,modules/siddhi-query-compiler,modules/siddhi-query-compiler,False,?:?:?,False,listed-nested-path,nested-module-path
siddhi-io,siddhi,/home/camila/repos/siddhi-io/siddhi,org.wso2.siddhi:siddhi:3.2.14-SNAPSHOT,True,modules/siddhi-core,modules/siddhi-core,False,?:?:?,False,listed-nested-path,nested-module-path
siddhi-io,siddhi,/home/camila/repos/siddhi-io/siddhi,org.wso2.siddhi:siddhi:3.2.14-SNAPSHOT,True,modules/siddhi-extensions,modules/siddhi-extensions,False,?:?:?,False,listed-nested-path,nested-module-path
siddhi-io,siddhi,/home/camila/repos/siddhi-io/siddhi,org.wso2.siddhi:siddhi:3.2.14-SNAPSHOT,True,modules/siddhi-samples,modules/siddhi-samples,False,?:?:?,False,listed-nested-path,nested-module-path
siddhi-io,siddhi,/home/camila/repos/siddhi-io/siddhi,org.wso2.siddhi:siddhi:3.2.14-SNAPSHOT,True,coverage-reports,coverage-reports,True,org.wso2.siddhi:siddhi:3.2.14-SNAPSHOT,True,listed-ok,
SpigotMC,BungeeCord,/home/camila/repos/SpigotMC/BungeeCord,net.md-5:bungeecord-parent:1.21-R0.1-SNAPSHOT,True,api,api,True,net.md-5:bungeecord-parent:1.21-R0.1-SNAPSHOT,True,listed-ok,
SpigotMC,BungeeCord,/home/camila/repos/SpigotMC/BungeeCord,net.md-5:bungeecord-parent:1.21-R0.1-SNAPSHOT,True,bootstrap,bootstrap,True,net.md-5:bungeecord-parent:1.21-R0.1-SNAPSHOT,True,listed-ok,
SpigotMC,BungeeCord,/home/camila/repos/SpigotMC/BungeeCord,net.md-5:bungeecord-parent:1.21-R0.1-SNAPSHOT,True,chat,chat,True,net.md-5:bungeecord-parent:1.21-R0.1-SNAPSHOT,True,listed-ok,
SpigotMC,BungeeCord,/home/camila/repos/SpigotMC/BungeeCord,net.md-5:bungeecord-parent:1.21-R0.1-SNAPSHOT,True,config,config,True,net.md-5:bungeecord-parent:1.21-R0.1-SNAPSHOT,True,listed-ok,
SpigotMC,BungeeCord,/home/camila/repos/SpigotMC/BungeeCord,net.md-5:bungeecord-parent:1.21-R0.1-SNAPSHOT,True,event,event,True,net.md-5:bungeecord-parent:1.21-R0.1-SNAPSHOT,True,listed-ok,
SpigotMC,BungeeCord,/home/camila/repos/SpigotMC/BungeeCord,net.md-5:bungeecord-parent:1.21-R0.1-SNAPSHOT,True,log,log,True,net.md-5:bungeecord-parent:1.21-R0.1-SNAPSHOT,True,listed-ok,
SpigotMC,BungeeCord,/home/camila/repos/SpigotMC/BungeeCord,net.md-5:bungeecord-parent:1.21-R0.1-SNAPSHOT,True,module,module,True,net.md-5:bungeecord-parent:1.21-R0.1-SNAPSHOT,True,listed-ok,
SpigotMC,BungeeCord,/home/camila/repos/SpigotMC/BungeeCord,net.md-5:bungeecord-parent:1.21-R0.1-SNAPSHOT,True,protocol,protocol,True,net.md-5:bungeecord-parent:1.21-R0.1-SNAPSHOT,True,listed-ok,
SpigotMC,BungeeCord,/home/camila/repos/SpigotMC/BungeeCord,net.md-5:bungeecord-parent:1.21-R0.1-SNAPSHOT,True,proxy,proxy,True,net.md-5:bungeecord-parent:1.21-R0.1-SNAPSHOT,True,listed-ok,
SpigotMC,BungeeCord,/home/camila/repos/SpigotMC/BungeeCord,net.md-5:bungeecord-parent:1.21-R0.1-SNAPSHOT,True,query,query,True,net.md-5:bungeecord-parent:1.21-R0.1-SNAPSHOT,True,listed-ok,
SpigotMC,BungeeCord,/home/camila/repos/SpigotMC/BungeeCord,net.md-5:bungeecord-parent:1.21-R0.1-SNAPSHOT,True,slf4j,slf4j,True,net.md-5:bungeecord-parent:1.21-R0.1-SNAPSHOT,True,listed-ok,
SpigotMC,BungeeCord,/home/camila/repos/SpigotMC/BungeeCord,net.md-5:bungeecord-parent:1.21-R0.1-SNAPSHOT,True,native,native,True,net.md-5:bungeecord-parent:1.21-R0.1-SNAPSHOT,True,listed-ok,
spring-cloud,spring-cloud-config,/home/camila/repos/spring-cloud/spring-cloud-config,org.springframework.cloud:spring-cloud-config:4.2.0-SNAPSHOT,True,spring-cloud-config-dependencies,spring-cloud-config-dependencies,True,org.springframework.cloud:spring-cloud-dependencies-parent:4.2.0-SNAPSHOT,False,listed-parent-mismatch,parent-ga-mismatch
spring-cloud,spring-cloud-config,/home/camila/repos/spring-cloud/spring-cloud-config,org.springframework.cloud:spring-cloud-config:4.2.0-SNAPSHOT,True,spring-cloud-config-client,spring-cloud-config-client,True,org.springframework.cloud:spring-cloud-config:4.2.0-SNAPSHOT,True,listed-ok,
spring-cloud,spring-cloud-config,/home/camila/repos/spring-cloud/spring-cloud-config,org.springframework.cloud:spring-cloud-config:4.2.0-SNAPSHOT,True,spring-cloud-config-server,spring-cloud-config-server,True,org.springframework.cloud:spring-cloud-config:4.2.0-SNAPSHOT,True,listed-ok,
spring-cloud,spring-cloud-config,/home/camila/repos/spring-cloud/spring-cloud-config,org.springframework.cloud:spring-cloud-config:4.2.0-SNAPSHOT,True,spring-cloud-config-monitor,spring-cloud-config-monitor,True,org.springframework.cloud:spring-cloud-config:4.2.0-SNAPSHOT,True,listed-ok,
spring-cloud,spring-cloud-config,/home/camila/repos/spring-cloud/spring-cloud-config,org.springframework.cloud:spring-cloud-config:4.2.0-SNAPSHOT,True,spring-cloud-config-sample,spring-cloud-config-sample,True,org.springframework.cloud:spring-cloud-config:4.2.0-SNAPSHOT,True,listed-ok,
spring-cloud,spring-cloud-config,/home/camila/repos/spring-cloud/spring-cloud-config,org.springframework.cloud:spring-cloud-config:4.2.0-SNAPSHOT,True,spring-cloud-starter-config,spring-cloud-starter-config,True,org.springframework.cloud:spring-cloud-config:4.2.0-SNAPSHOT,True,listed-ok,
spring-cloud,spring-cloud-config,/home/camila/repos/spring-cloud/spring-cloud-config,org.springframework.cloud:spring-cloud-config:4.2.0-SNAPSHOT,True,spring-cloud-config-client-tls-tests,spring-cloud-config-client-tls-tests,True,org.springframework.cloud:spring-cloud-config:4.2.0-SNAPSHOT,True,listed-ok,
spring-cloud,spring-cloud-config,/home/camila/repos/spring-cloud/spring-cloud-config,org.springframework.cloud:spring-cloud-config:4.2.0-SNAPSHOT,True,docs,docs,True,org.springframework.cloud:spring-cloud-config:4.2.0-SNAPSHOT,True,listed-ok,
spring-cloud,spring-cloud-gateway,/home/camila/repos/spring-cloud/spring-cloud-gateway,org.springframework.cloud:spring-cloud-gateway:4.2.0-SNAPSHOT,True,spring-cloud-gateway-dependencies,spring-cloud-gateway-dependencies,True,org.springframework.cloud:spring-cloud-dependencies-parent:4.2.0-SNAPSHOT,False,listed-parent-mismatch,parent-ga-mismatch
spring-cloud,spring-cloud-gateway,/home/camila/repos/spring-cloud/spring-cloud-gateway,org.springframework.cloud:spring-cloud-gateway:4.2.0-SNAPSHOT,True,spring-cloud-gateway-mvc,spring-cloud-gateway-mvc,True,org.springframework.cloud:spring-cloud-gateway:4.2.0-SNAPSHOT,True,listed-ok,
spring-cloud,spring-cloud-gateway,/home/camila/repos/spring-cloud/spring-cloud-gateway,org.springframework.cloud:spring-cloud-gateway:4.2.0-SNAPSHOT,True,spring-cloud-gateway-webflux,spring-cloud-gateway-webflux,True,org.springframework.cloud:spring-cloud-gateway:4.2.0-SNAPSHOT,True,listed-ok,
spring-cloud,spring-cloud-gateway,/home/camila/repos/spring-cloud/spring-cloud-gateway,org.springframework.cloud:spring-cloud-gateway:4.2.0-SNAPSHOT,True,spring-cloud-gateway-server,spring-cloud-gateway-server,True,org.springframework.cloud:spring-cloud-gateway:4.2.0-SNAPSHOT,True,listed-ok,
spring-cloud,spring-cloud-gateway,/home/camila/repos/spring-cloud/spring-cloud-gateway,org.springframework.cloud:spring-cloud-gateway:4.2.0-SNAPSHOT,True,spring-cloud-gateway-server-mvc,spring-cloud-gateway-server-mvc,True,org.springframework.cloud:spring-cloud-gateway:4.2.0-SNAPSHOT,True,listed-ok,
spring-cloud,spring-cloud-gateway,/home/camila/repos/spring-cloud/spring-cloud-gateway,org.springframework.cloud:spring-cloud-gateway:4.2.0-SNAPSHOT,True,spring-cloud-starter-gateway,spring-cloud-starter-gateway,True,org.springframework.cloud:spring-cloud-gateway:4.2.0-SNAPSHOT,True,listed-ok,
spring-cloud,spring-cloud-gateway,/home/camila/repos/spring-cloud/spring-cloud-gateway,org.springframework.cloud:spring-cloud-gateway:4.2.0-SNAPSHOT,True,spring-cloud-starter-gateway-mvc,spring-cloud-starter-gateway-mvc,True,org.springframework.cloud:spring-cloud-gateway:4.2.0-SNAPSHOT,True,listed-ok,
spring-cloud,spring-cloud-gateway,/home/camila/repos/spring-cloud/spring-cloud-gateway,org.springframework.cloud:spring-cloud-gateway:4.2.0-SNAPSHOT,True,spring-cloud-gateway-sample,spring-cloud-gateway-sample,True,org.springframework.cloud:spring-cloud-gateway:4.2.0-SNAPSHOT,True,listed-ok,
spring-cloud,spring-cloud-gateway,/home/camila/repos/spring-cloud/spring-cloud-gateway,org.springframework.cloud:spring-cloud-gateway:4.2.0-SNAPSHOT,True,spring-cloud-gateway-integration-tests,spring-cloud-gateway-integration-tests,True,org.springframework.cloud:spring-cloud-gateway:4.2.0-SNAPSHOT,True,listed-ok,
spring-cloud,spring-cloud-gateway,/home/camila/repos/spring-cloud/spring-cloud-gateway,org.springframework.cloud:spring-cloud-gateway:4.2.0-SNAPSHOT,True,docs,docs,True,org.springframework.cloud:spring-cloud-gateway:4.2.0-SNAPSHOT,True,listed-ok,
spring-cloud,spring-cloud-sleuth,/home/camila/repos/spring-cloud/spring-cloud-sleuth,org.springframework.cloud:spring-cloud-sleuth:3.1.11-SNAPSHOT,True,spring-cloud-sleuth-dependencies,spring-cloud-sleuth-dependencies,True,org.springframework.cloud:spring-cloud-dependencies-parent:3.1.10-SNAPSHOT,False,listed-parent-mismatch,parent-ga-mismatch
spring-cloud,spring-cloud-sleuth,/home/camila/repos/spring-cloud/spring-cloud-sleuth,org.springframework.cloud:spring-cloud-sleuth:3.1.11-SNAPSHOT,True,spring-cloud-sleuth-api,spring-cloud-sleuth-api,True,org.springframework.cloud:spring-cloud-sleuth:3.1.11-SNAPSHOT,True,listed-ok,
spring-cloud,spring-cloud-sleuth,/home/camila/repos/spring-cloud/spring-cloud-sleuth,org.springframework.cloud:spring-cloud-sleuth:3.1.11-SNAPSHOT,True,spring-cloud-sleuth-instrumentation,spring-cloud-sleuth-instrumentation,True,org.springframework.cloud:spring-cloud-sleuth:3.1.11-SNAPSHOT,True,listed-ok,
spring-cloud,spring-cloud-sleuth,/home/camila/repos/spring-cloud/spring-cloud-sleuth,org.springframework.cloud:spring-cloud-sleuth:3.1.11-SNAPSHOT,True,spring-cloud-sleuth-brave,spring-cloud-sleuth-brave,True,org.springframework.cloud:spring-cloud-sleuth:3.1.11-SNAPSHOT,True,listed-ok,
spring-cloud,spring-cloud-sleuth,/home/camila/repos/spring-cloud/spring-cloud-sleuth,org.springframework.cloud:spring-cloud-sleuth:3.1.11-SNAPSHOT,True,spring-cloud-sleuth-autoconfigure,spring-cloud-sleuth-autoconfigure,True,org.springframework.cloud:spring-cloud-sleuth:3.1.11-SNAPSHOT,True,listed-ok,
spring-cloud,spring-cloud-sleuth,/home/camila/repos/spring-cloud/spring-cloud-sleuth,org.springframework.cloud:spring-cloud-sleuth:3.1.11-SNAPSHOT,True,tests,tests,True,org.springframework.cloud:spring-cloud-sleuth:3.1.11-SNAPSHOT,True,listed-ok,
spring-cloud,spring-cloud-sleuth,/home/camila/repos/spring-cloud/spring-cloud-sleuth,org.springframework.cloud:spring-cloud-sleuth:3.1.11-SNAPSHOT,True,spring-cloud-sleuth-zipkin,spring-cloud-sleuth-zipkin,True,org.springframework.cloud:spring-cloud-sleuth:3.1.11-SNAPSHOT,True,listed-ok,
spring-cloud,spring-cloud-sleuth,/home/camila/repos/spring-cloud/spring-cloud-sleuth,org.springframework.cloud:spring-cloud-sleuth:3.1.11-SNAPSHOT,True,spring-cloud-starter-sleuth,spring-cloud-starter-sleuth,True,org.springframework.cloud:spring-cloud-sleuth:3.1.11-SNAPSHOT,True,listed-ok,
spring-cloud,spring-cloud-sleuth,/home/camila/repos/spring-cloud/spring-cloud-sleuth,org.springframework.cloud:spring-cloud-sleuth:3.1.11-SNAPSHOT,True,spring-cloud-sleuth-samples,spring-cloud-sleuth-samples,True,org.springframework.cloud:spring-cloud-sleuth:3.1.11-SNAPSHOT,True,listed-ok,
spring-cloud,spring-cloud-sleuth,/home/camila/repos/spring-cloud/spring-cloud-sleuth,org.springframework.cloud:spring-cloud-sleuth:3.1.11-SNAPSHOT,True,docs,docs,True,org.springframework.cloud:spring-cloud-sleuth:3.1.11-SNAPSHOT,True,listed-ok,
spring-cloud,spring-cloud-netflix,/home/camila/repos/spring-cloud/spring-cloud-netflix,org.springframework.cloud:spring-cloud-netflix:4.2.0-SNAPSHOT,True,spring-cloud-netflix-dependencies,spring-cloud-netflix-dependencies,True,org.springframework.cloud:spring-cloud-dependencies-parent:4.2.0-SNAPSHOT,False,listed-parent-mismatch,parent-ga-mismatch
spring-cloud,spring-cloud-netflix,/home/camila/repos/spring-cloud/spring-cloud-netflix,org.springframework.cloud:spring-cloud-netflix:4.2.0-SNAPSHOT,True,spring-cloud-netflix-eureka-client,spring-cloud-netflix-eureka-client,True,org.springframework.cloud:spring-cloud-netflix:4.2.0-SNAPSHOT,True,listed-ok,
spring-cloud,spring-cloud-netflix,/home/camila/repos/spring-cloud/spring-cloud-netflix,org.springframework.cloud:spring-cloud-netflix:4.2.0-SNAPSHOT,True,spring-cloud-netflix-eureka-server,spring-cloud-netflix-eureka-server,True,org.springframework.cloud:spring-cloud-netflix:4.2.0-SNAPSHOT,True,listed-ok,
spring-cloud,spring-cloud-netflix,/home/camila/repos/spring-cloud/spring-cloud-netflix,org.springframework.cloud:spring-cloud-netflix:4.2.0-SNAPSHOT,True,spring-cloud-starter-netflix-eureka-client,spring-cloud-starter-netflix-eureka-client,True,org.springframework.cloud:spring-cloud-netflix:4.2.0-SNAPSHOT,True,listed-ok,
spring-cloud,spring-cloud-netflix,/home/camila/repos/spring-cloud/spring-cloud-netflix,org.springframework.cloud:spring-cloud-netflix:4.2.0-SNAPSHOT,True,spring-cloud-starter-netflix-eureka-server,spring-cloud-starter-netflix-eureka-server,True,org.springframework.cloud:spring-cloud-netflix:4.2.0-SNAPSHOT,True,listed-ok,
spring-cloud,spring-cloud-netflix,/home/camila/repos/spring-cloud/spring-cloud-netflix,org.springframework.cloud:spring-cloud-netflix:4.2.0-SNAPSHOT,True,spring-cloud-netflix-eureka-client-tls-tests,spring-cloud-netflix-eureka-client-tls-tests,True,org.springframework.cloud:spring-cloud-netflix:4.2.0-SNAPSHOT,True,listed-ok,
spring-cloud,spring-cloud-netflix,/home/camila/repos/spring-cloud/spring-cloud-netflix,org.springframework.cloud:spring-cloud-netflix:4.2.0-SNAPSHOT,True,docs,docs,True,org.springframework.cloud:spring-cloud-netflix:4.2.0-SNAPSHOT,True,listed-ok,
spring-io,initializr,/home/camila/repos/spring-io/initializr,io.spring.initializr:initializr:${revision},True,initializr-actuator,initializr-actuator,True,io.spring.initializr:initializr-parent:${revision},False,listed-parent-mismatch,parent-ga-mismatch
spring-io,initializr,/home/camila/repos/spring-io/initializr,io.spring.initializr:initializr:${revision},True,initializr-bom,initializr-bom,True,io.spring.initializr:initializr:${revision},True,listed-ok,
spring-io,initializr,/home/camila/repos/spring-io/initializr,io.spring.initializr:initializr:${revision},True,initializr-docs,initializr-docs,True,io.spring.initializr:initializr-parent:${revision},False,listed-parent-mismatch,parent-ga-mismatch
spring-io,initializr,/home/camila/repos/spring-io/initializr,io.spring.initializr:initializr:${revision},True,initializr-generator,initializr-generator,True,io.spring.initializr:initializr-parent:${revision},False,listed-parent-mismatch,parent-ga-mismatch
spring-io,initializr,/home/camila/repos/spring-io/initializr,io.spring.initializr:initializr:${revision},True,initializr-generator-spring,initializr-generator-spring,True,io.spring.initializr:initializr-parent:${revision},False,listed-parent-mismatch,parent-ga-mismatch
spring-io,initializr,/home/camila/repos/spring-io/initializr,io.spring.initializr:initializr:${revision},True,initializr-generator-test,initializr-generator-test,True,io.spring.initializr:initializr-parent:${revision},False,listed-parent-mismatch,parent-ga-mismatch
spring-io,initializr,/home/camila/repos/spring-io/initializr,io.spring.initializr:initializr:${revision},True,initializr-metadata,initializr-metadata,True,io.spring.initializr:initializr-parent:${revision},False,listed-parent-mismatch,parent-ga-mismatch
spring-io,initializr,/home/camila/repos/spring-io/initializr,io.spring.initializr:initializr:${revision},True,initializr-parent,initializr-parent,True,io.spring.initializr:initializr-bom:${revision},False,listed-parent-mismatch,parent-ga-mismatch
spring-io,initializr,/home/camila/repos/spring-io/initializr,io.spring.initializr:initializr:${revision},True,initializr-service-sample,initializr-service-sample,True,io.spring.initializr:initializr-parent:${revision},False,listed-parent-mismatch,parent-ga-mismatch
spring-io,initializr,/home/camila/repos/spring-io/initializr,io.spring.initializr:initializr:${revision},True,initializr-version-resolver,initializr-version-resolver,True,io.spring.initializr:initializr-parent:${revision},False,listed-parent-mismatch,parent-ga-mismatch
spring-io,initializr,/home/camila/repos/spring-io/initializr,io.spring.initializr:initializr:${revision},True,initializr-web,initializr-web,True,io.spring.initializr:initializr-parent:${revision},False,listed-parent-mismatch,parent-ga-mismatch
spring-projects,spring-batch,/home/camila/repos/spring-projects/spring-batch,org.springframework.batch:spring-batch:5.1.3-SNAPSHOT,True,spring-batch-infrastructure,spring-batch-infrastructure,True,org.springframework.batch:spring-batch:5.1.3-SNAPSHOT,True,listed-ok,
spring-projects,spring-batch,/home/camila/repos/spring-projects/spring-batch,org.springframework.batch:spring-batch:5.1.3-SNAPSHOT,True,spring-batch-core,spring-batch-core,True,org.springframework.batch:spring-batch:5.1.3-SNAPSHOT,True,listed-ok,
spring-projects,spring-batch,/home/camila/repos/spring-projects/spring-batch,org.springframework.batch:spring-batch:5.1.3-SNAPSHOT,True,spring-batch-test,spring-batch-test,True,org.springframework.batch:spring-batch:5.1.3-SNAPSHOT,True,listed-ok,
spring-projects,spring-batch,/home/camila/repos/spring-projects/spring-batch,org.springframework.batch:spring-batch:5.1.3-SNAPSHOT,True,spring-batch-integration,spring-batch-integration,True,org.springframework.batch:spring-batch:5.1.3-SNAPSHOT,True,listed-ok,
spring-projects,spring-batch,/home/camila/repos/spring-projects/spring-batch,org.springframework.batch:spring-batch:5.1.3-SNAPSHOT,True,spring-batch-samples,spring-batch-samples,True,org.springframework.batch:spring-batch:5.1.3-SNAPSHOT,True,listed-ok,
spring-projects,spring-batch,/home/camila/repos/spring-projects/spring-batch,org.springframework.batch:spring-batch:5.1.3-SNAPSHOT,True,spring-batch-docs,spring-batch-docs,True,org.springframework.batch:spring-batch:5.1.3-SNAPSHOT,True,listed-ok,
spring-projects,spring-batch,/home/camila/repos/spring-projects/spring-batch,org.springframework.batch:spring-batch:5.1.3-SNAPSHOT,True,spring-batch-bom,spring-batch-bom,True,org.springframework.batch:spring-batch:5.1.3-SNAPSHOT,True,listed-ok,
springdoc,springdoc-openapi,/home/camila/repos/springdoc/springdoc-openapi,org.springdoc:springdoc-openapi:2.6.1-SNAPSHOT,True,springdoc-openapi-starter-common,springdoc-openapi-starter-common,True,org.springdoc:springdoc-openapi:2.6.1-SNAPSHOT,True,listed-ok,
springdoc,springdoc-openapi,/home/camila/repos/springdoc/springdoc-openapi,org.springdoc:springdoc-openapi:2.6.1-SNAPSHOT,True,springdoc-openapi-starter-webmvc-api,springdoc-openapi-starter-webmvc-api,True,org.springdoc:springdoc-openapi:2.6.1-SNAPSHOT,True,listed-ok,
springdoc,springdoc-openapi,/home/camila/repos/springdoc/springdoc-openapi,org.springdoc:springdoc-openapi:2.6.1-SNAPSHOT,True,springdoc-openapi-starter-webflux-api,springdoc-openapi-starter-webflux-api,True,org.springdoc:springdoc-openapi:2.6.1-SNAPSHOT,True,listed-ok,
springdoc,springdoc-openapi,/home/camila/repos/springdoc/springdoc-openapi,org.springdoc:springdoc-openapi:2.6.1-SNAPSHOT,True,springdoc-openapi-starter-webmvc-ui,springdoc-openapi-starter-webmvc-ui,True,org.springdoc:springdoc-openapi:2.6.1-SNAPSHOT,True,listed-ok,
springdoc,springdoc-openapi,/home/camila/repos/springdoc/springdoc-openapi,org.springdoc:springdoc-openapi:2.6.1-SNAPSHOT,True,springdoc-openapi-starter-webflux-ui,springdoc-openapi-starter-webflux-ui,True,org.springdoc:springdoc-openapi:2.6.1-SNAPSHOT,True,listed-ok,
springdoc,springdoc-openapi,/home/camila/repos/springdoc/springdoc-openapi,org.springdoc:springdoc-openapi:2.6.1-SNAPSHOT,False,springdoc-openapi-tests,springdoc-openapi-tests,True,org.springdoc:springdoc-openapi:2.6.1-SNAPSHOT,True,unlisted-child-with-root-parent,unlisted-but-parent-matches-root
strimzi,strimzi-kafka-operator,/home/camila/repos/strimzi/strimzi-kafka-operator,io.strimzi:strimzi:0.44.0-SNAPSHOT,True,kafka-agent,kafka-agent,True,io.strimzi:strimzi:0.44.0-SNAPSHOT,True,listed-ok,
strimzi,strimzi-kafka-operator,/home/camila/repos/strimzi/strimzi-kafka-operator,io.strimzi:strimzi:0.44.0-SNAPSHOT,True,mirror-maker-agent,mirror-maker-agent,True,io.strimzi:strimzi:0.44.0-SNAPSHOT,True,listed-ok,
strimzi,strimzi-kafka-operator,/home/camila/repos/strimzi/strimzi-kafka-operator,io.strimzi:strimzi:0.44.0-SNAPSHOT,True,tracing-agent,tracing-agent,True,io.strimzi:strimzi:0.44.0-SNAPSHOT,True,listed-ok,
strimzi,strimzi-kafka-operator,/home/camila/repos/strimzi/strimzi-kafka-operator,io.strimzi:strimzi:0.44.0-SNAPSHOT,True,test,test,True,io.strimzi:strimzi:0.44.0-SNAPSHOT,True,listed-ok,
strimzi,strimzi-kafka-operator,/home/camila/repos/strimzi/strimzi-kafka-operator,io.strimzi:strimzi:0.44.0-SNAPSHOT,True,crd-annotations,crd-annotations,True,io.strimzi:strimzi:0.44.0-SNAPSHOT,True,listed-ok,
strimzi,strimzi-kafka-operator,/home/camila/repos/strimzi/strimzi-kafka-operator,io.strimzi:strimzi:0.44.0-SNAPSHOT,True,crd-generator,crd-generator,True,io.strimzi:strimzi:0.44.0-SNAPSHOT,True,listed-ok,
strimzi,strimzi-kafka-operator,/home/camila/repos/strimzi/strimzi-kafka-operator,io.strimzi:strimzi:0.44.0-SNAPSHOT,True,api,api,True,io.strimzi:strimzi:0.44.0-SNAPSHOT,True,listed-ok,
strimzi,strimzi-kafka-operator,/home/camila/repos/strimzi/strimzi-kafka-operator,io.strimzi:strimzi:0.44.0-SNAPSHOT,True,mockkube,mockkube,True,io.strimzi:strimzi:0.44.0-SNAPSHOT,True,listed-ok,
strimzi,strimzi-kafka-operator,/home/camila/repos/strimzi/strimzi-kafka-operator,io.strimzi:strimzi:0.44.0-SNAPSHOT,True,config-model,config-model,True,io.strimzi:strimzi:0.44.0-SNAPSHOT,True,listed-ok,
strimzi,strimzi-kafka-operator,/home/camila/repos/strimzi/strimzi-kafka-operator,io.strimzi:strimzi:0.44.0-SNAPSHOT,True,config-model-generator,config-model-generator,True,io.strimzi:strimzi:0.44.0-SNAPSHOT,True,listed-ok,
strimzi,strimzi-kafka-operator,/home/camila/repos/strimzi/strimzi-kafka-operator,io.strimzi:strimzi:0.44.0-SNAPSHOT,True,operator-common,operator-common,True,io.strimzi:strimzi:0.44.0-SNAPSHOT,True,listed-ok,
strimzi,strimzi-kafka-operator,/home/camila/repos/strimzi/strimzi-kafka-operator,io.strimzi:strimzi:0.44.0-SNAPSHOT,True,topic-operator,topic-operator,True,io.strimzi:strimzi:0.44.0-SNAPSHOT,True,listed-ok,
strimzi,strimzi-kafka-operator,/home/camila/repos/strimzi/strimzi-kafka-operator,io.strimzi:strimzi:0.44.0-SNAPSHOT,True,cluster-operator,cluster-operator,True,io.strimzi:strimzi:0.44.0-SNAPSHOT,True,listed-ok,
strimzi,strimzi-kafka-operator,/home/camila/repos/strimzi/strimzi-kafka-operator,io.strimzi:strimzi:0.44.0-SNAPSHOT,True,user-operator,user-operator,True,io.strimzi:strimzi:0.44.0-SNAPSHOT,True,listed-ok,
strimzi,strimzi-kafka-operator,/home/camila/repos/strimzi/strimzi-kafka-operator,io.strimzi:strimzi:0.44.0-SNAPSHOT,True,kafka-init,kafka-init,True,io.strimzi:strimzi:0.44.0-SNAPSHOT,True,listed-ok,
strimzi,strimzi-kafka-operator,/home/camila/repos/strimzi/strimzi-kafka-operator,io.strimzi:strimzi:0.44.0-SNAPSHOT,True,certificate-manager,certificate-manager,True,io.strimzi:strimzi:0.44.0-SNAPSHOT,True,listed-ok,
strimzi,strimzi-kafka-operator,/home/camila/repos/strimzi/strimzi-kafka-operator,io.strimzi:strimzi:0.44.0-SNAPSHOT,True,systemtest,systemtest,True,io.strimzi:strimzi:0.44.0-SNAPSHOT,True,listed-ok,
swagger-api,swagger-core,/home/camila/repos/swagger-api/swagger-core,io.swagger.core.v3:swagger-project:2.2.25-SNAPSHOT,True,modules/swagger-annotations,modules/swagger-annotations,False,?:?:?,False,listed-nested-path,nested-module-path
swagger-api,swagger-core,/home/camila/repos/swagger-api/swagger-core,io.swagger.core.v3:swagger-project:2.2.25-SNAPSHOT,True,modules/swagger-models,modules/swagger-models,False,?:?:?,False,listed-nested-path,nested-module-path
swagger-api,swagger-core,/home/camila/repos/swagger-api/swagger-core,io.swagger.core.v3:swagger-project:2.2.25-SNAPSHOT,True,modules/swagger-core,modules/swagger-core,False,?:?:?,False,listed-nested-path,nested-module-path
swagger-api,swagger-core,/home/camila/repos/swagger-api/swagger-core,io.swagger.core.v3:swagger-project:2.2.25-SNAPSHOT,True,modules/swagger-integration,modules/swagger-integration,False,?:?:?,False,listed-nested-path,nested-module-path
swagger-api,swagger-core,/home/camila/repos/swagger-api/swagger-core,io.swagger.core.v3:swagger-project:2.2.25-SNAPSHOT,True,modules/swagger-jaxrs2,modules/swagger-jaxrs2,False,?:?:?,False,listed-nested-path,nested-module-path
swagger-api,swagger-core,/home/camila/repos/swagger-api/swagger-core,io.swagger.core.v3:swagger-project:2.2.25-SNAPSHOT,True,modules/swagger-jaxrs2-servlet-initializer,modules/swagger-jaxrs2-servlet-initializer,False,?:?:?,False,listed-nested-path,nested-module-path
swagger-api,swagger-core,/home/camila/repos/swagger-api/swagger-core,io.swagger.core.v3:swagger-project:2.2.25-SNAPSHOT,True,modules/swagger-jaxrs2-servlet-initializer-v2,modules/swagger-jaxrs2-servlet-initializer-v2,False,?:?:?,False,listed-nested-path,nested-module-path
swagger-api,swagger-core,/home/camila/repos/swagger-api/swagger-core,io.swagger.core.v3:swagger-project:2.2.25-SNAPSHOT,True,modules/swagger-maven-plugin,modules/swagger-maven-plugin,False,?:?:?,False,listed-nested-path,nested-module-path
swagger-api,swagger-core,/home/camila/repos/swagger-api/swagger-core,io.swagger.core.v3:swagger-project:2.2.25-SNAPSHOT,True,modules/swagger-eclipse-transformer-maven-plugin,modules/swagger-eclipse-transformer-maven-plugin,False,?:?:?,False,listed-nested-path,nested-module-path
swagger-api,swagger-core,/home/camila/repos/swagger-api/swagger-core,io.swagger.core.v3:swagger-project:2.2.25-SNAPSHOT,True,modules/swagger-project-jakarta,modules/swagger-project-jakarta,False,?:?:?,False,listed-nested-path,nested-module-path
theonedev,onedev,/home/camila/repos/theonedev/onedev,io.onedev:server:11.2.1,False,server-product,server-product,True,io.onedev:server:11.2.1,True,unlisted-child-with-root-parent,unlisted-but-parent-matches-root
theonedev,onedev,/home/camila/repos/theonedev/onedev,io.onedev:server:11.2.1,False,server-core,server-core,True,io.onedev:server:11.2.1,True,unlisted-child-with-root-parent,unlisted-but-parent-matches-root
theonedev,onedev,/home/camila/repos/theonedev/onedev,io.onedev:server:11.2.1,False,server-plugin,server-plugin,True,io.onedev:server:11.2.1,True,unlisted-child-with-root-parent,unlisted-but-parent-matches-root
thingsboard,thingsboard,/home/camila/repos/thingsboard/thingsboard,org.thingsboard:thingsboard:3.7.1-SNAPSHOT,True,netty-mqtt,netty-mqtt,True,org.thingsboard:thingsboard:3.7.1-SNAPSHOT,True,listed-ok,
thingsboard,thingsboard,/home/camila/repos/thingsboard/thingsboard,org.thingsboard:thingsboard:3.7.1-SNAPSHOT,True,common,common,True,org.thingsboard:thingsboard:3.7.1-SNAPSHOT,True,listed-ok,
thingsboard,thingsboard,/home/camila/repos/thingsboard/thingsboard,org.thingsboard:thingsboard:3.7.1-SNAPSHOT,True,rule-engine,rule-engine,True,org.thingsboard:thingsboard:3.7.1-SNAPSHOT,True,listed-ok,
thingsboard,thingsboard,/home/camila/repos/thingsboard/thingsboard,org.thingsboard:thingsboard:3.7.1-SNAPSHOT,True,dao,dao,True,org.thingsboard:thingsboard:3.7.1-SNAPSHOT,True,listed-ok,
thingsboard,thingsboard,/home/camila/repos/thingsboard/thingsboard,org.thingsboard:thingsboard:3.7.1-SNAPSHOT,True,transport,transport,True,org.thingsboard:thingsboard:3.7.1-SNAPSHOT,True,listed-ok,
thingsboard,thingsboard,/home/camila/repos/thingsboard/thingsboard,org.thingsboard:thingsboard:3.7.1-SNAPSHOT,True,ui-ngx,ui-ngx,True,org.thingsboard:thingsboard:3.7.1-SNAPSHOT,True,listed-ok,
thingsboard,thingsboard,/home/camila/repos/thingsboard/thingsboard,org.thingsboard:thingsboard:3.7.1-SNAPSHOT,True,tools,tools,True,org.thingsboard:thingsboard:3.7.1-SNAPSHOT,True,listed-ok,
thingsboard,thingsboard,/home/camila/repos/thingsboard/thingsboard,org.thingsboard:thingsboard:3.7.1-SNAPSHOT,True,application,application,True,org.thingsboard:thingsboard:3.7.1-SNAPSHOT,True,listed-ok,
thingsboard,thingsboard,/home/camila/repos/thingsboard/thingsboard,org.thingsboard:thingsboard:3.7.1-SNAPSHOT,True,msa,msa,True,org.thingsboard:thingsboard:3.7.1-SNAPSHOT,True,listed-ok,
thingsboard,thingsboard,/home/camila/repos/thingsboard/thingsboard,org.thingsboard:thingsboard:3.7.1-SNAPSHOT,True,rest-client,rest-client,True,org.thingsboard:thingsboard:3.7.1-SNAPSHOT,True,listed-ok,
thingsboard,thingsboard,/home/camila/repos/thingsboard/thingsboard,org.thingsboard:thingsboard:3.7.1-SNAPSHOT,True,monitoring,monitoring,True,org.thingsboard:thingsboard:3.7.1-SNAPSHOT,True,listed-ok,
tlaplus,tlaplus,/home/camila/repos/tlaplus/tlaplus,tlatoolbox:parent:0.0.1-SNAPSHOT,True,tlatools/org.lamport.tlatools,tlatools/org.lamport.tlatools,False,?:?:?,False,listed-nested-path,nested-module-path
tlaplus,tlaplus,/home/camila/repos/tlaplus/tlaplus,tlatoolbox:parent:0.0.1-SNAPSHOT,True,tlatools/org.lamport.tlatools.api,tlatools/org.lamport.tlatools.api,False,?:?:?,False,listed-nested-path,nested-module-path
tlaplus,tlaplus,/home/camila/repos/tlaplus/tlaplus,tlatoolbox:parent:0.0.1-SNAPSHOT,True,tlatools/org.lamport.tlatools.impl.distributed,tlatools/org.lamport.tlatools.impl.distributed,False,?:?:?,False,listed-nested-path,nested-module-path
tlaplus,tlaplus,/home/camila/repos/tlaplus/tlaplus,tlatoolbox:parent:0.0.1-SNAPSHOT,True,tlatools/org.lamport.tlatools.consumer.distributed,tlatools/org.lamport.tlatools.consumer.distributed,False,?:?:?,False,listed-nested-path,nested-module-path
tlaplus,tlaplus,/home/camila/repos/tlaplus/tlaplus,tlatoolbox:parent:0.0.1-SNAPSHOT,True,toolbox/org.lamport.tla.toolbox.rss,toolbox/org.lamport.tla.toolbox.rss,False,?:?:?,False,listed-nested-path,nested-module-path
tlaplus,tlaplus,/home/camila/repos/tlaplus/tlaplus,tlatoolbox:parent:0.0.1-SNAPSHOT,True,toolbox/org.lamport.tla.toolbox,toolbox/org.lamport.tla.toolbox,False,?:?:?,False,listed-nested-path,nested-module-path
tlaplus,tlaplus,/home/camila/repos/tlaplus/tlaplus,tlatoolbox:parent:0.0.1-SNAPSHOT,True,toolbox/org.lamport.tla.toolbox.jclouds,toolbox/org.lamport.tla.toolbox.jclouds,False,?:?:?,False,listed-nested-path,nested-module-path
tlaplus,tlaplus,/home/camila/repos/tlaplus/tlaplus,tlatoolbox:parent:0.0.1-SNAPSHOT,True,toolbox/org.lamport.tla.toolbox.jnlp,toolbox/org.lamport.tla.toolbox.jnlp,False,?:?:?,False,listed-nested-path,nested-module-path
tlaplus,tlaplus,/home/camila/repos/tlaplus/tlaplus,tlatoolbox:parent:0.0.1-SNAPSHOT,True,toolbox/org.lamport.tla.toolbox.doc,toolbox/org.lamport.tla.toolbox.doc,False,?:?:?,False,listed-nested-path,nested-module-path
tlaplus,tlaplus,/home/camila/repos/tlaplus/tlaplus,tlatoolbox:parent:0.0.1-SNAPSHOT,True,toolbox/org.lamport.tla.toolbox.editor.basic,toolbox/org.lamport.tla.toolbox.editor.basic,False,?:?:?,False,listed-nested-path,nested-module-path
tlaplus,tlaplus,/home/camila/repos/tlaplus/tlaplus,tlatoolbox:parent:0.0.1-SNAPSHOT,True,toolbox/org.lamport.tla.toolbox.tool.prover,toolbox/org.lamport.tla.toolbox.tool.prover,False,?:?:?,False,listed-nested-path,nested-module-path
tlaplus,tlaplus,/home/camila/repos/tlaplus/tlaplus,tlatoolbox:parent:0.0.1-SNAPSHOT,True,toolbox/org.lamport.tla.toolbox.tool.tla2tex,toolbox/org.lamport.tla.toolbox.tool.tla2tex,False,?:?:?,False,listed-nested-path,nested-module-path
tlaplus,tlaplus,/home/camila/repos/tlaplus/tlaplus,tlatoolbox:parent:0.0.1-SNAPSHOT,True,toolbox/org.lamport.tla.toolbox.tool.tlc,toolbox/org.lamport.tla.toolbox.tool.tlc,False,?:?:?,False,listed-nested-path,nested-module-path
tlaplus,tlaplus,/home/camila/repos/tlaplus/tlaplus,tlatoolbox:parent:0.0.1-SNAPSHOT,True,toolbox/org.lamport.tla.toolbox.tool.tlc.ui,toolbox/org.lamport.tla.toolbox.tool.tlc.ui,False,?:?:?,False,listed-nested-path,nested-module-path
tlaplus,tlaplus,/home/camila/repos/tlaplus/tlaplus,tlatoolbox:parent:0.0.1-SNAPSHOT,True,toolbox/org.lamport.tla.toolbox.product.standalone,toolbox/org.lamport.tla.toolbox.product.standalone,False,?:?:?,False,listed-nested-path,nested-module-path
tlaplus,tlaplus,/home/camila/repos/tlaplus/tlaplus,tlatoolbox:parent:0.0.1-SNAPSHOT,True,toolbox/org.lamport.tla.toolbox.test,toolbox/org.lamport.tla.toolbox.test,False,?:?:?,False,listed-nested-path,nested-module-path
tlaplus,tlaplus,/home/camila/repos/tlaplus/tlaplus,tlatoolbox:parent:0.0.1-SNAPSHOT,True,toolbox/org.lamport.tla.toolbox.tool.tlc.test,toolbox/org.lamport.tla.toolbox.tool.tlc.test,False,?:?:?,False,listed-nested-path,nested-module-path
tlaplus,tlaplus,/home/camila/repos/tlaplus/tlaplus,tlatoolbox:parent:0.0.1-SNAPSHOT,True,toolbox/org.lamport.tla.toolbox.tool.tlc.ui.test,toolbox/org.lamport.tla.toolbox.tool.tlc.ui.test,False,?:?:?,False,listed-nested-path,nested-module-path
tlaplus,tlaplus,/home/camila/repos/tlaplus/tlaplus,tlatoolbox:parent:0.0.1-SNAPSHOT,True,toolbox/org.lamport.tla.toolbox.uitest,toolbox/org.lamport.tla.toolbox.uitest,False,?:?:?,False,listed-nested-path,nested-module-path
tlaplus,tlaplus,/home/camila/repos/tlaplus/tlaplus,tlatoolbox:parent:0.0.1-SNAPSHOT,True,toolbox/org.lamport.tla.toolbox.tool.tla2tex.uitest,toolbox/org.lamport.tla.toolbox.tool.tla2tex.uitest,False,?:?:?,False,listed-nested-path,nested-module-path
tlaplus,tlaplus,/home/camila/repos/tlaplus/tlaplus,tlatoolbox:parent:0.0.1-SNAPSHOT,True,toolbox/org.lamport.tla.toolbox.tool.tlc.ui.uitest,toolbox/org.lamport.tla.toolbox.tool.tlc.ui.uitest,False,?:?:?,False,listed-nested-path,nested-module-path
tlaplus,tlaplus,/home/camila/repos/tlaplus/tlaplus,tlatoolbox:parent:0.0.1-SNAPSHOT,True,tlatools/org.lamport.tlatools.feature,tlatools/org.lamport.tlatools.feature,False,?:?:?,False,listed-nested-path,nested-module-path
tlaplus,tlaplus,/home/camila/repos/tlaplus/tlaplus,tlatoolbox:parent:0.0.1-SNAPSHOT,True,toolbox/org.lamport.tla.toolbox.feature.base,toolbox/org.lamport.tla.toolbox.feature.base,False,?:?:?,False,listed-nested-path,nested-module-path
tlaplus,tlaplus,/home/camila/repos/tlaplus/tlaplus,tlatoolbox:parent:0.0.1-SNAPSHOT,True,toolbox/org.lamport.tla.toolbox.feature.editor,toolbox/org.lamport.tla.toolbox.feature.editor,False,?:?:?,False,listed-nested-path,nested-module-path
tlaplus,tlaplus,/home/camila/repos/tlaplus/tlaplus,tlatoolbox:parent:0.0.1-SNAPSHOT,True,toolbox/org.lamport.tla.toolbox.feature.jnlp,toolbox/org.lamport.tla.toolbox.feature.jnlp,False,?:?:?,False,listed-nested-path,nested-module-path
tlaplus,tlaplus,/home/camila/repos/tlaplus/tlaplus,tlatoolbox:parent:0.0.1-SNAPSHOT,True,toolbox/org.lamport.tla.toolbox.feature.jclouds,toolbox/org.lamport.tla.toolbox.feature.jclouds,False,?:?:?,False,listed-nested-path,nested-module-path
tlaplus,tlaplus,/home/camila/repos/tlaplus/tlaplus,tlatoolbox:parent:0.0.1-SNAPSHOT,True,toolbox/org.lamport.tla.toolbox.feature.help,toolbox/org.lamport.tla.toolbox.feature.help,False,?:?:?,False,listed-nested-path,nested-module-path
tlaplus,tlaplus,/home/camila/repos/tlaplus/tlaplus,tlatoolbox:parent:0.0.1-SNAPSHOT,True,toolbox/org.lamport.tla.toolbox.feature.prover,toolbox/org.lamport.tla.toolbox.feature.prover,False,?:?:?,False,listed-nested-path,nested-module-path
tlaplus,tlaplus,/home/camila/repos/tlaplus/tlaplus,tlatoolbox:parent:0.0.1-SNAPSHOT,True,toolbox/org.lamport.tla.toolbox.feature.tla2tex,toolbox/org.lamport.tla.toolbox.feature.tla2tex,False,?:?:?,False,listed-nested-path,nested-module-path
tlaplus,tlaplus,/home/camila/repos/tlaplus/tlaplus,tlatoolbox:parent:0.0.1-SNAPSHOT,True,toolbox/org.lamport.tla.toolbox.feature.tlc,toolbox/org.lamport.tla.toolbox.feature.tlc,False,?:?:?,False,listed-nested-path,nested-module-path
tlaplus,tlaplus,/home/camila/repos/tlaplus/tlaplus,tlatoolbox:parent:0.0.1-SNAPSHOT,True,toolbox/org.lamport.tla.toolbox.feature.uitest,toolbox/org.lamport.tla.toolbox.feature.uitest,False,?:?:?,False,listed-nested-path,nested-module-path
tlaplus,tlaplus,/home/camila/repos/tlaplus/tlaplus,tlatoolbox:parent:0.0.1-SNAPSHOT,True,toolbox/org.lamport.tla.toolbox.feature.branding,toolbox/org.lamport.tla.toolbox.feature.branding,False,?:?:?,False,listed-nested-path,nested-module-path
tlaplus,tlaplus,/home/camila/repos/tlaplus/tlaplus,tlatoolbox:parent:0.0.1-SNAPSHOT,True,toolbox/org.lamport.tla.toolbox.feature.standalone,toolbox/org.lamport.tla.toolbox.feature.standalone,False,?:?:?,False,listed-nested-path,nested-module-path
tlaplus,tlaplus,/home/camila/repos/tlaplus/tlaplus,tlatoolbox:parent:0.0.1-SNAPSHOT,True,toolbox/org.lamport.tla.toolbox.p2repository,toolbox/org.lamport.tla.toolbox.p2repository,False,?:?:?,False,listed-nested-path,nested-module-path
tlaplus,tlaplus,/home/camila/repos/tlaplus/tlaplus,tlatoolbox:parent:0.0.1-SNAPSHOT,True,toolbox/org.lamport.tla.toolbox.product.product,toolbox/org.lamport.tla.toolbox.product.product,False,?:?:?,False,listed-nested-path,nested-module-path
trinodb,trino,/home/camila/repos/trinodb/trino,io.trino:trino-root:459-SNAPSHOT,True,client/trino-cli,client/trino-cli,False,?:?:?,False,listed-nested-path,nested-module-path
trinodb,trino,/home/camila/repos/trinodb/trino,io.trino:trino-root:459-SNAPSHOT,True,client/trino-client,client/trino-client,False,?:?:?,False,listed-nested-path,nested-module-path
trinodb,trino,/home/camila/repos/trinodb/trino,io.trino:trino-root:459-SNAPSHOT,True,client/trino-jdbc,client/trino-jdbc,False,?:?:?,False,listed-nested-path,nested-module-path
trinodb,trino,/home/camila/repos/trinodb/trino,io.trino:trino-root:459-SNAPSHOT,True,core/trino-grammar,core/trino-grammar,False,?:?:?,False,listed-nested-path,nested-module-path
trinodb,trino,/home/camila/repos/trinodb/trino,io.trino:trino-root:459-SNAPSHOT,True,core/trino-main,core/trino-main,False,?:?:?,False,listed-nested-path,nested-module-path
trinodb,trino,/home/camila/repos/trinodb/trino,io.trino:trino-root:459-SNAPSHOT,True,core/trino-parser,core/trino-parser,False,?:?:?,False,listed-nested-path,nested-module-path
trinodb,trino,/home/camila/repos/trinodb/trino,io.trino:trino-root:459-SNAPSHOT,True,core/trino-server,core/trino-server,False,?:?:?,False,listed-nested-path,nested-module-path
trinodb,trino,/home/camila/repos/trinodb/trino,io.trino:trino-root:459-SNAPSHOT,True,core/trino-server-main,core/trino-server-main,False,?:?:?,False,listed-nested-path,nested-module-path
trinodb,trino,/home/camila/repos/trinodb/trino,io.trino:trino-root:459-SNAPSHOT,True,core/trino-server-rpm,core/trino-server-rpm,False,?:?:?,False,listed-nested-path,nested-module-path
trinodb,trino,/home/camila/repos/trinodb/trino,io.trino:trino-root:459-SNAPSHOT,True,core/trino-spi,core/trino-spi,False,?:?:?,False,listed-nested-path,nested-module-path
trinodb,trino,/home/camila/repos/trinodb/trino,io.trino:trino-root:459-SNAPSHOT,True,core/trino-web-ui,core/trino-web-ui,False,?:?:?,False,listed-nested-path,nested-module-path
trinodb,trino,/home/camila/repos/trinodb/trino,io.trino:trino-root:459-SNAPSHOT,True,docs,docs,True,io.trino:trino-root:459-SNAPSHOT,True,listed-ok,
trinodb,trino,/home/camila/repos/trinodb/trino,io.trino:trino-root:459-SNAPSHOT,True,lib/trino-array,lib/trino-array,False,?:?:?,False,listed-nested-path,nested-module-path
trinodb,trino,/home/camila/repos/trinodb/trino,io.trino:trino-root:459-SNAPSHOT,True,lib/trino-cache,lib/trino-cache,False,?:?:?,False,listed-nested-path,nested-module-path
trinodb,trino,/home/camila/repos/trinodb/trino,io.trino:trino-root:459-SNAPSHOT,True,lib/trino-filesystem,lib/trino-filesystem,False,?:?:?,False,listed-nested-path,nested-module-path
trinodb,trino,/home/camila/repos/trinodb/trino,io.trino:trino-root:459-SNAPSHOT,True,lib/trino-filesystem-azure,lib/trino-filesystem-azure,False,?:?:?,False,listed-nested-path,nested-module-path
trinodb,trino,/home/camila/repos/trinodb/trino,io.trino:trino-root:459-SNAPSHOT,True,lib/trino-filesystem-cache-alluxio,lib/trino-filesystem-cache-alluxio,False,?:?:?,False,listed-nested-path,nested-module-path
trinodb,trino,/home/camila/repos/trinodb/trino,io.trino:trino-root:459-SNAPSHOT,True,lib/trino-filesystem-gcs,lib/trino-filesystem-gcs,False,?:?:?,False,listed-nested-path,nested-module-path
trinodb,trino,/home/camila/repos/trinodb/trino,io.trino:trino-root:459-SNAPSHOT,True,lib/trino-filesystem-manager,lib/trino-filesystem-manager,False,?:?:?,False,listed-nested-path,nested-module-path
trinodb,trino,/home/camila/repos/trinodb/trino,io.trino:trino-root:459-SNAPSHOT,True,lib/trino-filesystem-s3,lib/trino-filesystem-s3,False,?:?:?,False,listed-nested-path,nested-module-path
trinodb,trino,/home/camila/repos/trinodb/trino,io.trino:trino-root:459-SNAPSHOT,True,lib/trino-geospatial-toolkit,lib/trino-geospatial-toolkit,False,?:?:?,False,listed-nested-path,nested-module-path
trinodb,trino,/home/camila/repos/trinodb/trino,io.trino:trino-root:459-SNAPSHOT,True,lib/trino-hdfs,lib/trino-hdfs,False,?:?:?,False,listed-nested-path,nested-module-path
trinodb,trino,/home/camila/repos/trinodb/trino,io.trino:trino-root:459-SNAPSHOT,True,lib/trino-hive-formats,lib/trino-hive-formats,False,?:?:?,False,listed-nested-path,nested-module-path
trinodb,trino,/home/camila/repos/trinodb/trino,io.trino:trino-root:459-SNAPSHOT,True,lib/trino-matching,lib/trino-matching,False,?:?:?,False,listed-nested-path,nested-module-path
trinodb,trino,/home/camila/repos/trinodb/trino,io.trino:trino-root:459-SNAPSHOT,True,lib/trino-memory-context,lib/trino-memory-context,False,?:?:?,False,listed-nested-path,nested-module-path
trinodb,trino,/home/camila/repos/trinodb/trino,io.trino:trino-root:459-SNAPSHOT,True,lib/trino-metastore,lib/trino-metastore,False,?:?:?,False,listed-nested-path,nested-module-path
trinodb,trino,/home/camila/repos/trinodb/trino,io.trino:trino-root:459-SNAPSHOT,True,lib/trino-orc,lib/trino-orc,False,?:?:?,False,listed-nested-path,nested-module-path
trinodb,trino,/home/camila/repos/trinodb/trino,io.trino:trino-root:459-SNAPSHOT,True,lib/trino-parquet,lib/trino-parquet,False,?:?:?,False,listed-nested-path,nested-module-path
trinodb,trino,/home/camila/repos/trinodb/trino,io.trino:trino-root:459-SNAPSHOT,True,lib/trino-plugin-toolkit,lib/trino-plugin-toolkit,False,?:?:?,False,listed-nested-path,nested-module-path
trinodb,trino,/home/camila/repos/trinodb/trino,io.trino:trino-root:459-SNAPSHOT,True,lib/trino-record-decoder,lib/trino-record-decoder,False,?:?:?,False,listed-nested-path,nested-module-path
trinodb,trino,/home/camila/repos/trinodb/trino,io.trino:trino-root:459-SNAPSHOT,True,plugin/trino-accumulo,plugin/trino-accumulo,False,?:?:?,False,listed-nested-path,nested-module-path
trinodb,trino,/home/camila/repos/trinodb/trino,io.trino:trino-root:459-SNAPSHOT,True,plugin/trino-accumulo-iterators,plugin/trino-accumulo-iterators,False,?:?:?,False,listed-nested-path,nested-module-path
trinodb,trino,/home/camila/repos/trinodb/trino,io.trino:trino-root:459-SNAPSHOT,True,plugin/trino-atop,plugin/trino-atop,False,?:?:?,False,listed-nested-path,nested-module-path
trinodb,trino,/home/camila/repos/trinodb/trino,io.trino:trino-root:459-SNAPSHOT,True,plugin/trino-base-jdbc,plugin/trino-base-jdbc,False,?:?:?,False,listed-nested-path,nested-module-path
trinodb,trino,/home/camila/repos/trinodb/trino,io.trino:trino-root:459-SNAPSHOT,True,plugin/trino-bigquery,plugin/trino-bigquery,False,?:?:?,False,listed-nested-path,nested-module-path
trinodb,trino,/home/camila/repos/trinodb/trino,io.trino:trino-root:459-SNAPSHOT,True,plugin/trino-blackhole,plugin/trino-blackhole,False,?:?:?,False,listed-nested-path,nested-module-path
trinodb,trino,/home/camila/repos/trinodb/trino,io.trino:trino-root:459-SNAPSHOT,True,plugin/trino-cassandra,plugin/trino-cassandra,False,?:?:?,False,listed-nested-path,nested-module-path
trinodb,trino,/home/camila/repos/trinodb/trino,io.trino:trino-root:459-SNAPSHOT,True,plugin/trino-clickhouse,plugin/trino-clickhouse,False,?:?:?,False,listed-nested-path,nested-module-path
trinodb,trino,/home/camila/repos/trinodb/trino,io.trino:trino-root:459-SNAPSHOT,True,plugin/trino-delta-lake,plugin/trino-delta-lake,False,?:?:?,False,listed-nested-path,nested-module-path
trinodb,trino,/home/camila/repos/trinodb/trino,io.trino:trino-root:459-SNAPSHOT,True,plugin/trino-druid,plugin/trino-druid,False,?:?:?,False,listed-nested-path,nested-module-path
trinodb,trino,/home/camila/repos/trinodb/trino,io.trino:trino-root:459-SNAPSHOT,True,plugin/trino-elasticsearch,plugin/trino-elasticsearch,False,?:?:?,False,listed-nested-path,nested-module-path
trinodb,trino,/home/camila/repos/trinodb/trino,io.trino:trino-root:459-SNAPSHOT,True,plugin/trino-example-http,plugin/trino-example-http,False,?:?:?,False,listed-nested-path,nested-module-path
trinodb,trino,/home/camila/repos/trinodb/trino,io.trino:trino-root:459-SNAPSHOT,True,plugin/trino-example-jdbc,plugin/trino-example-jdbc,False,?:?:?,False,listed-nested-path,nested-module-path
trinodb,trino,/home/camila/repos/trinodb/trino,io.trino:trino-root:459-SNAPSHOT,True,plugin/trino-exasol,plugin/trino-exasol,False,?:?:?,False,listed-nested-path,nested-module-path
trinodb,trino,/home/camila/repos/trinodb/trino,io.trino:trino-root:459-SNAPSHOT,True,plugin/trino-exchange-filesystem,plugin/trino-exchange-filesystem,False,?:?:?,False,listed-nested-path,nested-module-path
trinodb,trino,/home/camila/repos/trinodb/trino,io.trino:trino-root:459-SNAPSHOT,True,plugin/trino-exchange-hdfs,plugin/trino-exchange-hdfs,False,?:?:?,False,listed-nested-path,nested-module-path
trinodb,trino,/home/camila/repos/trinodb/trino,io.trino:trino-root:459-SNAPSHOT,True,plugin/trino-geospatial,plugin/trino-geospatial,False,?:?:?,False,listed-nested-path,nested-module-path
trinodb,trino,/home/camila/repos/trinodb/trino,io.trino:trino-root:459-SNAPSHOT,True,plugin/trino-google-sheets,plugin/trino-google-sheets,False,?:?:?,False,listed-nested-path,nested-module-path
trinodb,trino,/home/camila/repos/trinodb/trino,io.trino:trino-root:459-SNAPSHOT,True,plugin/trino-hive,plugin/trino-hive,False,?:?:?,False,listed-nested-path,nested-module-path
trinodb,trino,/home/camila/repos/trinodb/trino,io.trino:trino-root:459-SNAPSHOT,True,plugin/trino-http-event-listener,plugin/trino-http-event-listener,False,?:?:?,False,listed-nested-path,nested-module-path
trinodb,trino,/home/camila/repos/trinodb/trino,io.trino:trino-root:459-SNAPSHOT,True,plugin/trino-http-server-event-listener,plugin/trino-http-server-event-listener,False,?:?:?,False,listed-nested-path,nested-module-path
trinodb,trino,/home/camila/repos/trinodb/trino,io.trino:trino-root:459-SNAPSHOT,True,plugin/trino-hudi,plugin/trino-hudi,False,?:?:?,False,listed-nested-path,nested-module-path
trinodb,trino,/home/camila/repos/trinodb/trino,io.trino:trino-root:459-SNAPSHOT,True,plugin/trino-iceberg,plugin/trino-iceberg,False,?:?:?,False,listed-nested-path,nested-module-path
trinodb,trino,/home/camila/repos/trinodb/trino,io.trino:trino-root:459-SNAPSHOT,True,plugin/trino-ignite,plugin/trino-ignite,False,?:?:?,False,listed-nested-path,nested-module-path
trinodb,trino,/home/camila/repos/trinodb/trino,io.trino:trino-root:459-SNAPSHOT,True,plugin/trino-jmx,plugin/trino-jmx,False,?:?:?,False,listed-nested-path,nested-module-path
trinodb,trino,/home/camila/repos/trinodb/trino,io.trino:trino-root:459-SNAPSHOT,True,plugin/trino-kafka,plugin/trino-kafka,False,?:?:?,False,listed-nested-path,nested-module-path
trinodb,trino,/home/camila/repos/trinodb/trino,io.trino:trino-root:459-SNAPSHOT,True,plugin/trino-kafka-event-listener,plugin/trino-kafka-event-listener,False,?:?:?,False,listed-nested-path,nested-module-path
trinodb,trino,/home/camila/repos/trinodb/trino,io.trino:trino-root:459-SNAPSHOT,True,plugin/trino-kinesis,plugin/trino-kinesis,False,?:?:?,False,listed-nested-path,nested-module-path
trinodb,trino,/home/camila/repos/trinodb/trino,io.trino:trino-root:459-SNAPSHOT,True,plugin/trino-kudu,plugin/trino-kudu,False,?:?:?,False,listed-nested-path,nested-module-path
trinodb,trino,/home/camila/repos/trinodb/trino,io.trino:trino-root:459-SNAPSHOT,True,plugin/trino-local-file,plugin/trino-local-file,False,?:?:?,False,listed-nested-path,nested-module-path
trinodb,trino,/home/camila/repos/trinodb/trino,io.trino:trino-root:459-SNAPSHOT,True,plugin/trino-mariadb,plugin/trino-mariadb,False,?:?:?,False,listed-nested-path,nested-module-path
trinodb,trino,/home/camila/repos/trinodb/trino,io.trino:trino-root:459-SNAPSHOT,True,plugin/trino-memory,plugin/trino-memory,False,?:?:?,False,listed-nested-path,nested-module-path
trinodb,trino,/home/camila/repos/trinodb/trino,io.trino:trino-root:459-SNAPSHOT,True,plugin/trino-ml,plugin/trino-ml,False,?:?:?,False,listed-nested-path,nested-module-path
trinodb,trino,/home/camila/repos/trinodb/trino,io.trino:trino-root:459-SNAPSHOT,True,plugin/trino-mongodb,plugin/trino-mongodb,False,?:?:?,False,listed-nested-path,nested-module-path
trinodb,trino,/home/camila/repos/trinodb/trino,io.trino:trino-root:459-SNAPSHOT,True,plugin/trino-mysql,plugin/trino-mysql,False,?:?:?,False,listed-nested-path,nested-module-path
trinodb,trino,/home/camila/repos/trinodb/trino,io.trino:trino-root:459-SNAPSHOT,True,plugin/trino-mysql-event-listener,plugin/trino-mysql-event-listener,False,?:?:?,False,listed-nested-path,nested-module-path
trinodb,trino,/home/camila/repos/trinodb/trino,io.trino:trino-root:459-SNAPSHOT,True,plugin/trino-opa,plugin/trino-opa,False,?:?:?,False,listed-nested-path,nested-module-path
trinodb,trino,/home/camila/repos/trinodb/trino,io.trino:trino-root:459-SNAPSHOT,True,plugin/trino-openlineage,plugin/trino-openlineage,False,?:?:?,False,listed-nested-path,nested-module-path
trinodb,trino,/home/camila/repos/trinodb/trino,io.trino:trino-root:459-SNAPSHOT,True,plugin/trino-opensearch,plugin/trino-opensearch,False,?:?:?,False,listed-nested-path,nested-module-path
trinodb,trino,/home/camila/repos/trinodb/trino,io.trino:trino-root:459-SNAPSHOT,True,plugin/trino-oracle,plugin/trino-oracle,False,?:?:?,False,listed-nested-path,nested-module-path
trinodb,trino,/home/camila/repos/trinodb/trino,io.trino:trino-root:459-SNAPSHOT,True,plugin/trino-password-authenticators,plugin/trino-password-authenticators,False,?:?:?,False,listed-nested-path,nested-module-path
trinodb,trino,/home/camila/repos/trinodb/trino,io.trino:trino-root:459-SNAPSHOT,True,plugin/trino-phoenix5,plugin/trino-phoenix5,False,?:?:?,False,listed-nested-path,nested-module-path
trinodb,trino,/home/camila/repos/trinodb/trino,io.trino:trino-root:459-SNAPSHOT,True,plugin/trino-pinot,plugin/trino-pinot,False,?:?:?,False,listed-nested-path,nested-module-path
trinodb,trino,/home/camila/repos/trinodb/trino,io.trino:trino-root:459-SNAPSHOT,True,plugin/trino-postgresql,plugin/trino-postgresql,False,?:?:?,False,listed-nested-path,nested-module-path
trinodb,trino,/home/camila/repos/trinodb/trino,io.trino:trino-root:459-SNAPSHOT,True,plugin/trino-prometheus,plugin/trino-prometheus,False,?:?:?,False,listed-nested-path,nested-module-path
trinodb,trino,/home/camila/repos/trinodb/trino,io.trino:trino-root:459-SNAPSHOT,True,plugin/trino-raptor-legacy,plugin/trino-raptor-legacy,False,?:?:?,False,listed-nested-path,nested-module-path
trinodb,trino,/home/camila/repos/trinodb/trino,io.trino:trino-root:459-SNAPSHOT,True,plugin/trino-redis,plugin/trino-redis,False,?:?:?,False,listed-nested-path,nested-module-path
trinodb,trino,/home/camila/repos/trinodb/trino,io.trino:trino-root:459-SNAPSHOT,True,plugin/trino-redshift,plugin/trino-redshift,False,?:?:?,False,listed-nested-path,nested-module-path
trinodb,trino,/home/camila/repos/trinodb/trino,io.trino:trino-root:459-SNAPSHOT,True,plugin/trino-resource-group-managers,plugin/trino-resource-group-managers,False,?:?:?,False,listed-nested-path,nested-module-path
trinodb,trino,/home/camila/repos/trinodb/trino,io.trino:trino-root:459-SNAPSHOT,True,plugin/trino-session-property-managers,plugin/trino-session-property-managers,False,?:?:?,False,listed-nested-path,nested-module-path
trinodb,trino,/home/camila/repos/trinodb/trino,io.trino:trino-root:459-SNAPSHOT,True,plugin/trino-singlestore,plugin/trino-singlestore,False,?:?:?,False,listed-nested-path,nested-module-path
trinodb,trino,/home/camila/repos/trinodb/trino,io.trino:trino-root:459-SNAPSHOT,True,plugin/trino-snowflake,plugin/trino-snowflake,False,?:?:?,False,listed-nested-path,nested-module-path
trinodb,trino,/home/camila/repos/trinodb/trino,io.trino:trino-root:459-SNAPSHOT,True,plugin/trino-spooling-filesystem,plugin/trino-spooling-filesystem,False,?:?:?,False,listed-nested-path,nested-module-path
trinodb,trino,/home/camila/repos/trinodb/trino,io.trino:trino-root:459-SNAPSHOT,True,plugin/trino-sqlserver,plugin/trino-sqlserver,False,?:?:?,False,listed-nested-path,nested-module-path
trinodb,trino,/home/camila/repos/trinodb/trino,io.trino:trino-root:459-SNAPSHOT,True,plugin/trino-teradata-functions,plugin/trino-teradata-functions,False,?:?:?,False,listed-nested-path,nested-module-path
trinodb,trino,/home/camila/repos/trinodb/trino,io.trino:trino-root:459-SNAPSHOT,True,plugin/trino-thrift,plugin/trino-thrift,False,?:?:?,False,listed-nested-path,nested-module-path
trinodb,trino,/home/camila/repos/trinodb/trino,io.trino:trino-root:459-SNAPSHOT,True,plugin/trino-thrift-api,plugin/trino-thrift-api,False,?:?:?,False,listed-nested-path,nested-module-path
trinodb,trino,/home/camila/repos/trinodb/trino,io.trino:trino-root:459-SNAPSHOT,True,plugin/trino-thrift-testing-server,plugin/trino-thrift-testing-server,False,?:?:?,False,listed-nested-path,nested-module-path
trinodb,trino,/home/camila/repos/trinodb/trino,io.trino:trino-root:459-SNAPSHOT,True,plugin/trino-tpcds,plugin/trino-tpcds,False,?:?:?,False,listed-nested-path,nested-module-path
trinodb,trino,/home/camila/repos/trinodb/trino,io.trino:trino-root:459-SNAPSHOT,True,plugin/trino-tpch,plugin/trino-tpch,False,?:?:?,False,listed-nested-path,nested-module-path
trinodb,trino,/home/camila/repos/trinodb/trino,io.trino:trino-root:459-SNAPSHOT,True,service/trino-proxy,service/trino-proxy,False,?:?:?,False,listed-nested-path,nested-module-path
trinodb,trino,/home/camila/repos/trinodb/trino,io.trino:trino-root:459-SNAPSHOT,True,service/trino-verifier,service/trino-verifier,False,?:?:?,False,listed-nested-path,nested-module-path
trinodb,trino,/home/camila/repos/trinodb/trino,io.trino:trino-root:459-SNAPSHOT,True,testing/trino-benchmark-queries,testing/trino-benchmark-queries,False,?:?:?,False,listed-nested-path,nested-module-path
trinodb,trino,/home/camila/repos/trinodb/trino,io.trino:trino-root:459-SNAPSHOT,True,testing/trino-benchto-benchmarks,testing/trino-benchto-benchmarks,False,?:?:?,False,listed-nested-path,nested-module-path
trinodb,trino,/home/camila/repos/trinodb/trino,io.trino:trino-root:459-SNAPSHOT,True,testing/trino-faulttolerant-tests,testing/trino-faulttolerant-tests,False,?:?:?,False,listed-nested-path,nested-module-path
trinodb,trino,/home/camila/repos/trinodb/trino,io.trino:trino-root:459-SNAPSHOT,True,testing/trino-plugin-reader,testing/trino-plugin-reader,False,?:?:?,False,listed-nested-path,nested-module-path
trinodb,trino,/home/camila/repos/trinodb/trino,io.trino:trino-root:459-SNAPSHOT,True,testing/trino-product-tests,testing/trino-product-tests,False,?:?:?,False,listed-nested-path,nested-module-path
trinodb,trino,/home/camila/repos/trinodb/trino,io.trino:trino-root:459-SNAPSHOT,True,testing/trino-product-tests-groups,testing/trino-product-tests-groups,False,?:?:?,False,listed-nested-path,nested-module-path
trinodb,trino,/home/camila/repos/trinodb/trino,io.trino:trino-root:459-SNAPSHOT,True,testing/trino-product-tests-launcher,testing/trino-product-tests-launcher,False,?:?:?,False,listed-nested-path,nested-module-path
trinodb,trino,/home/camila/repos/trinodb/trino,io.trino:trino-root:459-SNAPSHOT,True,testing/trino-server-dev,testing/trino-server-dev,False,?:?:?,False,listed-nested-path,nested-module-path
trinodb,trino,/home/camila/repos/trinodb/trino,io.trino:trino-root:459-SNAPSHOT,True,testing/trino-test-jdbc-compatibility-old-driver,testing/trino-test-jdbc-compatibility-old-driver,False,?:?:?,False,listed-nested-path,nested-module-path
trinodb,trino,/home/camila/repos/trinodb/trino,io.trino:trino-root:459-SNAPSHOT,True,testing/trino-test-jdbc-compatibility-old-server,testing/trino-test-jdbc-compatibility-old-server,False,?:?:?,False,listed-nested-path,nested-module-path
trinodb,trino,/home/camila/repos/trinodb/trino,io.trino:trino-root:459-SNAPSHOT,True,testing/trino-testing,testing/trino-testing,False,?:?:?,False,listed-nested-path,nested-module-path
trinodb,trino,/home/camila/repos/trinodb/trino,io.trino:trino-root:459-SNAPSHOT,True,testing/trino-testing-containers,testing/trino-testing-containers,False,?:?:?,False,listed-nested-path,nested-module-path
trinodb,trino,/home/camila/repos/trinodb/trino,io.trino:trino-root:459-SNAPSHOT,True,testing/trino-testing-kafka,testing/trino-testing-kafka,False,?:?:?,False,listed-nested-path,nested-module-path
trinodb,trino,/home/camila/repos/trinodb/trino,io.trino:trino-root:459-SNAPSHOT,True,testing/trino-testing-resources,testing/trino-testing-resources,False,?:?:?,False,listed-nested-path,nested-module-path
trinodb,trino,/home/camila/repos/trinodb/trino,io.trino:trino-root:459-SNAPSHOT,True,testing/trino-testing-services,testing/trino-testing-services,False,?:?:?,False,listed-nested-path,nested-module-path
trinodb,trino,/home/camila/repos/trinodb/trino,io.trino:trino-root:459-SNAPSHOT,True,testing/trino-tests,testing/trino-tests,False,?:?:?,False,listed-nested-path,nested-module-path
undertow-io,undertow,/home/camila/repos/undertow-io/undertow,io.undertow:undertow-parent:2.2.36.Final-SNAPSHOT,True,parser-generator,parser-generator,True,io.undertow:undertow-parent:2.2.36.Final-SNAPSHOT,True,listed-ok,
undertow-io,undertow,/home/camila/repos/undertow-io/undertow,io.undertow:undertow-parent:2.2.36.Final-SNAPSHOT,True,core,core,True,io.undertow:undertow-parent:2.2.36.Final-SNAPSHOT,True,listed-ok,
undertow-io,undertow,/home/camila/repos/undertow-io/undertow,io.undertow:undertow-parent:2.2.36.Final-SNAPSHOT,True,servlet,servlet,True,io.undertow:undertow-parent:2.2.36.Final-SNAPSHOT,True,listed-ok,
undertow-io,undertow,/home/camila/repos/undertow-io/undertow,io.undertow:undertow-parent:2.2.36.Final-SNAPSHOT,True,examples,examples,True,io.undertow:undertow-parent:2.2.36.Final-SNAPSHOT,True,listed-ok,
undertow-io,undertow,/home/camila/repos/undertow-io/undertow,io.undertow:undertow-parent:2.2.36.Final-SNAPSHOT,True,websockets-jsr,websockets-jsr,True,io.undertow:undertow-parent:2.2.36.Final-SNAPSHOT,True,listed-ok,
undertow-io,undertow,/home/camila/repos/undertow-io/undertow,io.undertow:undertow-parent:2.2.36.Final-SNAPSHOT,True,benchmarks,benchmarks,True,io.undertow:undertow-parent:2.2.36.Final-SNAPSHOT,True,listed-ok,
undertow-io,undertow,/home/camila/repos/undertow-io/undertow,io.undertow:undertow-parent:2.2.36.Final-SNAPSHOT,False,karaf,karaf,True,io.undertow:undertow-parent:2.2.36.Final-SNAPSHOT,True,unlisted-child-with-root-parent,unlisted-but-parent-matches-root
undertow-io,undertow,/home/camila/repos/undertow-io/undertow,io.undertow:undertow-parent:2.2.36.Final-SNAPSHOT,False,coverage-report,coverage-report,True,io.undertow:undertow-parent:2.2.36.Final-SNAPSHOT,True,unlisted-child-with-root-parent,unlisted-but-parent-matches-root
vaadin,framework,/home/camila/repos/vaadin/framework,com.vaadin:vaadin-root:8.15-SNAPSHOT,False,shared,shared,True,com.vaadin:vaadin-root:8.15-SNAPSHOT,True,unlisted-child-with-root-parent,unlisted-but-parent-matches-root
vaadin,framework,/home/camila/repos/vaadin/framework,com.vaadin:vaadin-root:8.15-SNAPSHOT,False,liferay-integration,liferay-integration,True,com.vaadin:vaadin-root:8.15-SNAPSHOT,True,unlisted-child-with-root-parent,unlisted-but-parent-matches-root
vaadin,framework,/home/camila/repos/vaadin/framework,com.vaadin:vaadin-root:8.15-SNAPSHOT,False,compatibility-client,compatibility-client,True,com.vaadin:vaadin-root:8.15-SNAPSHOT,True,unlisted-child-with-root-parent,unlisted-but-parent-matches-root
vaadin,framework,/home/camila/repos/vaadin/framework,com.vaadin:vaadin-root:8.15-SNAPSHOT,False,compatibility-shared,compatibility-shared,True,com.vaadin:vaadin-root:8.15-SNAPSHOT,True,unlisted-child-with-root-parent,unlisted-but-parent-matches-root
vaadin,framework,/home/camila/repos/vaadin/framework,com.vaadin:vaadin-root:8.15-SNAPSHOT,False,compatibility-themes,compatibility-themes,True,com.vaadin:vaadin-root:8.15-SNAPSHOT,True,unlisted-child-with-root-parent,unlisted-but-parent-matches-root
vaadin,framework,/home/camila/repos/vaadin/framework,com.vaadin:vaadin-root:8.15-SNAPSHOT,False,testbench-api,testbench-api,True,com.vaadin:vaadin-root:8.15-SNAPSHOT,True,unlisted-child-with-root-parent,unlisted-but-parent-matches-root
vaadin,framework,/home/camila/repos/vaadin/framework,com.vaadin:vaadin-root:8.15-SNAPSHOT,False,compatibility-server,compatibility-server,True,com.vaadin:vaadin-root:8.15-SNAPSHOT,True,unlisted-child-with-root-parent,unlisted-but-parent-matches-root
vaadin,framework,/home/camila/repos/vaadin/framework,com.vaadin:vaadin-root:8.15-SNAPSHOT,False,compatibility-client-compiled,compatibility-client-compiled,True,com.vaadin:vaadin-root:8.15-SNAPSHOT,True,unlisted-child-with-root-parent,unlisted-but-parent-matches-root
vaadin,framework,/home/camila/repos/vaadin/framework,com.vaadin:vaadin-root:8.15-SNAPSHOT,False,liferay,liferay,True,com.vaadin:vaadin-root:8.15-SNAPSHOT,True,unlisted-child-with-root-parent,unlisted-but-parent-matches-root
vaadin,framework,/home/camila/repos/vaadin/framework,com.vaadin:vaadin-root:8.15-SNAPSHOT,False,osgi-integration,osgi-integration,True,com.vaadin:vaadin-root:8.15-SNAPSHOT,True,unlisted-child-with-root-parent,unlisted-but-parent-matches-root
vaadin,framework,/home/camila/repos/vaadin/framework,com.vaadin:vaadin-root:8.15-SNAPSHOT,False,client-compiled,client-compiled,True,com.vaadin:vaadin-root:8.15-SNAPSHOT,True,unlisted-child-with-root-parent,unlisted-but-parent-matches-root
vaadin,framework,/home/camila/repos/vaadin/framework,com.vaadin:vaadin-root:8.15-SNAPSHOT,False,client-compiler,client-compiler,True,com.vaadin:vaadin-root:8.15-SNAPSHOT,True,unlisted-child-with-root-parent,unlisted-but-parent-matches-root
vaadin,framework,/home/camila/repos/vaadin/framework,com.vaadin:vaadin-root:8.15-SNAPSHOT,False,client,client,True,com.vaadin:vaadin-root:8.15-SNAPSHOT,True,unlisted-child-with-root-parent,unlisted-but-parent-matches-root
vaadin,framework,/home/camila/repos/vaadin/framework,com.vaadin:vaadin-root:8.15-SNAPSHOT,False,compatibility-server-gae,compatibility-server-gae,True,com.vaadin:vaadin-root:8.15-SNAPSHOT,True,unlisted-child-with-root-parent,unlisted-but-parent-matches-root
vaadin,framework,/home/camila/repos/vaadin/framework,com.vaadin:vaadin-root:8.15-SNAPSHOT,False,push,push,True,com.vaadin:vaadin-root:8.15-SNAPSHOT,True,unlisted-child-with-root-parent,unlisted-but-parent-matches-root
vaadin,framework,/home/camila/repos/vaadin/framework,com.vaadin:vaadin-root:8.15-SNAPSHOT,False,server,server,True,com.vaadin:vaadin-root:8.15-SNAPSHOT,True,unlisted-child-with-root-parent,unlisted-but-parent-matches-root
vaadin,framework,/home/camila/repos/vaadin/framework,com.vaadin:vaadin-root:8.15-SNAPSHOT,False,all,all,True,com.vaadin:vaadin-root:8.15-SNAPSHOT,True,unlisted-child-with-root-parent,unlisted-but-parent-matches-root
vaadin,framework,/home/camila/repos/vaadin/framework,com.vaadin:vaadin-root:8.15-SNAPSHOT,False,uitest,uitest,True,com.vaadin:vaadin-root:8.15-SNAPSHOT,True,unlisted-child-with-root-parent,unlisted-but-parent-matches-root
vaadin,framework,/home/camila/repos/vaadin/framework,com.vaadin:vaadin-root:8.15-SNAPSHOT,False,themes,themes,True,com.vaadin:vaadin-root:8.15-SNAPSHOT,True,unlisted-child-with-root-parent,unlisted-but-parent-matches-root
vavr-io,vavr,/home/camila/repos/vavr-io/vavr,io.vavr:vavr-parent:0.10.4,True,vavr,vavr,True,io.vavr:vavr-parent:0.10.4,True,listed-ok,
vavr-io,vavr,/home/camila/repos/vavr-io/vavr,io.vavr:vavr-parent:0.10.4,True,vavr-benchmark,vavr-benchmark,True,io.vavr:vavr-parent:0.10.4,True,listed-ok,
vavr-io,vavr,/home/camila/repos/vavr-io/vavr,io.vavr:vavr-parent:0.10.4,True,vavr-match,vavr-match,True,io.vavr:vavr-parent:0.10.4,True,listed-ok,
vavr-io,vavr,/home/camila/repos/vavr-io/vavr,io.vavr:vavr-parent:0.10.4,True,vavr-match-processor,vavr-match-processor,True,io.vavr:vavr-parent:0.10.4,True,listed-ok,
vavr-io,vavr,/home/camila/repos/vavr-io/vavr,io.vavr:vavr-parent:0.10.4,True,vavr-test,vavr-test,True,io.vavr:vavr-parent:0.10.4,True,listed-ok,
VertaAI,modeldb,/home/camila/repos/VertaAI/modeldb,ai.verta.modeldb:modeldb-root:1.0-SNAPSHOT,True,protos,protos,True,ai.verta.modeldb:modeldb-root:1.0-SNAPSHOT,True,listed-ok,
VertaAI,modeldb,/home/camila/repos/VertaAI/modeldb,ai.verta.modeldb:modeldb-root:1.0-SNAPSHOT,True,backend,backend,True,ai.verta.modeldb:modeldb-root:1.0-SNAPSHOT,True,listed-ok,
vespa-engine,vespa,/home/camila/repos/vespa-engine/vespa,com.yahoo.vespa:vespa:8-SNAPSHOT,True,application,application,True,com.yahoo.vespa:parent:8-SNAPSHOT,False,listed-parent-mismatch,parent-ga-mismatch
vespa-engine,vespa,/home/camila/repos/vespa-engine/vespa,com.yahoo.vespa:vespa:8-SNAPSHOT,True,application-model,application-model,True,com.yahoo.vespa:parent:8-SNAPSHOT,False,listed-parent-mismatch,parent-ga-mismatch
vespa-engine,vespa,/home/camila/repos/vespa-engine/vespa,com.yahoo.vespa:vespa:8-SNAPSHOT,True,bundle-plugin-test,bundle-plugin-test,True,com.yahoo.vespa:parent:8-SNAPSHOT,False,listed-parent-mismatch,parent-ga-mismatch
vespa-engine,vespa,/home/camila/repos/vespa-engine/vespa,com.yahoo.vespa:vespa:8-SNAPSHOT,True,client,client,True,com.yahoo.vespa:parent:8-SNAPSHOT,False,listed-parent-mismatch,parent-ga-mismatch
vespa-engine,vespa,/home/camila/repos/vespa-engine/vespa,com.yahoo.vespa:vespa:8-SNAPSHOT,True,cloud-tenant-base,cloud-tenant-base,True,com.yahoo.vespa:hosted-tenant-base:8-SNAPSHOT,False,listed-parent-mismatch,parent-ga-mismatch
vespa-engine,vespa,/home/camila/repos/vespa-engine/vespa,com.yahoo.vespa:vespa:8-SNAPSHOT,True,cloud-tenant-base-dependencies-enforcer,cloud-tenant-base-dependencies-enforcer,True,com.yahoo.vespa:cloud-tenant-base:8-SNAPSHOT,False,listed-parent-mismatch,parent-ga-mismatch
vespa-engine,vespa,/home/camila/repos/vespa-engine/vespa,com.yahoo.vespa:vespa:8-SNAPSHOT,True,cloud-tenant-cd,cloud-tenant-cd,True,com.yahoo.vespa:parent:8-SNAPSHOT,False,listed-parent-mismatch,parent-ga-mismatch
vespa-engine,vespa,/home/camila/repos/vespa-engine/vespa,com.yahoo.vespa:vespa:8-SNAPSHOT,True,clustercontroller-apps,clustercontroller-apps,True,com.yahoo.vespa:parent:8-SNAPSHOT,False,listed-parent-mismatch,parent-ga-mismatch
vespa-engine,vespa,/home/camila/repos/vespa-engine/vespa,com.yahoo.vespa:vespa:8-SNAPSHOT,True,clustercontroller-core,clustercontroller-core,True,com.yahoo.vespa:parent:8-SNAPSHOT,False,listed-parent-mismatch,parent-ga-mismatch
vespa-engine,vespa,/home/camila/repos/vespa-engine/vespa,com.yahoo.vespa:vespa:8-SNAPSHOT,True,clustercontroller-reindexer,clustercontroller-reindexer,True,com.yahoo.vespa:parent:8-SNAPSHOT,False,listed-parent-mismatch,parent-ga-mismatch
vespa-engine,vespa,/home/camila/repos/vespa-engine/vespa,com.yahoo.vespa:vespa:8-SNAPSHOT,True,clustercontroller-utils,clustercontroller-utils,True,com.yahoo.vespa:parent:8-SNAPSHOT,False,listed-parent-mismatch,parent-ga-mismatch
vespa-engine,vespa,/home/camila/repos/vespa-engine/vespa,com.yahoo.vespa:vespa:8-SNAPSHOT,True,component,component,True,com.yahoo.vespa:parent:8-SNAPSHOT,False,listed-parent-mismatch,parent-ga-mismatch
vespa-engine,vespa,/home/camila/repos/vespa-engine/vespa,com.yahoo.vespa:vespa:8-SNAPSHOT,True,config-application-package,config-application-package,True,com.yahoo.vespa:parent:8-SNAPSHOT,False,listed-parent-mismatch,parent-ga-mismatch
vespa-engine,vespa,/home/camila/repos/vespa-engine/vespa,com.yahoo.vespa:vespa:8-SNAPSHOT,True,configdefinitions,configdefinitions,True,com.yahoo.vespa:parent:8-SNAPSHOT,False,listed-parent-mismatch,parent-ga-mismatch
vespa-engine,vespa,/home/camila/repos/vespa-engine/vespa,com.yahoo.vespa:vespa:8-SNAPSHOT,True,config-bundle,config-bundle,True,com.yahoo.vespa:parent:8-SNAPSHOT,False,listed-parent-mismatch,parent-ga-mismatch
vespa-engine,vespa,/home/camila/repos/vespa-engine/vespa,com.yahoo.vespa:vespa:8-SNAPSHOT,True,config-lib,config-lib,True,com.yahoo.vespa:parent:8-SNAPSHOT,False,listed-parent-mismatch,parent-ga-mismatch
vespa-engine,vespa,/home/camila/repos/vespa-engine/vespa,com.yahoo.vespa:vespa:8-SNAPSHOT,True,config-model-api,config-model-api,True,com.yahoo.vespa:parent:8-SNAPSHOT,False,listed-parent-mismatch,parent-ga-mismatch
vespa-engine,vespa,/home/camila/repos/vespa-engine/vespa,com.yahoo.vespa:vespa:8-SNAPSHOT,True,config-model-fat,config-model-fat,True,com.yahoo.vespa:parent:8-SNAPSHOT,False,listed-parent-mismatch,parent-ga-mismatch
vespa-engine,vespa,/home/camila/repos/vespa-engine/vespa,com.yahoo.vespa:vespa:8-SNAPSHOT,True,config-model,config-model,True,com.yahoo.vespa:parent:8-SNAPSHOT,False,listed-parent-mismatch,parent-ga-mismatch
vespa-engine,vespa,/home/camila/repos/vespa-engine/vespa,com.yahoo.vespa:vespa:8-SNAPSHOT,True,config,config,True,com.yahoo.vespa:parent:8-SNAPSHOT,False,listed-parent-mismatch,parent-ga-mismatch
vespa-engine,vespa,/home/camila/repos/vespa-engine/vespa,com.yahoo.vespa:vespa:8-SNAPSHOT,True,config-provisioning,config-provisioning,True,com.yahoo.vespa:parent:8-SNAPSHOT,False,listed-parent-mismatch,parent-ga-mismatch
vespa-engine,vespa,/home/camila/repos/vespa-engine/vespa,com.yahoo.vespa:vespa:8-SNAPSHOT,True,config-proxy,config-proxy,True,com.yahoo.vespa:parent:8-SNAPSHOT,False,listed-parent-mismatch,parent-ga-mismatch
vespa-engine,vespa,/home/camila/repos/vespa-engine/vespa,com.yahoo.vespa:vespa:8-SNAPSHOT,True,configserver,configserver,True,com.yahoo.vespa:parent:8-SNAPSHOT,False,listed-parent-mismatch,parent-ga-mismatch
vespa-engine,vespa,/home/camila/repos/vespa-engine/vespa,com.yahoo.vespa:vespa:8-SNAPSHOT,True,configserver-flags,configserver-flags,True,com.yahoo.vespa:parent:8-SNAPSHOT,False,listed-parent-mismatch,parent-ga-mismatch
vespa-engine,vespa,/home/camila/repos/vespa-engine/vespa,com.yahoo.vespa:vespa:8-SNAPSHOT,True,container,container,True,com.yahoo.vespa:parent:8-SNAPSHOT,False,listed-parent-mismatch,parent-ga-mismatch
vespa-engine,vespa,/home/camila/repos/vespa-engine/vespa,com.yahoo.vespa:vespa:8-SNAPSHOT,True,container-apache-http-client-bundle,container-apache-http-client-bundle,True,com.yahoo.vespa:parent:8-SNAPSHOT,False,listed-parent-mismatch,parent-ga-mismatch
vespa-engine,vespa,/home/camila/repos/vespa-engine/vespa,com.yahoo.vespa:vespa:8-SNAPSHOT,True,container-core,container-core,True,com.yahoo.vespa:parent:8-SNAPSHOT,False,listed-parent-mismatch,parent-ga-mismatch
vespa-engine,vespa,/home/camila/repos/vespa-engine/vespa,com.yahoo.vespa:vespa:8-SNAPSHOT,True,container-dependencies-enforcer,container-dependencies-enforcer,True,com.yahoo.vespa:parent:8-SNAPSHOT,False,listed-parent-mismatch,parent-ga-mismatch
vespa-engine,vespa,/home/camila/repos/vespa-engine/vespa,com.yahoo.vespa:vespa:8-SNAPSHOT,True,container-dependency-versions,container-dependency-versions,True,com.yahoo.vespa:dependency-versions:8-SNAPSHOT,False,listed-parent-mismatch,parent-ga-mismatch
vespa-engine,vespa,/home/camila/repos/vespa-engine/vespa,com.yahoo.vespa:vespa:8-SNAPSHOT,True,container-dev,container-dev,True,com.yahoo.vespa:parent:8-SNAPSHOT,False,listed-parent-mismatch,parent-ga-mismatch
vespa-engine,vespa,/home/camila/repos/vespa-engine/vespa,com.yahoo.vespa:vespa:8-SNAPSHOT,True,container-disc,container-disc,True,com.yahoo.vespa:parent:8-SNAPSHOT,False,listed-parent-mismatch,parent-ga-mismatch
vespa-engine,vespa,/home/camila/repos/vespa-engine/vespa,com.yahoo.vespa:vespa:8-SNAPSHOT,True,container-documentapi,container-documentapi,True,com.yahoo.vespa:parent:8-SNAPSHOT,False,listed-parent-mismatch,parent-ga-mismatch
vespa-engine,vespa,/home/camila/repos/vespa-engine/vespa,com.yahoo.vespa:vespa:8-SNAPSHOT,True,container-llama,container-llama,True,com.yahoo.vespa:parent:8-SNAPSHOT,False,listed-parent-mismatch,parent-ga-mismatch
vespa-engine,vespa,/home/camila/repos/vespa-engine/vespa,com.yahoo.vespa:vespa:8-SNAPSHOT,True,container-messagebus,container-messagebus,True,com.yahoo.vespa:parent:8-SNAPSHOT,False,listed-parent-mismatch,parent-ga-mismatch
vespa-engine,vespa,/home/camila/repos/vespa-engine/vespa,com.yahoo.vespa:vespa:8-SNAPSHOT,True,container-onnxruntime,container-onnxruntime,True,com.yahoo.vespa:parent:8-SNAPSHOT,False,listed-parent-mismatch,parent-ga-mismatch
vespa-engine,vespa,/home/camila/repos/vespa-engine/vespa,com.yahoo.vespa:vespa:8-SNAPSHOT,True,container-search-and-docproc,container-search-and-docproc,True,com.yahoo.vespa:parent:8-SNAPSHOT,False,listed-parent-mismatch,parent-ga-mismatch
vespa-engine,vespa,/home/camila/repos/vespa-engine/vespa,com.yahoo.vespa:vespa:8-SNAPSHOT,True,container-search,container-search,True,com.yahoo.vespa:parent:8-SNAPSHOT,False,listed-parent-mismatch,parent-ga-mismatch
vespa-engine,vespa,/home/camila/repos/vespa-engine/vespa,com.yahoo.vespa:vespa:8-SNAPSHOT,True,container-spifly,container-spifly,True,com.yahoo.vespa:parent:8-SNAPSHOT,False,listed-parent-mismatch,parent-ga-mismatch
vespa-engine,vespa,/home/camila/repos/vespa-engine/vespa,com.yahoo.vespa:vespa:8-SNAPSHOT,True,container-test,container-test,True,com.yahoo.vespa:parent:8-SNAPSHOT,False,listed-parent-mismatch,parent-ga-mismatch
vespa-engine,vespa,/home/camila/repos/vespa-engine/vespa,com.yahoo.vespa:vespa:8-SNAPSHOT,True,defaults,defaults,True,com.yahoo.vespa:parent:8-SNAPSHOT,False,listed-parent-mismatch,parent-ga-mismatch
vespa-engine,vespa,/home/camila/repos/vespa-engine/vespa,com.yahoo.vespa:vespa:8-SNAPSHOT,True,dependency-versions,dependency-versions,True,?:?:?,False,listed-parent-mismatch,child-without-parent-or-missing-ga
vespa-engine,vespa,/home/camila/repos/vespa-engine/vespa,com.yahoo.vespa:vespa:8-SNAPSHOT,True,docproc,docproc,True,com.yahoo.vespa:parent:8-SNAPSHOT,False,listed-parent-mismatch,parent-ga-mismatch
vespa-engine,vespa,/home/camila/repos/vespa-engine/vespa,com.yahoo.vespa:vespa:8-SNAPSHOT,True,docprocs,docprocs,True,com.yahoo.vespa:parent:8-SNAPSHOT,False,listed-parent-mismatch,parent-ga-mismatch
vespa-engine,vespa,/home/camila/repos/vespa-engine/vespa,com.yahoo.vespa:vespa:8-SNAPSHOT,True,document,document,True,com.yahoo.vespa:parent:8-SNAPSHOT,False,listed-parent-mismatch,parent-ga-mismatch
vespa-engine,vespa,/home/camila/repos/vespa-engine/vespa,com.yahoo.vespa:vespa:8-SNAPSHOT,True,documentapi,documentapi,True,com.yahoo.vespa:parent:8-SNAPSHOT,False,listed-parent-mismatch,parent-ga-mismatch
vespa-engine,vespa,/home/camila/repos/vespa-engine/vespa,com.yahoo.vespa:vespa:8-SNAPSHOT,True,documentapi-dependencies,documentapi-dependencies,True,com.yahoo.vespa:parent:8-SNAPSHOT,False,listed-parent-mismatch,parent-ga-mismatch
vespa-engine,vespa,/home/camila/repos/vespa-engine/vespa,com.yahoo.vespa:vespa:8-SNAPSHOT,True,documentgen-test,documentgen-test,True,com.yahoo.vespa:parent:8-SNAPSHOT,False,listed-parent-mismatch,parent-ga-mismatch
vespa-engine,vespa,/home/camila/repos/vespa-engine/vespa,com.yahoo.vespa:vespa:8-SNAPSHOT,True,fat-model-dependencies,fat-model-dependencies,True,com.yahoo.vespa:parent:8-SNAPSHOT,False,listed-parent-mismatch,parent-ga-mismatch
vespa-engine,vespa,/home/camila/repos/vespa-engine/vespa,com.yahoo.vespa:vespa:8-SNAPSHOT,True,fileacquirer,fileacquirer,True,com.yahoo.vespa:parent:8-SNAPSHOT,False,listed-parent-mismatch,parent-ga-mismatch
vespa-engine,vespa,/home/camila/repos/vespa-engine/vespa,com.yahoo.vespa:vespa:8-SNAPSHOT,True,filedistribution,filedistribution,True,com.yahoo.vespa:parent:8-SNAPSHOT,False,listed-parent-mismatch,parent-ga-mismatch
vespa-engine,vespa,/home/camila/repos/vespa-engine/vespa,com.yahoo.vespa:vespa:8-SNAPSHOT,True,flags,flags,True,com.yahoo.vespa:parent:8-SNAPSHOT,False,listed-parent-mismatch,parent-ga-mismatch
vespa-engine,vespa,/home/camila/repos/vespa-engine/vespa,com.yahoo.vespa:vespa:8-SNAPSHOT,True,fsa,fsa,True,com.yahoo.vespa:parent:8-SNAPSHOT,False,listed-parent-mismatch,parent-ga-mismatch
vespa-engine,vespa,/home/camila/repos/vespa-engine/vespa,com.yahoo.vespa:vespa:8-SNAPSHOT,True,hosted-api,hosted-api,True,com.yahoo.vespa:parent:8-SNAPSHOT,False,listed-parent-mismatch,parent-ga-mismatch
vespa-engine,vespa,/home/camila/repos/vespa-engine/vespa,com.yahoo.vespa:vespa:8-SNAPSHOT,True,hosted-tenant-base,hosted-tenant-base,True,com.yahoo.vespa:dependency-versions:8-SNAPSHOT,False,listed-parent-mismatch,parent-ga-mismatch
vespa-engine,vespa,/home/camila/repos/vespa-engine/vespa,com.yahoo.vespa:vespa:8-SNAPSHOT,True,hosted-zone-api,hosted-zone-api,True,com.yahoo.vespa:parent:8-SNAPSHOT,False,listed-parent-mismatch,parent-ga-mismatch
vespa-engine,vespa,/home/camila/repos/vespa-engine/vespa,com.yahoo.vespa:vespa:8-SNAPSHOT,True,http-client,http-client,True,com.yahoo.vespa:parent:8-SNAPSHOT,False,listed-parent-mismatch,parent-ga-mismatch
vespa-engine,vespa,/home/camila/repos/vespa-engine/vespa,com.yahoo.vespa:vespa:8-SNAPSHOT,True,http-utils,http-utils,True,com.yahoo.vespa:parent:8-SNAPSHOT,False,listed-parent-mismatch,parent-ga-mismatch
vespa-engine,vespa,/home/camila/repos/vespa-engine/vespa,com.yahoo.vespa:vespa:8-SNAPSHOT,True,indexinglanguage,indexinglanguage,True,com.yahoo.vespa:parent:8-SNAPSHOT,False,listed-parent-mismatch,parent-ga-mismatch
vespa-engine,vespa,/home/camila/repos/vespa-engine/vespa,com.yahoo.vespa:vespa:8-SNAPSHOT,True,jaxrs_utils,jaxrs_utils,True,com.yahoo.vespa:parent:8-SNAPSHOT,False,listed-parent-mismatch,parent-ga-mismatch
vespa-engine,vespa,/home/camila/repos/vespa-engine/vespa,com.yahoo.vespa:vespa:8-SNAPSHOT,True,jdisc-cloud-aws,jdisc-cloud-aws,True,com.yahoo.vespa:parent:8-SNAPSHOT,False,listed-parent-mismatch,parent-ga-mismatch
vespa-engine,vespa,/home/camila/repos/vespa-engine/vespa,com.yahoo.vespa:vespa:8-SNAPSHOT,True,jdisc-security-filters,jdisc-security-filters,True,com.yahoo.vespa:parent:8-SNAPSHOT,False,listed-parent-mismatch,parent-ga-mismatch
vespa-engine,vespa,/home/camila/repos/vespa-engine/vespa,com.yahoo.vespa:vespa:8-SNAPSHOT,True,jdisc_core,jdisc_core,True,com.yahoo.vespa:parent:8-SNAPSHOT,False,listed-parent-mismatch,parent-ga-mismatch
vespa-engine,vespa,/home/camila/repos/vespa-engine/vespa,com.yahoo.vespa:vespa:8-SNAPSHOT,True,jdisc_core_test,jdisc_core_test,True,com.yahoo.vespa:parent:8-SNAPSHOT,False,listed-parent-mismatch,parent-ga-mismatch
vespa-engine,vespa,/home/camila/repos/vespa-engine/vespa,com.yahoo.vespa:vespa:8-SNAPSHOT,True,jrt,jrt,True,com.yahoo.vespa:parent:8-SNAPSHOT,False,listed-parent-mismatch,parent-ga-mismatch
vespa-engine,vespa,/home/camila/repos/vespa-engine/vespa,com.yahoo.vespa:vespa:8-SNAPSHOT,True,linguistics,linguistics,True,com.yahoo.vespa:parent:8-SNAPSHOT,False,listed-parent-mismatch,parent-ga-mismatch
vespa-engine,vespa,/home/camila/repos/vespa-engine/vespa,com.yahoo.vespa:vespa:8-SNAPSHOT,True,linguistics-components,linguistics-components,True,com.yahoo.vespa:parent:8-SNAPSHOT,False,listed-parent-mismatch,parent-ga-mismatch
vespa-engine,vespa,/home/camila/repos/vespa-engine/vespa,com.yahoo.vespa:vespa:8-SNAPSHOT,True,logd,logd,True,com.yahoo.vespa:parent:8-SNAPSHOT,False,listed-parent-mismatch,parent-ga-mismatch
vespa-engine,vespa,/home/camila/repos/vespa-engine/vespa,com.yahoo.vespa:vespa:8-SNAPSHOT,True,logserver,logserver,True,com.yahoo.vespa:parent:8-SNAPSHOT,False,listed-parent-mismatch,parent-ga-mismatch
vespa-engine,vespa,/home/camila/repos/vespa-engine/vespa,com.yahoo.vespa:vespa:8-SNAPSHOT,True,lucene-linguistics,lucene-linguistics,True,com.yahoo.vespa:parent:8-SNAPSHOT,False,listed-parent-mismatch,parent-ga-mismatch
vespa-engine,vespa,/home/camila/repos/vespa-engine/vespa,com.yahoo.vespa:vespa:8-SNAPSHOT,True,messagebus,messagebus,True,com.yahoo.vespa:parent:8-SNAPSHOT,False,listed-parent-mismatch,parent-ga-mismatch
vespa-engine,vespa,/home/camila/repos/vespa-engine/vespa,com.yahoo.vespa:vespa:8-SNAPSHOT,True,metrics,metrics,True,com.yahoo.vespa:parent:8-SNAPSHOT,False,listed-parent-mismatch,parent-ga-mismatch
vespa-engine,vespa,/home/camila/repos/vespa-engine/vespa,com.yahoo.vespa:vespa:8-SNAPSHOT,True,metrics-proxy,metrics-proxy,True,com.yahoo.vespa:parent:8-SNAPSHOT,False,listed-parent-mismatch,parent-ga-mismatch
vespa-engine,vespa,/home/camila/repos/vespa-engine/vespa,com.yahoo.vespa:vespa:8-SNAPSHOT,True,model-evaluation,model-evaluation,True,com.yahoo.vespa:parent:8-SNAPSHOT,False,listed-parent-mismatch,parent-ga-mismatch
vespa-engine,vespa,/home/camila/repos/vespa-engine/vespa,com.yahoo.vespa:vespa:8-SNAPSHOT,True,model-integration,model-integration,True,com.yahoo.vespa:parent:8-SNAPSHOT,False,listed-parent-mismatch,parent-ga-mismatch
vespa-engine,vespa,/home/camila/repos/vespa-engine/vespa,com.yahoo.vespa:vespa:8-SNAPSHOT,True,node-repository,node-repository,True,com.yahoo.vespa:parent:8-SNAPSHOT,False,listed-parent-mismatch,parent-ga-mismatch
vespa-engine,vespa,/home/camila/repos/vespa-engine/vespa,com.yahoo.vespa:vespa:8-SNAPSHOT,True,opennlp-linguistics,opennlp-linguistics,True,com.yahoo.vespa:parent:8-SNAPSHOT,False,listed-parent-mismatch,parent-ga-mismatch
vespa-engine,vespa,/home/camila/repos/vespa-engine/vespa,com.yahoo.vespa:vespa:8-SNAPSHOT,True,orchestrator-restapi,orchestrator-restapi,True,com.yahoo.vespa:parent:8-SNAPSHOT,False,listed-parent-mismatch,parent-ga-mismatch
vespa-engine,vespa,/home/camila/repos/vespa-engine/vespa,com.yahoo.vespa:vespa:8-SNAPSHOT,True,orchestrator,orchestrator,True,com.yahoo.vespa:parent:8-SNAPSHOT,False,listed-parent-mismatch,parent-ga-mismatch
vespa-engine,vespa,/home/camila/repos/vespa-engine/vespa,com.yahoo.vespa:vespa:8-SNAPSHOT,True,parent,parent,True,com.yahoo.vespa:container-dependency-versions:8-SNAPSHOT,False,listed-parent-mismatch,parent-ga-mismatch
vespa-engine,vespa,/home/camila/repos/vespa-engine/vespa,com.yahoo.vespa:vespa:8-SNAPSHOT,True,predicate-search,predicate-search,True,com.yahoo.vespa:parent:8-SNAPSHOT,False,listed-parent-mismatch,parent-ga-mismatch
vespa-engine,vespa,/home/camila/repos/vespa-engine/vespa,com.yahoo.vespa:vespa:8-SNAPSHOT,True,predicate-search-core,predicate-search-core,True,com.yahoo.vespa:parent:8-SNAPSHOT,False,listed-parent-mismatch,parent-ga-mismatch
vespa-engine,vespa,/home/camila/repos/vespa-engine/vespa,com.yahoo.vespa:vespa:8-SNAPSHOT,True,provided-dependencies,provided-dependencies,True,com.yahoo.vespa:parent:8-SNAPSHOT,False,listed-parent-mismatch,parent-ga-mismatch
vespa-engine,vespa,/home/camila/repos/vespa-engine/vespa,com.yahoo.vespa:vespa:8-SNAPSHOT,True,routing-generator,routing-generator,True,com.yahoo.vespa:parent:8-SNAPSHOT,False,listed-parent-mismatch,parent-ga-mismatch
vespa-engine,vespa,/home/camila/repos/vespa-engine/vespa,com.yahoo.vespa:vespa:8-SNAPSHOT,True,searchcore,searchcore,True,com.yahoo.vespa:parent:8-SNAPSHOT,False,listed-parent-mismatch,parent-ga-mismatch
vespa-engine,vespa,/home/camila/repos/vespa-engine/vespa,com.yahoo.vespa:vespa:8-SNAPSHOT,True,searchlib,searchlib,True,com.yahoo.vespa:parent:8-SNAPSHOT,False,listed-parent-mismatch,parent-ga-mismatch
vespa-engine,vespa,/home/camila/repos/vespa-engine/vespa,com.yahoo.vespa:vespa:8-SNAPSHOT,True,searchsummary,searchsummary,True,com.yahoo.vespa:parent:8-SNAPSHOT,False,listed-parent-mismatch,parent-ga-mismatch
vespa-engine,vespa,/home/camila/repos/vespa-engine/vespa,com.yahoo.vespa:vespa:8-SNAPSHOT,True,security-utils,security-utils,True,com.yahoo.vespa:parent:8-SNAPSHOT,False,listed-parent-mismatch,parent-ga-mismatch
vespa-engine,vespa,/home/camila/repos/vespa-engine/vespa,com.yahoo.vespa:vespa:8-SNAPSHOT,True,service-monitor,service-monitor,True,com.yahoo.vespa:parent:8-SNAPSHOT,False,listed-parent-mismatch,parent-ga-mismatch
vespa-engine,vespa,/home/camila/repos/vespa-engine/vespa,com.yahoo.vespa:vespa:8-SNAPSHOT,True,socket_test,socket_test,True,com.yahoo.vespa:parent:8-SNAPSHOT,False,listed-parent-mismatch,parent-ga-mismatch
vespa-engine,vespa,/home/camila/repos/vespa-engine/vespa,com.yahoo.vespa:vespa:8-SNAPSHOT,True,standalone-container,standalone-container,True,com.yahoo.vespa:parent:8-SNAPSHOT,False,listed-parent-mismatch,parent-ga-mismatch
vespa-engine,vespa,/home/camila/repos/vespa-engine/vespa,com.yahoo.vespa:vespa:8-SNAPSHOT,True,storage,storage,True,com.yahoo.vespa:parent:8-SNAPSHOT,False,listed-parent-mismatch,parent-ga-mismatch
vespa-engine,vespa,/home/camila/repos/vespa-engine/vespa,com.yahoo.vespa:vespa:8-SNAPSHOT,True,streamingvisitors,streamingvisitors,True,com.yahoo.vespa:parent:8-SNAPSHOT,False,listed-parent-mismatch,parent-ga-mismatch
vespa-engine,vespa,/home/camila/repos/vespa-engine/vespa,com.yahoo.vespa:vespa:8-SNAPSHOT,True,tenant-cd-api,tenant-cd-api,True,com.yahoo.vespa:parent:8-SNAPSHOT,False,listed-parent-mismatch,parent-ga-mismatch
vespa-engine,vespa,/home/camila/repos/vespa-engine/vespa,com.yahoo.vespa:vespa:8-SNAPSHOT,True,tenant-cd-commons,tenant-cd-commons,True,com.yahoo.vespa:parent:8-SNAPSHOT,False,listed-parent-mismatch,parent-ga-mismatch
vespa-engine,vespa,/home/camila/repos/vespa-engine/vespa,com.yahoo.vespa:vespa:8-SNAPSHOT,True,testutil,testutil,True,com.yahoo.vespa:parent:8-SNAPSHOT,False,listed-parent-mismatch,parent-ga-mismatch
vespa-engine,vespa,/home/camila/repos/vespa-engine/vespa,com.yahoo.vespa:vespa:8-SNAPSHOT,True,vdslib,vdslib,True,com.yahoo.vespa:parent:8-SNAPSHOT,False,listed-parent-mismatch,parent-ga-mismatch
vespa-engine,vespa,/home/camila/repos/vespa-engine/vespa,com.yahoo.vespa:vespa:8-SNAPSHOT,True,vespaclient-core,vespaclient-core,True,com.yahoo.vespa:parent:8-SNAPSHOT,False,listed-parent-mismatch,parent-ga-mismatch
vespa-engine,vespa,/home/camila/repos/vespa-engine/vespa,com.yahoo.vespa:vespa:8-SNAPSHOT,True,vespaclient-container-plugin,vespaclient-container-plugin,True,com.yahoo.vespa:parent:8-SNAPSHOT,False,listed-parent-mismatch,parent-ga-mismatch
vespa-engine,vespa,/home/camila/repos/vespa-engine/vespa,com.yahoo.vespa:vespa:8-SNAPSHOT,True,vespaclient-java,vespaclient-java,True,com.yahoo.vespa:parent:8-SNAPSHOT,False,listed-parent-mismatch,parent-ga-mismatch
vespa-engine,vespa,/home/camila/repos/vespa-engine/vespa,com.yahoo.vespa:vespa:8-SNAPSHOT,True,vespa-athenz,vespa-athenz,True,com.yahoo.vespa:parent:8-SNAPSHOT,False,listed-parent-mismatch,parent-ga-mismatch
vespa-engine,vespa,/home/camila/repos/vespa-engine/vespa,com.yahoo.vespa:vespa:8-SNAPSHOT,True,vespa-dependencies-enforcer,vespa-dependencies-enforcer,True,com.yahoo.vespa:parent:8-SNAPSHOT,False,listed-parent-mismatch,parent-ga-mismatch
vespa-engine,vespa,/home/camila/repos/vespa-engine/vespa,com.yahoo.vespa:vespa:8-SNAPSHOT,True,vespa-documentgen-plugin,vespa-documentgen-plugin,True,com.yahoo.vespa:parent:8-SNAPSHOT,False,listed-parent-mismatch,parent-ga-mismatch
vespa-engine,vespa,/home/camila/repos/vespa-engine/vespa,com.yahoo.vespa:vespa:8-SNAPSHOT,True,vespa-feed-client,vespa-feed-client,True,com.yahoo.vespa:parent:8-SNAPSHOT,False,listed-parent-mismatch,parent-ga-mismatch
vespa-engine,vespa,/home/camila/repos/vespa-engine/vespa,com.yahoo.vespa:vespa:8-SNAPSHOT,True,vespa-feed-client-api,vespa-feed-client-api,True,com.yahoo.vespa:parent:8-SNAPSHOT,False,listed-parent-mismatch,parent-ga-mismatch
vespa-engine,vespa,/home/camila/repos/vespa-engine/vespa,com.yahoo.vespa:vespa:8-SNAPSHOT,True,vespa-feed-client-cli,vespa-feed-client-cli,True,com.yahoo.vespa:parent:8-SNAPSHOT,False,listed-parent-mismatch,parent-ga-mismatch
vespa-engine,vespa,/home/camila/repos/vespa-engine/vespa,com.yahoo.vespa:vespa:8-SNAPSHOT,True,vespa-maven-plugin,vespa-maven-plugin,True,com.yahoo.vespa:parent:8-SNAPSHOT,False,listed-parent-mismatch,parent-ga-mismatch
vespa-engine,vespa,/home/camila/repos/vespa-engine/vespa,com.yahoo.vespa:vespa:8-SNAPSHOT,True,vespa-osgi-testrunner,vespa-osgi-testrunner,True,com.yahoo.vespa:parent:8-SNAPSHOT,False,listed-parent-mismatch,parent-ga-mismatch
vespa-engine,vespa,/home/camila/repos/vespa-engine/vespa,com.yahoo.vespa:vespa:8-SNAPSHOT,True,vespa-testrunner-components,vespa-testrunner-components,True,com.yahoo.vespa:parent:8-SNAPSHOT,False,listed-parent-mismatch,parent-ga-mismatch
vespa-engine,vespa,/home/camila/repos/vespa-engine/vespa,com.yahoo.vespa:vespa:8-SNAPSHOT,True,vespa-3party-bundles,vespa-3party-bundles,True,com.yahoo.vespa:parent:8-SNAPSHOT,False,listed-parent-mismatch,parent-ga-mismatch
vespa-engine,vespa,/home/camila/repos/vespa-engine/vespa,com.yahoo.vespa:vespa:8-SNAPSHOT,True,vespa-3party-jars,vespa-3party-jars,True,com.yahoo.vespa:parent:8-SNAPSHOT,False,listed-parent-mismatch,parent-ga-mismatch
vespa-engine,vespa,/home/camila/repos/vespa-engine/vespa,com.yahoo.vespa:vespa:8-SNAPSHOT,True,vespajlib,vespajlib,True,com.yahoo.vespa:parent:8-SNAPSHOT,False,listed-parent-mismatch,parent-ga-mismatch
vespa-engine,vespa,/home/camila/repos/vespa-engine/vespa,com.yahoo.vespa:vespa:8-SNAPSHOT,True,vespalog,vespalog,True,com.yahoo.vespa:parent:8-SNAPSHOT,False,listed-parent-mismatch,parent-ga-mismatch
vespa-engine,vespa,/home/camila/repos/vespa-engine/vespa,com.yahoo.vespa:vespa:8-SNAPSHOT,True,zkfacade,zkfacade,True,com.yahoo.vespa:parent:8-SNAPSHOT,False,listed-parent-mismatch,parent-ga-mismatch
vespa-engine,vespa,/home/camila/repos/vespa-engine/vespa,com.yahoo.vespa:vespa:8-SNAPSHOT,True,zookeeper-client-common,zookeeper-client-common,True,com.yahoo.vespa:parent:8-SNAPSHOT,False,listed-parent-mismatch,parent-ga-mismatch
vespa-engine,vespa,/home/camila/repos/vespa-engine/vespa,com.yahoo.vespa:vespa:8-SNAPSHOT,True,zookeeper-command-line-client,zookeeper-command-line-client,True,com.yahoo.vespa:parent:8-SNAPSHOT,False,listed-parent-mismatch,parent-ga-mismatch
vespa-engine,vespa,/home/camila/repos/vespa-engine/vespa,com.yahoo.vespa:vespa:8-SNAPSHOT,True,zookeeper-common,zookeeper-common,True,com.yahoo.vespa:parent:8-SNAPSHOT,False,listed-parent-mismatch,parent-ga-mismatch
vespa-engine,vespa,/home/camila/repos/vespa-engine/vespa,com.yahoo.vespa:vespa:8-SNAPSHOT,True,zookeeper-server,zookeeper-server,True,com.yahoo.vespa:parent:8-SNAPSHOT,False,listed-parent-mismatch,parent-ga-mismatch
vespa-engine,vespa,/home/camila/repos/vespa-engine/vespa,com.yahoo.vespa:vespa:8-SNAPSHOT,True,integration/schema-language-server/language-server,integration/schema-language-server/language-server,False,?:?:?,False,listed-nested-path,nested-module-path
vipshop,Saturn,/home/camila/repos/vipshop/Saturn,com.vip.saturn:saturn-job:master-SNAPSHOT,True,saturn-job-api,saturn-job-api,True,com.vip.saturn:saturn-job:master-SNAPSHOT,True,listed-ok,
vipshop,Saturn,/home/camila/repos/vipshop/Saturn,com.vip.saturn:saturn-job:master-SNAPSHOT,True,saturn-integrate,saturn-integrate,True,com.vip.saturn:saturn-job:master-SNAPSHOT,True,listed-ok,
vipshop,Saturn,/home/camila/repos/vipshop/Saturn,com.vip.saturn:saturn-job:master-SNAPSHOT,True,saturn-job-sharding,saturn-job-sharding,True,com.vip.saturn:saturn-job:master-SNAPSHOT,True,listed-ok,
vipshop,Saturn,/home/camila/repos/vipshop/Saturn,com.vip.saturn:saturn-job:master-SNAPSHOT,True,saturn-core,saturn-core,True,com.vip.saturn:saturn-job:master-SNAPSHOT,True,listed-ok,
vipshop,Saturn,/home/camila/repos/vipshop/Saturn,com.vip.saturn:saturn-job:master-SNAPSHOT,True,saturn-executor,saturn-executor,True,com.vip.saturn:saturn-job:master-SNAPSHOT,True,listed-ok,
vipshop,Saturn,/home/camila/repos/vipshop/Saturn,com.vip.saturn:saturn-job:master-SNAPSHOT,True,saturn-plugin,saturn-plugin,True,com.vip.saturn:saturn-job:master-SNAPSHOT,True,listed-ok,
vipshop,Saturn,/home/camila/repos/vipshop/Saturn,com.vip.saturn:saturn-job:master-SNAPSHOT,True,saturn-spring,saturn-spring,True,com.vip.saturn:saturn-job:master-SNAPSHOT,True,listed-ok,
vipshop,Saturn,/home/camila/repos/vipshop/Saturn,com.vip.saturn:saturn-job:master-SNAPSHOT,True,saturn-springboot,saturn-springboot,True,com.vip.saturn:saturn-job:master-SNAPSHOT,True,listed-ok,
vipshop,Saturn,/home/camila/repos/vipshop/Saturn,com.vip.saturn:saturn-job:master-SNAPSHOT,True,saturn-embed,saturn-embed,True,com.vip.saturn:saturn-job:master-SNAPSHOT,True,listed-ok,
vipshop,Saturn,/home/camila/repos/vipshop/Saturn,com.vip.saturn:saturn-job:master-SNAPSHOT,True,saturn-embed-spring,saturn-embed-spring,True,com.vip.saturn:saturn-job:master-SNAPSHOT,True,listed-ok,
vipshop,Saturn,/home/camila/repos/vipshop/Saturn,com.vip.saturn:saturn-job:master-SNAPSHOT,True,saturn-console-api,saturn-console-api,True,com.vip.saturn:saturn-job:master-SNAPSHOT,True,listed-ok,
vipshop,Saturn,/home/camila/repos/vipshop/Saturn,com.vip.saturn:saturn-job:master-SNAPSHOT,True,saturn-console-web,saturn-console-web,True,com.vip.saturn:saturn-job:master-SNAPSHOT,True,listed-ok,
vipshop,Saturn,/home/camila/repos/vipshop/Saturn,com.vip.saturn:saturn-job:master-SNAPSHOT,True,saturn-console,saturn-console,True,com.vip.saturn:saturn-job:master-SNAPSHOT,True,listed-ok,
vipshop,Saturn,/home/camila/repos/vipshop/Saturn,com.vip.saturn:saturn-job:master-SNAPSHOT,True,saturn-it,saturn-it,True,com.vip.saturn:saturn-job:master-SNAPSHOT,True,listed-ok,
vsch,flexmark-java,/home/camila/repos/vsch/flexmark-java,com.vladsch.flexmark:flexmark-java:0.64.8,True,flexmark,flexmark,True,com.vladsch.flexmark:flexmark-java:0.64.8,True,listed-ok,
vsch,flexmark-java,/home/camila/repos/vsch/flexmark-java,com.vladsch.flexmark:flexmark-java:0.64.8,True,flexmark-core-test,flexmark-core-test,True,com.vladsch.flexmark:flexmark-java:0.64.8,True,listed-ok,
vsch,flexmark-java,/home/camila/repos/vsch/flexmark-java,com.vladsch.flexmark:flexmark-java:0.64.8,True,flexmark-ext-abbreviation,flexmark-ext-abbreviation,True,com.vladsch.flexmark:flexmark-java:0.64.8,True,listed-ok,
vsch,flexmark-java,/home/camila/repos/vsch/flexmark-java,com.vladsch.flexmark:flexmark-java:0.64.8,True,flexmark-ext-admonition,flexmark-ext-admonition,True,com.vladsch.flexmark:flexmark-java:0.64.8,True,listed-ok,
vsch,flexmark-java,/home/camila/repos/vsch/flexmark-java,com.vladsch.flexmark:flexmark-java:0.64.8,True,flexmark-ext-anchorlink,flexmark-ext-anchorlink,True,com.vladsch.flexmark:flexmark-java:0.64.8,True,listed-ok,
vsch,flexmark-java,/home/camila/repos/vsch/flexmark-java,com.vladsch.flexmark:flexmark-java:0.64.8,True,flexmark-ext-aside,flexmark-ext-aside,True,com.vladsch.flexmark:flexmark-java:0.64.8,True,listed-ok,
vsch,flexmark-java,/home/camila/repos/vsch/flexmark-java,com.vladsch.flexmark:flexmark-java:0.64.8,True,flexmark-ext-attributes,flexmark-ext-attributes,True,com.vladsch.flexmark:flexmark-java:0.64.8,True,listed-ok,
vsch,flexmark-java,/home/camila/repos/vsch/flexmark-java,com.vladsch.flexmark:flexmark-java:0.64.8,True,flexmark-ext-autolink,flexmark-ext-autolink,True,com.vladsch.flexmark:flexmark-java:0.64.8,True,listed-ok,
vsch,flexmark-java,/home/camila/repos/vsch/flexmark-java,com.vladsch.flexmark:flexmark-java:0.64.8,True,flexmark-ext-definition,flexmark-ext-definition,True,com.vladsch.flexmark:flexmark-java:0.64.8,True,listed-ok,
vsch,flexmark-java,/home/camila/repos/vsch/flexmark-java,com.vladsch.flexmark:flexmark-java:0.64.8,True,flexmark-ext-emoji,flexmark-ext-emoji,True,com.vladsch.flexmark:flexmark-java:0.64.8,True,listed-ok,
vsch,flexmark-java,/home/camila/repos/vsch/flexmark-java,com.vladsch.flexmark:flexmark-java:0.64.8,True,flexmark-ext-enumerated-reference,flexmark-ext-enumerated-reference,True,com.vladsch.flexmark:flexmark-java:0.64.8,True,listed-ok,
vsch,flexmark-java,/home/camila/repos/vsch/flexmark-java,com.vladsch.flexmark:flexmark-java:0.64.8,True,flexmark-ext-escaped-character,flexmark-ext-escaped-character,True,com.vladsch.flexmark:flexmark-java:0.64.8,True,listed-ok,
vsch,flexmark-java,/home/camila/repos/vsch/flexmark-java,com.vladsch.flexmark:flexmark-java:0.64.8,True,flexmark-ext-footnotes,flexmark-ext-footnotes,True,com.vladsch.flexmark:flexmark-java:0.64.8,True,listed-ok,
vsch,flexmark-java,/home/camila/repos/vsch/flexmark-java,com.vladsch.flexmark:flexmark-java:0.64.8,True,flexmark-ext-gfm-issues,flexmark-ext-gfm-issues,True,com.vladsch.flexmark:flexmark-java:0.64.8,True,listed-ok,
vsch,flexmark-java,/home/camila/repos/vsch/flexmark-java,com.vladsch.flexmark:flexmark-java:0.64.8,True,flexmark-ext-gfm-strikethrough,flexmark-ext-gfm-strikethrough,True,com.vladsch.flexmark:flexmark-java:0.64.8,True,listed-ok,
vsch,flexmark-java,/home/camila/repos/vsch/flexmark-java,com.vladsch.flexmark:flexmark-java:0.64.8,True,flexmark-ext-gfm-tasklist,flexmark-ext-gfm-tasklist,True,com.vladsch.flexmark:flexmark-java:0.64.8,True,listed-ok,
vsch,flexmark-java,/home/camila/repos/vsch/flexmark-java,com.vladsch.flexmark:flexmark-java:0.64.8,True,flexmark-ext-gfm-users,flexmark-ext-gfm-users,True,com.vladsch.flexmark:flexmark-java:0.64.8,True,listed-ok,
vsch,flexmark-java,/home/camila/repos/vsch/flexmark-java,com.vladsch.flexmark:flexmark-java:0.64.8,True,flexmark-ext-gitlab,flexmark-ext-gitlab,True,com.vladsch.flexmark:flexmark-java:0.64.8,True,listed-ok,
vsch,flexmark-java,/home/camila/repos/vsch/flexmark-java,com.vladsch.flexmark:flexmark-java:0.64.8,True,flexmark-ext-ins,flexmark-ext-ins,True,com.vladsch.flexmark:flexmark-java:0.64.8,True,listed-ok,
vsch,flexmark-java,/home/camila/repos/vsch/flexmark-java,com.vladsch.flexmark:flexmark-java:0.64.8,True,flexmark-ext-jekyll-front-matter,flexmark-ext-jekyll-front-matter,True,com.vladsch.flexmark:flexmark-java:0.64.8,True,listed-ok,
vsch,flexmark-java,/home/camila/repos/vsch/flexmark-java,com.vladsch.flexmark:flexmark-java:0.64.8,True,flexmark-ext-jekyll-tag,flexmark-ext-jekyll-tag,True,com.vladsch.flexmark:flexmark-java:0.64.8,True,listed-ok,
vsch,flexmark-java,/home/camila/repos/vsch/flexmark-java,com.vladsch.flexmark:flexmark-java:0.64.8,True,flexmark-ext-macros,flexmark-ext-macros,True,com.vladsch.flexmark:flexmark-java:0.64.8,True,listed-ok,
vsch,flexmark-java,/home/camila/repos/vsch/flexmark-java,com.vladsch.flexmark:flexmark-java:0.64.8,True,flexmark-ext-media-tags,flexmark-ext-media-tags,True,com.vladsch.flexmark:flexmark-java:0.64.8,True,listed-ok,
vsch,flexmark-java,/home/camila/repos/vsch/flexmark-java,com.vladsch.flexmark:flexmark-java:0.64.8,True,flexmark-ext-resizable-image,flexmark-ext-resizable-image,True,com.vladsch.flexmark:flexmark-java:0.64.8,True,listed-ok,
vsch,flexmark-java,/home/camila/repos/vsch/flexmark-java,com.vladsch.flexmark:flexmark-java:0.64.8,True,flexmark-ext-spec-example,flexmark-ext-spec-example,True,com.vladsch.flexmark:flexmark-java:0.64.8,True,listed-ok,
vsch,flexmark-java,/home/camila/repos/vsch/flexmark-java,com.vladsch.flexmark:flexmark-java:0.64.8,True,flexmark-ext-superscript,flexmark-ext-superscript,True,com.vladsch.flexmark:flexmark-java:0.64.8,True,listed-ok,
vsch,flexmark-java,/home/camila/repos/vsch/flexmark-java,com.vladsch.flexmark:flexmark-java:0.64.8,True,flexmark-ext-tables,flexmark-ext-tables,True,com.vladsch.flexmark:flexmark-java:0.64.8,True,listed-ok,
vsch,flexmark-java,/home/camila/repos/vsch/flexmark-java,com.vladsch.flexmark:flexmark-java:0.64.8,True,flexmark-ext-toc,flexmark-ext-toc,True,com.vladsch.flexmark:flexmark-java:0.64.8,True,listed-ok,
vsch,flexmark-java,/home/camila/repos/vsch/flexmark-java,com.vladsch.flexmark:flexmark-java:0.64.8,True,flexmark-ext-typographic,flexmark-ext-typographic,True,com.vladsch.flexmark:flexmark-java:0.64.8,True,listed-ok,
vsch,flexmark-java,/home/camila/repos/vsch/flexmark-java,com.vladsch.flexmark:flexmark-java:0.64.8,True,flexmark-ext-wikilink,flexmark-ext-wikilink,True,com.vladsch.flexmark:flexmark-java:0.64.8,True,listed-ok,
vsch,flexmark-java,/home/camila/repos/vsch/flexmark-java,com.vladsch.flexmark:flexmark-java:0.64.8,True,flexmark-ext-xwiki-macros,flexmark-ext-xwiki-macros,True,com.vladsch.flexmark:flexmark-java:0.64.8,True,listed-ok,
vsch,flexmark-java,/home/camila/repos/vsch/flexmark-java,com.vladsch.flexmark:flexmark-java:0.64.8,True,flexmark-ext-yaml-front-matter,flexmark-ext-yaml-front-matter,True,com.vladsch.flexmark:flexmark-java:0.64.8,True,listed-ok,
vsch,flexmark-java,/home/camila/repos/vsch/flexmark-java,com.vladsch.flexmark:flexmark-java:0.64.8,True,flexmark-ext-youtube-embedded,flexmark-ext-youtube-embedded,True,com.vladsch.flexmark:flexmark-java:0.64.8,True,listed-ok,
vsch,flexmark-java,/home/camila/repos/vsch/flexmark-java,com.vladsch.flexmark:flexmark-java:0.64.8,True,flexmark-ext-zzzzzz,flexmark-ext-zzzzzz,True,com.vladsch.flexmark:flexmark-java:0.64.8,True,listed-ok,
vsch,flexmark-java,/home/camila/repos/vsch/flexmark-java,com.vladsch.flexmark:flexmark-java:0.64.8,True,flexmark-test-util,flexmark-test-util,True,com.vladsch.flexmark:flexmark-java:0.64.8,True,listed-ok,
vsch,flexmark-java,/home/camila/repos/vsch/flexmark-java,com.vladsch.flexmark:flexmark-java:0.64.8,True,flexmark-tree-iteration,flexmark-tree-iteration,True,com.vladsch.flexmark:flexmark-java:0.64.8,True,listed-ok,
vsch,flexmark-java,/home/camila/repos/vsch/flexmark-java,com.vladsch.flexmark:flexmark-java:0.64.8,True,flexmark-util,flexmark-util,True,com.vladsch.flexmark:flexmark-java:0.64.8,True,listed-ok,
vsch,flexmark-java,/home/camila/repos/vsch/flexmark-java,com.vladsch.flexmark:flexmark-java:0.64.8,True,flexmark-util-ast,flexmark-util-ast,True,com.vladsch.flexmark:flexmark-java:0.64.8,True,listed-ok,
vsch,flexmark-java,/home/camila/repos/vsch/flexmark-java,com.vladsch.flexmark:flexmark-java:0.64.8,True,flexmark-util-builder,flexmark-util-builder,True,com.vladsch.flexmark:flexmark-java:0.64.8,True,listed-ok,
vsch,flexmark-java,/home/camila/repos/vsch/flexmark-java,com.vladsch.flexmark:flexmark-java:0.64.8,True,flexmark-util-collection,flexmark-util-collection,True,com.vladsch.flexmark:flexmark-java:0.64.8,True,listed-ok,
vsch,flexmark-java,/home/camila/repos/vsch/flexmark-java,com.vladsch.flexmark:flexmark-java:0.64.8,True,flexmark-util-data,flexmark-util-data,True,com.vladsch.flexmark:flexmark-java:0.64.8,True,listed-ok,
vsch,flexmark-java,/home/camila/repos/vsch/flexmark-java,com.vladsch.flexmark:flexmark-java:0.64.8,True,flexmark-util-dependency,flexmark-util-dependency,True,com.vladsch.flexmark:flexmark-java:0.64.8,True,listed-ok,
vsch,flexmark-java,/home/camila/repos/vsch/flexmark-java,com.vladsch.flexmark:flexmark-java:0.64.8,True,flexmark-util-experimental,flexmark-util-experimental,True,com.vladsch.flexmark:flexmark-java:0.64.8,True,listed-ok,
vsch,flexmark-java,/home/camila/repos/vsch/flexmark-java,com.vladsch.flexmark:flexmark-java:0.64.8,True,flexmark-util-format,flexmark-util-format,True,com.vladsch.flexmark:flexmark-java:0.64.8,True,listed-ok,
vsch,flexmark-java,/home/camila/repos/vsch/flexmark-java,com.vladsch.flexmark:flexmark-java:0.64.8,True,flexmark-util-html,flexmark-util-html,True,com.vladsch.flexmark:flexmark-java:0.64.8,True,listed-ok,
vsch,flexmark-java,/home/camila/repos/vsch/flexmark-java,com.vladsch.flexmark:flexmark-java:0.64.8,True,flexmark-util-misc,flexmark-util-misc,True,com.vladsch.flexmark:flexmark-java:0.64.8,True,listed-ok,
vsch,flexmark-java,/home/camila/repos/vsch/flexmark-java,com.vladsch.flexmark:flexmark-java:0.64.8,True,flexmark-util-sequence,flexmark-util-sequence,True,com.vladsch.flexmark:flexmark-java:0.64.8,True,listed-ok,
vsch,flexmark-java,/home/camila/repos/vsch/flexmark-java,com.vladsch.flexmark:flexmark-java:0.64.8,True,flexmark-util-options,flexmark-util-options,True,com.vladsch.flexmark:flexmark-java:0.64.8,True,listed-ok,
vsch,flexmark-java,/home/camila/repos/vsch/flexmark-java,com.vladsch.flexmark:flexmark-java:0.64.8,True,flexmark-util-visitor,flexmark-util-visitor,True,com.vladsch.flexmark:flexmark-java:0.64.8,True,listed-ok,
vsch,flexmark-java,/home/camila/repos/vsch/flexmark-java,com.vladsch.flexmark:flexmark-java:0.64.8,True,flexmark-youtrack-converter,flexmark-youtrack-converter,True,com.vladsch.flexmark:flexmark-java:0.64.8,True,listed-ok,
vsch,flexmark-java,/home/camila/repos/vsch/flexmark-java,com.vladsch.flexmark:flexmark-java:0.64.8,True,flexmark-html2md-converter,flexmark-html2md-converter,True,com.vladsch.flexmark:flexmark-java:0.64.8,True,listed-ok,
vsch,flexmark-java,/home/camila/repos/vsch/flexmark-java,com.vladsch.flexmark:flexmark-java:0.64.8,True,flexmark-integration-test,flexmark-integration-test,True,com.vladsch.flexmark:flexmark-java:0.64.8,True,listed-ok,
vsch,flexmark-java,/home/camila/repos/vsch/flexmark-java,com.vladsch.flexmark:flexmark-java:0.64.8,True,flexmark-jira-converter,flexmark-jira-converter,True,com.vladsch.flexmark:flexmark-java:0.64.8,True,listed-ok,
vsch,flexmark-java,/home/camila/repos/vsch/flexmark-java,com.vladsch.flexmark:flexmark-java:0.64.8,True,flexmark-pdf-converter,flexmark-pdf-converter,True,com.vladsch.flexmark:flexmark-java:0.64.8,True,listed-ok,
vsch,flexmark-java,/home/camila/repos/vsch/flexmark-java,com.vladsch.flexmark:flexmark-java:0.64.8,True,flexmark-profile-pegdown,flexmark-profile-pegdown,True,com.vladsch.flexmark:flexmark-java:0.64.8,True,listed-ok,
vsch,flexmark-java,/home/camila/repos/vsch/flexmark-java,com.vladsch.flexmark:flexmark-java:0.64.8,True,flexmark-test-specs,flexmark-test-specs,True,com.vladsch.flexmark:flexmark-java:0.64.8,True,listed-ok,
vsch,flexmark-java,/home/camila/repos/vsch/flexmark-java,com.vladsch.flexmark:flexmark-java:0.64.8,True,flexmark-all,flexmark-all,True,com.vladsch.flexmark:flexmark-java:0.64.8,True,listed-ok,
vsch,flexmark-java,/home/camila/repos/vsch/flexmark-java,com.vladsch.flexmark:flexmark-java:0.64.8,True,flexmark-osgi,flexmark-osgi,True,com.vladsch.flexmark:flexmark-java:0.64.8,True,listed-ok,
vsch,flexmark-java,/home/camila/repos/vsch/flexmark-java,com.vladsch.flexmark:flexmark-java:0.64.8,True,flexmark-docx-converter,flexmark-docx-converter,True,com.vladsch.flexmark:flexmark-java:0.64.8,True,listed-ok,
wildfly,wildfly,/home/camila/repos/wildfly/wildfly,org.wildfly:wildfly-parent:34.0.0.Beta1-SNAPSHOT,True,appclient,appclient,True,org.wildfly:wildfly-parent:34.0.0.Beta1-SNAPSHOT,True,listed-ok,
wildfly,wildfly,/home/camila/repos/wildfly/wildfly,org.wildfly:wildfly-parent:34.0.0.Beta1-SNAPSHOT,True,batch-jberet,batch-jberet,True,org.wildfly:wildfly-parent:34.0.0.Beta1-SNAPSHOT,True,listed-ok,
wildfly,wildfly,/home/camila/repos/wildfly/wildfly,org.wildfly:wildfly-parent:34.0.0.Beta1-SNAPSHOT,True,bean-validation,bean-validation,True,org.wildfly:wildfly-parent:34.0.0.Beta1-SNAPSHOT,True,listed-ok,
wildfly,wildfly,/home/camila/repos/wildfly/wildfly,org.wildfly:wildfly-parent:34.0.0.Beta1-SNAPSHOT,True,boms/common-ee,boms/common-ee,False,?:?:?,False,listed-nested-path,nested-module-path
wildfly,wildfly,/home/camila/repos/wildfly/wildfly,org.wildfly:wildfly-parent:34.0.0.Beta1-SNAPSHOT,True,boms/common-expansion,boms/common-expansion,False,?:?:?,False,listed-nested-path,nested-module-path
wildfly,wildfly,/home/camila/repos/wildfly/wildfly,org.wildfly:wildfly-parent:34.0.0.Beta1-SNAPSHOT,True,boms/legacy-ee,boms/legacy-ee,False,?:?:?,False,listed-nested-path,nested-module-path
wildfly,wildfly,/home/camila/repos/wildfly/wildfly,org.wildfly:wildfly-parent:34.0.0.Beta1-SNAPSHOT,True,boms/legacy-expansion,boms/legacy-expansion,False,?:?:?,False,listed-nested-path,nested-module-path
wildfly,wildfly,/home/camila/repos/wildfly/wildfly,org.wildfly:wildfly-parent:34.0.0.Beta1-SNAPSHOT,True,boms/legacy-test,boms/legacy-test,False,?:?:?,False,listed-nested-path,nested-module-path
wildfly,wildfly,/home/camila/repos/wildfly/wildfly,org.wildfly:wildfly-parent:34.0.0.Beta1-SNAPSHOT,True,boms/preview-ee,boms/preview-ee,False,?:?:?,False,listed-nested-path,nested-module-path
wildfly,wildfly,/home/camila/repos/wildfly/wildfly,org.wildfly:wildfly-parent:34.0.0.Beta1-SNAPSHOT,True,boms/preview-expansion,boms/preview-expansion,False,?:?:?,False,listed-nested-path,nested-module-path
wildfly,wildfly,/home/camila/repos/wildfly/wildfly,org.wildfly:wildfly-parent:34.0.0.Beta1-SNAPSHOT,True,boms/preview-test,boms/preview-test,False,?:?:?,False,listed-nested-path,nested-module-path
wildfly,wildfly,/home/camila/repos/wildfly/wildfly,org.wildfly:wildfly-parent:34.0.0.Beta1-SNAPSHOT,True,boms/preview-test-expansion,boms/preview-test-expansion,False,?:?:?,False,listed-nested-path,nested-module-path
wildfly,wildfly,/home/camila/repos/wildfly/wildfly,org.wildfly:wildfly-parent:34.0.0.Beta1-SNAPSHOT,True,boms/standard-ee,boms/standard-ee,False,?:?:?,False,listed-nested-path,nested-module-path
wildfly,wildfly,/home/camila/repos/wildfly/wildfly,org.wildfly:wildfly-parent:34.0.0.Beta1-SNAPSHOT,True,boms/standard-expansion,boms/standard-expansion,False,?:?:?,False,listed-nested-path,nested-module-path
wildfly,wildfly,/home/camila/repos/wildfly/wildfly,org.wildfly:wildfly-parent:34.0.0.Beta1-SNAPSHOT,True,boms/standard-test,boms/standard-test,False,?:?:?,False,listed-nested-path,nested-module-path
wildfly,wildfly,/home/camila/repos/wildfly/wildfly,org.wildfly:wildfly-parent:34.0.0.Beta1-SNAPSHOT,True,boms/standard-test-expansion,boms/standard-test-expansion,False,?:?:?,False,listed-nested-path,nested-module-path
wildfly,wildfly,/home/camila/repos/wildfly/wildfly,org.wildfly:wildfly-parent:34.0.0.Beta1-SNAPSHOT,True,boms/user,boms/user,False,?:?:?,False,listed-nested-path,nested-module-path
wildfly,wildfly,/home/camila/repos/wildfly/wildfly,org.wildfly:wildfly-parent:34.0.0.Beta1-SNAPSHOT,True,build,build,True,org.wildfly:wildfly-parent:34.0.0.Beta1-SNAPSHOT,True,listed-ok,
wildfly,wildfly,/home/camila/repos/wildfly/wildfly,org.wildfly:wildfly-parent:34.0.0.Beta1-SNAPSHOT,True,client/properties,client/properties,False,?:?:?,False,listed-nested-path,nested-module-path
wildfly,wildfly,/home/camila/repos/wildfly/wildfly,org.wildfly:wildfly-parent:34.0.0.Beta1-SNAPSHOT,True,client/shade,client/shade,False,?:?:?,False,listed-nested-path,nested-module-path
wildfly,wildfly,/home/camila/repos/wildfly/wildfly,org.wildfly:wildfly-parent:34.0.0.Beta1-SNAPSHOT,True,clustering,clustering,True,org.wildfly:wildfly-parent:34.0.0.Beta1-SNAPSHOT,True,listed-ok,
wildfly,wildfly,/home/camila/repos/wildfly/wildfly,org.wildfly:wildfly-parent:34.0.0.Beta1-SNAPSHOT,True,connector,connector,True,org.wildfly:wildfly-parent:34.0.0.Beta1-SNAPSHOT,True,listed-ok,
wildfly,wildfly,/home/camila/repos/wildfly/wildfly,org.wildfly:wildfly-parent:34.0.0.Beta1-SNAPSHOT,True,datasources-agroal,datasources-agroal,True,org.wildfly:wildfly-parent:34.0.0.Beta1-SNAPSHOT,True,listed-ok,
wildfly,wildfly,/home/camila/repos/wildfly/wildfly,org.wildfly:wildfly-parent:34.0.0.Beta1-SNAPSHOT,True,dist,dist,True,org.wildfly:wildfly-parent:34.0.0.Beta1-SNAPSHOT,True,listed-ok,
wildfly,wildfly,/home/camila/repos/wildfly/wildfly,org.wildfly:wildfly-parent:34.0.0.Beta1-SNAPSHOT,True,ee,ee,True,org.wildfly:wildfly-parent:34.0.0.Beta1-SNAPSHOT,True,listed-ok,
wildfly,wildfly,/home/camila/repos/wildfly/wildfly,org.wildfly:wildfly-parent:34.0.0.Beta1-SNAPSHOT,True,ee-build,ee-build,True,org.wildfly:wildfly-parent:34.0.0.Beta1-SNAPSHOT,True,listed-ok,
wildfly,wildfly,/home/camila/repos/wildfly/wildfly,org.wildfly:wildfly-parent:34.0.0.Beta1-SNAPSHOT,True,ee-dist,ee-dist,True,org.wildfly:wildfly-parent:34.0.0.Beta1-SNAPSHOT,True,listed-ok,
wildfly,wildfly,/home/camila/repos/wildfly/wildfly,org.wildfly:wildfly-parent:34.0.0.Beta1-SNAPSHOT,True,ee-feature-pack,ee-feature-pack,True,org.wildfly:wildfly-parent:34.0.0.Beta1-SNAPSHOT,True,listed-ok,
wildfly,wildfly,/home/camila/repos/wildfly/wildfly,org.wildfly:wildfly-parent:34.0.0.Beta1-SNAPSHOT,True,ee-security,ee-security,True,org.wildfly:wildfly-parent:34.0.0.Beta1-SNAPSHOT,True,listed-ok,
wildfly,wildfly,/home/camila/repos/wildfly/wildfly,org.wildfly:wildfly-parent:34.0.0.Beta1-SNAPSHOT,True,ejb3,ejb3,True,org.wildfly:wildfly-parent:34.0.0.Beta1-SNAPSHOT,True,listed-ok,
wildfly,wildfly,/home/camila/repos/wildfly/wildfly,org.wildfly:wildfly-parent:34.0.0.Beta1-SNAPSHOT,True,elytron-oidc-client,elytron-oidc-client,True,org.wildfly:wildfly-parent:34.0.0.Beta1-SNAPSHOT,True,listed-ok,
wildfly,wildfly,/home/camila/repos/wildfly/wildfly,org.wildfly:wildfly-parent:34.0.0.Beta1-SNAPSHOT,True,galleon-pack,galleon-pack,True,org.wildfly:wildfly-parent:34.0.0.Beta1-SNAPSHOT,True,listed-ok,
wildfly,wildfly,/home/camila/repos/wildfly/wildfly,org.wildfly:wildfly-parent:34.0.0.Beta1-SNAPSHOT,True,health,health,True,org.wildfly:wildfly-parent:34.0.0.Beta1-SNAPSHOT,True,listed-ok,
wildfly,wildfly,/home/camila/repos/wildfly/wildfly,org.wildfly:wildfly-parent:34.0.0.Beta1-SNAPSHOT,True,iiop-openjdk,iiop-openjdk,True,org.wildfly:wildfly-parent:34.0.0.Beta1-SNAPSHOT,True,listed-ok,
wildfly,wildfly,/home/camila/repos/wildfly/wildfly,org.wildfly:wildfly-parent:34.0.0.Beta1-SNAPSHOT,True,jaxrs,jaxrs,True,org.wildfly:wildfly-parent:34.0.0.Beta1-SNAPSHOT,True,listed-ok,
wildfly,wildfly,/home/camila/repos/wildfly/wildfly,org.wildfly:wildfly-parent:34.0.0.Beta1-SNAPSHOT,True,jdr,jdr,True,org.wildfly:wildfly-parent:34.0.0.Beta1-SNAPSHOT,True,listed-ok,
wildfly,wildfly,/home/camila/repos/wildfly/wildfly,org.wildfly:wildfly-parent:34.0.0.Beta1-SNAPSHOT,True,jpa,jpa,True,org.wildfly:wildfly-parent:34.0.0.Beta1-SNAPSHOT,True,listed-ok,
wildfly,wildfly,/home/camila/repos/wildfly/wildfly,org.wildfly:wildfly-parent:34.0.0.Beta1-SNAPSHOT,True,jsf,jsf,True,org.wildfly:wildfly-parent:34.0.0.Beta1-SNAPSHOT,True,listed-ok,
wildfly,wildfly,/home/camila/repos/wildfly/wildfly,org.wildfly:wildfly-parent:34.0.0.Beta1-SNAPSHOT,True,mail,mail,True,org.wildfly:wildfly-parent:34.0.0.Beta1-SNAPSHOT,True,listed-ok,
wildfly,wildfly,/home/camila/repos/wildfly/wildfly,org.wildfly:wildfly-parent:34.0.0.Beta1-SNAPSHOT,True,legacy/jsr77,legacy/jsr77,False,?:?:?,False,listed-nested-path,nested-module-path
wildfly,wildfly,/home/camila/repos/wildfly/wildfly,org.wildfly:wildfly-parent:34.0.0.Beta1-SNAPSHOT,True,legacy/keycloak,legacy/keycloak,False,?:?:?,False,listed-nested-path,nested-module-path
wildfly,wildfly,/home/camila/repos/wildfly/wildfly,org.wildfly:wildfly-parent:34.0.0.Beta1-SNAPSHOT,True,legacy/opentracing-extension,legacy/opentracing-extension,False,?:?:?,False,listed-nested-path,nested-module-path
wildfly,wildfly,/home/camila/repos/wildfly/wildfly,org.wildfly:wildfly-parent:34.0.0.Beta1-SNAPSHOT,True,metrics,metrics,True,org.wildfly:wildfly-parent:34.0.0.Beta1-SNAPSHOT,True,listed-ok,
wildfly,wildfly,/home/camila/repos/wildfly/wildfly,org.wildfly:wildfly-parent:34.0.0.Beta1-SNAPSHOT,True,messaging-activemq,messaging-activemq,True,org.wildfly:wildfly-parent:34.0.0.Beta1-SNAPSHOT,True,listed-ok,
wildfly,wildfly,/home/camila/repos/wildfly/wildfly,org.wildfly:wildfly-parent:34.0.0.Beta1-SNAPSHOT,True,microprofile,microprofile,True,org.wildfly:wildfly-parent:34.0.0.Beta1-SNAPSHOT,True,listed-ok,
wildfly,wildfly,/home/camila/repos/wildfly/wildfly,org.wildfly:wildfly-parent:34.0.0.Beta1-SNAPSHOT,True,mod_cluster,mod_cluster,True,org.wildfly:wildfly-parent:34.0.0.Beta1-SNAPSHOT,True,listed-ok,
wildfly,wildfly,/home/camila/repos/wildfly/wildfly,org.wildfly:wildfly-parent:34.0.0.Beta1-SNAPSHOT,True,naming,naming,True,org.wildfly:wildfly-parent:34.0.0.Beta1-SNAPSHOT,True,listed-ok,
wildfly,wildfly,/home/camila/repos/wildfly/wildfly,org.wildfly:wildfly-parent:34.0.0.Beta1-SNAPSHOT,True,observability,observability,True,org.wildfly:wildfly-parent:34.0.0.Beta1-SNAPSHOT,True,listed-ok,
wildfly,wildfly,/home/camila/repos/wildfly/wildfly,org.wildfly:wildfly-parent:34.0.0.Beta1-SNAPSHOT,True,picketlink,picketlink,True,org.wildfly:wildfly-parent:34.0.0.Beta1-SNAPSHOT,True,listed-ok,
wildfly,wildfly,/home/camila/repos/wildfly/wildfly,org.wildfly:wildfly-parent:34.0.0.Beta1-SNAPSHOT,True,pojo,pojo,True,org.wildfly:wildfly-parent:34.0.0.Beta1-SNAPSHOT,True,listed-ok,
wildfly,wildfly,/home/camila/repos/wildfly/wildfly,org.wildfly:wildfly-parent:34.0.0.Beta1-SNAPSHOT,True,preview,preview,True,org.wildfly:wildfly-parent:34.0.0.Beta1-SNAPSHOT,True,listed-ok,
wildfly,wildfly,/home/camila/repos/wildfly/wildfly,org.wildfly:wildfly-parent:34.0.0.Beta1-SNAPSHOT,True,release,release,True,org.wildfly:wildfly-parent:34.0.0.Beta1-SNAPSHOT,True,listed-ok,
wildfly,wildfly,/home/camila/repos/wildfly/wildfly,org.wildfly:wildfly-parent:34.0.0.Beta1-SNAPSHOT,True,rts,rts,True,org.wildfly:wildfly-parent:34.0.0.Beta1-SNAPSHOT,True,listed-ok,
wildfly,wildfly,/home/camila/repos/wildfly/wildfly,org.wildfly:wildfly-parent:34.0.0.Beta1-SNAPSHOT,True,sar,sar,True,org.wildfly:wildfly-parent:34.0.0.Beta1-SNAPSHOT,True,listed-ok,
wildfly,wildfly,/home/camila/repos/wildfly/wildfly,org.wildfly:wildfly-parent:34.0.0.Beta1-SNAPSHOT,True,security,security,True,org.wildfly:wildfly-parent:34.0.0.Beta1-SNAPSHOT,True,listed-ok,
wildfly,wildfly,/home/camila/repos/wildfly/wildfly,org.wildfly:wildfly-parent:34.0.0.Beta1-SNAPSHOT,True,system-jmx,system-jmx,True,org.wildfly:wildfly-parent:34.0.0.Beta1-SNAPSHOT,True,listed-ok,
wildfly,wildfly,/home/camila/repos/wildfly/wildfly,org.wildfly:wildfly-parent:34.0.0.Beta1-SNAPSHOT,True,spec-api,spec-api,True,org.wildfly:wildfly-parent:34.0.0.Beta1-SNAPSHOT,True,listed-ok,
wildfly,wildfly,/home/camila/repos/wildfly/wildfly,org.wildfly:wildfly-parent:34.0.0.Beta1-SNAPSHOT,True,weld,weld,True,org.wildfly:wildfly-parent:34.0.0.Beta1-SNAPSHOT,True,listed-ok,
wildfly,wildfly,/home/camila/repos/wildfly/wildfly,org.wildfly:wildfly-parent:34.0.0.Beta1-SNAPSHOT,True,testsuite/test-feature-pack,testsuite/test-feature-pack,False,?:?:?,False,listed-nested-path,nested-module-path
wildfly,wildfly,/home/camila/repos/wildfly/wildfly,org.wildfly:wildfly-parent:34.0.0.Beta1-SNAPSHOT,True,testsuite/shared,testsuite/shared,False,?:?:?,False,listed-nested-path,nested-module-path
wildfly,wildfly,/home/camila/repos/wildfly/wildfly,org.wildfly:wildfly-parent:34.0.0.Beta1-SNAPSHOT,True,testsuite,testsuite,True,org.wildfly:wildfly-parent:34.0.0.Beta1-SNAPSHOT,True,listed-ok,
wildfly,wildfly,/home/camila/repos/wildfly/wildfly,org.wildfly:wildfly-parent:34.0.0.Beta1-SNAPSHOT,True,transactions,transactions,True,org.wildfly:wildfly-parent:34.0.0.Beta1-SNAPSHOT,True,listed-ok,
wildfly,wildfly,/home/camila/repos/wildfly/wildfly,org.wildfly:wildfly-parent:34.0.0.Beta1-SNAPSHOT,True,undertow,undertow,True,org.wildfly:wildfly-parent:34.0.0.Beta1-SNAPSHOT,True,listed-ok,
wildfly,wildfly,/home/camila/repos/wildfly/wildfly,org.wildfly:wildfly-parent:34.0.0.Beta1-SNAPSHOT,True,webservices,webservices,True,org.wildfly:wildfly-parent:34.0.0.Beta1-SNAPSHOT,True,listed-ok,
wildfly,wildfly,/home/camila/repos/wildfly/wildfly,org.wildfly:wildfly-parent:34.0.0.Beta1-SNAPSHOT,True,web-common,web-common,True,org.wildfly:wildfly-parent:34.0.0.Beta1-SNAPSHOT,True,listed-ok,
wildfly,wildfly,/home/camila/repos/wildfly/wildfly,org.wildfly:wildfly-parent:34.0.0.Beta1-SNAPSHOT,True,xts,xts,True,org.wildfly:wildfly-parent:34.0.0.Beta1-SNAPSHOT,True,listed-ok,
wildfly,wildfly,/home/camila/repos/wildfly/wildfly,org.wildfly:wildfly-parent:34.0.0.Beta1-SNAPSHOT,False,docs,docs,True,org.wildfly:wildfly-parent:34.0.0.Beta1-SNAPSHOT,True,unlisted-child-with-root-parent,unlisted-but-parent-matches-root
winder,Universal-G-Code-Sender,/home/camila/repos/winder/Universal-G-Code-Sender,com.willwinder.universalgcodesender:ugs-parent:${revision}${changelist},True,ugs-core,ugs-core,True,com.willwinder.universalgcodesender:ugs-parent:${revision}${changelist},True,listed-ok,
winder,Universal-G-Code-Sender,/home/camila/repos/winder/Universal-G-Code-Sender,com.willwinder.universalgcodesender:ugs-parent:${revision}${changelist},True,ugs-pendant,ugs-pendant,True,com.willwinder.universalgcodesender:ugs-parent:${revision}${changelist},True,listed-ok,
winder,Universal-G-Code-Sender,/home/camila/repos/winder/Universal-G-Code-Sender,com.willwinder.universalgcodesender:ugs-parent:${revision}${changelist},True,ugs-classic,ugs-classic,True,com.willwinder.universalgcodesender:ugs-parent:${revision}${changelist},True,listed-ok,
winder,Universal-G-Code-Sender,/home/camila/repos/winder/Universal-G-Code-Sender,com.willwinder.universalgcodesender:ugs-parent:${revision}${changelist},True,ugs-platform,ugs-platform,True,com.willwinder.universalgcodesender:ugs-parent:${revision}${changelist},True,listed-ok,
winder,Universal-G-Code-Sender,/home/camila/repos/winder/Universal-G-Code-Sender,com.willwinder.universalgcodesender:ugs-parent:${revision}${changelist},True,ugs-cli,ugs-cli,True,com.willwinder.universalgcodesender:ugs-parent:${revision}${changelist},True,listed-ok,
xuxueli,xxl-job,/home/camila/repos/xuxueli/xxl-job,com.xuxueli:xxl-job:2.4.2-SNAPSHOT,True,xxl-job-core,xxl-job-core,True,com.xuxueli:xxl-job:2.4.2-SNAPSHOT,True,listed-ok,
xuxueli,xxl-job,/home/camila/repos/xuxueli/xxl-job,com.xuxueli:xxl-job:2.4.2-SNAPSHOT,True,xxl-job-admin,xxl-job-admin,True,com.xuxueli:xxl-job:2.4.2-SNAPSHOT,True,listed-ok,
xuxueli,xxl-job,/home/camila/repos/xuxueli/xxl-job,com.xuxueli:xxl-job:2.4.2-SNAPSHOT,True,xxl-job-executor-samples,xxl-job-executor-samples,True,com.xuxueli:xxl-job:2.4.2-SNAPSHOT,True,listed-ok,
zxing,zxing,/home/camila/repos/zxing/zxing,com.google.zxing:zxing-parent:3.5.4-SNAPSHOT,True,core,core,True,com.google.zxing:zxing-parent:3.5.4-SNAPSHOT,True,listed-ok,
zxing,zxing,/home/camila/repos/zxing/zxing,com.google.zxing:zxing-parent:3.5.4-SNAPSHOT,True,javase,javase,True,com.google.zxing:zxing-parent:3.5.4-SNAPSHOT,True,listed-ok,
zxing,zxing,/home/camila/repos/zxing/zxing,com.google.zxing:zxing-parent:3.5.4-SNAPSHOT,False,zxingorg,zxingorg,True,com.google.zxing:zxing-parent:3.5.4-SNAPSHOT,True,unlisted-child-with-root-parent,unlisted-but-parent-matches-root
zxing,zxing,/home/camila/repos/zxing/zxing,com.google.zxing:zxing-parent:3.5.4-SNAPSHOT,False,zxing.appspot.com,zxing.appspot.com,True,com.google.zxing:zxing-parent:3.5.4-SNAPSHOT,True,unlisted-child-with-root-parent,unlisted-but-parent-matches-root
zxing,zxing,/home/camila/repos/zxing/zxing,com.google.zxing:zxing-parent:3.5.4-SNAPSHOT,False,android-integration,android-integration,True,com.google.zxing:zxing-parent:3.5.4-SNAPSHOT,True,unlisted-child-with-root-parent,unlisted-but-parent-matches-root
zxing,zxing,/home/camila/repos/zxing/zxing,com.google.zxing:zxing-parent:3.5.4-SNAPSHOT,False,android-core,android-core,True,com.google.zxing:zxing-parent:3.5.4-SNAPSHOT,True,unlisted-child-with-root-parent,unlisted-but-parent-matches-root
