project_id,project,db,interval_start,interval_end,days,period,active_segments,active_files,active_versions,cves
1,Activiti,H2,2010-10-04 00:00:00+00:00,2012-07-24 00:00:00+00:00,659.0,pre_disclosure,1,1,1,CVE-2018-14335; CVE-2021-42392; CVE-2022-23221
1,Activiti,H2,2012-07-24 00:00:00+00:00,2013-02-28 00:00:00+00:00,219.0,pre_disclosure,1,2,1,CVE-2018-14335; CVE-2021-42392; CVE-2022-23221
1,Activiti,H2,2013-02-28 00:00:00+00:00,2014-10-17 00:00:00+00:00,596.0,pre_disclosure,1,2,1,CVE-2018-14335; CVE-2021-42392; CVE-2022-23221
1,Activiti,H2,2014-10-17 00:00:00+00:00,2014-10-20 00:00:00+00:00,3.0,pre_disclosure,2,4,2,CVE-2018-14335; CVE-2021-42392; CVE-2022-23221
1,Activiti,H2,2014-10-20 00:00:00+00:00,2014-12-04 00:00:00+00:00,45.0,pre_disclosure,1,2,1,CVE-2018-14335; CVE-2021-42392; CVE-2022-23221
1,Activiti,H2,2014-12-04 00:00:00+00:00,2017-11-02 00:00:00+00:00,1064.0,pre_disclosure,1,2,1,CVE-2018-14335; CVE-2021-42392; CVE-2022-23221
1,Activiti,H2,2017-11-02 00:00:00+00:00,2018-03-16 00:00:00+00:00,134.0,pre_disclosure,1,4,1,CVE-2018-14335; CVE-2021-42392; CVE-2022-23221
1,Activiti,H2,2018-03-16 00:00:00+00:00,2018-07-24 13:29:00.603000+00:00,130.56181253472224,pre_disclosure,1,4,1,CVE-2018-14335; CVE-2021-42392; CVE-2022-23221
1,Activiti,H2,2018-07-24 13:29:00.603000+00:00,2018-08-09 00:00:00+00:00,15.43818746527778,post_disclosure,1,4,1,CVE-2018-14335; CVE-2021-42392; CVE-2022-23221
1,Activiti,H2,2018-08-09 00:00:00+00:00,2019-02-22 14:41:59+00:00,197.61248842592593,post_disclosure,1,5,1,CVE-2018-14335; CVE-2021-42392; CVE-2022-23221
1,Activiti,H2,2019-02-22 14:41:59+00:00,2019-12-04 00:00:00+00:00,284.3875115740741,post_resolution,1,5,1,CVE-2018-14335; CVE-2021-42392; CVE-2022-23221
1,Activiti,H2,2019-12-04 00:00:00+00:00,2021-11-29 11:00:04+00:00,726.4583796296296,pre_disclosure,1,21,1,CVE-2021-23463; CVE-2021-42392; CVE-2022-23221; CVE-2022-45868
1,Activiti,H2,2021-11-29 11:00:04+00:00,2021-12-16 14:29:57+00:00,17.145752314814814,post_resolution,1,21,1,CVE-2021-23463; CVE-2021-42392; CVE-2022-23221; CVE-2022-45868
1,Activiti,H2,2021-12-16 14:29:57+00:00,2022-01-04 20:53:00+00:00,19.266006944444445,post_resolution,1,21,1,CVE-2021-23463; CVE-2021-42392; CVE-2022-23221; CVE-2022-45868
1,Activiti,H2,2022-01-04 20:53:00+00:00,2022-01-06 23:55:09+00:00,2.1264930555555557,post_resolution,1,21,1,CVE-2021-23463; CVE-2021-42392; CVE-2022-23221; CVE-2022-45868
1,Activiti,H2,2022-01-06 23:55:09+00:00,2022-01-17 16:18:52+00:00,10.683136574074075,post_resolution,1,21,1,CVE-2021-23463; CVE-2021-42392; CVE-2022-23221; CVE-2022-45868
1,Activiti,H2,2022-01-17 16:18:52+00:00,2022-01-21 23:07:39+00:00,4.283877314814815,post_resolution,1,21,1,CVE-2021-23463; CVE-2021-42392; CVE-2022-23221; CVE-2022-45868
1,Activiti,H2,2022-01-21 23:07:39+00:00,2022-11-23 21:30:31+00:00,305.9325462962963,post_resolution,1,21,1,CVE-2021-23463; CVE-2021-42392; CVE-2022-23221; CVE-2022-45868
1,Activiti,H2,2022-11-23 21:30:31+00:00,2023-07-05 14:57:30+00:00,223.72707175925925,post_resolution,1,21,1,CVE-2021-23463; CVE-2021-42392; CVE-2022-23221; CVE-2022-45868
1,Activiti,H2,2023-07-05 14:57:30+00:00,2023-10-19 00:00:00+00:00,105.37673611111111,post_resolution,1,21,1,CVE-2021-23463; CVE-2021-42392; CVE-2022-23221; CVE-2022-45868
1,Activiti,MySQL,2010-11-29 00:00:00+00:00,2012-07-24 00:00:00+00:00,603.0,pre_disclosure,1,1,1,CVE-2015-2575; CVE-2017-3523; CVE-2017-3586; CVE-2017-3589; CVE-2018-3258; CVE-2019-2692; CVE-2020-2934; CVE-2022-21363; CVE-2023-22102
1,Activiti,MySQL,2012-07-24 00:00:00+00:00,2013-08-23 00:00:00+00:00,395.0,pre_disclosure,1,1,1,CVE-2015-2575; CVE-2017-3523; CVE-2017-3586; CVE-2017-3589; CVE-2018-3258; CVE-2019-2692; CVE-2020-2934; CVE-2022-21363; CVE-2023-22102
1,Activiti,MySQL,2013-08-23 00:00:00+00:00,2013-12-03 00:00:00+00:00,102.0,pre_disclosure,1,1,1,CVE-2015-2575; CVE-2017-3523; CVE-2017-3586; CVE-2017-3589; CVE-2018-3258; CVE-2019-2692; CVE-2020-2934; CVE-2022-21363; CVE-2023-22102
1,Activiti,MySQL,2013-12-03 00:00:00+00:00,2015-05-08 10:55:46+00:00,521.4553935185185,pre_disclosure,1,1,1,CVE-2015-2575; CVE-2017-3523; CVE-2017-3586; CVE-2017-3589; CVE-2018-3258; CVE-2019-2692; CVE-2020-2934; CVE-2022-21363; CVE-2023-22102
1,Activiti,MySQL,2015-05-08 10:55:46+00:00,2017-02-14 20:27:59+00:00,648.3973726851851,post_resolution,1,1,1,CVE-2015-2575; CVE-2017-3523; CVE-2017-3586; CVE-2017-3589; CVE-2018-3258; CVE-2019-2692; CVE-2020-2934; CVE-2022-21363; CVE-2023-22102
1,Activiti,MySQL,2017-02-14 20:27:59+00:00,2017-04-17 18:23:36+00:00,61.91362268518518,post_resolution,1,1,1,CVE-2015-2575; CVE-2017-3523; CVE-2017-3586; CVE-2017-3589; CVE-2018-3258; CVE-2019-2692; CVE-2020-2934; CVE-2022-21363; CVE-2023-22102
1,Activiti,MySQL,2017-04-17 18:23:36+00:00,2017-05-30 00:00:00+00:00,42.23361111111111,post_resolution,1,1,1,CVE-2015-2575; CVE-2017-3523; CVE-2017-3586; CVE-2017-3589; CVE-2018-3258; CVE-2019-2692; CVE-2020-2934; CVE-2022-21363; CVE-2023-22102
1,Activiti,PostgreSQL,2010-11-29 00:00:00+00:00,2013-02-08 00:00:00+00:00,802.0,pre_disclosure,1,1,1,CVE-2018-10936
1,Activiti,PostgreSQL,2013-11-19 00:00:00+00:00,2015-03-23 00:00:00+00:00,489.0,pre_disclosure,1,1,1,CVE-2018-10936
1,Activiti,PostgreSQL,2015-03-23 00:00:00+00:00,2018-08-27 15:43:21+00:00,1253.6551041666667,pre_disclosure,1,1,1,CVE-2018-10936; CVE-2020-13692; CVE-2022-41946; GHSA-xfg6-62px-cxc2
1,Activiti,PostgreSQL,2018-08-27 15:43:21+00:00,2018-08-30 13:29:00.377000+00:00,2.906705752314815,post_resolution,1,1,1,CVE-2018-10936; CVE-2020-13692; CVE-2022-41946; GHSA-xfg6-62px-cxc2
1,Activiti,PostgreSQL,2018-08-30 13:29:00.377000+00:00,2019-09-13 17:15:52+00:00,379.15754193287034,post_resolution,1,1,1,CVE-2018-10936; CVE-2020-13692; CVE-2022-41946; GHSA-xfg6-62px-cxc2
1,Activiti,PostgreSQL,2019-09-13 17:15:52+00:00,2020-06-04 13:16:11+00:00,264.83355324074074,post_resolution,1,1,1,CVE-2018-10936; CVE-2020-13692; CVE-2022-41946; GHSA-xfg6-62px-cxc2
1,Activiti,PostgreSQL,2020-06-04 13:16:11+00:00,2020-06-04 16:15:12.657000+00:00,0.12432473379629629,post_resolution,1,1,1,CVE-2018-10936; CVE-2020-13692; CVE-2022-41946; GHSA-xfg6-62px-cxc2
1,Activiti,PostgreSQL,2020-06-04 16:15:12.657000+00:00,2022-11-23 00:00:00+00:00,901.322770173611,post_resolution,1,1,1,CVE-2018-10936; CVE-2020-13692; CVE-2022-41946; GHSA-xfg6-62px-cxc2
1,Activiti,PostgreSQL,2022-11-23 00:00:00+00:00,2022-11-23 20:15:10.253000+00:00,0.8438686689814815,post_resolution,1,1,1,CVE-2018-10936; CVE-2020-13692; CVE-2022-41946; GHSA-xfg6-62px-cxc2
1,Activiti,PostgreSQL,2022-11-23 20:15:10.253000+00:00,2023-10-13 00:00:00+00:00,323.1561313310185,post_resolution,1,1,1,CVE-2018-10936; CVE-2020-13692; CVE-2022-41946; GHSA-xfg6-62px-cxc2
1,Activiti,PostgreSQL,2023-10-13 00:00:00+00:00,2024-03-11 00:00:00+00:00,150.0,pre_disclosure,1,1,1,CVE-2026-42198
1,Activiti,PostgreSQL,2024-03-11 00:00:00+00:00,2024-11-06 00:00:00+00:00,240.0,pre_disclosure,1,1,1,CVE-2026-42198
1,Activiti,PostgreSQL,2024-11-06 00:00:00+00:00,2024-11-11 00:00:00+00:00,5.0,pre_disclosure,2,2,2,CVE-2025-49146; CVE-2026-42198; CVE-2026-42198
1,Activiti,PostgreSQL,2024-11-11 00:00:00+00:00,2025-06-11 09:55:12+00:00,212.41333333333333,pre_disclosure,1,1,1,CVE-2025-49146; CVE-2026-42198
1,Activiti,PostgreSQL,2025-06-11 09:55:12+00:00,2025-06-11 14:44:04+00:00,0.20060185185185186,post_resolution,1,1,1,CVE-2025-49146; CVE-2026-42198
1,Activiti,PostgreSQL,2025-06-11 14:44:04+00:00,2025-06-13 00:00:00+00:00,1.386064814814815,post_resolution,1,1,1,CVE-2025-49146; CVE-2026-42198
1,Activiti,PostgreSQL,2025-06-13 00:00:00+00:00,2025-06-19 00:00:00+00:00,6.0,post_resolution,2,2,2,CVE-2025-49146; CVE-2026-42198
1,Activiti,PostgreSQL,2025-06-19 00:00:00+00:00,2025-09-22 00:00:00+00:00,95.0,pre_disclosure,1,1,1,CVE-2026-42198
1,Activiti,PostgreSQL,2025-09-22 00:00:00+00:00,2025-09-23 00:00:00+00:00,1.0,pre_disclosure,2,2,2,CVE-2026-42198
1,Activiti,PostgreSQL,2025-09-23 00:00:00+00:00,2026-01-08 00:00:00+00:00,107.0,pre_disclosure,1,1,1,CVE-2026-42198
2,nacos,MySQL,2018-07-21 00:00:00+00:00,2018-09-27 09:18:47+00:00,68.38804398148149,post_resolution,1,7,1,CVE-2015-2575; CVE-2017-3523; CVE-2017-3586; CVE-2017-3589; CVE-2018-3258; CVE-2019-2692; CVE-2020-2934; CVE-2022-21363; CVE-2023-22102
2,nacos,MySQL,2018-09-27 09:18:47+00:00,2019-03-20 19:08:52+00:00,174.4097800925926,post_resolution,1,7,1,CVE-2015-2575; CVE-2017-3523; CVE-2017-3586; CVE-2017-3589; CVE-2018-3258; CVE-2019-2692; CVE-2020-2934; CVE-2022-21363; CVE-2023-22102
2,nacos,MySQL,2019-03-20 19:08:52+00:00,2020-04-15 14:15:36.453000+00:00,391.7963478356482,post_resolution,1,7,1,CVE-2015-2575; CVE-2017-3523; CVE-2017-3586; CVE-2017-3589; CVE-2018-3258; CVE-2019-2692; CVE-2020-2934; CVE-2022-21363; CVE-2023-22102
2,nacos,MySQL,2020-04-15 14:15:36.453000+00:00,2020-06-15 00:00:00+00:00,60.40582809027778,post_resolution,1,7,1,CVE-2015-2575; CVE-2017-3523; CVE-2017-3586; CVE-2017-3589; CVE-2018-3258; CVE-2019-2692; CVE-2020-2934; CVE-2022-21363; CVE-2023-22102
2,nacos,MySQL,2020-06-15 00:00:00+00:00,2020-07-01 17:12:20+00:00,16.716898148148147,post_resolution,1,7,1,CVE-2019-2692; CVE-2020-2934; CVE-2021-2471; CVE-2022-21363; CVE-2023-22102
2,nacos,MySQL,2020-07-01 17:12:20+00:00,2020-07-02 00:00:00+00:00,0.2831018518518518,post_resolution,1,7,1,CVE-2019-2692; CVE-2020-2934; CVE-2021-2471; CVE-2022-21363; CVE-2023-22102
2,nacos,MySQL,2020-07-02 00:00:00+00:00,2020-07-14 00:00:00+00:00,12.0,post_disclosure,1,7,1,CVE-2020-2934; CVE-2021-2471; CVE-2022-21363; CVE-2023-22102
2,nacos,MySQL,2020-07-14 00:00:00+00:00,2021-03-17 00:00:00+00:00,246.0,post_resolution,1,7,1,CVE-2020-2934; CVE-2021-2471; CVE-2022-21363; CVE-2023-22102
2,nacos,MySQL,2021-03-17 00:00:00+00:00,2021-09-28 18:17:43+00:00,195.76230324074075,pre_disclosure,1,11,1,CVE-2021-2471; CVE-2022-21363; CVE-2023-22102
2,nacos,MySQL,2021-09-28 18:17:43+00:00,2021-10-20 11:16:17.117000+00:00,21.70733931712963,post_resolution,1,11,1,CVE-2021-2471; CVE-2022-21363; CVE-2023-22102
2,nacos,MySQL,2021-10-20 11:16:17.117000+00:00,2021-12-16 00:25:41+00:00,56.548193090277785,post_resolution,1,11,1,CVE-2021-2471; CVE-2022-21363; CVE-2023-22102
2,nacos,MySQL,2021-12-16 00:25:41+00:00,2022-01-20 00:00:48+00:00,34.98271990740741,post_resolution,1,11,1,CVE-2021-2471; CVE-2022-21363; CVE-2023-22102
2,nacos,MySQL,2022-01-20 00:00:48+00:00,2022-06-24 00:00:00+00:00,154.99944444444444,post_resolution,1,11,1,CVE-2021-2471; CVE-2022-21363; CVE-2023-22102
2,nacos,MySQL,2022-06-24 00:00:00+00:00,2022-07-07 00:00:00+00:00,13.0,post_resolution,2,28,2,CVE-2021-2471; CVE-2022-21363; CVE-2023-22102
2,nacos,MySQL,2022-07-07 00:00:00+00:00,2023-10-17 22:15:15.100000+00:00,467.92725810185186,pre_disclosure,1,17,1,CVE-2023-22102
2,nacos,MySQL,2023-10-17 22:15:15.100000+00:00,2023-10-25 08:46:05+00:00,7.438077546296297,post_disclosure,1,17,1,CVE-2023-22102
2,nacos,MySQL,2023-10-25 08:46:05+00:00,2024-03-26 00:00:00+00:00,152.63466435185185,post_resolution,1,17,1,CVE-2023-22102
2,nacos,MySQL,2024-03-26 00:00:00+00:00,2024-09-02 00:00:00+00:00,160.0,post_resolution,1,17,1,CVE-2023-22102
6,shiro,Hazelcast,2016-11-10 00:00:00+00:00,2018-10-23 13:23:32+00:00,712.5580092592593,pre_disclosure,1,3,1,CVE-2016-10750; CVE-2023-33265; CVE-2023-45860
6,shiro,Hazelcast,2018-10-23 13:23:32+00:00,2019-06-04 00:00:00+00:00,223.44199074074075,post_resolution,1,3,1,CVE-2016-10750; CVE-2023-33265; CVE-2023-45860
6,shiro,Hazelcast,2019-06-04 00:00:00+00:00,2019-06-19 00:00:00+00:00,15.0,pre_disclosure,1,3,1,CVE-2023-33265; CVE-2023-45860
6,shiro,Hazelcast,2019-06-19 00:00:00+00:00,2020-04-16 00:00:00+00:00,302.0,pre_disclosure,1,3,1,CVE-2023-33265; CVE-2023-45860
6,shiro,Hazelcast,2020-04-16 00:00:00+00:00,2022-10-06 00:00:00+00:00,903.0,pre_disclosure,1,3,1,CVE-2023-33265; CVE-2023-45860
6,shiro,Hazelcast,2022-10-06 00:00:00+00:00,2022-10-10 00:00:00+00:00,4.0,pre_disclosure,2,5,2,CVE-2023-33265; CVE-2023-45860; CVE-2023-45860
6,shiro,Hazelcast,2022-10-10 00:00:00+00:00,2023-01-26 00:00:00+00:00,108.0,pre_disclosure,1,2,1,CVE-2023-45860
6,shiro,Hazelcast,2023-05-18 00:00:00+00:00,2023-06-09 00:00:00+00:00,22.0,pre_disclosure,1,2,1,CVE-2023-45859
6,shiro,Hazelcast,2023-06-09 00:00:00+00:00,2023-08-21 00:00:00+00:00,73.0,pre_disclosure,1,2,1,CVE-2023-45859
6,shiro,Hazelcast,2023-08-21 00:00:00+00:00,2023-08-22 00:00:00+00:00,1.0,pre_disclosure,2,4,2,CVE-2023-45859
6,shiro,Hazelcast,2023-08-22 00:00:00+00:00,2023-10-20 00:00:00+00:00,59.0,pre_disclosure,1,2,1,CVE-2023-45859
6,shiro,Hazelcast,2023-10-20 00:00:00+00:00,2023-10-22 00:00:00+00:00,2.0,pre_disclosure,2,4,2,CVE-2023-45859
6,shiro,Hazelcast,2023-10-22 00:00:00+00:00,2023-10-24 00:00:00+00:00,2.0,pre_disclosure,1,2,1,CVE-2023-45859
6,shiro,HyperSQL,2019-06-13 00:00:00+00:00,2019-06-19 00:00:00+00:00,6.0,pre_disclosure,1,3,1,CVE-2022-41853
6,shiro,HyperSQL,2019-06-19 00:00:00+00:00,2022-10-06 18:17:07.190000+00:00,1205.761888773148,pre_disclosure,1,3,1,CVE-2022-41853
6,shiro,HyperSQL,2022-10-06 18:17:07.190000+00:00,2022-10-22 14:19:43+00:00,15.835136689814815,post_disclosure,1,3,1,CVE-2022-41853
6,shiro,HyperSQL,2022-10-22 14:19:43+00:00,2023-01-26 00:00:00+00:00,95.40297453703704,post_resolution,1,3,1,CVE-2022-41853
7,shardingsphere-elasticjob,H2,2016-08-12 00:00:00+00:00,2018-07-24 13:29:00.603000+00:00,711.5618125347222,pre_disclosure,1,7,1,CVE-2018-14335; CVE-2021-42392; CVE-2022-23221
7,shardingsphere-elasticjob,H2,2018-07-24 13:29:00.603000+00:00,2019-02-22 14:41:59+00:00,213.0506758912037,post_disclosure,1,7,1,CVE-2018-14335; CVE-2021-42392; CVE-2022-23221
7,shardingsphere-elasticjob,H2,2019-02-22 14:41:59+00:00,2022-01-04 20:53:00+00:00,1047.257650462963,post_resolution,1,7,1,CVE-2018-14335; CVE-2021-42392; CVE-2022-23221
7,shardingsphere-elasticjob,H2,2022-01-04 20:53:00+00:00,2022-01-06 23:55:09+00:00,2.1264930555555557,post_resolution,1,7,1,CVE-2018-14335; CVE-2021-42392; CVE-2022-23221
7,shardingsphere-elasticjob,H2,2022-01-06 23:55:09+00:00,2022-01-17 16:18:52+00:00,10.683136574074075,post_resolution,1,7,1,CVE-2018-14335; CVE-2021-42392; CVE-2022-23221
7,shardingsphere-elasticjob,H2,2022-01-17 16:18:52+00:00,2022-01-21 23:07:39+00:00,4.283877314814815,post_resolution,1,7,1,CVE-2018-14335; CVE-2021-42392; CVE-2022-23221
7,shardingsphere-elasticjob,H2,2022-01-21 23:07:39+00:00,2023-10-13 00:00:00+00:00,629.0363541666667,post_resolution,1,7,1,CVE-2018-14335; CVE-2021-42392; CVE-2022-23221
7,shardingsphere-elasticjob,MySQL,2016-08-12 00:00:00+00:00,2017-02-14 20:27:59+00:00,186.8527662037037,post_resolution,1,9,1,CVE-2015-2575; CVE-2017-3523; CVE-2017-3586; CVE-2017-3589; CVE-2018-3258; CVE-2019-2692; CVE-2020-2934; CVE-2022-21363; CVE-2023-22102
7,shardingsphere-elasticjob,MySQL,2017-02-14 20:27:59+00:00,2017-04-17 18:23:36+00:00,61.91362268518518,post_resolution,1,9,1,CVE-2015-2575; CVE-2017-3523; CVE-2017-3586; CVE-2017-3589; CVE-2018-3258; CVE-2019-2692; CVE-2020-2934; CVE-2022-21363; CVE-2023-22102
7,shardingsphere-elasticjob,MySQL,2017-04-17 18:23:36+00:00,2018-09-27 09:18:47+00:00,527.6216550925926,post_resolution,1,9,1,CVE-2015-2575; CVE-2017-3523; CVE-2017-3586; CVE-2017-3589; CVE-2018-3258; CVE-2019-2692; CVE-2020-2934; CVE-2022-21363; CVE-2023-22102
7,shardingsphere-elasticjob,MySQL,2018-09-27 09:18:47+00:00,2019-03-20 19:08:52+00:00,174.4097800925926,post_resolution,1,9,1,CVE-2015-2575; CVE-2017-3523; CVE-2017-3586; CVE-2017-3589; CVE-2018-3258; CVE-2019-2692; CVE-2020-2934; CVE-2022-21363; CVE-2023-22102
7,shardingsphere-elasticjob,MySQL,2019-03-20 19:08:52+00:00,2020-04-15 14:15:36.453000+00:00,391.7963478356482,post_resolution,1,9,1,CVE-2015-2575; CVE-2017-3523; CVE-2017-3586; CVE-2017-3589; CVE-2018-3258; CVE-2019-2692; CVE-2020-2934; CVE-2022-21363; CVE-2023-22102
7,shardingsphere-elasticjob,MySQL,2020-04-15 14:15:36.453000+00:00,2020-07-01 17:12:20+00:00,77.12272623842593,post_resolution,1,9,1,CVE-2015-2575; CVE-2017-3523; CVE-2017-3586; CVE-2017-3589; CVE-2018-3258; CVE-2019-2692; CVE-2020-2934; CVE-2022-21363; CVE-2023-22102
7,shardingsphere-elasticjob,MySQL,2020-07-01 17:12:20+00:00,2020-07-06 00:00:00+00:00,4.2831018518518515,post_resolution,1,9,1,CVE-2015-2575; CVE-2017-3523; CVE-2017-3586; CVE-2017-3589; CVE-2018-3258; CVE-2019-2692; CVE-2020-2934; CVE-2022-21363; CVE-2023-22102
7,shardingsphere-elasticjob,MySQL,2020-07-06 00:00:00+00:00,2020-07-14 00:00:00+00:00,8.0,post_disclosure,1,3,1,CVE-2020-2934; CVE-2021-2471; CVE-2022-21363; CVE-2023-22102
7,shardingsphere-elasticjob,MySQL,2020-07-14 00:00:00+00:00,2020-07-31 00:00:00+00:00,17.0,post_resolution,1,3,1,CVE-2020-2934; CVE-2021-2471; CVE-2022-21363; CVE-2023-22102
8,drill,MS SQL Server_Microsoft Azure SQL Database,2023-10-21 00:00:00+00:00,2025-10-13 00:00:00+00:00,723.0,pre_disclosure,1,1,1,CVE-2025-59250
8,drill,MS SQL Server_Microsoft Azure SQL Database,2025-10-13 00:00:00+00:00,2025-10-14 17:16:07.240000+00:00,1.7195282407407406,post_resolution,1,1,1,CVE-2025-59250
8,drill,MS SQL Server_Microsoft Azure SQL Database,2025-10-14 17:16:07.240000+00:00,2025-11-06 00:00:00+00:00,22.28047175925926,post_resolution,1,1,1,CVE-2025-59250
8,drill,MySQL,2023-10-21 00:00:00+00:00,2023-10-25 08:46:05+00:00,4.3653356481481485,post_disclosure,1,1,1,CVE-2023-22102
8,drill,MySQL,2023-10-25 08:46:05+00:00,2025-08-07 00:00:00+00:00,651.6346643518518,post_resolution,1,1,1,CVE-2023-22102
8,drill,PostgreSQL,2023-10-21 00:00:00+00:00,2024-05-06 00:00:00+00:00,198.0,pre_disclosure,1,1,1,CVE-2026-42198
8,drill,PostgreSQL,2024-05-06 00:00:00+00:00,2025-11-06 00:00:00+00:00,549.0,pre_disclosure,1,1,1,CVE-2026-42198
9,iotdb,H2,2021-06-05 00:00:00+00:00,2021-11-29 11:00:04+00:00,177.45837962962963,pre_disclosure,1,19,1,CVE-2021-23463; CVE-2021-42392; CVE-2022-23221; CVE-2022-45868
9,iotdb,H2,2021-11-29 11:00:04+00:00,2021-12-16 14:29:57+00:00,17.145752314814814,post_resolution,1,19,1,CVE-2021-23463; CVE-2021-42392; CVE-2022-23221; CVE-2022-45868
9,iotdb,H2,2021-12-16 14:29:57+00:00,2022-01-04 20:53:00+00:00,19.266006944444445,post_resolution,1,19,1,CVE-2021-23463; CVE-2021-42392; CVE-2022-23221; CVE-2022-45868
9,iotdb,H2,2022-01-04 20:53:00+00:00,2022-01-06 23:55:09+00:00,2.1264930555555557,post_resolution,1,19,1,CVE-2021-23463; CVE-2021-42392; CVE-2022-23221; CVE-2022-45868
9,iotdb,H2,2022-01-06 23:55:09+00:00,2022-01-17 16:18:52+00:00,10.683136574074075,post_resolution,1,19,1,CVE-2021-23463; CVE-2021-42392; CVE-2022-23221; CVE-2022-45868
9,iotdb,H2,2022-01-17 16:18:52+00:00,2022-01-21 23:07:39+00:00,4.283877314814815,post_resolution,1,19,1,CVE-2021-23463; CVE-2021-42392; CVE-2022-23221; CVE-2022-45868
9,iotdb,H2,2022-01-21 23:07:39+00:00,2022-11-23 21:30:31+00:00,305.9325462962963,post_resolution,1,19,1,CVE-2021-23463; CVE-2021-42392; CVE-2022-23221; CVE-2022-45868
9,iotdb,H2,2022-11-23 21:30:31+00:00,2023-07-04 00:00:00+00:00,222.10380787037036,post_resolution,1,19,1,CVE-2021-23463; CVE-2021-42392; CVE-2022-23221; CVE-2022-45868
9,iotdb,H2,2023-07-04 00:00:00+00:00,2023-07-05 14:57:30+00:00,1.6232638888888888,post_resolution,2,27,2,CVE-2021-23463; CVE-2021-42392; CVE-2022-23221; CVE-2022-45868
9,iotdb,H2,2023-07-05 14:57:30+00:00,2023-07-25 00:00:00+00:00,19.37673611111111,post_resolution,2,27,2,CVE-2021-23463; CVE-2021-42392; CVE-2022-23221; CVE-2022-45868; CVE-2022-45868
9,iotdb,H2,2023-07-25 00:00:00+00:00,2023-10-17 00:00:00+00:00,84.0,post_resolution,1,19,1,CVE-2021-23463; CVE-2021-42392; CVE-2022-23221; CVE-2022-45868
9,iotdb,H2,2023-10-17 00:00:00+00:00,2024-12-17 00:00:00+00:00,427.0,post_resolution,1,9,1,CVE-2022-45868
10,skywalking,H2,2016-07-22 00:00:00+00:00,2017-07-17 00:00:00+00:00,360.0,pre_disclosure,1,3,1,CVE-2018-14335; CVE-2021-42392; CVE-2022-23221
10,skywalking,H2,2017-07-17 00:00:00+00:00,2018-07-24 13:29:00.603000+00:00,372.5618125347222,pre_disclosure,2,33,2,CVE-2018-14335; CVE-2021-42392; CVE-2022-23221
10,skywalking,H2,2018-07-24 13:29:00.603000+00:00,2019-02-22 14:41:59+00:00,213.0506758912037,post_disclosure,2,33,2,CVE-2018-14335; CVE-2021-42392; CVE-2022-23221
10,skywalking,H2,2019-02-22 14:41:59+00:00,2022-01-04 20:53:00+00:00,1047.257650462963,post_resolution,2,33,2,CVE-2018-14335; CVE-2021-42392; CVE-2022-23221
10,skywalking,H2,2022-01-04 20:53:00+00:00,2022-01-06 23:55:09+00:00,2.1264930555555557,post_resolution,2,33,2,CVE-2018-14335; CVE-2021-42392; CVE-2022-23221
10,skywalking,H2,2022-01-06 23:55:09+00:00,2022-01-17 16:18:52+00:00,10.683136574074075,post_resolution,2,33,2,CVE-2018-14335; CVE-2021-42392; CVE-2022-23221
10,skywalking,H2,2022-01-17 16:18:52+00:00,2022-01-21 23:07:39+00:00,4.283877314814815,post_resolution,2,33,2,CVE-2018-14335; CVE-2021-42392; CVE-2022-23221
10,skywalking,H2,2022-01-21 23:07:39+00:00,2022-03-02 00:00:00+00:00,39.03635416666667,post_resolution,2,33,2,CVE-2018-14335; CVE-2021-42392; CVE-2022-23221
10,skywalking,H2,2022-03-02 00:00:00+00:00,2022-05-04 00:00:00+00:00,63.0,pre_disclosure,1,7,1,CVE-2022-45868
10,skywalking,H2,2022-05-04 00:00:00+00:00,2022-11-23 21:30:31+00:00,203.89619212962964,pre_disclosure,1,8,1,CVE-2022-45868
10,skywalking,H2,2022-11-23 21:30:31+00:00,2023-07-05 14:57:30+00:00,223.72707175925925,post_disclosure,1,8,1,CVE-2022-45868
10,skywalking,H2,2023-07-05 14:57:30+00:00,2024-12-23 00:00:00+00:00,536.3767361111111,post_resolution,1,8,1,CVE-2022-45868
10,skywalking,MySQL,2016-04-03 00:00:00+00:00,2016-11-30 00:00:00+00:00,241.0,pre_disclosure,3,7,3,CVE-2017-3523; CVE-2017-3586; CVE-2017-3589; CVE-2018-3258; CVE-2019-2692; CVE-2020-2934; CVE-2022-21363; CVE-2023-22102
10,skywalking,MySQL,2016-11-30 00:00:00+00:00,2017-02-14 20:27:59+00:00,76.85276620370371,pre_disclosure,2,5,2,CVE-2017-3523; CVE-2017-3586; CVE-2017-3589; CVE-2018-3258; CVE-2019-2692; CVE-2020-2934; CVE-2022-21363; CVE-2023-22102
10,skywalking,MySQL,2017-02-14 20:27:59+00:00,2017-02-17 00:00:00+00:00,2.1472337962962964,post_resolution,2,5,2,CVE-2017-3523; CVE-2017-3586; CVE-2017-3589; CVE-2018-3258; CVE-2019-2692; CVE-2020-2934; CVE-2022-21363; CVE-2023-22102
10,skywalking,MySQL,2017-02-17 00:00:00+00:00,2017-02-25 00:00:00+00:00,8.0,post_resolution,1,4,1,CVE-2017-3523; CVE-2017-3586; CVE-2017-3589; CVE-2018-3258; CVE-2019-2692; CVE-2020-2934; CVE-2022-21363; CVE-2023-22102
10,skywalking,MySQL,2017-02-25 00:00:00+00:00,2017-02-26 00:00:00+00:00,1.0,post_resolution,2,5,2,CVE-2017-3523; CVE-2017-3586; CVE-2017-3589; CVE-2018-3258; CVE-2019-2692; CVE-2020-2934; CVE-2022-21363; CVE-2023-22102
10,skywalking,MySQL,2017-02-26 00:00:00+00:00,2017-07-17 00:00:00+00:00,141.0,pre_disclosure,1,1,1,CVE-2023-22102
10,skywalking,MySQL,2017-07-17 00:00:00+00:00,2018-09-27 09:18:47+00:00,437.3880439814815,pre_disclosure,1,8,1,CVE-2018-3258; CVE-2019-2692; CVE-2021-2471; CVE-2022-21363; CVE-2023-22102
10,skywalking,MySQL,2018-09-27 09:18:47+00:00,2019-03-13 00:00:00+00:00,166.61195601851853,post_resolution,1,8,1,CVE-2018-3258; CVE-2019-2692; CVE-2021-2471; CVE-2022-21363; CVE-2023-22102
10,skywalking,MySQL,2019-03-13 00:00:00+00:00,2019-03-20 19:08:52+00:00,7.797824074074074,post_resolution,3,11,3,CVE-2018-3258; CVE-2019-2692; CVE-2020-2934; CVE-2022-21363; CVE-2023-22102; CVE-2018-3258; CVE-2019-2692; CVE-2021-2471; CVE-2022-21363; CVE-2023-22102
10,skywalking,MySQL,2019-03-20 19:08:52+00:00,2020-04-15 14:15:36.453000+00:00,391.7963478356482,post_resolution,3,11,3,CVE-2018-3258; CVE-2019-2692; CVE-2020-2934; CVE-2022-21363; CVE-2023-22102; CVE-2018-3258; CVE-2019-2692; CVE-2021-2471; CVE-2022-21363; CVE-2023-22102; CVE-2019-2692; CVE-2020-2934; CVE-2021-2471; CVE-2022-21363; CVE-2023-22102
10,skywalking,MySQL,2020-04-15 14:15:36.453000+00:00,2020-07-01 17:12:20+00:00,77.12272623842593,post_resolution,3,11,3,CVE-2018-3258; CVE-2019-2692; CVE-2020-2934; CVE-2022-21363; CVE-2023-22102; CVE-2018-3258; CVE-2019-2692; CVE-2021-2471; CVE-2022-21363; CVE-2023-22102; CVE-2019-2692; CVE-2020-2934; CVE-2021-2471; CVE-2022-21363; CVE-2023-22102
10,skywalking,MySQL,2020-07-01 17:12:20+00:00,2020-07-14 00:00:00+00:00,12.283101851851852,post_resolution,3,11,3,CVE-2018-3258; CVE-2019-2692; CVE-2020-2934; CVE-2022-21363; CVE-2023-22102; CVE-2018-3258; CVE-2019-2692; CVE-2021-2471; CVE-2022-21363; CVE-2023-22102; CVE-2019-2692; CVE-2020-2934; CVE-2021-2471; CVE-2022-21363; CVE-2023-22102
10,skywalking,MySQL,2020-07-14 00:00:00+00:00,2021-09-28 18:17:43+00:00,441.7623032407407,post_resolution,3,11,3,CVE-2018-3258; CVE-2019-2692; CVE-2020-2934; CVE-2022-21363; CVE-2023-22102; CVE-2018-3258; CVE-2019-2692; CVE-2021-2471; CVE-2022-21363; CVE-2023-22102; CVE-2019-2692; CVE-2020-2934; CVE-2021-2471; CVE-2022-21363; CVE-2023-22102
10,skywalking,MySQL,2021-09-28 18:17:43+00:00,2021-10-20 11:16:17.117000+00:00,21.70733931712963,post_resolution,3,11,3,CVE-2018-3258; CVE-2019-2692; CVE-2020-2934; CVE-2022-21363; CVE-2023-22102; CVE-2018-3258; CVE-2019-2692; CVE-2021-2471; CVE-2022-21363; CVE-2023-22102; CVE-2019-2692; CVE-2020-2934; CVE-2021-2471; CVE-2022-21363; CVE-2023-22102
10,skywalking,MySQL,2021-10-20 11:16:17.117000+00:00,2021-12-16 00:25:41+00:00,56.548193090277785,post_resolution,3,11,3,CVE-2018-3258; CVE-2019-2692; CVE-2020-2934; CVE-2022-21363; CVE-2023-22102; CVE-2018-3258; CVE-2019-2692; CVE-2021-2471; CVE-2022-21363; CVE-2023-22102; CVE-2019-2692; CVE-2020-2934; CVE-2021-2471; CVE-2022-21363; CVE-2023-22102
10,skywalking,MySQL,2021-12-16 00:25:41+00:00,2022-01-20 00:00:48+00:00,34.98271990740741,post_resolution,3,11,3,CVE-2018-3258; CVE-2019-2692; CVE-2020-2934; CVE-2022-21363; CVE-2023-22102; CVE-2018-3258; CVE-2019-2692; CVE-2021-2471; CVE-2022-21363; CVE-2023-22102; CVE-2019-2692; CVE-2020-2934; CVE-2021-2471; CVE-2022-21363; CVE-2023-22102
10,skywalking,MySQL,2022-01-20 00:00:48+00:00,2022-05-13 01:52:26+00:00,113.07752314814815,post_resolution,3,11,3,CVE-2018-3258; CVE-2019-2692; CVE-2020-2934; CVE-2022-21363; CVE-2023-22102; CVE-2018-3258; CVE-2019-2692; CVE-2021-2471; CVE-2022-21363; CVE-2023-22102; CVE-2019-2692; CVE-2020-2934; CVE-2021-2471; CVE-2022-21363; CVE-2023-22102
10,skywalking,MySQL,2022-05-13 01:52:26+00:00,2022-11-17 00:00:00+00:00,187.9219212962963,post_resolution,3,11,3,CVE-2018-3258; CVE-2019-2692; CVE-2020-2934; CVE-2022-21363; CVE-2023-22102; CVE-2018-3258; CVE-2019-2692; CVE-2021-2471; CVE-2022-21363; CVE-2023-22102; CVE-2019-2692; CVE-2020-2934; CVE-2021-2471; CVE-2022-21363; CVE-2023-22102
10,skywalking,MySQL,2022-11-17 00:00:00+00:00,2023-03-14 00:00:00+00:00,117.0,post_resolution,1,2,1,CVE-2019-2692; CVE-2020-2934; CVE-2021-2471; CVE-2022-21363; CVE-2023-22102
10,skywalking,PostgreSQL,2017-10-18 00:00:00+00:00,2018-08-27 15:43:21+00:00,313.65510416666666,pre_disclosure,1,2,1,CVE-2018-10936; CVE-2020-13692; CVE-2022-26520; CVE-2022-41946; GHSA-xfg6-62px-cxc2
10,skywalking,PostgreSQL,2018-08-27 15:43:21+00:00,2018-08-30 13:29:00.377000+00:00,2.906705752314815,post_resolution,1,2,1,CVE-2018-10936; CVE-2020-13692; CVE-2022-26520; CVE-2022-41946; GHSA-xfg6-62px-cxc2
10,skywalking,PostgreSQL,2018-08-30 13:29:00.377000+00:00,2019-06-02 00:00:00+00:00,275.4381900810185,post_resolution,1,2,1,CVE-2018-10936; CVE-2020-13692; CVE-2022-26520; CVE-2022-41946; GHSA-xfg6-62px-cxc2
10,skywalking,PostgreSQL,2019-06-02 00:00:00+00:00,2019-09-13 17:15:52+00:00,103.71935185185185,post_resolution,2,3,2,CVE-2018-10936; CVE-2020-13692; CVE-2022-26520; CVE-2022-41946; GHSA-xfg6-62px-cxc2
10,skywalking,PostgreSQL,2019-09-13 17:15:52+00:00,2019-11-03 00:00:00+00:00,50.280648148148146,post_resolution,2,3,2,CVE-2018-10936; CVE-2020-13692; CVE-2022-26520; CVE-2022-41946; GHSA-xfg6-62px-cxc2; CVE-2020-13692; CVE-2022-26520; CVE-2026-42198; GHSA-673j-qm5f-xpv8; GHSA-xfg6-62px-cxc2
10,skywalking,PostgreSQL,2019-11-03 00:00:00+00:00,2020-06-04 13:16:11+00:00,214.5529050925926,post_resolution,2,4,2,CVE-2018-10936; CVE-2020-13692; CVE-2022-26520; CVE-2022-41946; GHSA-xfg6-62px-cxc2; CVE-2020-13692; CVE-2022-26520; CVE-2026-42198; GHSA-673j-qm5f-xpv8; GHSA-xfg6-62px-cxc2
10,skywalking,PostgreSQL,2020-06-04 13:16:11+00:00,2020-06-04 16:15:12.657000+00:00,0.12432473379629629,post_resolution,2,4,2,CVE-2018-10936; CVE-2020-13692; CVE-2022-26520; CVE-2022-41946; GHSA-xfg6-62px-cxc2; CVE-2020-13692; CVE-2022-26520; CVE-2026-42198; GHSA-673j-qm5f-xpv8; GHSA-xfg6-62px-cxc2
10,skywalking,PostgreSQL,2020-06-04 16:15:12.657000+00:00,2022-02-15 19:06:43+00:00,621.1191011921296,post_resolution,2,4,2,CVE-2018-10936; CVE-2020-13692; CVE-2022-26520; CVE-2022-41946; GHSA-xfg6-62px-cxc2; CVE-2020-13692; CVE-2022-26520; CVE-2026-42198; GHSA-673j-qm5f-xpv8; GHSA-xfg6-62px-cxc2
10,skywalking,PostgreSQL,2022-02-15 19:06:43+00:00,2022-02-16 00:08:18+00:00,0.20943287037037037,post_resolution,2,4,2,CVE-2018-10936; CVE-2020-13692; CVE-2022-26520; CVE-2022-41946; GHSA-xfg6-62px-cxc2; CVE-2020-13692; CVE-2022-26520; CVE-2026-42198; GHSA-673j-qm5f-xpv8; GHSA-xfg6-62px-cxc2
10,skywalking,PostgreSQL,2022-02-16 00:08:18+00:00,2022-03-02 00:00:00+00:00,13.99423611111111,post_resolution,2,4,2,CVE-2018-10936; CVE-2020-13692; CVE-2022-26520; CVE-2022-41946; GHSA-xfg6-62px-cxc2; CVE-2020-13692; CVE-2022-26520; CVE-2026-42198; GHSA-673j-qm5f-xpv8; GHSA-xfg6-62px-cxc2
10,skywalking,PostgreSQL,2022-03-02 00:00:00+00:00,2022-03-10 17:47:45.810000+00:00,8.741502430555556,post_resolution,1,6,1,CVE-2022-26520; CVE-2022-31197; CVE-2022-41946; CVE-2026-42198; GHSA-673j-qm5f-xpv8
10,skywalking,PostgreSQL,2022-03-10 17:47:45.810000+00:00,2022-04-05 00:00:00+00:00,25.258497569444444,post_resolution,1,6,1,CVE-2022-26520; CVE-2022-31197; CVE-2022-41946; CVE-2026-42198; GHSA-673j-qm5f-xpv8
10,skywalking,PostgreSQL,2022-04-05 00:00:00+00:00,2022-04-06 00:00:00+00:00,1.0,post_resolution,2,13,2,CVE-2022-26520; CVE-2022-31197; CVE-2022-41946; CVE-2026-42198; GHSA-673j-qm5f-xpv8
10,skywalking,PostgreSQL,2022-04-06 00:00:00+00:00,2022-08-06 05:51:38+00:00,122.24418981481482,pre_disclosure,1,7,1,CVE-2022-31197; CVE-2022-41946; CVE-2026-42198
10,skywalking,PostgreSQL,2022-08-06 05:51:38+00:00,2022-08-15 00:00:00+00:00,8.755810185185185,post_disclosure,1,7,1,CVE-2022-31197; CVE-2022-41946; CVE-2026-42198
10,skywalking,PostgreSQL,2022-08-15 00:00:00+00:00,2022-08-31 00:00:00+00:00,16.0,post_resolution,1,7,1,CVE-2022-31197; CVE-2022-41946; CVE-2026-42198
10,skywalking,PostgreSQL,2022-08-31 00:00:00+00:00,2022-09-06 00:00:00+00:00,6.0,post_resolution,2,15,2,CVE-2022-31197; CVE-2022-41946; CVE-2026-42198
10,skywalking,PostgreSQL,2022-09-06 00:00:00+00:00,2024-02-24 00:00:00+00:00,536.0,pre_disclosure,1,8,1,CVE-2026-42198
10,skywalking,PostgreSQL,2024-02-24 00:00:00+00:00,2026-01-05 00:00:00+00:00,681.0,pre_disclosure,1,6,1,CVE-2026-42198
10,skywalking,Redis,2019-01-11 00:00:00+00:00,2019-01-26 00:00:00+00:00,15.0,pre_disclosure,1,1,1,CVE-2023-42809
10,skywalking,Redis,2019-01-26 00:00:00+00:00,2020-11-08 00:00:00+00:00,652.0,pre_disclosure,2,2,2,CVE-2023-42809; GHSA-q4h9-7rxj-7gx2
11,nifi,Couchbase,2023-02-03 00:00:00+00:00,2023-03-28 00:00:00+00:00,53.0,post_resolution,1,3,1,CVE-2019-20444; CVE-2019-20445; CVE-2020-11612
11,nifi,Couchbase,2023-03-28 00:00:00+00:00,2023-03-29 00:00:00+00:00,1.0,post_resolution,2,7,2,CVE-2019-20444; CVE-2019-20445; CVE-2020-11612; CVE-2020-9040
11,nifi,Couchbase,2023-03-29 00:00:00+00:00,2023-11-08 00:00:00+00:00,224.0,post_resolution,1,4,1,CVE-2020-9040
11,nifi,Couchbase,2023-11-08 00:00:00+00:00,2023-11-21 00:00:00+00:00,13.0,post_resolution,2,5,2,CVE-2020-9040
11,nifi,Couchbase,2023-11-21 00:00:00+00:00,2025-12-09 00:00:00+00:00,749.0,post_resolution,1,4,1,CVE-2020-9040
11,nifi,H2,2023-02-03 00:00:00+00:00,2023-03-07 00:00:00+00:00,32.0,post_resolution,3,37,3,CVE-2021-23463; CVE-2021-42392; CVE-2022-23221; CVE-2022-45868
11,nifi,H2,2023-03-07 00:00:00+00:00,2023-07-05 14:57:30+00:00,120.62326388888889,post_resolution,2,36,2,CVE-2021-23463; CVE-2021-42392; CVE-2022-23221; CVE-2022-45868
11,nifi,H2,2023-07-05 14:57:30+00:00,2023-07-14 00:00:00+00:00,8.37673611111111,post_resolution,2,36,2,CVE-2021-23463; CVE-2021-42392; CVE-2022-23221; CVE-2022-45868; CVE-2022-45868
11,nifi,H2,2023-07-14 00:00:00+00:00,2024-01-06 00:00:00+00:00,176.0,post_resolution,1,1,1,CVE-2021-23463; CVE-2021-42392; CVE-2022-23221; CVE-2022-45868
11,nifi,Hazelcast,2023-02-03 00:00:00+00:00,2023-04-07 00:00:00+00:00,63.0,pre_disclosure,1,2,1,CVE-2023-33265; CVE-2023-45860
11,nifi,Hazelcast,2023-04-07 00:00:00+00:00,2023-04-10 00:00:00+00:00,3.0,pre_disclosure,2,4,2,CVE-2023-33265; CVE-2023-45860
11,nifi,Hazelcast,2023-04-10 00:00:00+00:00,2023-06-05 00:00:00+00:00,56.0,pre_disclosure,1,2,1,CVE-2023-33265; CVE-2023-45860
11,nifi,Hazelcast,2023-06-05 00:00:00+00:00,2023-06-06 00:00:00+00:00,1.0,pre_disclosure,2,4,2,CVE-2023-33265; CVE-2023-45860; CVE-2023-45859
11,nifi,Hazelcast,2023-06-06 00:00:00+00:00,2023-06-14 00:00:00+00:00,8.0,pre_disclosure,1,2,1,CVE-2023-45859
11,nifi,Hazelcast,2023-06-14 00:00:00+00:00,2023-06-15 00:00:00+00:00,1.0,pre_disclosure,2,4,2,CVE-2023-45859
11,nifi,Hazelcast,2023-06-15 00:00:00+00:00,2023-08-28 00:00:00+00:00,74.0,pre_disclosure,1,2,1,CVE-2023-45859
11,nifi,Hazelcast,2023-08-28 00:00:00+00:00,2023-08-29 00:00:00+00:00,1.0,pre_disclosure,2,4,2,CVE-2023-45859
11,nifi,Hazelcast,2023-08-29 00:00:00+00:00,2023-10-24 14:31:02+00:00,56.60488425925926,pre_disclosure,1,2,1,CVE-2023-45859
11,nifi,Hazelcast,2023-10-24 14:31:02+00:00,2023-10-28 00:00:00+00:00,3.395115740740741,post_resolution,1,2,1,CVE-2023-45859
11,nifi,Ignite,2023-02-03 00:00:00+00:00,2023-05-23 00:00:00+00:00,109.0,post_resolution,1,2,1,CVE-2016-6805; CVE-2017-7686; CVE-2018-1295; CVE-2018-8018; CVE-2020-1963
11,nifi,MySQL,2023-02-03 00:00:00+00:00,2023-05-29 00:00:00+00:00,115.0,pre_disclosure,1,4,1,CVE-2023-22102
11,nifi,MySQL,2023-05-29 00:00:00+00:00,2023-07-27 00:00:00+00:00,59.0,pre_disclosure,1,4,1,CVE-2023-22102
11,nifi,MySQL,2023-07-27 00:00:00+00:00,2023-07-31 00:00:00+00:00,4.0,pre_disclosure,2,8,2,CVE-2023-22102
11,nifi,MySQL,2023-07-31 00:00:00+00:00,2023-10-17 22:15:15.100000+00:00,78.92725810185185,pre_disclosure,1,4,1,CVE-2023-22102
11,nifi,MySQL,2023-10-17 22:15:15.100000+00:00,2023-10-25 08:46:05+00:00,7.438077546296297,post_disclosure,1,4,1,CVE-2023-22102
11,nifi,MySQL,2023-10-25 08:46:05+00:00,2023-11-06 00:00:00+00:00,11.634664351851852,post_resolution,1,4,1,CVE-2023-22102
11,nifi,PostgreSQL,2023-02-03 00:00:00+00:00,2023-02-06 00:00:00+00:00,3.0,pre_disclosure,1,4,1,CVE-2026-42198
11,nifi,PostgreSQL,2023-02-06 00:00:00+00:00,2023-02-08 00:00:00+00:00,2.0,pre_disclosure,2,8,2,CVE-2026-42198
11,nifi,PostgreSQL,2023-02-08 00:00:00+00:00,2023-04-03 00:00:00+00:00,54.0,pre_disclosure,1,4,1,CVE-2026-42198
11,nifi,PostgreSQL,2023-04-03 00:00:00+00:00,2024-02-09 00:00:00+00:00,312.0,pre_disclosure,1,4,1,CVE-2026-42198
11,nifi,PostgreSQL,2024-02-09 00:00:00+00:00,2024-02-20 00:00:00+00:00,11.0,pre_disclosure,2,5,2,CVE-2024-1597; CVE-2026-42198; CVE-2026-42198
11,nifi,PostgreSQL,2024-02-20 00:00:00+00:00,2024-02-21 00:00:00+00:00,1.0,pre_disclosure,3,10,3,CVE-2024-1597; CVE-2026-42198; CVE-2026-42198
11,nifi,PostgreSQL,2024-02-21 00:00:00+00:00,2024-02-21 23:33:43+00:00,0.9817476851851852,post_resolution,3,10,3,CVE-2024-1597; CVE-2026-42198
11,nifi,PostgreSQL,2024-02-21 23:33:43+00:00,2024-02-23 00:00:00+00:00,1.0182523148148148,post_resolution,3,10,3,CVE-2024-1597; CVE-2026-42198
11,nifi,PostgreSQL,2024-02-23 00:00:00+00:00,2024-05-06 00:00:00+00:00,73.0,pre_disclosure,1,5,1,CVE-2026-42198
11,nifi,PostgreSQL,2024-05-06 00:00:00+00:00,2024-05-07 00:00:00+00:00,1.0,pre_disclosure,2,10,2,CVE-2026-42198
11,nifi,PostgreSQL,2024-05-07 00:00:00+00:00,2024-08-28 00:00:00+00:00,113.0,pre_disclosure,1,5,1,CVE-2026-42198
11,nifi,PostgreSQL,2024-08-28 00:00:00+00:00,2024-09-20 00:00:00+00:00,23.0,pre_disclosure,2,10,2,CVE-2025-49146; CVE-2026-42198; CVE-2026-42198
11,nifi,PostgreSQL,2024-09-20 00:00:00+00:00,2025-01-27 00:00:00+00:00,129.0,pre_disclosure,1,5,1,CVE-2025-49146; CVE-2026-42198
11,nifi,PostgreSQL,2025-01-27 00:00:00+00:00,2025-06-11 09:55:12+00:00,135.41333333333333,pre_disclosure,1,5,1,CVE-2025-49146; CVE-2026-42198
11,nifi,PostgreSQL,2025-06-11 09:55:12+00:00,2025-06-11 14:44:04+00:00,0.20060185185185186,post_resolution,1,5,1,CVE-2025-49146; CVE-2026-42198
11,nifi,PostgreSQL,2025-06-11 14:44:04+00:00,2025-07-22 00:00:00+00:00,40.386064814814816,post_resolution,1,5,1,CVE-2025-49146; CVE-2026-42198
11,nifi,PostgreSQL,2025-07-22 00:00:00+00:00,2025-12-09 00:00:00+00:00,140.0,pre_disclosure,1,5,1,CVE-2026-42198
11,nifi,Redis,2023-02-03 00:00:00+00:00,2023-04-07 00:00:00+00:00,63.0,pre_disclosure,1,3,1,CVE-2023-42809
11,nifi,Redis,2023-04-07 00:00:00+00:00,2023-04-10 00:00:00+00:00,3.0,pre_disclosure,2,6,2,CVE-2023-42809
11,nifi,Redis,2023-04-10 00:00:00+00:00,2023-06-05 08:30:59+00:00,56.35484953703704,pre_disclosure,1,3,1,CVE-2023-42809
11,nifi,Redis,2023-06-05 08:30:59+00:00,2023-06-19 00:00:00+00:00,13.645150462962963,post_resolution,1,3,1,CVE-2023-42809
11,nifi,Redis,2023-06-19 00:00:00+00:00,2023-06-20 00:00:00+00:00,1.0,post_resolution,2,8,2,CVE-2023-42809
11,nifi,Redis,2023-06-20 00:00:00+00:00,2023-10-04 20:15:10.263000+00:00,106.84386878472222,post_resolution,1,5,1,CVE-2023-42809
11,nifi,Redis,2023-10-04 20:15:10.263000+00:00,2024-11-01 00:00:00+00:00,393.1561312152778,post_resolution,1,5,1,CVE-2023-42809
11,nifi,Redis,2024-12-01 00:00:00+00:00,2025-01-27 00:00:00+00:00,57.0,post_resolution,1,5,1,CVE-2023-42809
11,nifi,Redis,2025-01-27 00:00:00+00:00,2025-07-22 00:00:00+00:00,176.0,post_resolution,1,5,1,CVE-2023-42809
11,nifi,Redis,2025-07-22 00:00:00+00:00,2025-09-21 00:00:00+00:00,61.0,post_resolution,1,5,1,CVE-2023-42809
11,nifi,Redis,2025-09-21 00:00:00+00:00,2025-12-09 00:00:00+00:00,79.0,post_resolution,1,5,1,CVE-2023-42809
11,nifi,Snowflake,2023-06-20 00:00:00+00:00,2023-08-03 00:00:00+00:00,44.0,pre_disclosure,1,5,1,CVE-2024-43382; CVE-2025-24789; CVE-2025-24790; CVE-2025-27496; CVE-2026-3293
11,nifi,Snowflake,2023-08-03 00:00:00+00:00,2023-09-20 00:00:00+00:00,48.0,pre_disclosure,2,9,2,CVE-2024-43382; CVE-2025-24789; CVE-2025-24790; CVE-2025-27496; CVE-2026-3293
11,nifi,Snowflake,2023-09-20 00:00:00+00:00,2023-09-21 00:00:00+00:00,1.0,pre_disclosure,3,13,3,CVE-2024-43382; CVE-2025-24789; CVE-2025-24790; CVE-2025-27496; CVE-2026-3293
11,nifi,Snowflake,2023-09-21 00:00:00+00:00,2023-09-26 00:00:00+00:00,5.0,pre_disclosure,2,9,2,CVE-2024-43382; CVE-2025-24789; CVE-2025-24790; CVE-2025-27496; CVE-2026-3293
11,nifi,Snowflake,2023-09-26 00:00:00+00:00,2023-11-14 00:00:00+00:00,49.0,pre_disclosure,1,5,1,CVE-2024-43382; CVE-2025-24789; CVE-2025-24790; CVE-2025-27496; CVE-2026-3293
11,nifi,Snowflake,2023-11-14 00:00:00+00:00,2023-12-11 00:00:00+00:00,27.0,pre_disclosure,1,5,1,CVE-2024-43382; CVE-2025-24789; CVE-2025-24790; CVE-2025-27496; CVE-2026-3293
11,nifi,Snowflake,2023-12-11 00:00:00+00:00,2024-02-01 00:00:00+00:00,52.0,pre_disclosure,1,5,1,CVE-2024-43382; CVE-2025-24789; CVE-2025-24790; CVE-2025-27496; CVE-2026-3293
11,nifi,Snowflake,2024-02-01 00:00:00+00:00,2024-02-02 00:00:00+00:00,1.0,pre_disclosure,2,10,2,CVE-2024-43382; CVE-2025-24789; CVE-2025-24790; CVE-2025-27496; CVE-2026-3293
11,nifi,Snowflake,2024-02-02 00:00:00+00:00,2024-10-30 14:37:53+00:00,271.6096412037037,pre_disclosure,1,5,1,CVE-2024-43382; CVE-2025-24789; CVE-2025-24790; CVE-2025-27496; CVE-2026-3293
11,nifi,Snowflake,2024-10-30 14:37:53+00:00,2024-10-30 19:01:21+00:00,0.18296296296296297,post_disclosure,1,5,1,CVE-2024-43382; CVE-2025-24789; CVE-2025-24790; CVE-2025-27496; CVE-2026-3293
11,nifi,Snowflake,2024-10-30 19:01:21+00:00,2024-11-02 00:00:00+00:00,2.2073958333333334,post_resolution,1,5,1,CVE-2024-43382; CVE-2025-24789; CVE-2025-24790; CVE-2025-27496; CVE-2026-3293
11,nifi,Snowflake,2024-11-02 00:00:00+00:00,2025-01-29 18:31:59+00:00,88.77221064814815,pre_disclosure,1,5,1,CVE-2025-24789; CVE-2025-24790; CVE-2025-27496; CVE-2026-3293
11,nifi,Snowflake,2025-01-29 18:31:59+00:00,2025-01-29 18:41:57+00:00,0.006921296296296296,post_resolution,1,5,1,CVE-2025-24789; CVE-2025-24790; CVE-2025-27496; CVE-2026-3293
11,nifi,Snowflake,2025-01-29 18:41:57+00:00,2025-01-29 18:42:07+00:00,0.00011574074074074075,post_resolution,1,5,1,CVE-2025-24789; CVE-2025-24790; CVE-2025-27496; CVE-2026-3293
11,nifi,Snowflake,2025-01-29 18:42:07+00:00,2025-03-11 00:00:00+00:00,40.22075231481482,post_resolution,1,5,1,CVE-2025-24789; CVE-2025-24790; CVE-2025-27496; CVE-2026-3293
11,nifi,Snowflake,2025-03-11 00:00:00+00:00,2025-03-13 17:46:17+00:00,2.740474537037037,pre_disclosure,1,5,1,CVE-2025-27496; CVE-2026-3293
11,nifi,Snowflake,2025-03-13 17:46:17+00:00,2025-03-13 18:57:46+00:00,0.0496412037037037,post_resolution,1,5,1,CVE-2025-27496; CVE-2026-3293
11,nifi,Snowflake,2025-03-13 18:57:46+00:00,2025-05-01 00:00:00+00:00,48.20988425925926,post_resolution,1,5,1,CVE-2025-27496; CVE-2026-3293
11,nifi,Snowflake,2025-05-01 00:00:00+00:00,2025-09-21 00:00:00+00:00,143.0,pre_disclosure,1,5,1,CVE-2026-3293
11,nifi,Snowflake,2025-09-21 00:00:00+00:00,2025-12-09 00:00:00+00:00,79.0,pre_disclosure,1,5,1,CVE-2026-3293
14,tinkerpop,H2,2013-11-07 00:00:00+00:00,2018-07-24 13:29:00.603000+00:00,1720.561812534722,pre_disclosure,1,12,1,CVE-2018-14335; CVE-2021-42392; CVE-2022-23221
14,tinkerpop,H2,2018-07-24 13:29:00.603000+00:00,2019-02-22 14:41:59+00:00,213.0506758912037,post_disclosure,1,12,1,CVE-2018-14335; CVE-2021-42392; CVE-2022-23221
14,tinkerpop,H2,2019-02-22 14:41:59+00:00,2022-01-04 20:53:00+00:00,1047.257650462963,post_resolution,1,12,1,CVE-2018-14335; CVE-2021-42392; CVE-2022-23221
14,tinkerpop,H2,2022-01-04 20:53:00+00:00,2022-01-06 23:55:09+00:00,2.1264930555555557,post_resolution,1,12,1,CVE-2018-14335; CVE-2021-42392; CVE-2022-23221
14,tinkerpop,H2,2022-01-06 23:55:09+00:00,2022-01-17 16:18:52+00:00,10.683136574074075,post_resolution,1,12,1,CVE-2018-14335; CVE-2021-42392; CVE-2022-23221
14,tinkerpop,H2,2022-01-17 16:18:52+00:00,2022-01-21 23:07:39+00:00,4.283877314814815,post_resolution,1,12,1,CVE-2018-14335; CVE-2021-42392; CVE-2022-23221
14,tinkerpop,H2,2022-01-21 23:07:39+00:00,2022-04-12 00:00:00+00:00,80.03635416666667,post_resolution,1,12,1,CVE-2018-14335; CVE-2021-42392; CVE-2022-23221
14,tinkerpop,Neo4j,2013-09-10 00:00:00+00:00,2014-12-02 19:10:17+00:00,448.79880787037035,pre_disclosure,1,1,1,CVE-2013-7259; CVE-2021-34371; CVE-2026-1337
14,tinkerpop,Neo4j,2014-12-02 19:10:17+00:00,2016-04-08 00:00:00+00:00,492.20119212962965,post_resolution,1,1,1,CVE-2013-7259; CVE-2021-34371; CVE-2026-1337
17,commafeed,H2,2014-08-11 00:00:00+00:00,2014-10-28 00:00:00+00:00,78.0,pre_disclosure,1,1,1,CVE-2018-14335; CVE-2021-42392; CVE-2022-23221
17,commafeed,H2,2014-10-28 00:00:00+00:00,2014-12-15 00:00:00+00:00,48.0,pre_disclosure,1,1,1,CVE-2018-14335; CVE-2021-42392; CVE-2022-23221
17,commafeed,H2,2014-12-15 00:00:00+00:00,2015-01-04 00:00:00+00:00,20.0,pre_disclosure,1,1,1,CVE-2018-14335; CVE-2021-42392; CVE-2022-23221
17,commafeed,H2,2015-01-04 00:00:00+00:00,2015-01-05 00:00:00+00:00,1.0,pre_disclosure,2,2,2,CVE-2018-14335; CVE-2021-42392; CVE-2022-23221
17,commafeed,H2,2015-01-05 00:00:00+00:00,2015-01-18 00:00:00+00:00,13.0,pre_disclosure,1,1,1,CVE-2018-14335; CVE-2021-42392; CVE-2022-23221
17,commafeed,H2,2015-01-18 00:00:00+00:00,2015-03-06 00:00:00+00:00,47.0,pre_disclosure,1,1,1,CVE-2018-14335; CVE-2021-42392; CVE-2022-23221
17,commafeed,H2,2015-03-06 00:00:00+00:00,2015-03-19 00:00:00+00:00,13.0,pre_disclosure,2,2,2,CVE-2018-14335; CVE-2021-42392; CVE-2022-23221
17,commafeed,H2,2015-03-19 00:00:00+00:00,2015-04-29 00:00:00+00:00,41.0,pre_disclosure,1,1,1,CVE-2018-14335; CVE-2021-42392; CVE-2022-23221
17,commafeed,H2,2015-04-29 00:00:00+00:00,2015-11-25 00:00:00+00:00,210.0,pre_disclosure,1,1,1,CVE-2018-14335; CVE-2021-42392; CVE-2022-23221
17,commafeed,H2,2015-11-25 00:00:00+00:00,2016-01-08 00:00:00+00:00,44.0,pre_disclosure,2,2,2,CVE-2018-14335; CVE-2021-42392; CVE-2022-23221
17,commafeed,H2,2016-01-08 00:00:00+00:00,2016-04-07 00:00:00+00:00,90.0,pre_disclosure,1,1,1,CVE-2018-14335; CVE-2021-42392; CVE-2022-23221
17,commafeed,H2,2016-04-07 00:00:00+00:00,2016-04-11 00:00:00+00:00,4.0,pre_disclosure,2,2,2,CVE-2018-14335; CVE-2021-42392; CVE-2022-23221
17,commafeed,H2,2016-04-11 00:00:00+00:00,2018-06-23 00:00:00+00:00,803.0,pre_disclosure,1,1,1,CVE-2018-14335; CVE-2021-42392; CVE-2022-23221
17,commafeed,H2,2018-06-23 00:00:00+00:00,2018-07-24 13:29:00.603000+00:00,31.561812534722225,pre_disclosure,1,1,1,CVE-2018-14335; CVE-2021-42392; CVE-2022-23221
17,commafeed,H2,2018-07-24 13:29:00.603000+00:00,2019-02-22 14:41:59+00:00,213.0506758912037,post_disclosure,1,1,1,CVE-2018-14335; CVE-2021-42392; CVE-2022-23221
17,commafeed,H2,2019-02-22 14:41:59+00:00,2022-01-02 00:00:00+00:00,1044.387511574074,post_resolution,1,1,1,CVE-2018-14335; CVE-2021-42392; CVE-2022-23221
17,commafeed,H2,2022-01-02 00:00:00+00:00,2022-01-04 20:53:00+00:00,2.870138888888889,pre_disclosure,1,1,1,CVE-2021-42392; CVE-2022-23221; CVE-2022-45868
17,commafeed,H2,2022-01-04 20:53:00+00:00,2022-01-06 23:55:09+00:00,2.1264930555555557,post_resolution,1,1,1,CVE-2021-42392; CVE-2022-23221; CVE-2022-45868
17,commafeed,H2,2022-01-06 23:55:09+00:00,2022-01-07 00:00:00+00:00,0.0033680555555555556,post_resolution,1,1,1,CVE-2021-42392; CVE-2022-23221; CVE-2022-45868
17,commafeed,H2,2022-01-07 00:00:00+00:00,2022-01-17 16:18:52+00:00,10.679768518518518,pre_disclosure,1,1,1,CVE-2022-23221; CVE-2022-45868
17,commafeed,H2,2022-01-17 16:18:52+00:00,2022-01-21 23:07:39+00:00,4.283877314814815,post_resolution,1,1,1,CVE-2022-23221; CVE-2022-45868
17,commafeed,H2,2022-01-21 23:07:39+00:00,2022-03-22 00:00:00+00:00,59.03635416666667,post_resolution,1,1,1,CVE-2022-23221; CVE-2022-45868
17,commafeed,H2,2022-03-22 00:00:00+00:00,2022-07-13 00:00:00+00:00,113.0,post_resolution,2,2,2,CVE-2022-23221; CVE-2022-45868
17,commafeed,H2,2022-07-13 00:00:00+00:00,2022-07-14 00:00:00+00:00,1.0,pre_disclosure,1,1,1,CVE-2022-45868
17,commafeed,H2,2022-07-14 00:00:00+00:00,2022-11-23 21:30:31+00:00,132.89619212962964,pre_disclosure,1,1,1,CVE-2022-45868
17,commafeed,H2,2022-11-23 21:30:31+00:00,2023-07-05 14:57:30+00:00,223.72707175925925,post_disclosure,1,1,1,CVE-2022-45868
17,commafeed,H2,2023-07-05 14:57:30+00:00,2024-02-04 00:00:00+00:00,213.37673611111111,post_resolution,1,1,1,CVE-2022-45868
17,commafeed,MySQL,2014-08-11 00:00:00+00:00,2014-08-12 00:00:00+00:00,1.0,pre_disclosure,1,1,1,CVE-2015-2575; CVE-2017-3523; CVE-2017-3586; CVE-2017-3589; CVE-2018-3258; CVE-2019-2692; CVE-2020-2934; CVE-2022-21363; CVE-2023-22102
17,commafeed,MySQL,2014-08-12 00:00:00+00:00,2014-09-26 00:00:00+00:00,45.0,pre_disclosure,1,1,1,CVE-2015-2575; CVE-2017-3523; CVE-2017-3586; CVE-2017-3589; CVE-2018-3258; CVE-2019-2692; CVE-2020-2934; CVE-2022-21363; CVE-2023-22102
17,commafeed,MySQL,2014-09-26 00:00:00+00:00,2014-11-07 00:00:00+00:00,42.0,pre_disclosure,1,1,1,CVE-2015-2575; CVE-2017-3523; CVE-2017-3586; CVE-2017-3589; CVE-2018-3258; CVE-2019-2692; CVE-2020-2934; CVE-2022-21363; CVE-2023-22102
17,commafeed,MySQL,2014-11-07 00:00:00+00:00,2015-04-01 00:00:00+00:00,145.0,pre_disclosure,1,1,1,CVE-2015-2575; CVE-2017-3523; CVE-2017-3586; CVE-2017-3589; CVE-2018-3258; CVE-2019-2692; CVE-2020-2934; CVE-2022-21363; CVE-2023-22102
17,commafeed,MySQL,2015-04-01 00:00:00+00:00,2015-11-25 00:00:00+00:00,238.0,pre_disclosure,1,1,1,CVE-2017-3523; CVE-2017-3586; CVE-2017-3589; CVE-2018-3258; CVE-2019-2692; CVE-2020-2934; CVE-2022-21363; CVE-2023-22102
17,commafeed,MySQL,2015-11-25 00:00:00+00:00,2016-01-08 00:00:00+00:00,44.0,pre_disclosure,2,2,2,CVE-2017-3523; CVE-2017-3586; CVE-2017-3589; CVE-2018-3258; CVE-2019-2692; CVE-2020-2934; CVE-2022-21363; CVE-2023-22102
17,commafeed,MySQL,2016-01-08 00:00:00+00:00,2017-02-14 20:27:59+00:00,403.8527662037037,pre_disclosure,1,1,1,CVE-2017-3523; CVE-2017-3586; CVE-2017-3589; CVE-2018-3258; CVE-2019-2692; CVE-2020-2934; CVE-2022-21363; CVE-2023-22102
17,commafeed,MySQL,2017-02-14 20:27:59+00:00,2017-04-17 18:23:36+00:00,61.91362268518518,post_resolution,1,1,1,CVE-2017-3523; CVE-2017-3586; CVE-2017-3589; CVE-2018-3258; CVE-2019-2692; CVE-2020-2934; CVE-2022-21363; CVE-2023-22102
17,commafeed,MySQL,2017-04-17 18:23:36+00:00,2018-06-23 00:00:00+00:00,431.2336111111111,post_resolution,1,1,1,CVE-2017-3523; CVE-2017-3586; CVE-2017-3589; CVE-2018-3258; CVE-2019-2692; CVE-2020-2934; CVE-2022-21363; CVE-2023-22102
17,commafeed,MySQL,2018-06-23 00:00:00+00:00,2018-09-27 09:18:47+00:00,96.38804398148149,pre_disclosure,1,1,1,CVE-2018-3258; CVE-2019-2692; CVE-2020-2934; CVE-2022-21363; CVE-2023-22102
17,commafeed,MySQL,2018-09-27 09:18:47+00:00,2019-03-20 19:08:52+00:00,174.4097800925926,post_resolution,1,1,1,CVE-2018-3258; CVE-2019-2692; CVE-2020-2934; CVE-2022-21363; CVE-2023-22102
17,commafeed,MySQL,2019-03-20 19:08:52+00:00,2020-04-15 14:15:36.453000+00:00,391.7963478356482,post_resolution,1,1,1,CVE-2018-3258; CVE-2019-2692; CVE-2020-2934; CVE-2022-21363; CVE-2023-22102
17,commafeed,MySQL,2020-04-15 14:15:36.453000+00:00,2020-07-01 17:12:20+00:00,77.12272623842593,post_resolution,1,1,1,CVE-2018-3258; CVE-2019-2692; CVE-2020-2934; CVE-2022-21363; CVE-2023-22102
17,commafeed,MySQL,2020-07-01 17:12:20+00:00,2020-07-14 00:00:00+00:00,12.283101851851852,post_resolution,1,1,1,CVE-2018-3258; CVE-2019-2692; CVE-2020-2934; CVE-2022-21363; CVE-2023-22102
17,commafeed,MySQL,2020-07-14 00:00:00+00:00,2021-12-16 00:25:41+00:00,520.0178356481481,post_resolution,1,1,1,CVE-2018-3258; CVE-2019-2692; CVE-2020-2934; CVE-2022-21363; CVE-2023-22102
17,commafeed,MySQL,2021-12-16 00:25:41+00:00,2022-01-02 00:00:00+00:00,16.982164351851853,post_resolution,1,1,1,CVE-2018-3258; CVE-2019-2692; CVE-2020-2934; CVE-2022-21363; CVE-2023-22102
17,commafeed,MySQL,2022-01-02 00:00:00+00:00,2022-01-20 00:00:48+00:00,18.000555555555554,post_resolution,1,1,1,CVE-2022-21363; CVE-2023-22102
17,commafeed,MySQL,2022-01-20 00:00:48+00:00,2022-03-22 00:00:00+00:00,60.99944444444444,post_resolution,1,1,1,CVE-2022-21363; CVE-2023-22102
17,commafeed,MySQL,2022-03-22 00:00:00+00:00,2022-07-13 00:00:00+00:00,113.0,post_resolution,3,3,3,CVE-2021-2471; CVE-2022-21363; CVE-2023-22102; CVE-2022-21363; CVE-2023-22102
17,commafeed,MySQL,2022-07-13 00:00:00+00:00,2023-04-29 00:00:00+00:00,290.0,pre_disclosure,1,1,1,CVE-2023-22102
17,commafeed,MySQL,2023-04-29 00:00:00+00:00,2023-10-17 22:15:15.100000+00:00,171.92725810185183,pre_disclosure,1,1,1,CVE-2023-22102
17,commafeed,MySQL,2023-10-17 22:15:15.100000+00:00,2023-10-25 08:46:05+00:00,7.438077546296297,post_disclosure,1,1,1,CVE-2023-22102
17,commafeed,MySQL,2023-10-25 08:46:05+00:00,2023-12-18 00:00:00+00:00,53.63466435185185,post_resolution,1,1,1,CVE-2023-22102
17,commafeed,PostgreSQL,2014-08-11 00:00:00+00:00,2014-09-26 00:00:00+00:00,46.0,pre_disclosure,1,1,1,CVE-2018-10936
17,commafeed,PostgreSQL,2014-09-26 00:00:00+00:00,2015-02-11 00:00:00+00:00,138.0,pre_disclosure,1,1,1,CVE-2018-10936; CVE-2020-13692; GHSA-xfg6-62px-cxc2
17,commafeed,PostgreSQL,2015-02-11 00:00:00+00:00,2015-02-26 00:00:00+00:00,15.0,pre_disclosure,1,1,1,CVE-2018-10936; CVE-2020-13692; CVE-2022-41946; GHSA-xfg6-62px-cxc2
17,commafeed,PostgreSQL,2015-02-26 00:00:00+00:00,2015-03-01 00:00:00+00:00,3.0,pre_disclosure,2,2,2,CVE-2018-10936; CVE-2020-13692; CVE-2022-41946; GHSA-xfg6-62px-cxc2
17,commafeed,PostgreSQL,2015-03-01 00:00:00+00:00,2015-11-25 00:00:00+00:00,269.0,pre_disclosure,1,1,1,CVE-2018-10936; CVE-2020-13692; CVE-2022-41946; GHSA-xfg6-62px-cxc2
17,commafeed,PostgreSQL,2015-11-25 00:00:00+00:00,2016-01-08 00:00:00+00:00,44.0,pre_disclosure,2,2,2,CVE-2018-10936; CVE-2020-13692; CVE-2022-41946; GHSA-xfg6-62px-cxc2
17,commafeed,PostgreSQL,2016-01-08 00:00:00+00:00,2016-11-17 00:00:00+00:00,314.0,pre_disclosure,1,1,1,CVE-2018-10936; CVE-2020-13692; CVE-2022-41946; GHSA-xfg6-62px-cxc2
17,commafeed,PostgreSQL,2016-11-17 00:00:00+00:00,2017-07-11 00:00:00+00:00,236.0,pre_disclosure,2,2,2,CVE-2018-10936; CVE-2022-41946; GHSA-xfg6-62px-cxc2; CVE-2022-31197; CVE-2024-1597
17,commafeed,PostgreSQL,2017-07-11 00:00:00+00:00,2018-08-27 15:43:21+00:00,412.65510416666666,pre_disclosure,1,1,1,CVE-2018-10936; CVE-2022-41946; GHSA-xfg6-62px-cxc2
17,commafeed,PostgreSQL,2018-08-27 15:43:21+00:00,2018-08-30 13:29:00.377000+00:00,2.906705752314815,post_resolution,1,1,1,CVE-2018-10936; CVE-2022-41946; GHSA-xfg6-62px-cxc2
17,commafeed,PostgreSQL,2018-08-30 13:29:00.377000+00:00,2019-09-13 17:15:52+00:00,379.15754193287034,post_resolution,1,1,1,CVE-2018-10936; CVE-2022-41946; GHSA-xfg6-62px-cxc2
17,commafeed,PostgreSQL,2019-09-13 17:15:52+00:00,2021-12-23 00:00:00+00:00,831.2806481481482,post_resolution,1,1,1,CVE-2018-10936; CVE-2022-41946; GHSA-xfg6-62px-cxc2
17,commafeed,PostgreSQL,2021-12-23 00:00:00+00:00,2022-01-01 00:00:00+00:00,9.0,post_resolution,2,2,2,CVE-2018-10936; CVE-2022-41946; GHSA-xfg6-62px-cxc2
17,commafeed,PostgreSQL,2022-01-01 00:00:00+00:00,2022-02-01 14:51:15+00:00,31.61892361111111,pre_disclosure,1,1,1,CVE-2022-21724; CVE-2022-26520; CVE-2022-31197; CVE-2022-41946; CVE-2026-42198; GHSA-673j-qm5f-xpv8
17,commafeed,PostgreSQL,2022-02-01 14:51:15+00:00,2022-02-02 00:00:00+00:00,0.3810763888888889,post_resolution,1,1,1,CVE-2022-21724; CVE-2022-26520; CVE-2022-31197; CVE-2022-41946; CVE-2026-42198; GHSA-673j-qm5f-xpv8
17,commafeed,PostgreSQL,2022-02-02 00:00:00+00:00,2022-02-15 19:06:43+00:00,13.796331018518519,pre_disclosure,1,1,1,CVE-2022-26520; CVE-2022-31197; CVE-2022-41946; CVE-2026-42198; GHSA-673j-qm5f-xpv8
17,commafeed,PostgreSQL,2022-02-15 19:06:43+00:00,2022-02-16 00:08:18+00:00,0.20943287037037037,post_resolution,1,1,1,CVE-2022-26520; CVE-2022-31197; CVE-2022-41946; CVE-2026-42198; GHSA-673j-qm5f-xpv8
17,commafeed,PostgreSQL,2022-02-16 00:08:18+00:00,2022-03-10 17:47:45.810000+00:00,22.735738541666667,post_resolution,1,1,1,CVE-2022-26520; CVE-2022-31197; CVE-2022-41946; CVE-2026-42198; GHSA-673j-qm5f-xpv8
17,commafeed,PostgreSQL,2022-03-10 17:47:45.810000+00:00,2022-03-22 00:00:00+00:00,11.258497569444444,post_resolution,1,1,1,CVE-2022-26520; CVE-2022-31197; CVE-2022-41946; CVE-2026-42198; GHSA-673j-qm5f-xpv8
17,commafeed,PostgreSQL,2022-03-22 00:00:00+00:00,2022-08-06 00:00:00+00:00,137.0,pre_disclosure,1,1,1,CVE-2022-31197; CVE-2022-41946; CVE-2026-42198
17,commafeed,PostgreSQL,2022-08-06 00:00:00+00:00,2023-04-29 00:00:00+00:00,266.0,pre_disclosure,1,1,1,CVE-2026-42198
17,commafeed,PostgreSQL,2023-04-29 00:00:00+00:00,2023-12-17 00:00:00+00:00,232.0,pre_disclosure,1,1,1,CVE-2026-42198
17,commafeed,PostgreSQL,2023-12-17 00:00:00+00:00,2023-12-18 00:00:00+00:00,1.0,pre_disclosure,2,2,2,CVE-2024-1597; CVE-2026-42198; CVE-2026-42198
17,commafeed,PostgreSQL,2023-12-18 00:00:00+00:00,2024-02-21 00:00:00+00:00,65.0,pre_disclosure,1,1,1,CVE-2024-1597; CVE-2026-42198
17,commafeed,PostgreSQL,2024-02-21 00:00:00+00:00,2024-04-01 00:00:00+00:00,40.0,pre_disclosure,1,1,1,CVE-2026-42198
17,commafeed,PostgreSQL,2024-04-01 00:00:00+00:00,2024-04-14 00:00:00+00:00,13.0,pre_disclosure,2,2,2,CVE-2026-42198
17,commafeed,PostgreSQL,2024-04-14 00:00:00+00:00,2024-08-28 00:00:00+00:00,136.0,pre_disclosure,1,1,1,CVE-2026-42198
17,commafeed,PostgreSQL,2024-08-28 00:00:00+00:00,2024-08-30 00:00:00+00:00,2.0,pre_disclosure,2,2,2,CVE-2025-49146; CVE-2026-42198; CVE-2026-42198
17,commafeed,PostgreSQL,2024-08-30 00:00:00+00:00,2024-09-13 00:00:00+00:00,14.0,pre_disclosure,1,1,1,CVE-2025-49146; CVE-2026-42198
17,commafeed,Redis,2013-06-29 00:00:00+00:00,2013-07-02 00:00:00+00:00,3.0,pre_disclosure,1,1,1,CVE-2023-42809
17,commafeed,Redis,2013-07-02 00:00:00+00:00,2013-07-07 00:00:00+00:00,5.0,pre_disclosure,2,2,2,CVE-2023-42809
17,commafeed,Redis,2013-07-07 00:00:00+00:00,2013-09-25 00:00:00+00:00,80.0,pre_disclosure,1,1,1,CVE-2023-42809
17,commafeed,Redis,2013-09-25 00:00:00+00:00,2013-10-10 00:00:00+00:00,15.0,pre_disclosure,2,2,2,CVE-2023-42809
17,commafeed,Redis,2013-10-10 00:00:00+00:00,2014-08-12 00:00:00+00:00,306.0,pre_disclosure,1,1,1,CVE-2023-42809
19,AxonFramework,HyperSQL,2010-03-09 00:00:00+00:00,2012-11-20 00:00:00+00:00,987.0,pre_disclosure,1,2,1,CVE-2022-41853
19,AxonFramework,HyperSQL,2012-11-20 00:00:00+00:00,2014-01-17 00:00:00+00:00,423.0,pre_disclosure,1,2,1,CVE-2022-41853
19,AxonFramework,HyperSQL,2014-01-17 00:00:00+00:00,2014-03-02 00:00:00+00:00,44.0,pre_disclosure,2,3,2,CVE-2022-41853
19,AxonFramework,HyperSQL,2014-03-02 00:00:00+00:00,2016-05-30 00:00:00+00:00,820.0,pre_disclosure,2,4,2,CVE-2022-41853
19,AxonFramework,HyperSQL,2016-05-30 00:00:00+00:00,2016-06-10 00:00:00+00:00,11.0,pre_disclosure,3,5,3,CVE-2022-41853
19,AxonFramework,HyperSQL,2016-06-10 00:00:00+00:00,2016-06-21 00:00:00+00:00,11.0,pre_disclosure,4,12,4,CVE-2022-41853
19,AxonFramework,HyperSQL,2016-06-21 00:00:00+00:00,2016-11-11 00:00:00+00:00,143.0,pre_disclosure,3,10,3,CVE-2022-41853
19,AxonFramework,HyperSQL,2016-11-11 00:00:00+00:00,2019-03-05 00:00:00+00:00,844.0,pre_disclosure,2,8,2,CVE-2022-41853
19,AxonFramework,HyperSQL,2019-03-05 00:00:00+00:00,2019-10-02 00:00:00+00:00,211.0,pre_disclosure,1,7,1,CVE-2022-41853
19,AxonFramework,HyperSQL,2019-10-02 00:00:00+00:00,2021-10-01 00:00:00+00:00,730.0,pre_disclosure,1,7,1,CVE-2022-41853
19,AxonFramework,HyperSQL,2021-10-01 00:00:00+00:00,2021-10-04 00:00:00+00:00,3.0,pre_disclosure,2,19,2,CVE-2022-41853
19,AxonFramework,HyperSQL,2021-10-04 00:00:00+00:00,2022-10-06 18:17:07.190000+00:00,367.76188877314814,pre_disclosure,1,12,1,CVE-2022-41853
19,AxonFramework,HyperSQL,2022-10-06 18:17:07.190000+00:00,2022-10-22 14:19:43+00:00,15.835136689814815,post_disclosure,1,12,1,CVE-2022-41853
19,AxonFramework,HyperSQL,2022-10-22 14:19:43+00:00,2023-11-13 00:00:00+00:00,386.40297453703704,post_resolution,1,12,1,CVE-2022-41853
19,AxonFramework,MySQL,2010-03-09 00:00:00+00:00,2010-10-25 00:00:00+00:00,230.0,pre_disclosure,1,2,1,CVE-2015-2575; CVE-2017-3523; CVE-2017-3586; CVE-2017-3589; CVE-2018-3258; CVE-2019-2692; CVE-2020-2934; CVE-2022-21363; CVE-2023-22102
19,AxonFramework,MySQL,2010-10-25 00:00:00+00:00,2012-11-20 00:00:00+00:00,757.0,pre_disclosure,2,3,2,CVE-2015-2575; CVE-2017-3523; CVE-2017-3586; CVE-2017-3589; CVE-2018-3258; CVE-2019-2692; CVE-2020-2934; CVE-2022-21363; CVE-2023-22102
19,AxonFramework,MySQL,2012-11-20 00:00:00+00:00,2014-01-17 00:00:00+00:00,423.0,pre_disclosure,1,2,1,CVE-2015-2575; CVE-2017-3523; CVE-2017-3586; CVE-2017-3589; CVE-2018-3258; CVE-2019-2692; CVE-2020-2934; CVE-2022-21363; CVE-2023-22102
19,AxonFramework,MySQL,2014-01-17 00:00:00+00:00,2015-05-08 10:55:46+00:00,476.4553935185185,pre_disclosure,2,3,2,CVE-2015-2575; CVE-2017-3523; CVE-2017-3586; CVE-2017-3589; CVE-2018-3258; CVE-2019-2692; CVE-2020-2934; CVE-2022-21363; CVE-2023-22102
19,AxonFramework,MySQL,2015-05-08 10:55:46+00:00,2016-01-08 00:00:00+00:00,244.54460648148148,post_resolution,2,3,2,CVE-2015-2575; CVE-2017-3523; CVE-2017-3586; CVE-2017-3589; CVE-2018-3258; CVE-2019-2692; CVE-2020-2934; CVE-2022-21363; CVE-2023-22102
19,AxonFramework,MySQL,2016-01-08 00:00:00+00:00,2017-02-14 20:27:59+00:00,403.8527662037037,post_resolution,1,3,1,CVE-2015-2575; CVE-2017-3523; CVE-2017-3586; CVE-2017-3589; CVE-2018-3258; CVE-2019-2692; CVE-2020-2934; CVE-2022-21363; CVE-2023-22102
19,AxonFramework,MySQL,2017-02-14 20:27:59+00:00,2017-04-17 18:23:36+00:00,61.91362268518518,post_resolution,1,3,1,CVE-2015-2575; CVE-2017-3523; CVE-2017-3586; CVE-2017-3589; CVE-2018-3258; CVE-2019-2692; CVE-2020-2934; CVE-2022-21363; CVE-2023-22102
19,AxonFramework,MySQL,2017-04-17 18:23:36+00:00,2018-09-27 09:18:47+00:00,527.6216550925926,post_resolution,1,3,1,CVE-2015-2575; CVE-2017-3523; CVE-2017-3586; CVE-2017-3589; CVE-2018-3258; CVE-2019-2692; CVE-2020-2934; CVE-2022-21363; CVE-2023-22102
19,AxonFramework,MySQL,2018-09-27 09:18:47+00:00,2019-03-20 19:08:52+00:00,174.4097800925926,post_resolution,1,3,1,CVE-2015-2575; CVE-2017-3523; CVE-2017-3586; CVE-2017-3589; CVE-2018-3258; CVE-2019-2692; CVE-2020-2934; CVE-2022-21363; CVE-2023-22102
19,AxonFramework,MySQL,2019-03-20 19:08:52+00:00,2020-03-16 00:00:00+00:00,361.2021759259259,post_resolution,1,3,1,CVE-2015-2575; CVE-2017-3523; CVE-2017-3586; CVE-2017-3589; CVE-2018-3258; CVE-2019-2692; CVE-2020-2934; CVE-2022-21363; CVE-2023-22102
19,AxonFramework,MySQL,2020-03-16 00:00:00+00:00,2020-04-15 14:15:36.453000+00:00,30.594171909722224,pre_disclosure,1,3,1,CVE-2020-2934; CVE-2021-2471; CVE-2022-21363; CVE-2023-22102
19,AxonFramework,MySQL,2020-04-15 14:15:36.453000+00:00,2020-07-14 00:00:00+00:00,89.40582809027778,post_disclosure,1,3,1,CVE-2020-2934; CVE-2021-2471; CVE-2022-21363; CVE-2023-22102
19,AxonFramework,MySQL,2020-07-14 00:00:00+00:00,2020-10-13 00:00:00+00:00,91.0,post_resolution,1,3,1,CVE-2020-2934; CVE-2021-2471; CVE-2022-21363; CVE-2023-22102
19,AxonFramework,MySQL,2020-10-13 00:00:00+00:00,2020-10-14 00:00:00+00:00,1.0,post_resolution,2,6,2,CVE-2020-2934; CVE-2021-2471; CVE-2022-21363; CVE-2023-22102
19,AxonFramework,MySQL,2020-10-14 00:00:00+00:00,2020-10-20 00:00:00+00:00,6.0,pre_disclosure,1,3,1,CVE-2021-2471; CVE-2022-21363; CVE-2023-22102
19,AxonFramework,MySQL,2020-10-20 00:00:00+00:00,2021-01-18 00:00:00+00:00,90.0,pre_disclosure,1,3,1,CVE-2021-2471; CVE-2022-21363; CVE-2023-22102
19,AxonFramework,MySQL,2021-01-18 00:00:00+00:00,2021-01-19 00:00:00+00:00,1.0,pre_disclosure,2,6,2,CVE-2021-2471; CVE-2022-21363; CVE-2023-22102
19,AxonFramework,MySQL,2021-01-19 00:00:00+00:00,2021-04-26 00:00:00+00:00,97.0,pre_disclosure,1,3,1,CVE-2021-2471; CVE-2022-21363; CVE-2023-22102
19,AxonFramework,MySQL,2021-04-26 00:00:00+00:00,2021-05-11 00:00:00+00:00,15.0,pre_disclosure,1,3,1,CVE-2021-2471; CVE-2022-21363; CVE-2023-22102
19,AxonFramework,MySQL,2021-05-11 00:00:00+00:00,2021-09-27 00:00:00+00:00,139.0,pre_disclosure,1,3,1,CVE-2021-2471; CVE-2022-21363; CVE-2023-22102
19,AxonFramework,MySQL,2021-09-27 00:00:00+00:00,2021-09-28 00:00:00+00:00,1.0,pre_disclosure,2,6,2,CVE-2021-2471; CVE-2022-21363; CVE-2023-22102
19,AxonFramework,MySQL,2021-09-28 00:00:00+00:00,2021-09-28 18:17:43+00:00,0.7623032407407407,pre_disclosure,1,3,1,CVE-2021-2471; CVE-2022-21363; CVE-2023-22102
19,AxonFramework,MySQL,2021-09-28 18:17:43+00:00,2021-10-19 00:00:00+00:00,20.237696759259258,post_resolution,1,3,1,CVE-2021-2471; CVE-2022-21363; CVE-2023-22102
19,AxonFramework,MySQL,2021-10-19 00:00:00+00:00,2021-12-16 00:25:41+00:00,58.01783564814815,pre_disclosure,1,3,1,CVE-2022-21363; CVE-2023-22102
19,AxonFramework,MySQL,2021-12-16 00:25:41+00:00,2022-01-18 00:00:00+00:00,32.98216435185185,post_resolution,1,3,1,CVE-2022-21363; CVE-2023-22102
19,AxonFramework,MySQL,2022-01-18 00:00:00+00:00,2022-07-22 00:00:00+00:00,185.0,pre_disclosure,1,3,1,CVE-2023-22102
19,AxonFramework,MySQL,2022-07-22 00:00:00+00:00,2022-08-03 00:00:00+00:00,12.0,pre_disclosure,1,3,1,CVE-2023-22102
19,AxonFramework,MySQL,2022-08-03 00:00:00+00:00,2023-01-27 00:00:00+00:00,177.0,pre_disclosure,1,6,1,CVE-2023-22102
19,AxonFramework,MySQL,2023-01-27 00:00:00+00:00,2023-10-17 22:15:15.100000+00:00,263.92725810185186,pre_disclosure,2,7,2,CVE-2023-22102
19,AxonFramework,MySQL,2023-10-17 22:15:15.100000+00:00,2023-10-25 08:46:05+00:00,7.438077546296297,post_disclosure,2,7,2,CVE-2023-22102
19,AxonFramework,MySQL,2023-10-25 08:46:05+00:00,2023-11-01 00:00:00+00:00,6.6346643518518515,post_resolution,2,7,2,CVE-2023-22102
19,AxonFramework,MySQL,2023-11-01 00:00:00+00:00,2024-01-04 00:00:00+00:00,64.0,post_resolution,1,5,1,CVE-2023-22102
19,AxonFramework,PostgreSQL,2014-11-07 00:00:00+00:00,2018-08-27 15:43:21+00:00,1389.6551041666667,pre_disclosure,1,1,1,CVE-2018-10936; CVE-2020-13692; GHSA-xfg6-62px-cxc2
19,AxonFramework,PostgreSQL,2018-08-27 15:43:21+00:00,2018-08-30 13:29:00.377000+00:00,2.906705752314815,post_resolution,1,1,1,CVE-2018-10936; CVE-2020-13692; GHSA-xfg6-62px-cxc2
19,AxonFramework,PostgreSQL,2018-08-30 13:29:00.377000+00:00,2019-03-20 00:00:00+00:00,201.43819008101852,post_resolution,1,1,1,CVE-2018-10936; CVE-2020-13692; GHSA-xfg6-62px-cxc2
19,AxonFramework,PostgreSQL,2019-03-20 00:00:00+00:00,2019-09-13 17:15:52+00:00,177.71935185185185,pre_disclosure,1,1,1,CVE-2020-13692; CVE-2022-26520; CVE-2026-42198; GHSA-673j-qm5f-xpv8; GHSA-xfg6-62px-cxc2
19,AxonFramework,PostgreSQL,2019-09-13 17:15:52+00:00,2019-10-02 00:00:00+00:00,18.28064814814815,post_resolution,1,1,1,CVE-2020-13692; CVE-2022-26520; CVE-2026-42198; GHSA-673j-qm5f-xpv8; GHSA-xfg6-62px-cxc2
19,AxonFramework,PostgreSQL,2019-10-02 00:00:00+00:00,2020-06-04 13:16:11+00:00,246.5529050925926,pre_disclosure,1,1,1,CVE-2020-13692; CVE-2022-26520; CVE-2026-42198; GHSA-673j-qm5f-xpv8
19,AxonFramework,PostgreSQL,2020-06-04 13:16:11+00:00,2020-06-04 16:15:12.657000+00:00,0.12432473379629629,post_resolution,1,1,1,CVE-2020-13692; CVE-2022-26520; CVE-2026-42198; GHSA-673j-qm5f-xpv8
19,AxonFramework,PostgreSQL,2020-06-04 16:15:12.657000+00:00,2020-10-14 00:00:00+00:00,131.3227701736111,post_resolution,1,1,1,CVE-2020-13692; CVE-2022-26520; CVE-2026-42198; GHSA-673j-qm5f-xpv8
19,AxonFramework,PostgreSQL,2020-10-14 00:00:00+00:00,2020-10-22 00:00:00+00:00,8.0,pre_disclosure,1,1,1,CVE-2022-26520; CVE-2026-42198; GHSA-673j-qm5f-xpv8
19,AxonFramework,PostgreSQL,2020-10-22 00:00:00+00:00,2020-10-23 00:00:00+00:00,1.0,pre_disclosure,2,2,2,CVE-2022-26520; CVE-2026-42198; GHSA-673j-qm5f-xpv8
19,AxonFramework,PostgreSQL,2020-10-23 00:00:00+00:00,2021-02-19 00:00:00+00:00,119.0,pre_disclosure,1,1,1,CVE-2022-26520; CVE-2026-42198; GHSA-673j-qm5f-xpv8
19,AxonFramework,PostgreSQL,2021-02-19 00:00:00+00:00,2021-04-26 00:00:00+00:00,66.0,pre_disclosure,1,1,1,CVE-2022-26520; CVE-2026-42198; GHSA-673j-qm5f-xpv8
19,AxonFramework,PostgreSQL,2021-04-26 00:00:00+00:00,2021-06-11 00:00:00+00:00,46.0,pre_disclosure,1,1,1,CVE-2022-26520; CVE-2026-42198; GHSA-673j-qm5f-xpv8
19,AxonFramework,PostgreSQL,2021-06-11 00:00:00+00:00,2021-06-14 00:00:00+00:00,3.0,pre_disclosure,2,2,2,CVE-2022-26520; CVE-2026-42198; GHSA-673j-qm5f-xpv8
19,AxonFramework,PostgreSQL,2021-06-14 00:00:00+00:00,2021-06-17 00:00:00+00:00,3.0,pre_disclosure,1,1,1,CVE-2022-26520; CVE-2026-42198; GHSA-673j-qm5f-xpv8
19,AxonFramework,PostgreSQL,2021-06-17 00:00:00+00:00,2021-07-07 00:00:00+00:00,20.0,pre_disclosure,1,1,1,CVE-2022-26520; CVE-2026-42198; GHSA-673j-qm5f-xpv8
19,AxonFramework,PostgreSQL,2021-07-07 00:00:00+00:00,2021-09-24 00:00:00+00:00,79.0,pre_disclosure,1,1,1,CVE-2022-26520; CVE-2026-42198; GHSA-673j-qm5f-xpv8
19,AxonFramework,PostgreSQL,2021-09-24 00:00:00+00:00,2021-09-27 00:00:00+00:00,3.0,pre_disclosure,2,2,2,CVE-2022-26520; CVE-2026-42198; GHSA-673j-qm5f-xpv8
19,AxonFramework,PostgreSQL,2021-09-27 00:00:00+00:00,2021-10-19 00:00:00+00:00,22.0,pre_disclosure,1,1,1,CVE-2022-26520; CVE-2026-42198; GHSA-673j-qm5f-xpv8
19,AxonFramework,PostgreSQL,2021-10-19 00:00:00+00:00,2021-10-22 00:00:00+00:00,3.0,pre_disclosure,2,2,2,CVE-2022-21724; CVE-2022-26520; CVE-2022-31197; CVE-2022-41946; CVE-2026-42198; GHSA-673j-qm5f-xpv8; CVE-2022-26520; CVE-2026-42198; GHSA-673j-qm5f-xpv8
19,AxonFramework,PostgreSQL,2021-10-22 00:00:00+00:00,2021-11-01 00:00:00+00:00,10.0,pre_disclosure,1,1,1,CVE-2022-21724; CVE-2022-26520; CVE-2022-31197; CVE-2022-41946; CVE-2026-42198; GHSA-673j-qm5f-xpv8
19,AxonFramework,PostgreSQL,2021-11-01 00:00:00+00:00,2021-11-02 00:00:00+00:00,1.0,pre_disclosure,2,2,2,CVE-2022-21724; CVE-2022-26520; CVE-2022-31197; CVE-2022-41946; CVE-2026-42198; GHSA-673j-qm5f-xpv8
19,AxonFramework,PostgreSQL,2021-11-02 00:00:00+00:00,2022-02-01 14:51:15+00:00,91.61892361111111,pre_disclosure,1,1,1,CVE-2022-21724; CVE-2022-26520; CVE-2022-31197; CVE-2022-41946; CVE-2026-42198; GHSA-673j-qm5f-xpv8
19,AxonFramework,PostgreSQL,2022-02-01 14:51:15+00:00,2022-02-02 00:00:00+00:00,0.3810763888888889,post_resolution,1,1,1,CVE-2022-21724; CVE-2022-26520; CVE-2022-31197; CVE-2022-41946; CVE-2026-42198; GHSA-673j-qm5f-xpv8
19,AxonFramework,PostgreSQL,2022-02-02 00:00:00+00:00,2022-02-15 19:06:43+00:00,13.796331018518519,pre_disclosure,1,1,1,CVE-2022-26520; CVE-2022-31197; CVE-2022-41946; CVE-2026-42198; GHSA-673j-qm5f-xpv8
19,AxonFramework,PostgreSQL,2022-02-15 19:06:43+00:00,2022-02-16 00:08:18+00:00,0.20943287037037037,post_resolution,1,1,1,CVE-2022-26520; CVE-2022-31197; CVE-2022-41946; CVE-2026-42198; GHSA-673j-qm5f-xpv8
19,AxonFramework,PostgreSQL,2022-02-16 00:08:18+00:00,2022-02-21 00:00:00+00:00,4.994236111111111,post_resolution,1,1,1,CVE-2022-26520; CVE-2022-31197; CVE-2022-41946; CVE-2026-42198; GHSA-673j-qm5f-xpv8
19,AxonFramework,PostgreSQL,2022-02-21 00:00:00+00:00,2022-07-22 00:00:00+00:00,151.0,pre_disclosure,1,1,1,CVE-2022-31197; CVE-2022-41946; CVE-2026-42198
19,AxonFramework,PostgreSQL,2022-07-22 00:00:00+00:00,2022-08-08 00:00:00+00:00,17.0,pre_disclosure,1,1,1,CVE-2026-42198
19,AxonFramework,PostgreSQL,2022-08-08 00:00:00+00:00,2022-08-25 00:00:00+00:00,17.0,pre_disclosure,1,2,1,CVE-2026-42198
19,AxonFramework,PostgreSQL,2022-08-25 00:00:00+00:00,2023-01-27 00:00:00+00:00,155.0,pre_disclosure,1,2,1,CVE-2026-42198
19,AxonFramework,PostgreSQL,2023-01-27 00:00:00+00:00,2023-11-01 00:00:00+00:00,278.0,pre_disclosure,1,1,1,CVE-2026-42198
19,AxonFramework,PostgreSQL,2023-11-01 00:00:00+00:00,2024-01-04 00:00:00+00:00,64.0,pre_disclosure,1,1,1,CVE-2026-42198
19,AxonFramework,PostgreSQL,2024-01-04 00:00:00+00:00,2024-02-21 00:00:00+00:00,48.0,pre_disclosure,1,1,1,CVE-2024-1597; CVE-2026-42198
19,AxonFramework,PostgreSQL,2024-02-21 00:00:00+00:00,2024-02-21 23:33:43+00:00,0.9817476851851852,post_resolution,1,1,1,CVE-2024-1597; CVE-2026-42198
19,AxonFramework,PostgreSQL,2024-02-21 23:33:43+00:00,2024-07-31 00:00:00+00:00,160.01825231481482,post_resolution,1,1,1,CVE-2024-1597; CVE-2026-42198
19,AxonFramework,PostgreSQL,2024-07-31 00:00:00+00:00,2024-09-02 00:00:00+00:00,33.0,pre_disclosure,1,1,1,CVE-2026-42198
19,AxonFramework,PostgreSQL,2024-09-02 00:00:00+00:00,2025-02-24 00:00:00+00:00,175.0,pre_disclosure,1,1,1,CVE-2025-49146; CVE-2026-42198
19,AxonFramework,PostgreSQL,2025-02-24 00:00:00+00:00,2025-03-13 00:00:00+00:00,17.0,pre_disclosure,2,2,2,CVE-2025-49146; CVE-2026-42198
19,AxonFramework,PostgreSQL,2025-03-13 00:00:00+00:00,2025-06-11 09:55:12+00:00,90.41333333333333,pre_disclosure,1,1,1,CVE-2025-49146; CVE-2026-42198
19,AxonFramework,PostgreSQL,2025-06-11 09:55:12+00:00,2025-06-11 14:44:04+00:00,0.20060185185185186,post_resolution,1,1,1,CVE-2025-49146; CVE-2026-42198
19,AxonFramework,PostgreSQL,2025-06-11 14:44:04+00:00,2025-06-16 00:00:00+00:00,4.386064814814815,post_resolution,1,1,1,CVE-2025-49146; CVE-2026-42198
19,AxonFramework,PostgreSQL,2025-06-16 00:00:00+00:00,2025-09-21 00:00:00+00:00,97.0,pre_disclosure,1,1,1,CVE-2026-42198
19,AxonFramework,PostgreSQL,2025-09-21 00:00:00+00:00,2026-01-07 00:00:00+00:00,108.0,pre_disclosure,1,3,1,CVE-2026-42198
21,HikariCP,H2,2016-04-14 00:00:00+00:00,2016-06-11 00:00:00+00:00,58.0,pre_disclosure,1,1,1,CVE-2018-14335; CVE-2021-42392; CVE-2022-23221
21,HikariCP,H2,2016-06-11 00:00:00+00:00,2016-06-12 00:00:00+00:00,1.0,pre_disclosure,2,2,2,CVE-2018-14335; CVE-2021-42392; CVE-2022-23221
21,HikariCP,H2,2016-06-12 00:00:00+00:00,2016-12-19 00:00:00+00:00,190.0,pre_disclosure,1,1,1,CVE-2018-14335; CVE-2021-42392; CVE-2022-23221
21,HikariCP,H2,2016-12-19 00:00:00+00:00,2017-04-13 00:00:00+00:00,115.0,pre_disclosure,1,1,1,CVE-2018-14335; CVE-2021-42392; CVE-2022-23221
21,HikariCP,H2,2017-04-13 00:00:00+00:00,2017-04-18 00:00:00+00:00,5.0,pre_disclosure,2,2,2,CVE-2018-14335; CVE-2021-42392; CVE-2022-23221
21,HikariCP,H2,2017-04-18 00:00:00+00:00,2017-05-24 00:00:00+00:00,36.0,pre_disclosure,1,1,1,CVE-2018-14335; CVE-2021-42392; CVE-2022-23221
21,HikariCP,H2,2017-05-24 00:00:00+00:00,2017-06-13 00:00:00+00:00,20.0,pre_disclosure,2,2,2,CVE-2018-14335; CVE-2021-42392; CVE-2022-23221
21,HikariCP,H2,2017-06-13 00:00:00+00:00,2017-09-17 00:00:00+00:00,96.0,pre_disclosure,1,1,1,CVE-2018-14335; CVE-2021-42392; CVE-2022-23221
21,HikariCP,H2,2017-09-17 00:00:00+00:00,2018-07-24 13:29:00.603000+00:00,310.5618125347222,pre_disclosure,1,1,1,CVE-2018-14335; CVE-2021-42392; CVE-2022-23221
21,HikariCP,H2,2018-07-24 13:29:00.603000+00:00,2019-02-22 14:41:59+00:00,213.0506758912037,post_disclosure,1,1,1,CVE-2018-14335; CVE-2021-42392; CVE-2022-23221
21,HikariCP,H2,2019-02-22 14:41:59+00:00,2022-01-04 20:53:00+00:00,1047.257650462963,post_resolution,1,1,1,CVE-2018-14335; CVE-2021-42392; CVE-2022-23221
21,HikariCP,H2,2022-01-04 20:53:00+00:00,2022-01-06 23:55:09+00:00,2.1264930555555557,post_resolution,1,1,1,CVE-2018-14335; CVE-2021-42392; CVE-2022-23221
21,HikariCP,H2,2022-01-06 23:55:09+00:00,2022-01-09 00:00:00+00:00,2.0033680555555557,post_resolution,1,1,1,CVE-2018-14335; CVE-2021-42392; CVE-2022-23221
21,HikariCP,H2,2022-05-21 00:00:00+00:00,2022-11-23 21:30:31+00:00,186.89619212962964,pre_disclosure,1,1,1,CVE-2022-45868
21,HikariCP,H2,2022-11-23 21:30:31+00:00,2023-07-05 14:57:30+00:00,223.72707175925925,post_disclosure,1,1,1,CVE-2022-45868
21,HikariCP,H2,2023-07-05 14:57:30+00:00,2024-11-09 00:00:00+00:00,492.3767361111111,post_resolution,1,1,1,CVE-2022-45868
21,HikariCP,HyperSQL,2013-10-17 00:00:00+00:00,2014-02-18 00:00:00+00:00,124.0,pre_disclosure,1,1,1,CVE-2022-41853
21,HikariCP,PostgreSQL,2017-09-02 00:00:00+00:00,2017-09-17 00:00:00+00:00,15.0,pre_disclosure,1,1,1,CVE-2018-10936; CVE-2020-13692; CVE-2022-26520; CVE-2022-41946; GHSA-673j-qm5f-xpv8; GHSA-xfg6-62px-cxc2
21,HikariCP,PostgreSQL,2017-09-17 00:00:00+00:00,2018-08-27 15:43:21+00:00,344.65510416666666,pre_disclosure,1,1,1,CVE-2018-10936; CVE-2020-13692; CVE-2022-26520; CVE-2022-41946; GHSA-673j-qm5f-xpv8; GHSA-xfg6-62px-cxc2
21,HikariCP,PostgreSQL,2018-08-27 15:43:21+00:00,2018-08-30 13:29:00.377000+00:00,2.906705752314815,post_resolution,1,1,1,CVE-2018-10936; CVE-2020-13692; CVE-2022-26520; CVE-2022-41946; GHSA-673j-qm5f-xpv8; GHSA-xfg6-62px-cxc2
21,HikariCP,PostgreSQL,2018-08-30 13:29:00.377000+00:00,2019-09-13 17:15:52+00:00,379.15754193287034,post_resolution,1,1,1,CVE-2018-10936; CVE-2020-13692; CVE-2022-26520; CVE-2022-41946; GHSA-673j-qm5f-xpv8; GHSA-xfg6-62px-cxc2
21,HikariCP,PostgreSQL,2019-09-13 17:15:52+00:00,2020-06-04 13:16:11+00:00,264.83355324074074,post_resolution,1,1,1,CVE-2018-10936; CVE-2020-13692; CVE-2022-26520; CVE-2022-41946; GHSA-673j-qm5f-xpv8; GHSA-xfg6-62px-cxc2
21,HikariCP,PostgreSQL,2020-06-04 13:16:11+00:00,2020-06-04 16:15:12.657000+00:00,0.12432473379629629,post_resolution,1,1,1,CVE-2018-10936; CVE-2020-13692; CVE-2022-26520; CVE-2022-41946; GHSA-673j-qm5f-xpv8; GHSA-xfg6-62px-cxc2
21,HikariCP,PostgreSQL,2020-06-04 16:15:12.657000+00:00,2021-07-14 00:00:00+00:00,404.32277017361116,post_resolution,1,1,1,CVE-2018-10936; CVE-2020-13692; CVE-2022-26520; CVE-2022-41946; GHSA-673j-qm5f-xpv8; GHSA-xfg6-62px-cxc2
21,HikariCP,PostgreSQL,2021-07-14 00:00:00+00:00,2022-02-15 19:06:43+00:00,216.79633101851852,pre_disclosure,1,1,1,CVE-2022-26520; CVE-2026-42198; GHSA-673j-qm5f-xpv8
21,HikariCP,PostgreSQL,2022-02-15 19:06:43+00:00,2022-02-16 00:08:18+00:00,0.20943287037037037,post_resolution,1,1,1,CVE-2022-26520; CVE-2026-42198; GHSA-673j-qm5f-xpv8
21,HikariCP,PostgreSQL,2022-02-16 00:08:18+00:00,2022-03-10 17:47:45.810000+00:00,22.735738541666667,post_resolution,1,1,1,CVE-2022-26520; CVE-2026-42198; GHSA-673j-qm5f-xpv8
21,HikariCP,PostgreSQL,2022-03-10 17:47:45.810000+00:00,2022-05-21 00:00:00+00:00,71.25849756944444,post_resolution,1,1,1,CVE-2022-26520; CVE-2026-42198; GHSA-673j-qm5f-xpv8
21,HikariCP,PostgreSQL,2022-05-21 00:00:00+00:00,2022-05-22 00:00:00+00:00,1.0,post_resolution,2,2,2,CVE-2022-26520; CVE-2026-42198; GHSA-673j-qm5f-xpv8
21,HikariCP,PostgreSQL,2022-05-22 00:00:00+00:00,2022-08-06 05:51:38+00:00,76.24418981481482,pre_disclosure,1,1,1,CVE-2022-31197; CVE-2022-41946; CVE-2026-42198
21,HikariCP,PostgreSQL,2022-08-06 05:51:38+00:00,2022-08-15 00:00:00+00:00,8.755810185185185,post_disclosure,1,1,1,CVE-2022-31197; CVE-2022-41946; CVE-2026-42198
21,HikariCP,PostgreSQL,2022-08-15 00:00:00+00:00,2022-11-23 00:00:00+00:00,100.0,post_resolution,1,1,1,CVE-2022-31197; CVE-2022-41946; CVE-2026-42198
21,HikariCP,PostgreSQL,2022-11-23 00:00:00+00:00,2022-11-23 20:15:10.253000+00:00,0.8438686689814815,post_resolution,1,1,1,CVE-2022-31197; CVE-2022-41946; CVE-2026-42198
21,HikariCP,PostgreSQL,2022-11-23 20:15:10.253000+00:00,2023-02-01 00:00:00+00:00,69.15613133101853,post_resolution,1,1,1,CVE-2022-31197; CVE-2022-41946; CVE-2026-42198
21,HikariCP,PostgreSQL,2023-02-01 00:00:00+00:00,2024-11-09 00:00:00+00:00,647.0,pre_disclosure,1,1,1,CVE-2026-42198
21,HikariCP,PostgreSQL,2024-11-09 00:00:00+00:00,2025-06-11 09:55:12+00:00,214.41333333333333,pre_disclosure,1,1,1,CVE-2025-49146; CVE-2026-42198
21,HikariCP,PostgreSQL,2025-06-11 09:55:12+00:00,2025-06-11 14:44:04+00:00,0.20060185185185186,post_resolution,1,1,1,CVE-2025-49146; CVE-2026-42198
21,HikariCP,PostgreSQL,2025-06-11 14:44:04+00:00,2025-07-21 00:00:00+00:00,39.386064814814816,post_resolution,1,1,1,CVE-2025-49146; CVE-2026-42198
21,HikariCP,PostgreSQL,2025-07-21 00:00:00+00:00,2025-07-24 00:00:00+00:00,3.0,post_resolution,2,2,2,CVE-2025-49146; CVE-2026-42198
21,HikariCP,PostgreSQL,2025-07-24 00:00:00+00:00,2025-09-13 00:00:00+00:00,51.0,pre_disclosure,1,1,1,CVE-2026-42198
22,BroadleafCommerce,HyperSQL,2013-08-14 00:00:00+00:00,2022-07-12 00:00:00+00:00,3254.0,pre_disclosure,1,2,1,CVE-2022-41853
22,BroadleafCommerce,HyperSQL,2022-07-12 00:00:00+00:00,2022-10-06 18:17:07.190000+00:00,86.76188877314816,pre_disclosure,1,3,1,CVE-2022-41853
22,BroadleafCommerce,HyperSQL,2022-10-06 18:17:07.190000+00:00,2022-10-22 14:19:43+00:00,15.835136689814815,post_disclosure,1,3,1,CVE-2022-41853
22,BroadleafCommerce,HyperSQL,2022-10-22 14:19:43+00:00,2023-02-15 00:00:00+00:00,115.40297453703704,post_resolution,1,3,1,CVE-2022-41853
25,cucumber-jvm,H2,2021-09-09 00:00:00+00:00,2021-11-29 11:00:04+00:00,81.45837962962963,pre_disclosure,1,1,1,CVE-2021-23463; CVE-2021-42392; CVE-2022-23221; CVE-2022-45868
25,cucumber-jvm,H2,2021-11-29 11:00:04+00:00,2021-12-16 14:29:57+00:00,17.145752314814814,post_resolution,1,1,1,CVE-2021-23463; CVE-2021-42392; CVE-2022-23221; CVE-2022-45868
25,cucumber-jvm,H2,2021-12-16 14:29:57+00:00,2022-01-04 20:53:00+00:00,19.266006944444445,post_resolution,1,1,1,CVE-2021-23463; CVE-2021-42392; CVE-2022-23221; CVE-2022-45868
25,cucumber-jvm,H2,2022-01-04 20:53:00+00:00,2022-01-06 23:55:09+00:00,2.1264930555555557,post_resolution,1,1,1,CVE-2021-23463; CVE-2021-42392; CVE-2022-23221; CVE-2022-45868
25,cucumber-jvm,H2,2022-01-06 23:55:09+00:00,2022-01-17 16:18:52+00:00,10.683136574074075,post_resolution,1,1,1,CVE-2021-23463; CVE-2021-42392; CVE-2022-23221; CVE-2022-45868
25,cucumber-jvm,H2,2022-01-17 16:18:52+00:00,2022-01-21 23:07:39+00:00,4.283877314814815,post_resolution,1,1,1,CVE-2021-23463; CVE-2021-42392; CVE-2022-23221; CVE-2022-45868
25,cucumber-jvm,H2,2022-01-21 23:07:39+00:00,2022-11-23 21:30:31+00:00,305.9325462962963,post_resolution,1,1,1,CVE-2021-23463; CVE-2021-42392; CVE-2022-23221; CVE-2022-45868
25,cucumber-jvm,H2,2022-11-23 21:30:31+00:00,2023-01-06 00:00:00+00:00,43.10380787037037,post_resolution,1,1,1,CVE-2021-23463; CVE-2021-42392; CVE-2022-23221; CVE-2022-45868
25,cucumber-jvm,H2,2023-01-06 00:00:00+00:00,2023-01-10 00:00:00+00:00,4.0,post_resolution,2,2,2,CVE-2021-23463; CVE-2021-42392; CVE-2022-23221; CVE-2022-45868
25,cucumber-jvm,H2,2023-01-10 00:00:00+00:00,2023-07-05 14:57:30+00:00,176.62326388888889,post_disclosure,1,1,1,CVE-2022-45868
25,cucumber-jvm,H2,2023-07-05 14:57:30+00:00,2023-12-17 00:00:00+00:00,164.37673611111111,post_resolution,1,1,1,CVE-2022-45868
25,cucumber-jvm,HyperSQL,2021-09-09 00:00:00+00:00,2022-06-14 00:00:00+00:00,278.0,pre_disclosure,1,1,1,CVE-2022-41853
25,cucumber-jvm,HyperSQL,2022-06-14 00:00:00+00:00,2022-10-06 18:17:07.190000+00:00,114.76188877314814,pre_disclosure,1,2,1,CVE-2022-41853
25,cucumber-jvm,HyperSQL,2022-10-06 18:17:07.190000+00:00,2022-10-22 14:19:43+00:00,15.835136689814815,post_disclosure,1,2,1,CVE-2022-41853
25,cucumber-jvm,HyperSQL,2022-10-22 14:19:43+00:00,2022-11-03 00:00:00+00:00,11.402974537037037,post_resolution,1,2,1,CVE-2022-41853
27,ebean,H2,2012-09-14 00:00:00+00:00,2014-11-30 00:00:00+00:00,807.0,pre_disclosure,1,1,1,CVE-2018-14335; CVE-2021-42392; CVE-2022-23221
27,ebean,H2,2014-11-30 00:00:00+00:00,2015-09-18 00:00:00+00:00,292.0,pre_disclosure,1,1,1,CVE-2018-14335; CVE-2021-42392; CVE-2022-23221
27,ebean,H2,2015-09-18 00:00:00+00:00,2016-07-07 00:00:00+00:00,293.0,pre_disclosure,1,1,1,CVE-2018-14335; CVE-2021-42392; CVE-2022-23221
27,ebean,H2,2016-07-07 00:00:00+00:00,2017-01-09 00:00:00+00:00,186.0,pre_disclosure,1,1,1,CVE-2018-14335; CVE-2021-42392; CVE-2022-23221
27,ebean,H2,2017-01-09 00:00:00+00:00,2017-10-31 00:00:00+00:00,295.0,pre_disclosure,1,1,1,CVE-2018-14335; CVE-2021-42392; CVE-2022-23221
27,ebean,H2,2017-10-31 00:00:00+00:00,2017-11-02 00:00:00+00:00,2.0,pre_disclosure,2,2,2,CVE-2018-14335; CVE-2021-42392; CVE-2022-23221
27,ebean,H2,2017-11-02 00:00:00+00:00,2018-07-24 13:29:00.603000+00:00,264.5618125347222,pre_disclosure,1,1,1,CVE-2018-14335; CVE-2021-42392; CVE-2022-23221
27,ebean,H2,2018-07-24 13:29:00.603000+00:00,2018-12-03 00:00:00+00:00,131.43818746527776,post_disclosure,1,1,1,CVE-2018-14335; CVE-2021-42392; CVE-2022-23221
27,ebean,H2,2018-12-03 00:00:00+00:00,2019-02-22 14:41:59+00:00,81.61248842592593,post_disclosure,1,9,1,CVE-2018-14335; CVE-2021-42392; CVE-2022-23221
27,ebean,H2,2019-02-22 14:41:59+00:00,2020-02-28 00:00:00+00:00,370.3875115740741,post_resolution,1,9,1,CVE-2018-14335; CVE-2021-42392; CVE-2022-23221
27,ebean,H2,2020-02-28 00:00:00+00:00,2020-10-08 00:00:00+00:00,223.0,post_resolution,2,26,2,CVE-2018-14335; CVE-2021-42392; CVE-2022-23221
27,ebean,H2,2020-10-08 00:00:00+00:00,2020-10-09 00:00:00+00:00,1.0,post_resolution,3,30,3,CVE-2018-14335; CVE-2021-42392; CVE-2022-23221
27,ebean,H2,2020-10-09 00:00:00+00:00,2021-09-07 00:00:00+00:00,333.0,post_resolution,4,32,4,CVE-2018-14335; CVE-2021-42392; CVE-2022-23221
27,ebean,H2,2021-09-07 00:00:00+00:00,2021-09-09 00:00:00+00:00,2.0,pre_disclosure,2,21,2,CVE-2021-23463; CVE-2021-42392; CVE-2022-23221; CVE-2022-45868
27,ebean,H2,2021-09-09 00:00:00+00:00,2021-11-29 11:00:04+00:00,81.45837962962963,pre_disclosure,1,17,1,CVE-2021-23463; CVE-2021-42392; CVE-2022-23221; CVE-2022-45868
27,ebean,H2,2021-11-29 11:00:04+00:00,2021-12-16 14:29:57+00:00,17.145752314814814,post_resolution,1,17,1,CVE-2021-23463; CVE-2021-42392; CVE-2022-23221; CVE-2022-45868
27,ebean,H2,2021-12-16 14:29:57+00:00,2022-01-04 20:53:00+00:00,19.266006944444445,post_resolution,1,17,1,CVE-2021-23463; CVE-2021-42392; CVE-2022-23221; CVE-2022-45868
27,ebean,H2,2022-01-04 20:53:00+00:00,2022-01-06 23:55:09+00:00,2.1264930555555557,post_resolution,1,17,1,CVE-2021-23463; CVE-2021-42392; CVE-2022-23221; CVE-2022-45868
27,ebean,H2,2022-01-06 23:55:09+00:00,2022-01-17 16:18:52+00:00,10.683136574074075,post_resolution,1,17,1,CVE-2021-23463; CVE-2021-42392; CVE-2022-23221; CVE-2022-45868
27,ebean,H2,2022-01-17 16:18:52+00:00,2022-01-21 23:07:39+00:00,4.283877314814815,post_resolution,1,17,1,CVE-2021-23463; CVE-2021-42392; CVE-2022-23221; CVE-2022-45868
27,ebean,H2,2022-01-21 23:07:39+00:00,2022-01-26 00:00:00+00:00,4.0363541666666665,post_resolution,1,17,1,CVE-2021-23463; CVE-2021-42392; CVE-2022-23221; CVE-2022-45868
27,ebean,H2,2022-01-26 00:00:00+00:00,2022-01-27 00:00:00+00:00,1.0,post_resolution,2,63,2,CVE-2021-23463; CVE-2021-42392; CVE-2022-23221; CVE-2022-45868
27,ebean,H2,2022-01-27 00:00:00+00:00,2022-04-11 00:00:00+00:00,74.0,pre_disclosure,1,46,1,CVE-2022-45868
27,ebean,H2,2022-04-11 00:00:00+00:00,2022-04-12 00:00:00+00:00,1.0,pre_disclosure,2,94,2,CVE-2022-45868
27,ebean,H2,2022-04-12 00:00:00+00:00,2022-09-02 00:00:00+00:00,143.0,pre_disclosure,1,48,1,CVE-2022-45868
27,ebean,H2,2022-09-02 00:00:00+00:00,2022-09-05 00:00:00+00:00,3.0,pre_disclosure,2,100,2,CVE-2022-45868
27,ebean,H2,2022-09-05 00:00:00+00:00,2022-11-23 21:30:31+00:00,79.89619212962963,pre_disclosure,1,52,1,CVE-2022-45868
27,ebean,H2,2022-11-23 21:30:31+00:00,2023-07-05 14:57:30+00:00,223.72707175925925,post_disclosure,1,52,1,CVE-2022-45868
27,ebean,H2,2023-07-05 14:57:30+00:00,2023-07-11 00:00:00+00:00,5.376736111111111,post_resolution,1,52,1,CVE-2022-45868
27,ebean,HyperSQL,2012-09-14 00:00:00+00:00,2017-01-09 00:00:00+00:00,1578.0,pre_disclosure,1,1,1,CVE-2022-41853
27,ebean,HyperSQL,2017-01-09 00:00:00+00:00,2021-09-09 00:00:00+00:00,1704.0,pre_disclosure,1,1,1,CVE-2022-41853
27,ebean,MS SQL Server_Microsoft Azure SQL Database,2021-09-23 00:00:00+00:00,2022-04-27 00:00:00+00:00,216.0,pre_disclosure,1,1,1,CVE-2025-59250
27,ebean,MS SQL Server_Microsoft Azure SQL Database,2022-04-27 00:00:00+00:00,2022-04-28 00:00:00+00:00,1.0,pre_disclosure,2,2,2,CVE-2025-59250
27,ebean,MS SQL Server_Microsoft Azure SQL Database,2022-04-28 00:00:00+00:00,2025-10-13 00:00:00+00:00,1264.0,pre_disclosure,1,1,1,CVE-2025-59250
27,ebean,MS SQL Server_Microsoft Azure SQL Database,2025-10-13 00:00:00+00:00,2025-10-14 17:16:07.240000+00:00,1.7195282407407406,post_resolution,1,1,1,CVE-2025-59250
27,ebean,MS SQL Server_Microsoft Azure SQL Database,2025-10-14 17:16:07.240000+00:00,2025-11-23 00:00:00+00:00,39.28047175925926,post_resolution,1,1,1,CVE-2025-59250
27,ebean,MySQL,2012-09-14 00:00:00+00:00,2014-01-22 00:00:00+00:00,495.0,pre_disclosure,1,1,1,CVE-2015-2575; CVE-2017-3523; CVE-2017-3586; CVE-2017-3589; CVE-2018-3258; CVE-2019-2692; CVE-2020-2934; CVE-2022-21363; CVE-2023-22102
27,ebean,MySQL,2014-01-22 00:00:00+00:00,2015-05-08 10:55:46+00:00,471.4553935185185,pre_disclosure,1,1,1,CVE-2015-2575; CVE-2017-3523; CVE-2017-3586; CVE-2017-3589; CVE-2018-3258; CVE-2019-2692; CVE-2020-2934; CVE-2022-21363; CVE-2023-22102
27,ebean,MySQL,2015-05-08 10:55:46+00:00,2015-07-07 00:00:00+00:00,59.54460648148148,post_resolution,1,1,1,CVE-2015-2575; CVE-2017-3523; CVE-2017-3586; CVE-2017-3589; CVE-2018-3258; CVE-2019-2692; CVE-2020-2934; CVE-2022-21363; CVE-2023-22102
27,ebean,MySQL,2015-07-07 00:00:00+00:00,2017-01-09 00:00:00+00:00,552.0,pre_disclosure,1,1,1,CVE-2017-3523; CVE-2017-3586; CVE-2017-3589; CVE-2018-3258; CVE-2019-2692; CVE-2020-2934; CVE-2022-21363; CVE-2023-22102
27,ebean,MySQL,2017-01-09 00:00:00+00:00,2017-08-30 00:00:00+00:00,233.0,pre_disclosure,1,1,1,CVE-2018-3258; CVE-2019-2692; CVE-2021-2471; CVE-2022-21363; CVE-2023-22102
27,ebean,MySQL,2017-08-30 00:00:00+00:00,2018-09-27 09:18:47+00:00,393.3880439814815,pre_disclosure,1,1,1,CVE-2018-3258; CVE-2019-2692; CVE-2020-2934; CVE-2022-21363; CVE-2023-22102
27,ebean,MySQL,2018-09-27 09:18:47+00:00,2019-03-20 19:08:52+00:00,174.4097800925926,post_resolution,1,1,1,CVE-2018-3258; CVE-2019-2692; CVE-2020-2934; CVE-2022-21363; CVE-2023-22102
27,ebean,MySQL,2019-03-20 19:08:52+00:00,2019-07-25 00:00:00+00:00,126.20217592592593,post_resolution,1,1,1,CVE-2018-3258; CVE-2019-2692; CVE-2020-2934; CVE-2022-21363; CVE-2023-22102
27,ebean,MySQL,2019-07-25 00:00:00+00:00,2020-04-15 14:15:36.453000+00:00,265.59417190972226,pre_disclosure,1,1,1,CVE-2020-2934; CVE-2021-2471; CVE-2022-21363; CVE-2023-22102
27,ebean,MySQL,2020-04-15 14:15:36.453000+00:00,2020-07-14 00:00:00+00:00,89.40582809027778,post_disclosure,1,1,1,CVE-2020-2934; CVE-2021-2471; CVE-2022-21363; CVE-2023-22102
27,ebean,MySQL,2020-07-14 00:00:00+00:00,2020-10-08 00:00:00+00:00,86.0,post_resolution,1,1,1,CVE-2020-2934; CVE-2021-2471; CVE-2022-21363; CVE-2023-22102
27,ebean,MySQL,2020-10-08 00:00:00+00:00,2021-09-10 00:00:00+00:00,337.0,post_resolution,2,2,2,CVE-2020-2934; CVE-2021-2471; CVE-2022-21363; CVE-2023-22102
27,ebean,MySQL,2021-09-10 00:00:00+00:00,2021-09-23 00:00:00+00:00,13.0,post_resolution,1,1,1,CVE-2020-2934; CVE-2021-2471; CVE-2022-21363; CVE-2023-22102
27,ebean,MySQL,2021-09-23 00:00:00+00:00,2021-09-24 00:00:00+00:00,1.0,post_resolution,2,2,2,CVE-2020-2934; CVE-2021-2471; CVE-2022-21363; CVE-2023-22102
27,ebean,MySQL,2021-09-24 00:00:00+00:00,2021-09-28 18:17:43+00:00,4.76230324074074,pre_disclosure,1,1,1,CVE-2021-2471; CVE-2022-21363; CVE-2023-22102
27,ebean,MySQL,2021-09-28 18:17:43+00:00,2021-10-20 11:16:17.117000+00:00,21.70733931712963,post_resolution,1,1,1,CVE-2021-2471; CVE-2022-21363; CVE-2023-22102
27,ebean,MySQL,2021-10-20 11:16:17.117000+00:00,2021-12-16 00:25:41+00:00,56.548193090277785,post_resolution,1,1,1,CVE-2021-2471; CVE-2022-21363; CVE-2023-22102
27,ebean,MySQL,2021-12-16 00:25:41+00:00,2022-01-20 00:00:48+00:00,34.98271990740741,post_resolution,1,1,1,CVE-2021-2471; CVE-2022-21363; CVE-2023-22102
27,ebean,MySQL,2022-01-20 00:00:48+00:00,2022-04-27 00:00:00+00:00,96.99944444444445,post_resolution,1,1,1,CVE-2021-2471; CVE-2022-21363; CVE-2023-22102
27,ebean,MySQL,2022-04-27 00:00:00+00:00,2022-04-28 00:00:00+00:00,1.0,post_resolution,2,2,2,CVE-2021-2471; CVE-2022-21363; CVE-2023-22102
27,ebean,MySQL,2022-04-28 00:00:00+00:00,2023-10-17 22:15:15.100000+00:00,537.9272581018519,pre_disclosure,1,1,1,CVE-2023-22102
27,ebean,MySQL,2023-10-17 22:15:15.100000+00:00,2023-10-25 08:46:05+00:00,7.438077546296297,post_disclosure,1,1,1,CVE-2023-22102
27,ebean,MySQL,2023-10-25 08:46:05+00:00,2025-11-23 00:00:00+00:00,759.6346643518518,post_resolution,1,1,1,CVE-2023-22102
27,ebean,PostgreSQL,2012-09-14 00:00:00+00:00,2015-05-28 00:00:00+00:00,986.0,pre_disclosure,1,1,1,CVE-2018-10936
27,ebean,PostgreSQL,2015-05-28 00:00:00+00:00,2015-09-17 00:00:00+00:00,112.0,pre_disclosure,1,1,1,CVE-2018-10936; CVE-2020-13692; CVE-2022-41946; GHSA-xfg6-62px-cxc2
27,ebean,PostgreSQL,2015-09-17 00:00:00+00:00,2017-01-09 00:00:00+00:00,480.0,pre_disclosure,1,1,1,CVE-2018-10936; CVE-2020-13692; CVE-2022-41946; GHSA-xfg6-62px-cxc2
27,ebean,PostgreSQL,2017-01-09 00:00:00+00:00,2017-06-25 00:00:00+00:00,167.0,pre_disclosure,1,1,1,CVE-2018-10936; CVE-2020-13692; CVE-2022-41946; GHSA-xfg6-62px-cxc2
27,ebean,PostgreSQL,2017-06-25 00:00:00+00:00,2017-07-02 00:00:00+00:00,7.0,pre_disclosure,3,3,3,CVE-2018-10936; CVE-2020-13692; CVE-2022-26520; CVE-2022-41946; GHSA-673j-qm5f-xpv8; GHSA-xfg6-62px-cxc2; CVE-2018-10936; CVE-2022-41946; GHSA-xfg6-62px-cxc2
27,ebean,PostgreSQL,2017-07-02 00:00:00+00:00,2018-06-28 00:00:00+00:00,361.0,pre_disclosure,1,1,1,CVE-2018-10936; CVE-2022-41946; GHSA-xfg6-62px-cxc2
27,ebean,PostgreSQL,2018-06-28 00:00:00+00:00,2018-08-27 15:43:21+00:00,60.65510416666667,pre_disclosure,1,1,1,CVE-2018-10936; CVE-2020-13692; CVE-2022-26520; CVE-2026-42198; GHSA-673j-qm5f-xpv8; GHSA-xfg6-62px-cxc2
27,ebean,PostgreSQL,2018-08-27 15:43:21+00:00,2018-08-30 13:29:00.377000+00:00,2.906705752314815,post_resolution,1,1,1,CVE-2018-10936; CVE-2020-13692; CVE-2022-26520; CVE-2026-42198; GHSA-673j-qm5f-xpv8; GHSA-xfg6-62px-cxc2
27,ebean,PostgreSQL,2018-08-30 13:29:00.377000+00:00,2019-09-13 17:15:52+00:00,379.15754193287034,post_resolution,1,1,1,CVE-2018-10936; CVE-2020-13692; CVE-2022-26520; CVE-2026-42198; GHSA-673j-qm5f-xpv8; GHSA-xfg6-62px-cxc2
27,ebean,PostgreSQL,2019-09-13 17:15:52+00:00,2020-02-28 00:00:00+00:00,167.28064814814815,post_resolution,1,1,1,CVE-2018-10936; CVE-2020-13692; CVE-2022-26520; CVE-2026-42198; GHSA-673j-qm5f-xpv8; GHSA-xfg6-62px-cxc2
27,ebean,PostgreSQL,2020-02-28 00:00:00+00:00,2020-06-04 13:16:11+00:00,97.5529050925926,pre_disclosure,1,1,1,CVE-2020-13692; CVE-2022-26520; CVE-2026-42198; GHSA-673j-qm5f-xpv8
27,ebean,PostgreSQL,2020-06-04 13:16:11+00:00,2020-06-04 16:15:12.657000+00:00,0.12432473379629629,post_resolution,1,1,1,CVE-2020-13692; CVE-2022-26520; CVE-2026-42198; GHSA-673j-qm5f-xpv8
27,ebean,PostgreSQL,2020-06-04 16:15:12.657000+00:00,2020-10-08 00:00:00+00:00,125.32277017361112,post_resolution,1,1,1,CVE-2020-13692; CVE-2022-26520; CVE-2026-42198; GHSA-673j-qm5f-xpv8
27,ebean,PostgreSQL,2020-10-08 00:00:00+00:00,2020-10-22 00:00:00+00:00,14.0,post_resolution,2,2,2,CVE-2020-13692; CVE-2022-26520; CVE-2026-42198; GHSA-673j-qm5f-xpv8
27,ebean,PostgreSQL,2020-10-22 00:00:00+00:00,2020-12-23 00:00:00+00:00,62.0,post_resolution,3,3,3,CVE-2020-13692; CVE-2022-26520; CVE-2026-42198; GHSA-673j-qm5f-xpv8
27,ebean,PostgreSQL,2020-12-23 00:00:00+00:00,2021-06-14 00:00:00+00:00,173.0,post_resolution,3,3,3,CVE-2020-13692; CVE-2022-26520; CVE-2026-42198; GHSA-673j-qm5f-xpv8
27,ebean,PostgreSQL,2021-06-14 00:00:00+00:00,2021-07-13 00:00:00+00:00,29.0,post_resolution,4,4,4,CVE-2020-13692; CVE-2022-26520; CVE-2026-42198; GHSA-673j-qm5f-xpv8
27,ebean,PostgreSQL,2021-07-13 00:00:00+00:00,2021-09-21 00:00:00+00:00,70.0,post_resolution,3,3,3,CVE-2020-13692; CVE-2022-26520; CVE-2026-42198; GHSA-673j-qm5f-xpv8
27,ebean,PostgreSQL,2021-09-21 00:00:00+00:00,2021-09-22 00:00:00+00:00,1.0,post_resolution,4,4,4,CVE-2020-13692; CVE-2022-26520; CVE-2026-42198; GHSA-673j-qm5f-xpv8
27,ebean,PostgreSQL,2021-09-22 00:00:00+00:00,2021-10-13 00:00:00+00:00,21.0,post_resolution,3,3,3,CVE-2020-13692; CVE-2022-26520; CVE-2026-42198; GHSA-673j-qm5f-xpv8
27,ebean,PostgreSQL,2021-10-13 00:00:00+00:00,2022-02-02 00:00:00+00:00,112.0,pre_disclosure,1,3,1,CVE-2022-26520; CVE-2026-42198; GHSA-673j-qm5f-xpv8
27,ebean,PostgreSQL,2022-02-02 00:00:00+00:00,2022-02-03 00:00:00+00:00,1.0,pre_disclosure,2,6,2,CVE-2022-26520; CVE-2022-31197; CVE-2022-41946; CVE-2026-42198; GHSA-673j-qm5f-xpv8; CVE-2022-26520; CVE-2026-42198; GHSA-673j-qm5f-xpv8
27,ebean,PostgreSQL,2022-02-03 00:00:00+00:00,2022-02-15 19:06:43+00:00,12.796331018518519,pre_disclosure,1,3,1,CVE-2022-26520; CVE-2022-31197; CVE-2022-41946; CVE-2026-42198; GHSA-673j-qm5f-xpv8
27,ebean,PostgreSQL,2022-02-15 19:06:43+00:00,2022-02-16 00:08:18+00:00,0.20943287037037037,post_resolution,1,3,1,CVE-2022-26520; CVE-2022-31197; CVE-2022-41946; CVE-2026-42198; GHSA-673j-qm5f-xpv8
27,ebean,PostgreSQL,2022-02-16 00:08:18+00:00,2022-02-17 00:00:00+00:00,0.9942361111111111,post_resolution,1,3,1,CVE-2022-26520; CVE-2022-31197; CVE-2022-41946; CVE-2026-42198; GHSA-673j-qm5f-xpv8
27,ebean,PostgreSQL,2022-02-17 00:00:00+00:00,2022-03-01 00:00:00+00:00,12.0,post_resolution,2,6,2,CVE-2022-26520; CVE-2022-31197; CVE-2022-41946; CVE-2026-42198; GHSA-673j-qm5f-xpv8
27,ebean,PostgreSQL,2022-03-01 00:00:00+00:00,2022-08-06 05:51:38+00:00,158.2441898148148,pre_disclosure,1,3,1,CVE-2022-31197; CVE-2022-41946; CVE-2026-42198
27,ebean,PostgreSQL,2022-08-06 05:51:38+00:00,2022-08-09 00:00:00+00:00,2.7558101851851853,post_disclosure,1,3,1,CVE-2022-31197; CVE-2022-41946; CVE-2026-42198
27,ebean,PostgreSQL,2022-08-09 00:00:00+00:00,2022-08-15 00:00:00+00:00,6.0,post_disclosure,2,6,2,CVE-2022-31197; CVE-2022-41946; CVE-2026-42198
27,ebean,PostgreSQL,2022-08-15 00:00:00+00:00,2022-08-16 00:00:00+00:00,1.0,post_resolution,2,6,2,CVE-2022-31197; CVE-2022-41946; CVE-2026-42198
27,ebean,PostgreSQL,2022-08-16 00:00:00+00:00,2022-09-23 00:00:00+00:00,38.0,pre_disclosure,1,3,1,CVE-2026-42198
27,ebean,PostgreSQL,2022-09-23 00:00:00+00:00,2022-11-24 00:00:00+00:00,62.0,pre_disclosure,2,7,2,CVE-2026-42198
27,ebean,PostgreSQL,2022-11-24 00:00:00+00:00,2022-12-08 00:00:00+00:00,14.0,pre_disclosure,3,9,3,CVE-2026-42198
27,ebean,PostgreSQL,2022-12-08 00:00:00+00:00,2023-10-06 00:00:00+00:00,302.0,pre_disclosure,2,5,2,CVE-2026-42198
27,ebean,PostgreSQL,2023-10-06 00:00:00+00:00,2023-10-10 00:00:00+00:00,4.0,pre_disclosure,3,11,3,CVE-2026-42198
27,ebean,PostgreSQL,2023-10-10 00:00:00+00:00,2024-02-21 00:00:00+00:00,134.0,pre_disclosure,1,6,1,CVE-2026-42198
27,ebean,PostgreSQL,2024-02-21 00:00:00+00:00,2025-11-23 00:00:00+00:00,641.0,pre_disclosure,1,10,1,CVE-2026-42198
27,ebean,Redis,2020-12-18 00:00:00+00:00,2021-03-16 00:00:00+00:00,88.0,pre_disclosure,1,1,1,CVE-2023-42809
27,ebean,Redis,2021-03-16 00:00:00+00:00,2021-04-20 00:00:00+00:00,35.0,pre_disclosure,1,1,1,CVE-2023-42809
27,ebean,Redis,2021-04-20 00:00:00+00:00,2021-06-14 00:00:00+00:00,55.0,pre_disclosure,1,1,1,CVE-2023-42809
27,ebean,Redis,2021-06-14 00:00:00+00:00,2021-08-11 00:00:00+00:00,58.0,pre_disclosure,1,1,1,CVE-2023-42809
27,ebean,Redis,2021-08-11 00:00:00+00:00,2021-12-20 00:00:00+00:00,131.0,pre_disclosure,1,1,1,CVE-2023-42809
27,ebean,Redis,2021-12-20 00:00:00+00:00,2022-01-14 00:00:00+00:00,25.0,pre_disclosure,2,2,2,CVE-2023-42809
27,ebean,Redis,2022-01-14 00:00:00+00:00,2022-01-29 00:00:00+00:00,15.0,pre_disclosure,1,1,1,CVE-2023-42809
27,ebean,SQLite,2013-05-01 00:00:00+00:00,2016-03-21 00:00:00+00:00,1055.0,pre_disclosure,1,1,1,CVE-2023-32697
27,ebean,SQLite,2016-03-21 00:00:00+00:00,2017-01-09 00:00:00+00:00,294.0,pre_disclosure,1,1,1,CVE-2023-32697
27,ebean,SQLite,2017-01-09 00:00:00+00:00,2021-12-01 00:00:00+00:00,1787.0,pre_disclosure,1,1,1,CVE-2023-32697
27,ebean,SQLite,2021-12-01 00:00:00+00:00,2023-05-19 10:50:50+00:00,534.4519675925926,pre_disclosure,1,1,1,CVE-2023-32697
27,ebean,SQLite,2023-05-19 10:50:50+00:00,2023-05-23 23:15:09.337000+00:00,4.516890474537037,post_resolution,1,1,1,CVE-2023-32697
27,ebean,SQLite,2023-05-23 23:15:09.337000+00:00,2023-05-24 00:00:00+00:00,0.03114193287037037,post_resolution,1,1,1,CVE-2023-32697
28,vert.x,Hazelcast,2014-05-20 00:00:00+00:00,2014-08-20 00:00:00+00:00,92.0,pre_disclosure,1,3,1,CVE-2016-10750; CVE-2023-33265; CVE-2023-45860
28,vert.x,Hazelcast,2014-08-20 00:00:00+00:00,2014-09-24 00:00:00+00:00,35.0,pre_disclosure,2,5,2,CVE-2016-10750; CVE-2023-33265; CVE-2023-45860
28,vert.x,Hazelcast,2014-09-24 00:00:00+00:00,2014-10-29 00:00:00+00:00,35.0,pre_disclosure,1,2,1,CVE-2016-10750; CVE-2023-33265; CVE-2023-45860
28,vert.x,Hazelcast,2014-10-29 00:00:00+00:00,2014-11-15 00:00:00+00:00,17.0,pre_disclosure,1,1,1,CVE-2016-10750; CVE-2023-33265; CVE-2023-45860
31,flyway,H2,2017-11-13 00:00:00+00:00,2018-05-07 00:00:00+00:00,175.0,pre_disclosure,1,1,1,CVE-2018-14335; CVE-2021-42392; CVE-2022-23221
31,flyway,H2,2018-05-07 00:00:00+00:00,2018-05-17 00:00:00+00:00,10.0,pre_disclosure,2,2,2,CVE-2018-14335; CVE-2021-42392; CVE-2022-23221
31,flyway,H2,2018-05-17 00:00:00+00:00,2018-07-24 13:29:00.603000+00:00,68.56181253472222,pre_disclosure,1,1,1,CVE-2018-14335; CVE-2021-42392; CVE-2022-23221
31,flyway,H2,2018-07-24 13:29:00.603000+00:00,2019-02-22 14:41:59+00:00,213.0506758912037,post_disclosure,1,1,1,CVE-2018-14335; CVE-2021-42392; CVE-2022-23221
31,flyway,H2,2019-02-22 14:41:59+00:00,2019-04-09 00:00:00+00:00,45.387511574074075,post_resolution,1,1,1,CVE-2018-14335; CVE-2021-42392; CVE-2022-23221
31,flyway,H2,2019-04-09 00:00:00+00:00,2019-11-01 00:00:00+00:00,206.0,pre_disclosure,1,1,1,CVE-2021-23463; CVE-2021-42392; CVE-2022-23221; CVE-2022-45868
31,flyway,H2,2019-11-01 00:00:00+00:00,2021-11-29 11:00:04+00:00,759.4583796296296,pre_disclosure,1,1,1,CVE-2021-23463; CVE-2021-42392; CVE-2022-23221; CVE-2022-45868
31,flyway,H2,2021-11-29 11:00:04+00:00,2021-12-08 00:00:00+00:00,8.54162037037037,post_resolution,1,1,1,CVE-2021-23463; CVE-2021-42392; CVE-2022-23221; CVE-2022-45868
31,flyway,H2,2021-12-08 00:00:00+00:00,2022-01-04 20:53:00+00:00,27.87013888888889,pre_disclosure,1,1,1,CVE-2021-42392; CVE-2022-23221; CVE-2022-45868
31,flyway,H2,2022-01-04 20:53:00+00:00,2022-01-06 23:55:09+00:00,2.1264930555555557,post_resolution,1,1,1,CVE-2021-42392; CVE-2022-23221; CVE-2022-45868
31,flyway,H2,2022-01-06 23:55:09+00:00,2022-01-10 00:00:00+00:00,3.0033680555555557,post_resolution,1,1,1,CVE-2021-42392; CVE-2022-23221; CVE-2022-45868
31,flyway,H2,2022-01-10 00:00:00+00:00,2022-01-17 16:18:52+00:00,7.679768518518519,pre_disclosure,1,1,1,CVE-2022-23221; CVE-2022-45868
31,flyway,H2,2022-01-17 16:18:52+00:00,2022-01-21 00:00:00+00:00,3.3202314814814815,post_resolution,1,1,1,CVE-2022-23221; CVE-2022-45868
31,flyway,H2,2022-01-21 00:00:00+00:00,2022-08-08 00:00:00+00:00,199.0,pre_disclosure,1,1,1,CVE-2022-45868
31,flyway,H2,2022-08-08 00:00:00+00:00,2022-11-23 21:30:31+00:00,107.89619212962963,pre_disclosure,1,1,1,CVE-2022-45868
31,flyway,H2,2022-11-23 21:30:31+00:00,2023-07-05 14:57:30+00:00,223.72707175925925,post_disclosure,1,1,1,CVE-2022-45868
31,flyway,H2,2023-07-05 14:57:30+00:00,2023-07-27 00:00:00+00:00,21.37673611111111,post_resolution,1,1,1,CVE-2022-45868
31,flyway,HyperSQL,2017-11-13 00:00:00+00:00,2018-09-26 00:00:00+00:00,317.0,pre_disclosure,1,1,1,CVE-2022-41853
31,flyway,HyperSQL,2018-09-26 00:00:00+00:00,2018-11-07 00:00:00+00:00,42.0,pre_disclosure,2,2,2,CVE-2022-41853
31,flyway,HyperSQL,2018-11-07 00:00:00+00:00,2019-07-31 00:00:00+00:00,266.0,pre_disclosure,1,1,1,CVE-2022-41853
31,flyway,HyperSQL,2019-07-31 00:00:00+00:00,2021-03-26 00:00:00+00:00,604.0,pre_disclosure,1,1,1,CVE-2022-41853
31,flyway,HyperSQL,2021-03-26 00:00:00+00:00,2021-06-28 00:00:00+00:00,94.0,pre_disclosure,1,1,1,CVE-2022-41853
31,flyway,HyperSQL,2021-06-28 00:00:00+00:00,2022-06-22 00:00:00+00:00,359.0,pre_disclosure,1,1,1,CVE-2022-41853
31,flyway,HyperSQL,2022-06-22 00:00:00+00:00,2022-10-06 18:17:07.190000+00:00,106.76188877314814,pre_disclosure,1,1,1,CVE-2022-41853
31,flyway,HyperSQL,2022-10-06 18:17:07.190000+00:00,2022-10-22 14:19:43+00:00,15.835136689814815,post_disclosure,1,1,1,CVE-2022-41853
31,flyway,HyperSQL,2022-10-22 14:19:43+00:00,2022-10-26 00:00:00+00:00,3.402974537037037,post_resolution,1,1,1,CVE-2022-41853
31,flyway,Ignite,2021-04-26 00:00:00+00:00,2022-11-24 00:00:00+00:00,577.0,pre_disclosure,1,1,1,CVE-2024-52577
31,flyway,Ignite,2022-11-24 00:00:00+00:00,2023-11-13 00:00:00+00:00,354.0,pre_disclosure,1,1,1,CVE-2024-52577
31,flyway,MS SQL Server_Microsoft Azure SQL Database,2020-11-11 00:00:00+00:00,2021-03-25 00:00:00+00:00,134.0,pre_disclosure,1,1,1,CVE-2025-59250
31,flyway,MS SQL Server_Microsoft Azure SQL Database,2021-03-25 00:00:00+00:00,2022-03-08 00:00:00+00:00,348.0,pre_disclosure,1,1,1,CVE-2025-59250
31,flyway,MS SQL Server_Microsoft Azure SQL Database,2022-03-08 00:00:00+00:00,2023-06-20 00:00:00+00:00,469.0,pre_disclosure,1,1,1,CVE-2025-59250
31,flyway,MS SQL Server_Microsoft Azure SQL Database,2023-06-20 00:00:00+00:00,2023-11-13 00:00:00+00:00,146.0,pre_disclosure,1,1,1,CVE-2025-59250
31,flyway,MySQL,2018-09-18 00:00:00+00:00,2018-09-27 09:18:47+00:00,9.38804398148148,pre_disclosure,1,1,1,CVE-2018-3258; CVE-2019-2692; CVE-2020-2934; CVE-2021-2471; CVE-2022-21363; CVE-2023-22102
31,flyway,MySQL,2018-09-27 09:18:47+00:00,2019-03-20 19:08:52+00:00,174.4097800925926,post_resolution,1,1,1,CVE-2018-3258; CVE-2019-2692; CVE-2020-2934; CVE-2021-2471; CVE-2022-21363; CVE-2023-22102
31,flyway,MySQL,2019-03-20 19:08:52+00:00,2019-08-01 00:00:00+00:00,133.20217592592593,post_resolution,1,1,1,CVE-2018-3258; CVE-2019-2692; CVE-2020-2934; CVE-2021-2471; CVE-2022-21363; CVE-2023-22102
31,flyway,MySQL,2019-08-01 00:00:00+00:00,2020-04-15 14:15:36.453000+00:00,258.59417190972226,pre_disclosure,1,1,1,CVE-2020-2934; CVE-2021-2471; CVE-2022-21363; CVE-2023-22102
31,flyway,MySQL,2020-04-15 14:15:36.453000+00:00,2020-07-14 00:00:00+00:00,89.40582809027778,post_disclosure,1,1,1,CVE-2020-2934; CVE-2021-2471; CVE-2022-21363; CVE-2023-22102
31,flyway,MySQL,2020-07-14 00:00:00+00:00,2020-10-13 00:00:00+00:00,91.0,post_resolution,1,1,1,CVE-2020-2934; CVE-2021-2471; CVE-2022-21363; CVE-2023-22102
31,flyway,MySQL,2020-10-13 00:00:00+00:00,2021-03-26 00:00:00+00:00,164.0,pre_disclosure,1,1,1,CVE-2021-2471; CVE-2022-21363; CVE-2023-22102
31,flyway,MySQL,2021-03-26 00:00:00+00:00,2021-04-29 00:00:00+00:00,34.0,pre_disclosure,1,1,1,CVE-2021-2471; CVE-2022-21363; CVE-2023-22102
31,flyway,MySQL,2021-04-29 00:00:00+00:00,2021-04-30 00:00:00+00:00,1.0,pre_disclosure,2,2,2,CVE-2021-2471; CVE-2022-21363; CVE-2023-22102
31,flyway,MySQL,2021-04-30 00:00:00+00:00,2021-09-28 18:17:43+00:00,151.76230324074075,pre_disclosure,1,1,1,CVE-2021-2471; CVE-2022-21363; CVE-2023-22102
31,flyway,MySQL,2021-09-28 18:17:43+00:00,2021-10-20 11:16:17.117000+00:00,21.70733931712963,post_resolution,1,1,1,CVE-2021-2471; CVE-2022-21363; CVE-2023-22102
31,flyway,MySQL,2021-10-20 11:16:17.117000+00:00,2021-11-30 00:00:00+00:00,40.53035744212963,post_resolution,1,1,1,CVE-2021-2471; CVE-2022-21363; CVE-2023-22102
31,flyway,PostgreSQL,2017-11-13 00:00:00+00:00,2018-05-17 00:00:00+00:00,185.0,pre_disclosure,1,2,1,CVE-2018-10936; CVE-2020-13692; CVE-2022-26520; CVE-2022-41946; GHSA-673j-qm5f-xpv8; GHSA-xfg6-62px-cxc2
31,flyway,PostgreSQL,2018-05-17 00:00:00+00:00,2018-05-18 00:00:00+00:00,1.0,pre_disclosure,2,4,2,CVE-2018-10936; CVE-2020-13692; CVE-2022-26520; CVE-2022-41946; GHSA-673j-qm5f-xpv8; GHSA-xfg6-62px-cxc2; CVE-2018-10936; CVE-2020-13692; CVE-2022-26520; CVE-2026-42198; GHSA-673j-qm5f-xpv8; GHSA-xfg6-62px-cxc2
31,flyway,PostgreSQL,2018-05-18 00:00:00+00:00,2018-08-27 15:43:21+00:00,101.65510416666666,pre_disclosure,1,2,1,CVE-2018-10936; CVE-2020-13692; CVE-2022-26520; CVE-2026-42198; GHSA-673j-qm5f-xpv8; GHSA-xfg6-62px-cxc2
31,flyway,PostgreSQL,2018-08-27 15:43:21+00:00,2018-08-30 13:29:00.377000+00:00,2.906705752314815,post_resolution,1,2,1,CVE-2018-10936; CVE-2020-13692; CVE-2022-26520; CVE-2026-42198; GHSA-673j-qm5f-xpv8; GHSA-xfg6-62px-cxc2
31,flyway,PostgreSQL,2018-08-30 13:29:00.377000+00:00,2018-09-26 00:00:00+00:00,26.43819008101852,post_resolution,1,2,1,CVE-2018-10936; CVE-2020-13692; CVE-2022-26520; CVE-2026-42198; GHSA-673j-qm5f-xpv8; GHSA-xfg6-62px-cxc2
31,flyway,PostgreSQL,2018-09-26 00:00:00+00:00,2018-11-07 00:00:00+00:00,42.0,post_resolution,2,4,2,CVE-2018-10936; CVE-2020-13692; CVE-2022-26520; CVE-2026-42198; GHSA-673j-qm5f-xpv8; GHSA-xfg6-62px-cxc2
31,flyway,PostgreSQL,2018-11-07 00:00:00+00:00,2019-09-13 17:15:52+00:00,310.71935185185185,pre_disclosure,1,2,1,CVE-2020-13692; CVE-2022-26520; CVE-2026-42198; GHSA-673j-qm5f-xpv8; GHSA-xfg6-62px-cxc2
31,flyway,PostgreSQL,2019-09-13 17:15:52+00:00,2019-10-08 00:00:00+00:00,24.28064814814815,post_resolution,1,2,1,CVE-2020-13692; CVE-2022-26520; CVE-2026-42198; GHSA-673j-qm5f-xpv8; GHSA-xfg6-62px-cxc2
31,flyway,PostgreSQL,2019-10-08 00:00:00+00:00,2020-04-16 00:00:00+00:00,191.0,pre_disclosure,1,2,1,CVE-2020-13692; CVE-2022-26520; CVE-2026-42198; GHSA-673j-qm5f-xpv8
31,flyway,PostgreSQL,2020-04-16 00:00:00+00:00,2020-06-04 13:16:11+00:00,49.552905092592596,pre_disclosure,1,2,1,CVE-2020-13692; CVE-2022-26520; CVE-2026-42198; GHSA-673j-qm5f-xpv8
31,flyway,PostgreSQL,2020-06-04 13:16:11+00:00,2020-06-04 16:15:12.657000+00:00,0.12432473379629629,post_resolution,1,2,1,CVE-2020-13692; CVE-2022-26520; CVE-2026-42198; GHSA-673j-qm5f-xpv8
31,flyway,PostgreSQL,2020-06-04 16:15:12.657000+00:00,2020-09-18 00:00:00+00:00,105.32277017361112,post_resolution,1,2,1,CVE-2020-13692; CVE-2022-26520; CVE-2026-42198; GHSA-673j-qm5f-xpv8
31,flyway,PostgreSQL,2020-09-18 00:00:00+00:00,2020-09-22 00:00:00+00:00,4.0,pre_disclosure,1,2,1,CVE-2022-26520; CVE-2026-42198; GHSA-673j-qm5f-xpv8
31,flyway,PostgreSQL,2020-09-22 00:00:00+00:00,2021-03-24 00:00:00+00:00,183.0,pre_disclosure,1,2,1,CVE-2022-26520; CVE-2026-42198; GHSA-673j-qm5f-xpv8
31,flyway,PostgreSQL,2021-03-24 00:00:00+00:00,2021-03-26 00:00:00+00:00,2.0,pre_disclosure,1,2,1,CVE-2022-26520; CVE-2026-42198; GHSA-673j-qm5f-xpv8
31,flyway,PostgreSQL,2021-03-26 00:00:00+00:00,2022-02-03 00:00:00+00:00,314.0,pre_disclosure,1,2,1,CVE-2022-26520; CVE-2026-42198; GHSA-673j-qm5f-xpv8
31,flyway,PostgreSQL,2022-02-03 00:00:00+00:00,2022-02-15 19:06:43+00:00,12.796331018518519,pre_disclosure,1,2,1,CVE-2022-26520; CVE-2026-42198; GHSA-673j-qm5f-xpv8
31,flyway,PostgreSQL,2022-02-15 19:06:43+00:00,2022-02-16 00:08:18+00:00,0.20943287037037037,post_resolution,1,2,1,CVE-2022-26520; CVE-2026-42198; GHSA-673j-qm5f-xpv8
31,flyway,PostgreSQL,2022-02-16 00:08:18+00:00,2022-03-10 17:47:45.810000+00:00,22.735738541666667,post_resolution,1,2,1,CVE-2022-26520; CVE-2026-42198; GHSA-673j-qm5f-xpv8
31,flyway,PostgreSQL,2022-03-10 17:47:45.810000+00:00,2022-03-14 00:00:00+00:00,3.2584975694444447,post_resolution,1,2,1,CVE-2022-26520; CVE-2026-42198; GHSA-673j-qm5f-xpv8
31,flyway,PostgreSQL,2022-03-14 00:00:00+00:00,2022-08-06 05:51:38+00:00,145.2441898148148,pre_disclosure,1,2,1,CVE-2022-31197; CVE-2022-41946; CVE-2026-42198
31,flyway,PostgreSQL,2022-08-06 05:51:38+00:00,2022-08-15 00:00:00+00:00,8.755810185185185,post_disclosure,1,2,1,CVE-2022-31197; CVE-2022-41946; CVE-2026-42198
31,flyway,PostgreSQL,2022-08-15 00:00:00+00:00,2022-12-07 00:00:00+00:00,114.0,pre_disclosure,1,2,1,CVE-2026-42198
31,flyway,PostgreSQL,2022-12-07 00:00:00+00:00,2023-11-13 00:00:00+00:00,341.0,pre_disclosure,1,2,1,CVE-2026-42198
31,flyway,SQLite,2017-11-13 00:00:00+00:00,2018-09-26 00:00:00+00:00,317.0,pre_disclosure,1,1,1,CVE-2023-32697
31,flyway,SQLite,2018-09-26 00:00:00+00:00,2018-11-07 00:00:00+00:00,42.0,pre_disclosure,2,2,2,CVE-2023-32697
31,flyway,SQLite,2018-11-07 00:00:00+00:00,2020-04-16 00:00:00+00:00,526.0,pre_disclosure,1,1,1,CVE-2023-32697
31,flyway,SQLite,2020-04-16 00:00:00+00:00,2021-03-26 00:00:00+00:00,344.0,pre_disclosure,1,1,1,CVE-2023-32697
31,flyway,SQLite,2021-03-26 00:00:00+00:00,2023-04-27 00:00:00+00:00,762.0,pre_disclosure,1,1,1,CVE-2023-32697
31,flyway,SQLite,2023-04-27 00:00:00+00:00,2023-05-19 10:50:50+00:00,22.45196759259259,pre_disclosure,1,1,1,CVE-2023-32697
31,flyway,SQLite,2023-05-19 10:50:50+00:00,2023-05-23 23:15:09.337000+00:00,4.516890474537037,post_resolution,1,1,1,CVE-2023-32697
31,flyway,SQLite,2023-05-23 23:15:09.337000+00:00,2023-05-24 00:00:00+00:00,0.03114193287037037,post_resolution,1,1,1,CVE-2023-32697
31,flyway,Snowflake,2019-11-15 00:00:00+00:00,2020-02-03 00:00:00+00:00,80.0,pre_disclosure,1,1,1,CVE-2023-30535; CVE-2024-43382; CVE-2025-24789; CVE-2025-24790; CVE-2025-27496; CVE-2026-3293
31,flyway,Snowflake,2020-02-03 00:00:00+00:00,2020-11-11 00:00:00+00:00,282.0,pre_disclosure,1,1,1,CVE-2023-30535; CVE-2024-43382; CVE-2025-24789; CVE-2025-24790; CVE-2025-27496; CVE-2026-3293
31,flyway,Snowflake,2020-11-11 00:00:00+00:00,2021-02-15 00:00:00+00:00,96.0,pre_disclosure,1,1,1,CVE-2023-30535; CVE-2024-43382; CVE-2025-24789; CVE-2025-24790; CVE-2025-27496; CVE-2026-3293
31,flyway,Snowflake,2021-02-15 00:00:00+00:00,2021-03-26 00:00:00+00:00,39.0,pre_disclosure,1,1,1,CVE-2023-30535; CVE-2024-43382; CVE-2025-24789; CVE-2025-24790; CVE-2025-27496; CVE-2026-3293
31,flyway,Snowflake,2021-03-26 00:00:00+00:00,2022-08-31 00:00:00+00:00,523.0,pre_disclosure,1,1,1,CVE-2023-30535; CVE-2024-43382; CVE-2025-24789; CVE-2025-24790; CVE-2025-27496; CVE-2026-3293
31,flyway,Snowflake,2022-08-31 00:00:00+00:00,2023-03-17 21:24:53+00:00,198.89228009259259,pre_disclosure,1,1,1,CVE-2023-30535; CVE-2024-43382; CVE-2025-24789; CVE-2025-24790; CVE-2025-27496; CVE-2026-3293
31,flyway,Snowflake,2023-03-17 21:24:53+00:00,2023-04-14 18:28:58+00:00,27.87783564814815,post_resolution,1,1,1,CVE-2023-30535; CVE-2024-43382; CVE-2025-24789; CVE-2025-24790; CVE-2025-27496; CVE-2026-3293
31,flyway,Snowflake,2023-04-14 18:28:58+00:00,2023-04-27 00:00:00+00:00,12.22988425925926,post_resolution,1,1,1,CVE-2023-30535; CVE-2024-43382; CVE-2025-24789; CVE-2025-24790; CVE-2025-27496; CVE-2026-3293
31,flyway,Snowflake,2023-04-27 00:00:00+00:00,2023-11-13 00:00:00+00:00,200.0,pre_disclosure,1,1,1,CVE-2024-43382; CVE-2025-24789; CVE-2025-24790; CVE-2025-27496; CVE-2026-3293
32,geotools,H2,2020-05-06 00:00:00+00:00,2022-01-04 20:53:00+00:00,608.8701388888888,post_resolution,1,9,1,CVE-2018-14335; CVE-2021-42392; CVE-2022-23221
32,geotools,H2,2022-01-04 20:53:00+00:00,2022-01-06 23:55:09+00:00,2.1264930555555557,post_resolution,1,9,1,CVE-2018-14335; CVE-2021-42392; CVE-2022-23221
32,geotools,H2,2022-01-06 23:55:09+00:00,2022-01-17 16:18:52+00:00,10.683136574074075,post_resolution,1,9,1,CVE-2018-14335; CVE-2021-42392; CVE-2022-23221
32,geotools,H2,2022-01-17 16:18:52+00:00,2022-01-21 23:07:39+00:00,4.283877314814815,post_resolution,1,9,1,CVE-2018-14335; CVE-2021-42392; CVE-2022-23221
32,geotools,H2,2022-01-21 23:07:39+00:00,2023-09-17 00:00:00+00:00,603.0363541666667,post_resolution,1,9,1,CVE-2018-14335; CVE-2021-42392; CVE-2022-23221
32,geotools,H2,2023-09-17 00:00:00+00:00,2024-01-04 00:00:00+00:00,109.0,post_resolution,2,10,2,CVE-2018-14335; CVE-2021-42392; CVE-2022-23221; CVE-2022-45868
32,geotools,H2,2024-01-04 00:00:00+00:00,2025-12-30 00:00:00+00:00,726.0,post_resolution,1,9,1,CVE-2018-14335; CVE-2021-42392; CVE-2022-23221
32,geotools,HyperSQL,2020-05-06 00:00:00+00:00,2022-10-06 18:17:07.190000+00:00,883.7618887731481,pre_disclosure,1,66,1,CVE-2022-41853
32,geotools,HyperSQL,2022-10-06 18:17:07.190000+00:00,2022-10-22 14:19:43+00:00,15.835136689814815,post_disclosure,1,66,1,CVE-2022-41853
32,geotools,HyperSQL,2022-10-22 14:19:43+00:00,2023-09-17 00:00:00+00:00,329.40297453703704,post_resolution,1,66,1,CVE-2022-41853
32,geotools,MS SQL Server_Microsoft Azure SQL Database,2020-11-14 00:00:00+00:00,2021-02-25 00:00:00+00:00,103.0,pre_disclosure,1,2,1,CVE-2025-59250
32,geotools,MS SQL Server_Microsoft Azure SQL Database,2021-02-25 00:00:00+00:00,2021-02-27 00:00:00+00:00,2.0,pre_disclosure,2,5,2,CVE-2025-59250
32,geotools,MS SQL Server_Microsoft Azure SQL Database,2021-02-27 00:00:00+00:00,2021-08-13 00:00:00+00:00,167.0,pre_disclosure,1,3,1,CVE-2025-59250
32,geotools,MS SQL Server_Microsoft Azure SQL Database,2021-08-13 00:00:00+00:00,2025-10-13 00:00:00+00:00,1522.0,pre_disclosure,1,3,1,CVE-2025-59250
32,geotools,MS SQL Server_Microsoft Azure SQL Database,2025-10-13 00:00:00+00:00,2025-10-14 17:16:07.240000+00:00,1.7195282407407406,post_resolution,1,3,1,CVE-2025-59250
32,geotools,MS SQL Server_Microsoft Azure SQL Database,2025-10-14 17:16:07.240000+00:00,2025-10-16 00:00:00+00:00,1.2804717592592592,post_resolution,1,3,1,CVE-2025-59250
32,geotools,MongoDB,2020-05-19 00:00:00+00:00,2021-02-18 00:00:00+00:00,275.0,pre_disclosure,1,2,1,CVE-2021-20328
32,geotools,MongoDB,2021-02-18 00:00:00+00:00,2021-02-25 17:15:28.303000+00:00,7.719077581018518,post_resolution,1,2,1,CVE-2021-20328
32,geotools,MongoDB,2021-02-25 17:15:28.303000+00:00,2021-09-07 00:00:00+00:00,193.28092241898148,post_resolution,1,2,1,CVE-2021-20328
32,geotools,MySQL,2020-05-06 00:00:00+00:00,2020-07-01 17:12:20+00:00,56.71689814814815,post_resolution,1,2,1,CVE-2018-3258; CVE-2019-2692; CVE-2020-2934; CVE-2022-21363; CVE-2023-22102
32,geotools,MySQL,2020-07-01 17:12:20+00:00,2020-07-14 00:00:00+00:00,12.283101851851852,post_resolution,1,2,1,CVE-2018-3258; CVE-2019-2692; CVE-2020-2934; CVE-2022-21363; CVE-2023-22102
32,geotools,MySQL,2020-07-14 00:00:00+00:00,2020-09-04 00:00:00+00:00,52.0,post_resolution,1,2,1,CVE-2018-3258; CVE-2019-2692; CVE-2020-2934; CVE-2022-21363; CVE-2023-22102
32,geotools,MySQL,2020-09-04 00:00:00+00:00,2020-11-21 00:00:00+00:00,78.0,pre_disclosure,1,2,1,CVE-2021-2471; CVE-2022-21363; CVE-2023-22102
32,geotools,MySQL,2020-11-21 00:00:00+00:00,2021-05-03 00:00:00+00:00,163.0,pre_disclosure,1,2,1,CVE-2021-2471; CVE-2022-21363; CVE-2023-22102
32,geotools,MySQL,2021-05-03 00:00:00+00:00,2021-08-13 00:00:00+00:00,102.0,pre_disclosure,1,3,1,CVE-2021-2471; CVE-2022-21363; CVE-2023-22102
32,geotools,MySQL,2021-08-13 00:00:00+00:00,2021-09-28 18:17:43+00:00,46.76230324074074,pre_disclosure,1,3,1,CVE-2021-2471; CVE-2022-21363; CVE-2023-22102
32,geotools,MySQL,2021-09-28 18:17:43+00:00,2021-10-20 11:16:17.117000+00:00,21.70733931712963,post_resolution,1,3,1,CVE-2021-2471; CVE-2022-21363; CVE-2023-22102
32,geotools,MySQL,2021-10-20 11:16:17.117000+00:00,2021-12-16 00:25:41+00:00,56.548193090277785,post_resolution,1,3,1,CVE-2021-2471; CVE-2022-21363; CVE-2023-22102
32,geotools,MySQL,2021-12-16 00:25:41+00:00,2022-01-20 00:00:48+00:00,34.98271990740741,post_resolution,1,3,1,CVE-2021-2471; CVE-2022-21363; CVE-2023-22102
32,geotools,MySQL,2022-01-20 00:00:48+00:00,2023-09-17 00:00:00+00:00,604.9994444444444,post_resolution,1,3,1,CVE-2021-2471; CVE-2022-21363; CVE-2023-22102
32,geotools,MySQL,2023-09-17 00:00:00+00:00,2023-10-17 22:15:15.100000+00:00,30.92725810185185,pre_disclosure,1,2,1,CVE-2023-22102
32,geotools,MySQL,2023-10-17 22:15:15.100000+00:00,2023-10-25 08:46:05+00:00,7.438077546296297,post_disclosure,1,2,1,CVE-2023-22102
32,geotools,MySQL,2023-10-25 08:46:05+00:00,2024-12-06 00:00:00+00:00,407.6346643518518,post_resolution,1,2,1,CVE-2023-22102
32,geotools,PostgreSQL,2020-05-06 00:00:00+00:00,2020-06-04 13:16:11+00:00,29.552905092592592,post_resolution,1,7,1,CVE-2020-13692; CVE-2022-26520; CVE-2026-42198; GHSA-673j-qm5f-xpv8; GHSA-xfg6-62px-cxc2
32,geotools,PostgreSQL,2020-06-04 13:16:11+00:00,2020-06-04 16:15:12.657000+00:00,0.12432473379629629,post_resolution,1,7,1,CVE-2020-13692; CVE-2022-26520; CVE-2026-42198; GHSA-673j-qm5f-xpv8; GHSA-xfg6-62px-cxc2
32,geotools,PostgreSQL,2020-06-04 16:15:12.657000+00:00,2020-06-23 00:00:00+00:00,18.32277017361111,post_resolution,1,7,1,CVE-2020-13692; CVE-2022-26520; CVE-2026-42198; GHSA-673j-qm5f-xpv8; GHSA-xfg6-62px-cxc2
32,geotools,PostgreSQL,2020-06-23 00:00:00+00:00,2020-11-14 00:00:00+00:00,144.0,pre_disclosure,1,7,1,CVE-2022-26520; CVE-2026-42198; GHSA-673j-qm5f-xpv8
32,geotools,PostgreSQL,2020-11-14 00:00:00+00:00,2021-02-25 00:00:00+00:00,103.0,pre_disclosure,1,7,1,CVE-2022-26520; CVE-2026-42198; GHSA-673j-qm5f-xpv8
32,geotools,PostgreSQL,2021-02-25 00:00:00+00:00,2021-02-27 00:00:00+00:00,2.0,pre_disclosure,2,15,2,CVE-2022-26520; CVE-2026-42198; GHSA-673j-qm5f-xpv8
32,geotools,PostgreSQL,2021-02-27 00:00:00+00:00,2021-08-13 00:00:00+00:00,167.0,pre_disclosure,1,8,1,CVE-2022-26520; CVE-2026-42198; GHSA-673j-qm5f-xpv8
32,geotools,PostgreSQL,2021-08-13 00:00:00+00:00,2022-02-02 00:00:00+00:00,173.0,pre_disclosure,1,8,1,CVE-2022-26520; CVE-2026-42198; GHSA-673j-qm5f-xpv8
32,geotools,PostgreSQL,2022-02-02 00:00:00+00:00,2022-02-15 19:06:43+00:00,13.796331018518519,pre_disclosure,1,7,1,CVE-2022-26520; CVE-2026-42198; GHSA-673j-qm5f-xpv8
32,geotools,PostgreSQL,2022-02-15 19:06:43+00:00,2022-02-16 00:00:00+00:00,0.2036689814814815,post_resolution,1,7,1,CVE-2022-26520; CVE-2026-42198; GHSA-673j-qm5f-xpv8
32,geotools,PostgreSQL,2022-02-16 00:00:00+00:00,2022-08-06 05:51:38+00:00,171.2441898148148,pre_disclosure,1,7,1,CVE-2022-31197; CVE-2022-41946; CVE-2026-42198
32,geotools,PostgreSQL,2022-08-06 05:51:38+00:00,2022-08-15 00:00:00+00:00,8.755810185185185,post_disclosure,1,7,1,CVE-2022-31197; CVE-2022-41946; CVE-2026-42198
32,geotools,PostgreSQL,2022-08-15 00:00:00+00:00,2022-11-23 00:00:00+00:00,100.0,post_resolution,1,7,1,CVE-2022-31197; CVE-2022-41946; CVE-2026-42198
32,geotools,PostgreSQL,2022-11-23 00:00:00+00:00,2022-11-23 20:15:10.253000+00:00,0.8438686689814815,post_resolution,1,7,1,CVE-2022-31197; CVE-2022-41946; CVE-2026-42198
32,geotools,PostgreSQL,2022-11-23 20:15:10.253000+00:00,2023-09-17 00:00:00+00:00,297.1561313310185,post_resolution,1,7,1,CVE-2022-31197; CVE-2022-41946; CVE-2026-42198
32,geotools,PostgreSQL,2023-09-17 00:00:00+00:00,2024-02-21 00:00:00+00:00,157.0,pre_disclosure,1,7,1,CVE-2026-42198
32,geotools,PostgreSQL,2024-02-21 00:00:00+00:00,2024-05-17 00:00:00+00:00,86.0,pre_disclosure,1,7,1,CVE-2026-42198
32,geotools,PostgreSQL,2024-05-17 00:00:00+00:00,2024-05-21 00:00:00+00:00,4.0,pre_disclosure,2,14,2,CVE-2026-42198
32,geotools,PostgreSQL,2024-05-21 00:00:00+00:00,2025-02-07 00:00:00+00:00,262.0,pre_disclosure,1,7,1,CVE-2026-42198
32,geotools,PostgreSQL,2025-02-07 00:00:00+00:00,2025-06-02 00:00:00+00:00,115.0,pre_disclosure,1,7,1,CVE-2025-49146; CVE-2026-42198
32,geotools,PostgreSQL,2025-06-02 00:00:00+00:00,2025-06-11 09:55:12+00:00,9.413333333333334,pre_disclosure,1,7,1,CVE-2025-49146; CVE-2026-42198
32,geotools,PostgreSQL,2025-06-11 09:55:12+00:00,2025-06-11 14:44:04+00:00,0.20060185185185186,post_resolution,1,7,1,CVE-2025-49146; CVE-2026-42198
32,geotools,PostgreSQL,2025-06-11 14:44:04+00:00,2025-06-12 00:00:00+00:00,0.3860648148148148,post_resolution,1,7,1,CVE-2025-49146; CVE-2026-42198
32,geotools,PostgreSQL,2025-06-12 00:00:00+00:00,2025-11-15 00:00:00+00:00,156.0,pre_disclosure,1,7,1,CVE-2026-42198
32,geotools,PostgreSQL,2025-11-15 00:00:00+00:00,2025-12-30 00:00:00+00:00,45.0,pre_disclosure,1,6,1,CVE-2026-42198
32,geotools,SQLite,2020-05-06 00:00:00+00:00,2020-06-03 00:00:00+00:00,28.0,pre_disclosure,1,3,1,CVE-2023-32697
32,geotools,SQLite,2020-06-03 00:00:00+00:00,2020-12-22 00:00:00+00:00,202.0,pre_disclosure,1,3,1,CVE-2023-32697
32,geotools,SQLite,2020-12-22 00:00:00+00:00,2020-12-23 00:00:00+00:00,1.0,pre_disclosure,2,7,2,CVE-2023-32697
32,geotools,SQLite,2020-12-23 00:00:00+00:00,2023-05-19 10:50:50+00:00,877.4519675925926,pre_disclosure,1,4,1,CVE-2023-32697
32,geotools,SQLite,2023-05-19 10:50:50+00:00,2023-05-23 23:15:09.337000+00:00,4.516890474537037,post_resolution,1,4,1,CVE-2023-32697
32,geotools,SQLite,2023-05-23 23:15:09.337000+00:00,2023-09-17 00:00:00+00:00,116.03114193287038,post_resolution,1,4,1,CVE-2023-32697
33,guice,HyperSQL,2010-10-21 00:00:00+00:00,2022-10-06 18:17:07.190000+00:00,4368.761888773148,pre_disclosure,1,1,1,CVE-2022-41853
33,guice,HyperSQL,2022-10-06 18:17:07.190000+00:00,2022-10-22 14:19:43+00:00,15.835136689814815,post_disclosure,1,1,1,CVE-2022-41853
33,guice,HyperSQL,2022-10-22 14:19:43+00:00,2025-03-07 00:00:00+00:00,866.402974537037,post_resolution,1,1,1,CVE-2022-41853
37,pitest,Hazelcast,2011-06-27 00:00:00+00:00,2011-09-05 00:00:00+00:00,70.0,pre_disclosure,1,2,1,CVE-2016-10750; CVE-2023-33265; CVE-2023-45860
38,java-design-patterns,H2,2015-04-12 00:00:00+00:00,2015-09-11 00:00:00+00:00,152.0,pre_disclosure,1,1,1,CVE-2018-14335; CVE-2021-42392; CVE-2022-23221
38,java-design-patterns,H2,2015-09-11 00:00:00+00:00,2016-01-07 00:00:00+00:00,118.0,pre_disclosure,1,3,1,CVE-2018-14335; CVE-2021-42392; CVE-2022-23221
38,java-design-patterns,H2,2016-01-07 00:00:00+00:00,2018-07-24 13:29:00.603000+00:00,929.5618125347222,pre_disclosure,1,10,1,CVE-2018-14335; CVE-2021-42392; CVE-2022-23221
38,java-design-patterns,H2,2018-07-24 13:29:00.603000+00:00,2019-02-22 14:41:59+00:00,213.0506758912037,post_disclosure,1,10,1,CVE-2018-14335; CVE-2021-42392; CVE-2022-23221
38,java-design-patterns,H2,2019-02-22 14:41:59+00:00,2022-01-04 20:53:00+00:00,1047.257650462963,post_resolution,1,10,1,CVE-2018-14335; CVE-2021-42392; CVE-2022-23221
38,java-design-patterns,H2,2022-01-04 20:53:00+00:00,2022-01-06 23:55:09+00:00,2.1264930555555557,post_resolution,1,10,1,CVE-2018-14335; CVE-2021-42392; CVE-2022-23221
38,java-design-patterns,H2,2022-01-06 23:55:09+00:00,2022-01-17 16:18:52+00:00,10.683136574074075,post_resolution,1,10,1,CVE-2018-14335; CVE-2021-42392; CVE-2022-23221
38,java-design-patterns,H2,2022-01-17 16:18:52+00:00,2022-01-21 23:07:39+00:00,4.283877314814815,post_resolution,1,10,1,CVE-2018-14335; CVE-2021-42392; CVE-2022-23221
38,java-design-patterns,H2,2022-01-21 23:07:39+00:00,2022-11-20 00:00:00+00:00,302.0363541666667,post_resolution,1,10,1,CVE-2018-14335; CVE-2021-42392; CVE-2022-23221
38,java-design-patterns,H2,2022-11-20 00:00:00+00:00,2022-11-21 00:00:00+00:00,1.0,post_resolution,2,23,2,CVE-2018-14335; CVE-2021-42392; CVE-2022-23221
38,java-design-patterns,H2,2022-11-21 00:00:00+00:00,2022-11-23 21:30:31+00:00,2.89619212962963,pre_disclosure,1,13,1,CVE-2022-45868
38,java-design-patterns,H2,2022-11-23 21:30:31+00:00,2023-07-05 14:57:30+00:00,223.72707175925925,post_disclosure,1,13,1,CVE-2022-45868
38,java-design-patterns,H2,2023-07-05 14:57:30+00:00,2025-03-29 00:00:00+00:00,632.3767361111111,post_resolution,1,13,1,CVE-2022-45868
38,java-design-patterns,HyperSQL,2015-09-11 00:00:00+00:00,2022-10-06 18:17:07.190000+00:00,2582.7618887731483,pre_disclosure,1,2,1,CVE-2022-41853
38,java-design-patterns,HyperSQL,2022-10-06 18:17:07.190000+00:00,2022-10-22 14:19:43+00:00,15.835136689814815,post_disclosure,1,2,1,CVE-2022-41853
38,java-design-patterns,HyperSQL,2022-10-22 14:19:43+00:00,2022-11-20 00:00:00+00:00,28.402974537037036,post_resolution,1,2,1,CVE-2022-41853
38,java-design-patterns,MongoDB,2015-11-01 00:00:00+00:00,2021-02-18 00:00:00+00:00,1936.0,pre_disclosure,1,1,1,CVE-2021-20328
38,java-design-patterns,MongoDB,2021-02-18 00:00:00+00:00,2021-02-25 17:15:28.303000+00:00,7.719077581018518,post_resolution,1,1,1,CVE-2021-20328
38,java-design-patterns,MongoDB,2021-02-25 17:15:28.303000+00:00,2022-12-04 00:00:00+00:00,646.2809224189814,post_resolution,1,1,1,CVE-2021-20328
39,immutables,H2,2014-10-30 00:00:00+00:00,2015-02-11 00:00:00+00:00,104.0,pre_disclosure,1,1,1,CVE-2018-14335; CVE-2021-42392; CVE-2022-23221
41,heritrix3,HBase,2024-10-17 00:00:00+00:00,2024-10-18 00:00:00+00:00,1.0,post_resolution,1,1,1,CVE-2015-1836
42,janusgraph,Cassandra,2012-04-30 00:00:00+00:00,2012-05-01 00:00:00+00:00,1.0,pre_disclosure,2,2,2,CVE-2020-17516; CVE-2025-23015
42,janusgraph,Cassandra,2012-05-01 00:00:00+00:00,2012-08-15 00:00:00+00:00,106.0,pre_disclosure,1,1,1,CVE-2020-17516; CVE-2025-23015
42,janusgraph,Cassandra,2012-08-15 00:00:00+00:00,2012-08-20 00:00:00+00:00,5.0,pre_disclosure,2,2,2,CVE-2020-17516; CVE-2025-23015
42,janusgraph,Cassandra,2012-08-20 00:00:00+00:00,2013-03-26 00:00:00+00:00,218.0,pre_disclosure,1,1,1,CVE-2020-17516; CVE-2025-23015
42,janusgraph,Cassandra,2013-03-26 00:00:00+00:00,2015-04-01 00:00:00+00:00,736.0,pre_disclosure,1,2,1,CVE-2015-0225; CVE-2020-17516; CVE-2025-23015
42,janusgraph,Cassandra,2015-04-01 00:00:00+00:00,2020-08-02 00:00:00+00:00,1950.0,post_resolution,1,2,1,CVE-2015-0225; CVE-2020-17516; CVE-2025-23015
43,gitlab-plugin,PostgreSQL,2019-09-20 00:00:00+00:00,2020-06-04 13:16:11+00:00,258.5529050925926,post_resolution,1,1,1,CVE-2018-10936; CVE-2020-13692; CVE-2022-41946; GHSA-xfg6-62px-cxc2
43,gitlab-plugin,PostgreSQL,2020-06-04 13:16:11+00:00,2020-06-04 16:15:12.657000+00:00,0.12432473379629629,post_resolution,1,1,1,CVE-2018-10936; CVE-2020-13692; CVE-2022-41946; GHSA-xfg6-62px-cxc2
43,gitlab-plugin,PostgreSQL,2020-06-04 16:15:12.657000+00:00,2021-10-19 00:00:00+00:00,501.32277017361116,post_resolution,1,1,1,CVE-2018-10936; CVE-2020-13692; CVE-2022-41946; GHSA-xfg6-62px-cxc2
43,gitlab-plugin,PostgreSQL,2021-10-19 00:00:00+00:00,2021-10-21 00:00:00+00:00,2.0,post_resolution,2,2,2,CVE-2018-10936; CVE-2020-13692; CVE-2022-41946; GHSA-xfg6-62px-cxc2
43,gitlab-plugin,PostgreSQL,2021-10-21 00:00:00+00:00,2021-10-30 00:00:00+00:00,9.0,pre_disclosure,1,1,1,CVE-2022-21724; CVE-2022-26520; CVE-2022-31197; CVE-2022-41946; CVE-2026-42198; GHSA-673j-qm5f-xpv8
43,gitlab-plugin,PostgreSQL,2021-10-30 00:00:00+00:00,2022-02-01 00:00:00+00:00,94.0,pre_disclosure,1,1,1,CVE-2022-21724; CVE-2022-26520; CVE-2022-31197; CVE-2022-41946; CVE-2026-42198; GHSA-673j-qm5f-xpv8
43,gitlab-plugin,PostgreSQL,2022-02-01 00:00:00+00:00,2022-02-15 19:06:43+00:00,14.796331018518519,pre_disclosure,1,1,1,CVE-2022-26520; CVE-2022-31197; CVE-2022-41946; CVE-2026-42198; GHSA-673j-qm5f-xpv8
43,gitlab-plugin,PostgreSQL,2022-02-15 19:06:43+00:00,2022-02-16 00:08:18+00:00,0.20943287037037037,post_resolution,1,1,1,CVE-2022-26520; CVE-2022-31197; CVE-2022-41946; CVE-2026-42198; GHSA-673j-qm5f-xpv8
43,gitlab-plugin,PostgreSQL,2022-02-16 00:08:18+00:00,2022-02-20 00:00:00+00:00,3.9942361111111113,post_resolution,1,1,1,CVE-2022-26520; CVE-2022-31197; CVE-2022-41946; CVE-2026-42198; GHSA-673j-qm5f-xpv8
43,gitlab-plugin,PostgreSQL,2022-02-20 00:00:00+00:00,2022-05-04 00:00:00+00:00,73.0,pre_disclosure,1,1,1,CVE-2022-31197; CVE-2022-41946; CVE-2026-42198
43,gitlab-plugin,PostgreSQL,2022-05-04 00:00:00+00:00,2022-05-24 00:00:00+00:00,20.0,pre_disclosure,1,1,1,CVE-2022-31197; CVE-2022-41946; CVE-2026-42198
43,gitlab-plugin,PostgreSQL,2022-05-24 00:00:00+00:00,2022-06-09 00:00:00+00:00,16.0,pre_disclosure,1,1,1,CVE-2022-31197; CVE-2022-41946; CVE-2026-42198
43,gitlab-plugin,PostgreSQL,2022-06-09 00:00:00+00:00,2022-08-27 00:00:00+00:00,79.0,pre_disclosure,1,1,1,CVE-2026-42198
43,gitlab-plugin,PostgreSQL,2022-08-27 00:00:00+00:00,2022-08-30 00:00:00+00:00,3.0,pre_disclosure,2,2,2,CVE-2026-42198
43,gitlab-plugin,PostgreSQL,2022-08-30 00:00:00+00:00,2022-11-23 00:00:00+00:00,85.0,pre_disclosure,1,1,1,CVE-2026-42198
43,gitlab-plugin,PostgreSQL,2022-11-23 00:00:00+00:00,2023-02-06 00:00:00+00:00,75.0,pre_disclosure,1,1,1,CVE-2026-42198
43,gitlab-plugin,PostgreSQL,2023-02-06 00:00:00+00:00,2023-02-17 00:00:00+00:00,11.0,pre_disclosure,1,1,1,CVE-2026-42198
43,gitlab-plugin,PostgreSQL,2023-02-17 00:00:00+00:00,2023-03-21 00:00:00+00:00,32.0,pre_disclosure,1,1,1,CVE-2026-42198
43,gitlab-plugin,PostgreSQL,2023-03-21 00:00:00+00:00,2023-03-24 00:00:00+00:00,3.0,pre_disclosure,2,2,2,CVE-2026-42198
43,gitlab-plugin,PostgreSQL,2023-03-24 00:00:00+00:00,2023-11-20 00:00:00+00:00,241.0,pre_disclosure,1,1,1,CVE-2026-42198
43,gitlab-plugin,PostgreSQL,2023-11-20 00:00:00+00:00,2023-12-11 00:00:00+00:00,21.0,pre_disclosure,1,1,1,CVE-2024-1597; CVE-2026-42198
43,gitlab-plugin,PostgreSQL,2023-12-11 00:00:00+00:00,2024-02-21 00:00:00+00:00,72.0,pre_disclosure,1,1,1,CVE-2024-1597; CVE-2026-42198
43,gitlab-plugin,PostgreSQL,2024-02-21 00:00:00+00:00,2024-02-21 23:33:43+00:00,0.9817476851851852,post_resolution,1,1,1,CVE-2024-1597; CVE-2026-42198
43,gitlab-plugin,PostgreSQL,2024-02-21 23:33:43+00:00,2024-02-27 00:00:00+00:00,5.018252314814815,post_resolution,1,1,1,CVE-2024-1597; CVE-2026-42198
43,gitlab-plugin,PostgreSQL,2024-02-27 00:00:00+00:00,2024-03-16 00:00:00+00:00,18.0,pre_disclosure,1,1,1,CVE-2026-42198
43,gitlab-plugin,PostgreSQL,2024-03-16 00:00:00+00:00,2024-08-23 00:00:00+00:00,160.0,pre_disclosure,1,1,1,CVE-2026-42198
43,gitlab-plugin,PostgreSQL,2024-08-23 00:00:00+00:00,2024-08-27 00:00:00+00:00,4.0,pre_disclosure,2,2,2,CVE-2025-49146; CVE-2026-42198; CVE-2026-42198
43,gitlab-plugin,PostgreSQL,2024-08-27 00:00:00+00:00,2025-01-25 00:00:00+00:00,151.0,pre_disclosure,1,1,1,CVE-2025-49146; CVE-2026-42198
43,gitlab-plugin,PostgreSQL,2025-01-25 00:00:00+00:00,2025-05-29 00:00:00+00:00,124.0,pre_disclosure,1,1,1,CVE-2025-49146; CVE-2026-42198
43,gitlab-plugin,PostgreSQL,2025-05-29 00:00:00+00:00,2025-06-11 09:55:12+00:00,13.413333333333334,pre_disclosure,1,1,1,CVE-2025-49146; CVE-2026-42198
43,gitlab-plugin,PostgreSQL,2025-06-11 09:55:12+00:00,2025-06-11 14:44:04+00:00,0.20060185185185186,post_resolution,1,1,1,CVE-2025-49146; CVE-2026-42198
43,gitlab-plugin,PostgreSQL,2025-06-11 14:44:04+00:00,2025-06-12 00:00:00+00:00,0.3860648148148148,post_resolution,1,1,1,CVE-2025-49146; CVE-2026-42198
43,gitlab-plugin,PostgreSQL,2025-06-12 00:00:00+00:00,2025-09-19 00:00:00+00:00,99.0,pre_disclosure,1,1,1,CVE-2026-42198
43,gitlab-plugin,PostgreSQL,2025-09-19 00:00:00+00:00,2026-01-02 00:00:00+00:00,105.0,pre_disclosure,1,1,1,CVE-2026-42198
44,DependencyCheck,H2,2013-01-06 00:00:00+00:00,2013-03-28 00:00:00+00:00,81.0,pre_disclosure,1,1,1,CVE-2018-14335; CVE-2021-42392; CVE-2022-23221
44,DependencyCheck,H2,2013-03-28 00:00:00+00:00,2013-05-27 00:00:00+00:00,60.0,pre_disclosure,1,1,1,CVE-2018-14335; CVE-2021-42392; CVE-2022-23221
44,DependencyCheck,H2,2013-05-27 00:00:00+00:00,2013-06-02 00:00:00+00:00,6.0,pre_disclosure,2,5,2,CVE-2018-14335; CVE-2021-42392; CVE-2022-23221
44,DependencyCheck,H2,2013-06-02 00:00:00+00:00,2015-01-04 00:00:00+00:00,581.0,pre_disclosure,1,4,1,CVE-2018-14335; CVE-2021-42392; CVE-2022-23221
44,DependencyCheck,H2,2015-01-04 00:00:00+00:00,2018-03-29 00:00:00+00:00,1180.0,pre_disclosure,1,4,1,CVE-2018-14335; CVE-2021-42392; CVE-2022-23221
44,DependencyCheck,H2,2018-03-29 00:00:00+00:00,2018-07-24 13:29:00.603000+00:00,117.56181253472222,pre_disclosure,1,5,1,CVE-2018-14335; CVE-2021-42392; CVE-2022-23221
44,DependencyCheck,H2,2018-07-24 13:29:00.603000+00:00,2019-02-22 14:41:59+00:00,213.0506758912037,post_disclosure,1,5,1,CVE-2018-14335; CVE-2021-42392; CVE-2022-23221
44,DependencyCheck,H2,2019-02-22 14:41:59+00:00,2020-01-01 00:00:00+00:00,312.3875115740741,post_resolution,1,5,1,CVE-2018-14335; CVE-2021-42392; CVE-2022-23221
44,DependencyCheck,H2,2020-01-01 00:00:00+00:00,2021-11-29 11:00:04+00:00,698.4583796296296,pre_disclosure,1,4,1,CVE-2021-23463; CVE-2021-42392; CVE-2022-23221; CVE-2022-45868
44,DependencyCheck,H2,2021-11-29 11:00:04+00:00,2021-12-16 14:29:57+00:00,17.145752314814814,post_resolution,1,4,1,CVE-2021-23463; CVE-2021-42392; CVE-2022-23221; CVE-2022-45868
44,DependencyCheck,H2,2021-12-16 14:29:57+00:00,2022-01-04 20:53:00+00:00,19.266006944444445,post_resolution,1,4,1,CVE-2021-23463; CVE-2021-42392; CVE-2022-23221; CVE-2022-45868
44,DependencyCheck,H2,2022-01-04 20:53:00+00:00,2022-01-06 23:55:09+00:00,2.1264930555555557,post_resolution,1,4,1,CVE-2021-23463; CVE-2021-42392; CVE-2022-23221; CVE-2022-45868
44,DependencyCheck,H2,2022-01-06 23:55:09+00:00,2022-01-17 00:00:00+00:00,10.003368055555555,post_resolution,1,4,1,CVE-2021-23463; CVE-2021-42392; CVE-2022-23221; CVE-2022-45868
44,DependencyCheck,H2,2022-01-17 00:00:00+00:00,2022-01-17 16:18:52+00:00,0.6797685185185185,post_resolution,2,8,2,CVE-2021-23463; CVE-2021-42392; CVE-2022-23221; CVE-2022-45868
44,DependencyCheck,H2,2022-01-17 16:18:52+00:00,2022-01-20 00:00:00+00:00,2.3202314814814815,post_resolution,2,8,2,CVE-2021-23463; CVE-2021-42392; CVE-2022-23221; CVE-2022-45868; CVE-2022-23221; CVE-2022-45868
44,DependencyCheck,H2,2022-01-20 00:00:00+00:00,2022-01-21 23:07:39+00:00,1.9636458333333333,post_resolution,1,4,1,CVE-2022-23221; CVE-2022-45868
44,DependencyCheck,H2,2022-01-21 23:07:39+00:00,2022-01-26 00:00:00+00:00,4.0363541666666665,post_resolution,1,4,1,CVE-2022-23221; CVE-2022-45868
44,DependencyCheck,H2,2022-01-26 00:00:00+00:00,2022-01-28 00:00:00+00:00,2.0,post_resolution,2,8,2,CVE-2022-23221; CVE-2022-45868
44,DependencyCheck,H2,2022-01-28 00:00:00+00:00,2022-06-21 00:00:00+00:00,144.0,pre_disclosure,1,4,1,CVE-2022-45868
44,DependencyCheck,H2,2022-06-21 00:00:00+00:00,2022-11-23 21:30:31+00:00,155.89619212962964,pre_disclosure,1,4,1,CVE-2022-45868
44,DependencyCheck,H2,2022-11-23 21:30:31+00:00,2023-07-05 14:57:30+00:00,223.72707175925925,post_disclosure,1,4,1,CVE-2022-45868
44,DependencyCheck,H2,2023-07-05 14:57:30+00:00,2024-09-18 00:00:00+00:00,440.3767361111111,post_resolution,1,4,1,CVE-2022-45868
44,DependencyCheck,Hazelcast,2013-08-14 00:00:00+00:00,2018-10-23 13:23:32+00:00,1896.5580092592593,pre_disclosure,1,1,1,CVE-2016-10750; CVE-2023-33265; CVE-2023-45860
44,DependencyCheck,Hazelcast,2018-10-23 13:23:32+00:00,2022-05-24 16:46:09+00:00,1309.1407060185186,post_resolution,1,1,1,CVE-2016-10750; CVE-2023-33265; CVE-2023-45860
44,DependencyCheck,Hazelcast,2022-05-24 16:46:09+00:00,2023-06-28 13:25:25+00:00,399.86060185185187,post_resolution,1,1,1,CVE-2016-10750; CVE-2023-33265; CVE-2023-45860
44,DependencyCheck,Hazelcast,2023-06-28 13:25:25+00:00,2023-07-19 22:08:40+00:00,21.363368055555554,post_resolution,1,1,1,CVE-2016-10750; CVE-2023-33265; CVE-2023-45860
44,DependencyCheck,Hazelcast,2023-07-19 22:08:40+00:00,2024-02-16 23:14:45+00:00,212.0458912037037,post_resolution,1,1,1,CVE-2016-10750; CVE-2023-33265; CVE-2023-45860
44,DependencyCheck,Hazelcast,2024-02-16 23:14:45+00:00,2024-02-23 13:37:44+00:00,6.599293981481481,post_resolution,1,1,1,CVE-2016-10750; CVE-2023-33265; CVE-2023-45860
44,DependencyCheck,Hazelcast,2024-02-23 13:37:44+00:00,2025-01-23 00:00:00+00:00,334.4321296296296,post_resolution,1,1,1,CVE-2016-10750; CVE-2023-33265; CVE-2023-45860
46,jooby,H2,2014-06-27 00:00:00+00:00,2014-10-26 00:00:00+00:00,121.0,pre_disclosure,1,3,1,CVE-2018-14335; CVE-2021-42392; CVE-2022-23221
46,jooby,H2,2014-10-26 00:00:00+00:00,2015-12-09 00:00:00+00:00,409.0,pre_disclosure,1,3,1,CVE-2018-14335; CVE-2021-42392; CVE-2022-23221
46,jooby,H2,2015-12-09 00:00:00+00:00,2018-07-24 13:29:00.603000+00:00,958.5618125347222,pre_disclosure,1,2,1,CVE-2018-14335; CVE-2021-42392; CVE-2022-23221
46,jooby,H2,2018-07-24 13:29:00.603000+00:00,2019-01-24 00:00:00+00:00,183.43818746527776,post_disclosure,1,2,1,CVE-2018-14335; CVE-2021-42392; CVE-2022-23221
46,jooby,H2,2019-01-24 00:00:00+00:00,2019-02-22 14:41:59+00:00,29.612488425925925,post_disclosure,1,1,1,CVE-2018-14335; CVE-2021-42392; CVE-2022-23221
46,jooby,H2,2019-02-22 14:41:59+00:00,2019-05-05 00:00:00+00:00,71.38751157407407,post_resolution,1,1,1,CVE-2018-14335; CVE-2021-42392; CVE-2022-23221
46,jooby,Hazelcast,2015-07-19 00:00:00+00:00,2016-04-02 00:00:00+00:00,258.0,pre_disclosure,1,2,1,CVE-2016-10750; CVE-2023-33265; CVE-2023-45860
46,jooby,Hazelcast,2016-04-02 00:00:00+00:00,2016-04-03 00:00:00+00:00,1.0,pre_disclosure,2,4,2,CVE-2016-10750; CVE-2023-33265; CVE-2023-45860
46,jooby,Hazelcast,2016-04-03 00:00:00+00:00,2016-07-01 00:00:00+00:00,89.0,pre_disclosure,1,2,1,CVE-2016-10750; CVE-2023-33265; CVE-2023-45860
46,jooby,MySQL,2014-06-27 00:00:00+00:00,2014-10-26 00:00:00+00:00,121.0,pre_disclosure,1,1,1,CVE-2015-2575; CVE-2017-3523; CVE-2017-3586; CVE-2017-3589; CVE-2018-3258; CVE-2019-2692; CVE-2020-2934; CVE-2022-21363; CVE-2023-22102
46,jooby,MySQL,2014-10-26 00:00:00+00:00,2015-05-08 10:55:46+00:00,194.45539351851852,pre_disclosure,1,1,1,CVE-2015-2575; CVE-2017-3523; CVE-2017-3586; CVE-2017-3589; CVE-2018-3258; CVE-2019-2692; CVE-2020-2934; CVE-2022-21363; CVE-2023-22102
46,jooby,MySQL,2015-05-08 10:55:46+00:00,2015-12-08 00:00:00+00:00,213.54460648148148,post_resolution,1,1,1,CVE-2015-2575; CVE-2017-3523; CVE-2017-3586; CVE-2017-3589; CVE-2018-3258; CVE-2019-2692; CVE-2020-2934; CVE-2022-21363; CVE-2023-22102
46,jooby,MySQL,2015-12-08 00:00:00+00:00,2015-12-09 00:00:00+00:00,1.0,post_resolution,2,2,2,CVE-2015-2575; CVE-2017-3523; CVE-2017-3586; CVE-2017-3589; CVE-2018-3258; CVE-2019-2692; CVE-2020-2934; CVE-2022-21363; CVE-2023-22102
46,jooby,MySQL,2015-12-09 00:00:00+00:00,2017-02-14 20:27:59+00:00,433.8527662037037,pre_disclosure,1,1,1,CVE-2017-3523; CVE-2017-3586; CVE-2017-3589; CVE-2018-3258; CVE-2019-2692; CVE-2020-2934; CVE-2022-21363; CVE-2023-22102
46,jooby,MySQL,2017-02-14 20:27:59+00:00,2017-04-17 18:23:36+00:00,61.91362268518518,post_resolution,1,1,1,CVE-2017-3523; CVE-2017-3586; CVE-2017-3589; CVE-2018-3258; CVE-2019-2692; CVE-2020-2934; CVE-2022-21363; CVE-2023-22102
46,jooby,MySQL,2017-04-17 18:23:36+00:00,2018-09-27 09:18:47+00:00,527.6216550925926,post_resolution,1,1,1,CVE-2017-3523; CVE-2017-3586; CVE-2017-3589; CVE-2018-3258; CVE-2019-2692; CVE-2020-2934; CVE-2022-21363; CVE-2023-22102
46,jooby,MySQL,2018-09-27 09:18:47+00:00,2019-01-24 00:00:00+00:00,118.61195601851851,post_resolution,1,1,1,CVE-2017-3523; CVE-2017-3586; CVE-2017-3589; CVE-2018-3258; CVE-2019-2692; CVE-2020-2934; CVE-2022-21363; CVE-2023-22102
46,jooby,MySQL,2019-01-24 00:00:00+00:00,2019-03-20 19:08:52+00:00,55.79782407407407,pre_disclosure,1,2,1,CVE-2019-2692; CVE-2020-2934; CVE-2021-2471; CVE-2022-21363; CVE-2023-22102
46,jooby,MySQL,2019-03-20 19:08:52+00:00,2019-05-05 00:00:00+00:00,45.20217592592593,post_resolution,1,2,1,CVE-2019-2692; CVE-2020-2934; CVE-2021-2471; CVE-2022-21363; CVE-2023-22102
46,jooby,MySQL,2019-05-05 00:00:00+00:00,2020-04-15 14:15:36.453000+00:00,346.59417190972226,post_resolution,1,2,1,CVE-2019-2692; CVE-2020-2934; CVE-2021-2471; CVE-2022-21363; CVE-2023-22102
46,jooby,MySQL,2020-04-15 14:15:36.453000+00:00,2020-07-01 17:12:20+00:00,77.12272623842593,post_resolution,1,2,1,CVE-2019-2692; CVE-2020-2934; CVE-2021-2471; CVE-2022-21363; CVE-2023-22102
46,jooby,MySQL,2020-07-01 17:12:20+00:00,2020-07-14 00:00:00+00:00,12.283101851851852,post_resolution,1,2,1,CVE-2019-2692; CVE-2020-2934; CVE-2021-2471; CVE-2022-21363; CVE-2023-22102
46,jooby,MySQL,2020-07-14 00:00:00+00:00,2021-07-18 00:00:00+00:00,369.0,post_resolution,1,2,1,CVE-2019-2692; CVE-2020-2934; CVE-2021-2471; CVE-2022-21363; CVE-2023-22102
46,jooby,MySQL,2021-07-18 00:00:00+00:00,2021-09-28 18:17:43+00:00,72.76230324074074,pre_disclosure,1,5,1,CVE-2021-2471; CVE-2022-21363; CVE-2023-22102
46,jooby,MySQL,2021-09-28 18:17:43+00:00,2021-10-20 11:16:17.117000+00:00,21.70733931712963,post_resolution,1,5,1,CVE-2021-2471; CVE-2022-21363; CVE-2023-22102
46,jooby,MySQL,2021-10-20 11:16:17.117000+00:00,2021-12-16 00:25:41+00:00,56.548193090277785,post_resolution,1,5,1,CVE-2021-2471; CVE-2022-21363; CVE-2023-22102
46,jooby,MySQL,2021-12-16 00:25:41+00:00,2022-01-16 00:00:00+00:00,30.982164351851853,post_resolution,1,5,1,CVE-2021-2471; CVE-2022-21363; CVE-2023-22102
46,jooby,MySQL,2022-01-16 00:00:00+00:00,2022-01-20 00:00:48+00:00,4.000555555555556,post_resolution,1,5,1,CVE-2022-21363; CVE-2023-22102
46,jooby,MySQL,2022-01-20 00:00:48+00:00,2022-05-15 00:00:00+00:00,114.99944444444445,post_resolution,1,5,1,CVE-2022-21363; CVE-2023-22102
46,jooby,MySQL,2022-05-15 00:00:00+00:00,2022-12-05 00:00:00+00:00,204.0,pre_disclosure,1,5,1,CVE-2023-22102
46,jooby,MySQL,2022-12-05 00:00:00+00:00,2023-03-05 00:00:00+00:00,90.0,pre_disclosure,1,5,1,CVE-2023-22102
46,jooby,MySQL,2023-03-05 00:00:00+00:00,2023-05-22 00:00:00+00:00,78.0,pre_disclosure,1,5,1,CVE-2023-22102
46,jooby,MySQL,2023-05-22 00:00:00+00:00,2023-07-31 00:00:00+00:00,70.0,pre_disclosure,1,5,1,CVE-2023-22102
46,jooby,MySQL,2023-07-31 00:00:00+00:00,2023-10-16 00:00:00+00:00,77.0,pre_disclosure,1,5,1,CVE-2023-22102
46,jooby,Redis,2021-07-18 00:00:00+00:00,2022-04-27 00:00:00+00:00,283.0,pre_disclosure,1,1,1,GHSA-q4h9-7rxj-7gx2
46,jooby,Redis,2022-04-27 00:00:00+00:00,2022-05-15 00:00:00+00:00,18.0,pre_disclosure,1,1,1,GHSA-q4h9-7rxj-7gx2
46,jooby,Redis,2022-05-15 00:00:00+00:00,2023-01-01 00:00:00+00:00,231.0,pre_disclosure,1,1,1,GHSA-q4h9-7rxj-7gx2
46,jooby,Redis,2023-01-01 00:00:00+00:00,2023-03-05 00:00:00+00:00,63.0,pre_disclosure,1,1,1,GHSA-q4h9-7rxj-7gx2
46,jooby,Redis,2023-03-05 00:00:00+00:00,2023-05-22 00:00:00+00:00,78.0,pre_disclosure,1,1,1,GHSA-q4h9-7rxj-7gx2
46,jooby,Redis,2023-05-22 00:00:00+00:00,2023-07-31 00:00:00+00:00,70.0,pre_disclosure,1,1,1,GHSA-q4h9-7rxj-7gx2
46,jooby,Redis,2023-07-31 00:00:00+00:00,2023-08-21 00:00:00+00:00,21.0,pre_disclosure,1,1,1,GHSA-q4h9-7rxj-7gx2
46,jooby,Redis,2023-08-21 00:00:00+00:00,2024-01-04 00:00:00+00:00,136.0,pre_disclosure,1,1,1,GHSA-q4h9-7rxj-7gx2
46,jooby,Redis,2024-01-04 00:00:00+00:00,2024-03-09 00:00:00+00:00,65.0,pre_disclosure,1,1,1,GHSA-q4h9-7rxj-7gx2
46,jooby,Redis,2024-03-09 00:00:00+00:00,2024-05-13 00:00:00+00:00,65.0,pre_disclosure,1,1,1,GHSA-q4h9-7rxj-7gx2
46,jooby,Redis,2024-05-13 00:00:00+00:00,2024-08-06 00:00:00+00:00,85.0,pre_disclosure,1,1,1,GHSA-q4h9-7rxj-7gx2
46,jooby,Redis,2024-08-06 00:00:00+00:00,2024-11-05 00:00:00+00:00,91.0,pre_disclosure,1,1,1,GHSA-q4h9-7rxj-7gx2
46,jooby,Redis,2024-11-05 00:00:00+00:00,2024-12-01 20:35:13+00:00,26.857789351851853,pre_disclosure,1,1,1,GHSA-q4h9-7rxj-7gx2
46,jooby,Redis,2024-12-01 20:35:13+00:00,2024-12-02 20:03:03+00:00,0.977662037037037,post_resolution,1,1,1,GHSA-q4h9-7rxj-7gx2
46,jooby,Redis,2024-12-02 20:03:03+00:00,2024-12-09 00:00:00+00:00,6.164548611111111,post_resolution,1,1,1,GHSA-q4h9-7rxj-7gx2
47,JSqlParser,H2,2020-11-06 00:00:00+00:00,2021-11-29 11:00:04+00:00,388.45837962962963,pre_disclosure,1,1,1,CVE-2021-23463; CVE-2021-42392; CVE-2022-23221; CVE-2022-45868
47,JSqlParser,H2,2021-11-29 11:00:04+00:00,2021-12-16 14:29:57+00:00,17.145752314814814,post_resolution,1,1,1,CVE-2021-23463; CVE-2021-42392; CVE-2022-23221; CVE-2022-45868
47,JSqlParser,H2,2021-12-16 14:29:57+00:00,2022-01-04 20:53:00+00:00,19.266006944444445,post_resolution,1,1,1,CVE-2021-23463; CVE-2021-42392; CVE-2022-23221; CVE-2022-45868
47,JSqlParser,H2,2022-01-04 20:53:00+00:00,2022-01-06 23:55:09+00:00,2.1264930555555557,post_resolution,1,1,1,CVE-2021-23463; CVE-2021-42392; CVE-2022-23221; CVE-2022-45868
47,JSqlParser,H2,2022-01-06 23:55:09+00:00,2022-01-17 16:18:52+00:00,10.683136574074075,post_resolution,1,1,1,CVE-2021-23463; CVE-2021-42392; CVE-2022-23221; CVE-2022-45868
47,JSqlParser,H2,2022-01-17 16:18:52+00:00,2022-01-21 23:07:39+00:00,4.283877314814815,post_resolution,1,1,1,CVE-2021-23463; CVE-2021-42392; CVE-2022-23221; CVE-2022-45868
47,JSqlParser,H2,2022-01-21 23:07:39+00:00,2022-09-28 00:00:00+00:00,249.03635416666665,post_resolution,1,1,1,CVE-2021-23463; CVE-2021-42392; CVE-2022-23221; CVE-2022-45868
47,JSqlParser,H2,2022-09-28 00:00:00+00:00,2022-11-02 00:00:00+00:00,35.0,pre_disclosure,1,1,1,CVE-2022-45868
47,JSqlParser,H2,2022-11-02 00:00:00+00:00,2022-11-23 21:30:31+00:00,21.89619212962963,pre_disclosure,1,1,1,CVE-2022-45868
47,JSqlParser,H2,2022-11-23 21:30:31+00:00,2023-07-05 14:57:30+00:00,223.72707175925925,post_disclosure,1,1,1,CVE-2022-45868
47,JSqlParser,H2,2023-07-05 14:57:30+00:00,2024-03-10 00:00:00+00:00,248.37673611111111,post_resolution,1,1,1,CVE-2022-45868
48,tablesaw,H2,2017-02-18 00:00:00+00:00,2017-12-01 00:00:00+00:00,286.0,pre_disclosure,1,1,1,CVE-2018-14335; CVE-2021-42392; CVE-2022-23221
48,tablesaw,H2,2017-12-01 00:00:00+00:00,2018-07-14 00:00:00+00:00,225.0,pre_disclosure,1,1,1,CVE-2018-14335; CVE-2021-42392; CVE-2022-23221
48,tablesaw,H2,2018-07-14 00:00:00+00:00,2018-07-24 13:29:00.603000+00:00,10.561812534722222,pre_disclosure,1,1,1,CVE-2018-14335; CVE-2021-42392; CVE-2022-23221
48,tablesaw,H2,2018-07-24 13:29:00.603000+00:00,2019-02-22 14:41:59+00:00,213.0506758912037,post_disclosure,1,1,1,CVE-2018-14335; CVE-2021-42392; CVE-2022-23221
48,tablesaw,H2,2019-02-22 14:41:59+00:00,2019-11-30 00:00:00+00:00,280.3875115740741,post_resolution,1,1,1,CVE-2018-14335; CVE-2021-42392; CVE-2022-23221
48,tablesaw,H2,2019-11-30 00:00:00+00:00,2021-11-29 11:00:04+00:00,730.4583796296296,pre_disclosure,1,1,1,CVE-2021-23463; CVE-2021-42392; CVE-2022-23221; CVE-2022-45868
48,tablesaw,H2,2021-11-29 11:00:04+00:00,2021-12-16 14:29:57+00:00,17.145752314814814,post_resolution,1,1,1,CVE-2021-23463; CVE-2021-42392; CVE-2022-23221; CVE-2022-45868
48,tablesaw,H2,2021-12-16 14:29:57+00:00,2022-01-04 20:53:00+00:00,19.266006944444445,post_resolution,1,1,1,CVE-2021-23463; CVE-2021-42392; CVE-2022-23221; CVE-2022-45868
48,tablesaw,H2,2022-01-04 20:53:00+00:00,2022-01-06 23:55:09+00:00,2.1264930555555557,post_resolution,1,1,1,CVE-2021-23463; CVE-2021-42392; CVE-2022-23221; CVE-2022-45868
48,tablesaw,H2,2022-01-06 23:55:09+00:00,2022-01-17 16:18:52+00:00,10.683136574074075,post_resolution,1,1,1,CVE-2021-23463; CVE-2021-42392; CVE-2022-23221; CVE-2022-45868
48,tablesaw,H2,2022-01-17 16:18:52+00:00,2022-01-21 00:00:00+00:00,3.3202314814814815,post_resolution,1,1,1,CVE-2021-23463; CVE-2021-42392; CVE-2022-23221; CVE-2022-45868
48,tablesaw,H2,2022-01-21 00:00:00+00:00,2022-11-23 21:30:31+00:00,306.89619212962964,pre_disclosure,1,1,1,CVE-2022-45868
48,tablesaw,H2,2022-11-23 21:30:31+00:00,2023-03-01 00:00:00+00:00,97.10380787037037,post_disclosure,1,1,1,CVE-2022-45868
48,tablesaw,H2,2023-03-01 00:00:00+00:00,2023-03-31 00:00:00+00:00,30.0,post_disclosure,2,2,2,CVE-2022-45868
48,tablesaw,H2,2023-03-31 00:00:00+00:00,2023-07-05 14:57:30+00:00,96.62326388888889,post_disclosure,1,1,1,CVE-2022-45868
48,tablesaw,H2,2023-07-05 14:57:30+00:00,2023-07-07 00:00:00+00:00,1.3767361111111112,post_resolution,1,1,1,CVE-2022-45868
49,jbpm,H2,2010-12-01 00:00:00+00:00,2014-11-19 00:00:00+00:00,1449.0,pre_disclosure,1,4,1,CVE-2018-14335; CVE-2021-42392; CVE-2022-23221
49,jbpm,H2,2014-11-19 00:00:00+00:00,2017-11-28 00:00:00+00:00,1105.0,pre_disclosure,1,20,1,CVE-2018-14335; CVE-2021-42392; CVE-2022-23221
49,jbpm,H2,2017-11-28 00:00:00+00:00,2018-07-24 13:29:00.603000+00:00,238.56181253472224,pre_disclosure,1,36,1,CVE-2018-14335; CVE-2021-42392; CVE-2022-23221
49,jbpm,H2,2018-07-24 13:29:00.603000+00:00,2019-02-22 14:41:59+00:00,213.0506758912037,post_disclosure,1,36,1,CVE-2018-14335; CVE-2021-42392; CVE-2022-23221
49,jbpm,H2,2019-02-22 14:41:59+00:00,2019-03-19 00:00:00+00:00,24.387511574074075,post_resolution,1,36,1,CVE-2018-14335; CVE-2021-42392; CVE-2022-23221
49,jbpm,H2,2019-03-19 00:00:00+00:00,2021-08-20 00:00:00+00:00,885.0,post_resolution,2,37,2,CVE-2018-14335; CVE-2021-42392; CVE-2022-23221
49,jbpm,H2,2021-08-20 00:00:00+00:00,2022-01-04 20:53:00+00:00,137.8701388888889,post_resolution,2,37,2,CVE-2018-14335; CVE-2021-42392; CVE-2022-23221
49,jbpm,H2,2022-01-04 20:53:00+00:00,2022-01-06 23:55:09+00:00,2.1264930555555557,post_resolution,2,37,2,CVE-2018-14335; CVE-2021-42392; CVE-2022-23221
49,jbpm,H2,2022-01-06 23:55:09+00:00,2022-01-17 16:18:52+00:00,10.683136574074075,post_resolution,2,37,2,CVE-2018-14335; CVE-2021-42392; CVE-2022-23221
49,jbpm,H2,2022-01-17 16:18:52+00:00,2022-01-21 23:07:39+00:00,4.283877314814815,post_resolution,2,37,2,CVE-2018-14335; CVE-2021-42392; CVE-2022-23221
49,jbpm,H2,2022-01-21 23:07:39+00:00,2023-08-14 00:00:00+00:00,569.0363541666667,post_resolution,2,37,2,CVE-2018-14335; CVE-2021-42392; CVE-2022-23221
49,jbpm,MySQL,2019-02-25 00:00:00+00:00,2019-03-20 19:08:52+00:00,23.797824074074075,post_resolution,1,1,1,CVE-2018-3258; CVE-2019-2692; CVE-2020-2934; CVE-2022-21363; CVE-2023-22102
49,jbpm,MySQL,2019-03-20 19:08:52+00:00,2020-04-15 14:15:36.453000+00:00,391.7963478356482,post_resolution,1,1,1,CVE-2018-3258; CVE-2019-2692; CVE-2020-2934; CVE-2022-21363; CVE-2023-22102
49,jbpm,MySQL,2020-04-15 14:15:36.453000+00:00,2020-07-01 17:12:20+00:00,77.12272623842593,post_resolution,1,1,1,CVE-2018-3258; CVE-2019-2692; CVE-2020-2934; CVE-2022-21363; CVE-2023-22102
49,jbpm,MySQL,2020-07-01 17:12:20+00:00,2020-07-14 00:00:00+00:00,12.283101851851852,post_resolution,1,1,1,CVE-2018-3258; CVE-2019-2692; CVE-2020-2934; CVE-2022-21363; CVE-2023-22102
49,jbpm,MySQL,2020-07-14 00:00:00+00:00,2020-07-28 00:00:00+00:00,14.0,post_resolution,1,1,1,CVE-2018-3258; CVE-2019-2692; CVE-2020-2934; CVE-2022-21363; CVE-2023-22102
49,jbpm,MySQL,2020-07-28 00:00:00+00:00,2021-09-28 18:17:43+00:00,427.7623032407407,post_resolution,1,1,1,CVE-2020-2934; CVE-2021-2471; CVE-2022-21363; CVE-2023-22102
49,jbpm,MySQL,2021-09-28 18:17:43+00:00,2021-10-20 11:16:17.117000+00:00,21.70733931712963,post_resolution,1,1,1,CVE-2020-2934; CVE-2021-2471; CVE-2022-21363; CVE-2023-22102
49,jbpm,MySQL,2021-10-20 11:16:17.117000+00:00,2021-12-16 00:25:41+00:00,56.548193090277785,post_resolution,1,1,1,CVE-2020-2934; CVE-2021-2471; CVE-2022-21363; CVE-2023-22102
49,jbpm,MySQL,2021-12-16 00:25:41+00:00,2022-01-20 00:00:48+00:00,34.98271990740741,post_resolution,1,1,1,CVE-2020-2934; CVE-2021-2471; CVE-2022-21363; CVE-2023-22102
49,jbpm,MySQL,2022-01-20 00:00:48+00:00,2022-02-21 00:00:00+00:00,31.999444444444446,post_resolution,1,1,1,CVE-2020-2934; CVE-2021-2471; CVE-2022-21363; CVE-2023-22102
49,jbpm,MySQL,2022-02-21 00:00:00+00:00,2022-04-06 00:00:00+00:00,44.0,post_resolution,1,1,1,CVE-2022-21363; CVE-2023-22102
49,jbpm,MySQL,2022-04-06 00:00:00+00:00,2023-10-17 22:15:15.100000+00:00,559.9272581018519,pre_disclosure,1,1,1,CVE-2023-22102
49,jbpm,MySQL,2023-10-17 22:15:15.100000+00:00,2023-10-25 08:46:05+00:00,7.438077546296297,post_disclosure,1,1,1,CVE-2023-22102
49,jbpm,MySQL,2023-10-25 08:46:05+00:00,2023-11-21 00:00:00+00:00,26.634664351851853,post_resolution,1,1,1,CVE-2023-22102
49,jbpm,PostgreSQL,2019-02-25 00:00:00+00:00,2019-09-13 17:15:52+00:00,200.71935185185185,post_resolution,1,1,1,CVE-2018-10936; CVE-2020-13692; CVE-2022-41946; GHSA-xfg6-62px-cxc2
49,jbpm,PostgreSQL,2019-09-13 17:15:52+00:00,2020-05-26 00:00:00+00:00,255.28064814814815,post_resolution,1,1,1,CVE-2018-10936; CVE-2020-13692; CVE-2022-41946; GHSA-xfg6-62px-cxc2
49,jbpm,PostgreSQL,2020-05-26 00:00:00+00:00,2020-06-04 13:16:11+00:00,9.552905092592592,pre_disclosure,1,1,1,CVE-2020-13692; CVE-2022-26520; CVE-2026-42198; GHSA-673j-qm5f-xpv8
49,jbpm,PostgreSQL,2020-06-04 13:16:11+00:00,2020-06-04 16:15:12.657000+00:00,0.12432473379629629,post_resolution,1,1,1,CVE-2020-13692; CVE-2022-26520; CVE-2026-42198; GHSA-673j-qm5f-xpv8
49,jbpm,PostgreSQL,2020-06-04 16:15:12.657000+00:00,2020-07-28 00:00:00+00:00,53.32277017361112,post_resolution,1,1,1,CVE-2020-13692; CVE-2022-26520; CVE-2026-42198; GHSA-673j-qm5f-xpv8
49,jbpm,PostgreSQL,2020-07-28 00:00:00+00:00,2022-02-15 19:06:43+00:00,567.7963310185186,pre_disclosure,1,1,1,CVE-2022-26520; CVE-2026-42198; GHSA-673j-qm5f-xpv8
49,jbpm,PostgreSQL,2022-02-15 19:06:43+00:00,2022-02-16 00:08:18+00:00,0.20943287037037037,post_resolution,1,1,1,CVE-2022-26520; CVE-2026-42198; GHSA-673j-qm5f-xpv8
49,jbpm,PostgreSQL,2022-02-16 00:08:18+00:00,2022-03-10 17:47:45.810000+00:00,22.735738541666667,post_resolution,1,1,1,CVE-2022-26520; CVE-2026-42198; GHSA-673j-qm5f-xpv8
49,jbpm,PostgreSQL,2022-03-10 17:47:45.810000+00:00,2022-03-14 00:00:00+00:00,3.2584975694444447,post_resolution,1,1,1,CVE-2022-26520; CVE-2026-42198; GHSA-673j-qm5f-xpv8
49,jbpm,PostgreSQL,2022-03-14 00:00:00+00:00,2022-07-18 00:00:00+00:00,126.0,pre_disclosure,1,1,1,CVE-2022-31197; CVE-2022-41946; CVE-2026-42198
49,jbpm,PostgreSQL,2022-07-18 00:00:00+00:00,2023-08-14 00:00:00+00:00,392.0,pre_disclosure,1,1,1,CVE-2026-42198
49,jbpm,PostgreSQL,2023-08-14 00:00:00+00:00,2023-11-21 00:00:00+00:00,99.0,pre_disclosure,1,1,1,CVE-2026-42198
50,killbill,H2,2012-12-10 00:00:00+00:00,2014-03-14 00:00:00+00:00,459.0,pre_disclosure,1,18,1,CVE-2018-14335; CVE-2021-42392; CVE-2022-23221
50,killbill,H2,2014-03-14 00:00:00+00:00,2015-05-06 00:00:00+00:00,418.0,pre_disclosure,1,18,1,CVE-2018-14335; CVE-2021-42392; CVE-2022-23221
50,killbill,H2,2015-05-06 00:00:00+00:00,2018-07-24 13:29:00.603000+00:00,1175.5618125347223,pre_disclosure,1,17,1,CVE-2018-14335; CVE-2021-42392; CVE-2022-23221
50,killbill,H2,2018-07-24 13:29:00.603000+00:00,2019-02-22 14:41:59+00:00,213.0506758912037,post_disclosure,1,17,1,CVE-2018-14335; CVE-2021-42392; CVE-2022-23221
50,killbill,H2,2019-02-22 14:41:59+00:00,2020-01-23 00:00:00+00:00,334.3875115740741,post_resolution,1,17,1,CVE-2018-14335; CVE-2021-42392; CVE-2022-23221
50,killbill,H2,2020-01-23 00:00:00+00:00,2020-08-21 00:00:00+00:00,211.0,post_resolution,1,17,1,CVE-2018-14335; CVE-2021-42392; CVE-2022-23221
50,killbill,H2,2020-08-21 00:00:00+00:00,2021-11-29 11:00:04+00:00,465.45837962962963,pre_disclosure,1,16,1,CVE-2021-23463; CVE-2021-42392; CVE-2022-23221; CVE-2022-45868
50,killbill,H2,2021-11-29 11:00:04+00:00,2021-12-16 14:29:57+00:00,17.145752314814814,post_resolution,1,16,1,CVE-2021-23463; CVE-2021-42392; CVE-2022-23221; CVE-2022-45868
50,killbill,H2,2021-12-16 14:29:57+00:00,2022-01-04 20:53:00+00:00,19.266006944444445,post_resolution,1,16,1,CVE-2021-23463; CVE-2021-42392; CVE-2022-23221; CVE-2022-45868
50,killbill,H2,2022-01-04 20:53:00+00:00,2022-01-06 23:55:09+00:00,2.1264930555555557,post_resolution,1,16,1,CVE-2021-23463; CVE-2021-42392; CVE-2022-23221; CVE-2022-45868
50,killbill,H2,2022-01-06 23:55:09+00:00,2022-01-17 16:18:52+00:00,10.683136574074075,post_resolution,1,16,1,CVE-2021-23463; CVE-2021-42392; CVE-2022-23221; CVE-2022-45868
50,killbill,H2,2022-01-17 16:18:52+00:00,2022-01-21 23:07:39+00:00,4.283877314814815,post_resolution,1,16,1,CVE-2021-23463; CVE-2021-42392; CVE-2022-23221; CVE-2022-45868
50,killbill,H2,2022-01-21 23:07:39+00:00,2022-11-23 21:30:31+00:00,305.9325462962963,post_resolution,1,16,1,CVE-2021-23463; CVE-2021-42392; CVE-2022-23221; CVE-2022-45868
50,killbill,H2,2022-11-23 21:30:31+00:00,2022-12-10 00:00:00+00:00,16.10380787037037,post_resolution,1,16,1,CVE-2021-23463; CVE-2021-42392; CVE-2022-23221; CVE-2022-45868
50,killbill,H2,2022-12-10 00:00:00+00:00,2022-12-11 00:00:00+00:00,1.0,post_resolution,2,31,2,CVE-2021-23463; CVE-2021-42392; CVE-2022-23221; CVE-2022-45868
50,killbill,H2,2022-12-11 00:00:00+00:00,2023-07-05 14:57:30+00:00,206.62326388888889,post_disclosure,1,15,1,CVE-2022-45868
50,killbill,H2,2023-07-05 14:57:30+00:00,2023-08-25 00:00:00+00:00,50.376736111111114,post_resolution,1,15,1,CVE-2022-45868
50,killbill,MySQL,2012-06-14 00:00:00+00:00,2013-07-12 00:00:00+00:00,393.0,pre_disclosure,1,14,1,CVE-2015-2575; CVE-2017-3523; CVE-2017-3586; CVE-2017-3589; CVE-2018-3258; CVE-2019-2692; CVE-2020-2934; CVE-2022-21363; CVE-2023-22102
50,killbill,MySQL,2013-07-12 00:00:00+00:00,2014-09-27 00:00:00+00:00,442.0,pre_disclosure,1,15,1,CVE-2015-2575; CVE-2017-3523; CVE-2017-3586; CVE-2017-3589; CVE-2018-3258; CVE-2019-2692; CVE-2020-2934; CVE-2022-21363; CVE-2023-22102
50,killbill,MySQL,2014-09-27 00:00:00+00:00,2014-10-24 00:00:00+00:00,27.0,pre_disclosure,1,15,1,CVE-2015-2575; CVE-2017-3523; CVE-2017-3586; CVE-2017-3589; CVE-2018-3258; CVE-2019-2692; CVE-2020-2934; CVE-2022-21363; CVE-2023-22102
50,killbill,MySQL,2014-10-24 00:00:00+00:00,2015-05-08 10:55:46+00:00,196.45539351851852,pre_disclosure,1,15,1,CVE-2015-2575; CVE-2017-3523; CVE-2017-3586; CVE-2017-3589; CVE-2018-3258; CVE-2019-2692; CVE-2020-2934; CVE-2022-21363; CVE-2023-22102
50,killbill,MySQL,2015-05-08 10:55:46+00:00,2017-02-14 20:27:59+00:00,648.3973726851851,post_resolution,1,15,1,CVE-2015-2575; CVE-2017-3523; CVE-2017-3586; CVE-2017-3589; CVE-2018-3258; CVE-2019-2692; CVE-2020-2934; CVE-2022-21363; CVE-2023-22102
50,killbill,MySQL,2017-02-14 20:27:59+00:00,2017-04-17 18:23:36+00:00,61.91362268518518,post_resolution,1,15,1,CVE-2015-2575; CVE-2017-3523; CVE-2017-3586; CVE-2017-3589; CVE-2018-3258; CVE-2019-2692; CVE-2020-2934; CVE-2022-21363; CVE-2023-22102
50,killbill,MySQL,2017-04-17 18:23:36+00:00,2018-09-27 09:18:47+00:00,527.6216550925926,post_resolution,1,15,1,CVE-2015-2575; CVE-2017-3523; CVE-2017-3586; CVE-2017-3589; CVE-2018-3258; CVE-2019-2692; CVE-2020-2934; CVE-2022-21363; CVE-2023-22102
50,killbill,MySQL,2018-09-27 09:18:47+00:00,2019-03-20 19:08:52+00:00,174.4097800925926,post_resolution,1,15,1,CVE-2015-2575; CVE-2017-3523; CVE-2017-3586; CVE-2017-3589; CVE-2018-3258; CVE-2019-2692; CVE-2020-2934; CVE-2022-21363; CVE-2023-22102
50,killbill,MySQL,2019-03-20 19:08:52+00:00,2020-04-15 14:15:36.453000+00:00,391.7963478356482,post_resolution,1,15,1,CVE-2015-2575; CVE-2017-3523; CVE-2017-3586; CVE-2017-3589; CVE-2018-3258; CVE-2019-2692; CVE-2020-2934; CVE-2022-21363; CVE-2023-22102
50,killbill,MySQL,2020-04-15 14:15:36.453000+00:00,2020-04-17 00:00:00+00:00,1.4058280902777778,post_resolution,1,15,1,CVE-2015-2575; CVE-2017-3523; CVE-2017-3586; CVE-2017-3589; CVE-2018-3258; CVE-2019-2692; CVE-2020-2934; CVE-2022-21363; CVE-2023-22102
50,killbill,MySQL,2020-04-17 00:00:00+00:00,2020-07-01 17:12:20+00:00,75.71689814814815,post_resolution,1,15,1,CVE-2018-3258; CVE-2019-2692; CVE-2020-2934; CVE-2022-21363; CVE-2023-22102
50,killbill,MySQL,2020-07-01 17:12:20+00:00,2020-07-14 00:00:00+00:00,12.283101851851852,post_resolution,1,15,1,CVE-2018-3258; CVE-2019-2692; CVE-2020-2934; CVE-2022-21363; CVE-2023-22102
50,killbill,MySQL,2020-07-14 00:00:00+00:00,2020-09-03 00:00:00+00:00,51.0,post_resolution,1,15,1,CVE-2018-3258; CVE-2019-2692; CVE-2020-2934; CVE-2022-21363; CVE-2023-22102
50,killbill,MySQL,2020-09-03 00:00:00+00:00,2020-09-08 00:00:00+00:00,5.0,post_resolution,2,30,2,CVE-2018-3258; CVE-2019-2692; CVE-2020-2934; CVE-2022-21363; CVE-2023-22102
50,killbill,MySQL,2020-09-08 00:00:00+00:00,2020-11-03 00:00:00+00:00,56.0,pre_disclosure,1,15,1,CVE-2021-2471; CVE-2022-21363; CVE-2023-22102
50,killbill,MySQL,2020-11-03 00:00:00+00:00,2021-01-29 00:00:00+00:00,87.0,pre_disclosure,1,15,1,CVE-2021-2471; CVE-2022-21363; CVE-2023-22102
50,killbill,MySQL,2021-01-29 00:00:00+00:00,2021-07-28 00:00:00+00:00,180.0,pre_disclosure,1,15,1,CVE-2021-2471; CVE-2022-21363; CVE-2023-22102
50,killbill,MySQL,2021-07-28 00:00:00+00:00,2021-09-28 18:17:43+00:00,62.76230324074074,pre_disclosure,1,15,1,CVE-2021-2471; CVE-2022-21363; CVE-2023-22102
50,killbill,MySQL,2021-09-28 18:17:43+00:00,2021-10-20 11:16:17.117000+00:00,21.70733931712963,post_resolution,1,15,1,CVE-2021-2471; CVE-2022-21363; CVE-2023-22102
50,killbill,MySQL,2021-10-20 11:16:17.117000+00:00,2021-12-08 00:00:00+00:00,48.53035744212963,post_resolution,1,15,1,CVE-2021-2471; CVE-2022-21363; CVE-2023-22102
50,killbill,MySQL,2021-12-08 00:00:00+00:00,2021-12-16 00:25:41+00:00,8.017835648148148,pre_disclosure,1,15,1,CVE-2022-21363; CVE-2023-22102
50,killbill,MySQL,2021-12-16 00:25:41+00:00,2022-01-20 00:00:48+00:00,34.98271990740741,post_resolution,1,15,1,CVE-2022-21363; CVE-2023-22102
50,killbill,MySQL,2022-01-20 00:00:48+00:00,2022-02-03 00:00:00+00:00,13.999444444444444,post_resolution,1,15,1,CVE-2022-21363; CVE-2023-22102
50,killbill,MySQL,2022-02-03 00:00:00+00:00,2022-03-22 00:00:00+00:00,47.0,post_resolution,2,30,2,CVE-2022-21363; CVE-2023-22102
50,killbill,MySQL,2022-03-22 00:00:00+00:00,2022-12-10 00:00:00+00:00,263.0,pre_disclosure,1,15,1,CVE-2023-22102
50,killbill,MySQL,2022-12-10 00:00:00+00:00,2022-12-11 00:00:00+00:00,1.0,pre_disclosure,2,30,2,CVE-2023-22102
50,killbill,MySQL,2022-12-11 00:00:00+00:00,2023-10-17 22:15:15.100000+00:00,310.92725810185186,pre_disclosure,1,15,1,CVE-2023-22102
50,killbill,MySQL,2023-10-17 22:15:15.100000+00:00,2023-10-25 08:46:05+00:00,7.438077546296297,post_disclosure,1,15,1,CVE-2023-22102
50,killbill,MySQL,2023-10-25 08:46:05+00:00,2025-11-25 00:00:00+00:00,761.6346643518518,post_resolution,1,15,1,CVE-2023-22102
50,killbill,PostgreSQL,2015-09-14 00:00:00+00:00,2018-08-27 15:43:21+00:00,1078.6551041666667,pre_disclosure,1,15,1,CVE-2018-10936; CVE-2020-13692; CVE-2022-41946; GHSA-xfg6-62px-cxc2
50,killbill,PostgreSQL,2018-08-27 15:43:21+00:00,2018-08-30 13:29:00.377000+00:00,2.906705752314815,post_resolution,1,15,1,CVE-2018-10936; CVE-2020-13692; CVE-2022-41946; GHSA-xfg6-62px-cxc2
50,killbill,PostgreSQL,2018-08-30 13:29:00.377000+00:00,2019-09-13 17:15:52+00:00,379.15754193287034,post_resolution,1,15,1,CVE-2018-10936; CVE-2020-13692; CVE-2022-41946; GHSA-xfg6-62px-cxc2
50,killbill,PostgreSQL,2019-09-13 17:15:52+00:00,2020-01-23 00:00:00+00:00,131.28064814814815,post_resolution,1,15,1,CVE-2018-10936; CVE-2020-13692; CVE-2022-41946; GHSA-xfg6-62px-cxc2
50,killbill,PostgreSQL,2020-01-23 00:00:00+00:00,2020-06-04 13:16:11+00:00,133.5529050925926,post_resolution,1,15,1,CVE-2018-10936; CVE-2020-13692; CVE-2022-26520; CVE-2022-41946; GHSA-673j-qm5f-xpv8; GHSA-xfg6-62px-cxc2
50,killbill,PostgreSQL,2020-06-04 13:16:11+00:00,2020-06-04 16:15:12.657000+00:00,0.12432473379629629,post_resolution,1,15,1,CVE-2018-10936; CVE-2020-13692; CVE-2022-26520; CVE-2022-41946; GHSA-673j-qm5f-xpv8; GHSA-xfg6-62px-cxc2
50,killbill,PostgreSQL,2020-06-04 16:15:12.657000+00:00,2020-09-03 00:00:00+00:00,90.32277017361112,post_resolution,1,15,1,CVE-2018-10936; CVE-2020-13692; CVE-2022-26520; CVE-2022-41946; GHSA-673j-qm5f-xpv8; GHSA-xfg6-62px-cxc2
50,killbill,PostgreSQL,2020-09-03 00:00:00+00:00,2020-09-08 00:00:00+00:00,5.0,post_resolution,2,30,2,CVE-2018-10936; CVE-2020-13692; CVE-2022-26520; CVE-2022-41946; GHSA-673j-qm5f-xpv8; GHSA-xfg6-62px-cxc2
50,killbill,PostgreSQL,2020-09-08 00:00:00+00:00,2020-11-03 00:00:00+00:00,56.0,pre_disclosure,1,15,1,CVE-2022-26520; CVE-2026-42198; GHSA-673j-qm5f-xpv8
50,killbill,PostgreSQL,2020-11-03 00:00:00+00:00,2021-03-22 00:00:00+00:00,139.0,pre_disclosure,1,15,1,CVE-2022-26520; CVE-2026-42198; GHSA-673j-qm5f-xpv8
50,killbill,PostgreSQL,2021-03-22 00:00:00+00:00,2021-05-20 00:00:00+00:00,59.0,pre_disclosure,1,15,1,CVE-2022-26520; CVE-2026-42198; GHSA-673j-qm5f-xpv8
50,killbill,PostgreSQL,2021-05-20 00:00:00+00:00,2021-07-28 00:00:00+00:00,69.0,pre_disclosure,1,15,1,CVE-2022-26520; CVE-2026-42198; GHSA-673j-qm5f-xpv8
50,killbill,PostgreSQL,2021-07-28 00:00:00+00:00,2021-10-13 00:00:00+00:00,77.0,pre_disclosure,1,15,1,CVE-2022-26520; CVE-2026-42198; GHSA-673j-qm5f-xpv8
50,killbill,PostgreSQL,2021-10-13 00:00:00+00:00,2021-12-08 00:00:00+00:00,56.0,pre_disclosure,1,15,1,CVE-2022-26520; CVE-2026-42198; GHSA-673j-qm5f-xpv8
50,killbill,PostgreSQL,2021-12-08 00:00:00+00:00,2022-02-01 14:51:15+00:00,55.618923611111114,pre_disclosure,1,15,1,CVE-2022-21724; CVE-2022-26520; CVE-2022-31197; CVE-2022-41946; CVE-2026-42198; GHSA-673j-qm5f-xpv8
50,killbill,PostgreSQL,2022-02-01 14:51:15+00:00,2022-02-02 00:04:20+00:00,0.38408564814814816,post_resolution,1,15,1,CVE-2022-21724; CVE-2022-26520; CVE-2022-31197; CVE-2022-41946; CVE-2026-42198; GHSA-673j-qm5f-xpv8
50,killbill,PostgreSQL,2022-02-02 00:04:20+00:00,2022-02-15 19:06:43+00:00,13.793321759259259,post_resolution,1,15,1,CVE-2022-21724; CVE-2022-26520; CVE-2022-31197; CVE-2022-41946; CVE-2026-42198; GHSA-673j-qm5f-xpv8
50,killbill,PostgreSQL,2022-02-15 19:06:43+00:00,2022-02-16 00:08:18+00:00,0.20943287037037037,post_resolution,1,15,1,CVE-2022-21724; CVE-2022-26520; CVE-2022-31197; CVE-2022-41946; CVE-2026-42198; GHSA-673j-qm5f-xpv8
50,killbill,PostgreSQL,2022-02-16 00:08:18+00:00,2022-03-10 17:47:45.810000+00:00,22.735738541666667,post_resolution,1,15,1,CVE-2022-21724; CVE-2022-26520; CVE-2022-31197; CVE-2022-41946; CVE-2026-42198; GHSA-673j-qm5f-xpv8
50,killbill,PostgreSQL,2022-03-10 17:47:45.810000+00:00,2022-08-06 05:51:38+00:00,148.50268738425925,post_resolution,1,15,1,CVE-2022-21724; CVE-2022-26520; CVE-2022-31197; CVE-2022-41946; CVE-2026-42198; GHSA-673j-qm5f-xpv8
50,killbill,PostgreSQL,2022-08-06 05:51:38+00:00,2022-08-15 00:00:00+00:00,8.755810185185185,post_resolution,1,15,1,CVE-2022-21724; CVE-2022-26520; CVE-2022-31197; CVE-2022-41946; CVE-2026-42198; GHSA-673j-qm5f-xpv8
50,killbill,PostgreSQL,2022-08-15 00:00:00+00:00,2022-10-02 00:00:00+00:00,48.0,post_resolution,1,15,1,CVE-2022-21724; CVE-2022-26520; CVE-2022-31197; CVE-2022-41946; CVE-2026-42198; GHSA-673j-qm5f-xpv8
50,killbill,PostgreSQL,2022-10-02 00:00:00+00:00,2022-11-23 00:00:00+00:00,52.0,post_resolution,1,15,1,CVE-2022-26520; CVE-2022-31197; CVE-2022-41946; CVE-2026-42198; GHSA-673j-qm5f-xpv8
50,killbill,PostgreSQL,2022-11-23 00:00:00+00:00,2022-11-23 20:15:10.253000+00:00,0.8438686689814815,post_resolution,1,15,1,CVE-2022-26520; CVE-2022-31197; CVE-2022-41946; CVE-2026-42198; GHSA-673j-qm5f-xpv8
50,killbill,PostgreSQL,2022-11-23 20:15:10.253000+00:00,2022-12-10 00:00:00+00:00,16.156131331018518,post_resolution,1,15,1,CVE-2022-26520; CVE-2022-31197; CVE-2022-41946; CVE-2026-42198; GHSA-673j-qm5f-xpv8
50,killbill,PostgreSQL,2022-12-10 00:00:00+00:00,2022-12-11 00:00:00+00:00,1.0,post_resolution,2,30,2,CVE-2022-26520; CVE-2022-31197; CVE-2022-41946; CVE-2026-42198; GHSA-673j-qm5f-xpv8
50,killbill,PostgreSQL,2022-12-11 00:00:00+00:00,2025-11-25 00:00:00+00:00,1080.0,pre_disclosure,1,15,1,CVE-2026-42198
50,killbill,Redis,2020-01-23 00:00:00+00:00,2020-08-21 00:00:00+00:00,211.0,pre_disclosure,1,16,1,CVE-2023-42809
50,killbill,Redis,2020-08-21 00:00:00+00:00,2020-09-03 00:00:00+00:00,13.0,pre_disclosure,1,16,1,CVE-2023-42809
50,killbill,Redis,2020-09-03 00:00:00+00:00,2020-09-08 00:00:00+00:00,5.0,pre_disclosure,2,32,2,CVE-2023-42809
50,killbill,Redis,2020-09-08 00:00:00+00:00,2020-11-03 00:00:00+00:00,56.0,pre_disclosure,1,16,1,CVE-2023-42809
50,killbill,Redis,2020-11-03 00:00:00+00:00,2021-01-29 00:00:00+00:00,87.0,pre_disclosure,1,16,1,CVE-2023-42809
50,killbill,Redis,2021-01-29 00:00:00+00:00,2021-02-10 00:00:00+00:00,12.0,pre_disclosure,1,16,1,CVE-2023-42809
50,killbill,Redis,2021-02-10 00:00:00+00:00,2021-07-28 00:00:00+00:00,168.0,pre_disclosure,1,16,1,CVE-2023-42809
50,killbill,Redis,2021-07-28 00:00:00+00:00,2021-10-13 00:00:00+00:00,77.0,pre_disclosure,1,16,1,CVE-2023-42809
50,killbill,Redis,2021-10-13 00:00:00+00:00,2021-12-08 00:00:00+00:00,56.0,pre_disclosure,1,16,1,CVE-2023-42809
50,killbill,Redis,2021-12-08 00:00:00+00:00,2022-01-13 00:00:00+00:00,36.0,pre_disclosure,1,16,1,CVE-2023-42809
50,killbill,Redis,2022-01-13 00:00:00+00:00,2022-12-10 00:00:00+00:00,331.0,pre_disclosure,1,16,1,CVE-2023-42809
50,killbill,Redis,2022-12-10 00:00:00+00:00,2022-12-11 00:00:00+00:00,1.0,pre_disclosure,2,32,2,CVE-2023-42809
50,killbill,Redis,2022-12-11 00:00:00+00:00,2023-06-05 08:30:59+00:00,176.35484953703704,pre_disclosure,1,16,1,CVE-2023-42809
50,killbill,Redis,2023-06-05 08:30:59+00:00,2023-10-04 20:15:10.263000+00:00,121.48901924768519,post_resolution,1,16,1,CVE-2023-42809
50,killbill,Redis,2023-10-04 20:15:10.263000+00:00,2025-11-25 00:00:00+00:00,782.1561312152778,post_resolution,1,16,1,CVE-2023-42809
51,liquibase,H2,2020-02-06 00:00:00+00:00,2020-07-02 00:00:00+00:00,147.0,post_resolution,2,15,2,CVE-2018-14335; CVE-2021-42392; CVE-2022-23221
51,liquibase,H2,2020-07-02 00:00:00+00:00,2021-11-29 11:00:04+00:00,515.4583796296296,pre_disclosure,1,9,1,CVE-2021-23463; CVE-2021-42392; CVE-2022-23221; CVE-2022-45868
51,liquibase,H2,2021-11-29 11:00:04+00:00,2021-12-16 14:29:57+00:00,17.145752314814814,post_resolution,1,9,1,CVE-2021-23463; CVE-2021-42392; CVE-2022-23221; CVE-2022-45868
51,liquibase,H2,2021-12-16 14:29:57+00:00,2021-12-28 00:00:00+00:00,11.395868055555555,post_resolution,1,9,1,CVE-2021-23463; CVE-2021-42392; CVE-2022-23221; CVE-2022-45868
51,liquibase,H2,2021-12-28 00:00:00+00:00,2022-01-04 20:53:00+00:00,7.870138888888889,pre_disclosure,1,9,1,CVE-2021-42392; CVE-2022-23221; CVE-2022-45868
51,liquibase,H2,2022-01-04 20:53:00+00:00,2022-01-06 23:55:09+00:00,2.1264930555555557,post_resolution,1,9,1,CVE-2021-42392; CVE-2022-23221; CVE-2022-45868
51,liquibase,H2,2022-01-06 23:55:09+00:00,2022-01-10 00:00:00+00:00,3.0033680555555557,post_resolution,1,9,1,CVE-2021-42392; CVE-2022-23221; CVE-2022-45868
51,liquibase,H2,2022-01-10 00:00:00+00:00,2022-01-17 16:18:52+00:00,7.679768518518519,pre_disclosure,1,9,1,CVE-2022-23221; CVE-2022-45868
51,liquibase,H2,2022-01-17 16:18:52+00:00,2022-01-21 23:07:39+00:00,4.283877314814815,post_resolution,1,9,1,CVE-2022-23221; CVE-2022-45868
51,liquibase,H2,2022-01-21 23:07:39+00:00,2022-02-08 00:00:00+00:00,17.036354166666666,post_resolution,1,9,1,CVE-2022-23221; CVE-2022-45868
51,liquibase,H2,2022-02-08 00:00:00+00:00,2022-02-09 00:00:00+00:00,1.0,post_resolution,2,18,2,CVE-2022-23221; CVE-2022-45868
51,liquibase,H2,2022-02-09 00:00:00+00:00,2022-04-25 00:00:00+00:00,75.0,pre_disclosure,1,9,1,CVE-2022-45868
51,liquibase,H2,2022-04-25 00:00:00+00:00,2022-04-26 00:00:00+00:00,1.0,pre_disclosure,2,19,2,CVE-2022-45868
51,liquibase,H2,2022-04-26 00:00:00+00:00,2022-07-01 00:00:00+00:00,66.0,pre_disclosure,1,10,1,CVE-2022-45868
51,liquibase,H2,2022-07-01 00:00:00+00:00,2022-11-23 21:30:31+00:00,145.89619212962964,pre_disclosure,1,12,1,CVE-2022-45868
51,liquibase,H2,2022-11-23 21:30:31+00:00,2023-07-05 14:57:30+00:00,223.72707175925925,post_disclosure,1,12,1,CVE-2022-45868
51,liquibase,H2,2023-07-05 14:57:30+00:00,2023-09-12 00:00:00+00:00,68.37673611111111,post_resolution,1,12,1,CVE-2022-45868
51,liquibase,HyperSQL,2013-02-01 00:00:00+00:00,2020-02-06 00:00:00+00:00,2561.0,pre_disclosure,1,3,1,CVE-2022-41853
51,liquibase,HyperSQL,2020-02-06 00:00:00+00:00,2021-10-20 00:00:00+00:00,622.0,pre_disclosure,1,9,1,CVE-2022-41853
51,liquibase,HyperSQL,2021-10-20 00:00:00+00:00,2022-04-29 00:00:00+00:00,191.0,pre_disclosure,2,19,2,CVE-2022-41853
51,liquibase,HyperSQL,2022-04-29 00:00:00+00:00,2022-10-06 18:17:07.190000+00:00,160.76188877314814,pre_disclosure,1,10,1,CVE-2022-41853
51,liquibase,HyperSQL,2022-10-06 18:17:07.190000+00:00,2022-10-22 14:19:43+00:00,15.835136689814815,post_disclosure,1,10,1,CVE-2022-41853
51,liquibase,HyperSQL,2022-10-22 14:19:43+00:00,2022-11-07 00:00:00+00:00,15.402974537037037,post_resolution,1,10,1,CVE-2022-41853
51,liquibase,MS SQL Server_Microsoft Azure SQL Database,2021-10-20 00:00:00+00:00,2022-04-25 00:00:00+00:00,187.0,pre_disclosure,1,9,1,CVE-2025-59250
51,liquibase,MS SQL Server_Microsoft Azure SQL Database,2022-04-25 00:00:00+00:00,2022-04-26 00:00:00+00:00,1.0,pre_disclosure,2,19,2,CVE-2025-59250
51,liquibase,MS SQL Server_Microsoft Azure SQL Database,2022-04-26 00:00:00+00:00,2022-06-14 00:00:00+00:00,49.0,pre_disclosure,1,10,1,CVE-2025-59250
51,liquibase,MS SQL Server_Microsoft Azure SQL Database,2022-06-14 00:00:00+00:00,2022-08-31 00:00:00+00:00,78.0,pre_disclosure,1,10,1,CVE-2025-59250
51,liquibase,MS SQL Server_Microsoft Azure SQL Database,2022-08-31 00:00:00+00:00,2022-09-11 00:00:00+00:00,11.0,pre_disclosure,1,10,1,CVE-2025-59250
51,liquibase,MS SQL Server_Microsoft Azure SQL Database,2023-02-14 00:00:00+00:00,2023-09-01 00:00:00+00:00,199.0,pre_disclosure,1,12,1,CVE-2025-59250
51,liquibase,MS SQL Server_Microsoft Azure SQL Database,2023-09-01 00:00:00+00:00,2023-09-12 00:00:00+00:00,11.0,pre_disclosure,2,24,2,CVE-2025-59250
51,liquibase,MS SQL Server_Microsoft Azure SQL Database,2023-09-12 00:00:00+00:00,2023-11-24 00:00:00+00:00,73.0,pre_disclosure,1,12,1,CVE-2025-59250
51,liquibase,MS SQL Server_Microsoft Azure SQL Database,2023-11-24 00:00:00+00:00,2023-12-07 00:00:00+00:00,13.0,pre_disclosure,2,23,2,CVE-2025-59250
51,liquibase,MS SQL Server_Microsoft Azure SQL Database,2023-12-07 00:00:00+00:00,2024-03-11 00:00:00+00:00,95.0,pre_disclosure,1,12,1,CVE-2025-59250
51,liquibase,MS SQL Server_Microsoft Azure SQL Database,2025-05-09 00:00:00+00:00,2025-07-02 00:00:00+00:00,54.0,pre_disclosure,1,11,1,CVE-2025-59250
51,liquibase,MySQL,2020-02-06 00:00:00+00:00,2020-07-01 17:12:20+00:00,146.71689814814815,post_resolution,1,9,1,CVE-2018-3258; CVE-2019-2692; CVE-2021-2471; CVE-2022-21363; CVE-2023-22102
51,liquibase,MySQL,2020-07-01 17:12:20+00:00,2021-09-28 18:17:43+00:00,454.0454050925926,post_resolution,1,9,1,CVE-2018-3258; CVE-2019-2692; CVE-2021-2471; CVE-2022-21363; CVE-2023-22102
51,liquibase,MySQL,2021-09-28 18:17:43+00:00,2021-10-20 00:00:00+00:00,21.237696759259258,post_resolution,1,9,1,CVE-2018-3258; CVE-2019-2692; CVE-2021-2471; CVE-2022-21363; CVE-2023-22102
51,liquibase,MySQL,2021-10-20 00:00:00+00:00,2021-10-20 11:16:17.117000+00:00,0.46964255787037035,post_resolution,2,18,2,CVE-2018-3258; CVE-2019-2692; CVE-2021-2471; CVE-2022-21363; CVE-2023-22102; CVE-2021-2471; CVE-2022-21363; CVE-2023-22102
51,liquibase,MySQL,2021-10-20 11:16:17.117000+00:00,2021-11-15 00:00:00+00:00,25.530357442129628,post_resolution,2,18,2,CVE-2018-3258; CVE-2019-2692; CVE-2021-2471; CVE-2022-21363; CVE-2023-22102; CVE-2021-2471; CVE-2022-21363; CVE-2023-22102
51,liquibase,MySQL,2021-11-15 00:00:00+00:00,2021-12-16 00:25:41+00:00,31.017835648148147,post_resolution,1,9,1,CVE-2018-3258; CVE-2019-2692; CVE-2021-2471; CVE-2022-21363; CVE-2023-22102
51,liquibase,MySQL,2021-12-16 00:25:41+00:00,2022-01-20 00:00:48+00:00,34.98271990740741,post_resolution,1,9,1,CVE-2018-3258; CVE-2019-2692; CVE-2021-2471; CVE-2022-21363; CVE-2023-22102
51,liquibase,MySQL,2022-01-20 00:00:48+00:00,2022-02-16 00:00:00+00:00,26.999444444444446,post_resolution,1,9,1,CVE-2018-3258; CVE-2019-2692; CVE-2021-2471; CVE-2022-21363; CVE-2023-22102
51,liquibase,MySQL,2022-02-16 00:00:00+00:00,2022-06-01 00:00:00+00:00,105.0,pre_disclosure,1,9,1,CVE-2023-22102
51,liquibase,MySQL,2022-06-01 00:00:00+00:00,2022-07-28 00:00:00+00:00,57.0,pre_disclosure,1,10,1,CVE-2023-22102
51,liquibase,MySQL,2022-07-28 00:00:00+00:00,2022-08-05 00:00:00+00:00,8.0,pre_disclosure,2,22,2,CVE-2023-22102
51,liquibase,MySQL,2022-08-05 00:00:00+00:00,2023-10-17 22:15:15.100000+00:00,438.92725810185186,pre_disclosure,1,12,1,CVE-2023-22102
51,liquibase,MySQL,2023-10-17 22:15:15.100000+00:00,2023-10-25 08:46:05+00:00,7.438077546296297,post_disclosure,1,12,1,CVE-2023-22102
51,liquibase,MySQL,2023-10-25 08:46:05+00:00,2025-02-12 00:00:00+00:00,475.6346643518518,post_resolution,1,12,1,CVE-2023-22102
51,liquibase,PostgreSQL,2020-06-19 00:00:00+00:00,2021-10-20 00:00:00+00:00,488.0,post_resolution,1,9,1,CVE-2020-13692; CVE-2022-26520; CVE-2026-42198; GHSA-673j-qm5f-xpv8
51,liquibase,PostgreSQL,2021-10-20 00:00:00+00:00,2022-02-09 00:00:00+00:00,112.0,post_resolution,2,18,2,CVE-2020-13692; CVE-2022-26520; CVE-2026-42198; GHSA-673j-qm5f-xpv8
51,liquibase,PostgreSQL,2022-02-09 00:00:00+00:00,2022-02-14 00:00:00+00:00,5.0,post_resolution,3,27,3,CVE-2020-13692; CVE-2022-26520; CVE-2026-42198; GHSA-673j-qm5f-xpv8
51,liquibase,PostgreSQL,2022-02-14 00:00:00+00:00,2022-02-15 19:06:43+00:00,1.7963310185185186,pre_disclosure,1,9,1,CVE-2022-26520; CVE-2022-31197; CVE-2022-41946; CVE-2026-42198; GHSA-673j-qm5f-xpv8
51,liquibase,PostgreSQL,2022-02-15 19:06:43+00:00,2022-02-16 00:08:18+00:00,0.20943287037037037,post_resolution,1,9,1,CVE-2022-26520; CVE-2022-31197; CVE-2022-41946; CVE-2026-42198; GHSA-673j-qm5f-xpv8
51,liquibase,PostgreSQL,2022-02-16 00:08:18+00:00,2022-03-10 17:47:45.810000+00:00,22.735738541666667,post_resolution,1,9,1,CVE-2022-26520; CVE-2022-31197; CVE-2022-41946; CVE-2026-42198; GHSA-673j-qm5f-xpv8
51,liquibase,PostgreSQL,2022-03-10 17:47:45.810000+00:00,2022-04-26 00:00:00+00:00,46.258497569444444,post_resolution,1,9,1,CVE-2022-26520; CVE-2022-31197; CVE-2022-41946; CVE-2026-42198; GHSA-673j-qm5f-xpv8
51,liquibase,PostgreSQL,2022-04-26 00:00:00+00:00,2022-07-13 00:00:00+00:00,78.0,pre_disclosure,1,10,1,CVE-2022-31197; CVE-2022-41946; CVE-2026-42198
51,liquibase,PostgreSQL,2022-07-13 00:00:00+00:00,2022-08-05 00:00:00+00:00,23.0,pre_disclosure,1,10,1,CVE-2026-42198
51,liquibase,PostgreSQL,2022-08-05 00:00:00+00:00,2022-08-31 00:00:00+00:00,26.0,pre_disclosure,1,10,1,CVE-2026-42198
51,liquibase,PostgreSQL,2022-08-31 00:00:00+00:00,2022-09-01 00:00:00+00:00,1.0,pre_disclosure,2,20,2,CVE-2026-42198
51,liquibase,PostgreSQL,2022-09-01 00:00:00+00:00,2022-11-25 00:00:00+00:00,85.0,pre_disclosure,1,10,1,CVE-2026-42198
51,liquibase,PostgreSQL,2022-11-25 00:00:00+00:00,2023-02-13 00:00:00+00:00,80.0,pre_disclosure,1,10,1,CVE-2026-42198
51,liquibase,PostgreSQL,2023-02-13 00:00:00+00:00,2023-02-14 00:00:00+00:00,1.0,pre_disclosure,2,20,2,CVE-2026-42198
51,liquibase,PostgreSQL,2023-02-14 00:00:00+00:00,2023-02-17 00:00:00+00:00,3.0,pre_disclosure,1,10,1,CVE-2026-42198
51,liquibase,PostgreSQL,2023-02-17 00:00:00+00:00,2023-03-31 00:00:00+00:00,42.0,pre_disclosure,1,11,1,CVE-2026-42198
51,liquibase,PostgreSQL,2023-03-31 00:00:00+00:00,2023-04-03 00:00:00+00:00,3.0,pre_disclosure,2,23,2,CVE-2026-42198
51,liquibase,PostgreSQL,2023-04-03 00:00:00+00:00,2023-11-23 00:00:00+00:00,234.0,pre_disclosure,1,12,1,CVE-2026-42198
51,liquibase,PostgreSQL,2023-11-23 00:00:00+00:00,2023-12-07 00:00:00+00:00,14.0,pre_disclosure,1,11,1,CVE-2024-1597; CVE-2026-42198
51,liquibase,PostgreSQL,2023-12-07 00:00:00+00:00,2024-02-21 00:00:00+00:00,76.0,pre_disclosure,1,11,1,CVE-2024-1597; CVE-2026-42198
51,liquibase,PostgreSQL,2024-02-21 00:00:00+00:00,2024-04-10 00:00:00+00:00,49.0,pre_disclosure,1,11,1,CVE-2026-42198
51,liquibase,PostgreSQL,2024-04-10 00:00:00+00:00,2024-04-11 00:00:00+00:00,1.0,pre_disclosure,2,22,2,CVE-2026-42198
51,liquibase,PostgreSQL,2024-04-11 00:00:00+00:00,2024-09-11 00:00:00+00:00,153.0,pre_disclosure,1,11,1,CVE-2026-42198
51,liquibase,PostgreSQL,2024-09-11 00:00:00+00:00,2024-09-13 00:00:00+00:00,2.0,pre_disclosure,2,22,2,CVE-2025-49146; CVE-2026-42198; CVE-2026-42198
51,liquibase,PostgreSQL,2024-09-13 00:00:00+00:00,2025-03-24 00:00:00+00:00,192.0,pre_disclosure,1,11,1,CVE-2025-49146; CVE-2026-42198
51,liquibase,PostgreSQL,2025-03-24 00:00:00+00:00,2025-06-11 09:55:12+00:00,79.41333333333333,pre_disclosure,1,11,1,CVE-2025-49146; CVE-2026-42198
51,liquibase,PostgreSQL,2025-06-11 09:55:12+00:00,2025-06-11 14:44:04+00:00,0.20060185185185186,post_resolution,1,11,1,CVE-2025-49146; CVE-2026-42198
51,liquibase,PostgreSQL,2025-06-11 14:44:04+00:00,2025-06-18 00:00:00+00:00,6.386064814814815,post_resolution,1,11,1,CVE-2025-49146; CVE-2026-42198
51,liquibase,PostgreSQL,2025-06-18 00:00:00+00:00,2025-09-19 00:00:00+00:00,93.0,pre_disclosure,1,9,1,CVE-2026-42198
51,liquibase,PostgreSQL,2025-09-19 00:00:00+00:00,2025-09-22 00:00:00+00:00,3.0,pre_disclosure,2,18,2,CVE-2026-42198
51,liquibase,PostgreSQL,2025-09-22 00:00:00+00:00,2026-01-05 00:00:00+00:00,105.0,pre_disclosure,1,9,1,CVE-2026-42198
51,liquibase,SQLite,2021-10-20 00:00:00+00:00,2022-04-26 00:00:00+00:00,188.0,pre_disclosure,1,9,1,CVE-2023-32697
51,liquibase,SQLite,2022-04-26 00:00:00+00:00,2022-04-29 00:00:00+00:00,3.0,pre_disclosure,2,19,2,CVE-2023-32697
51,liquibase,SQLite,2022-04-29 00:00:00+00:00,2022-08-09 00:00:00+00:00,102.0,pre_disclosure,1,10,1,CVE-2023-32697
51,liquibase,SQLite,2022-08-09 00:00:00+00:00,2022-08-31 00:00:00+00:00,22.0,pre_disclosure,2,20,2,CVE-2023-32697
51,liquibase,SQLite,2022-08-31 00:00:00+00:00,2022-09-01 00:00:00+00:00,1.0,pre_disclosure,2,20,2,CVE-2023-32697
51,liquibase,SQLite,2022-09-01 00:00:00+00:00,2022-09-21 00:00:00+00:00,20.0,pre_disclosure,1,10,1,CVE-2023-32697
51,liquibase,SQLite,2022-09-21 00:00:00+00:00,2022-11-28 00:00:00+00:00,68.0,pre_disclosure,1,10,1,CVE-2023-32697
51,liquibase,SQLite,2022-11-28 00:00:00+00:00,2022-12-08 00:00:00+00:00,10.0,pre_disclosure,2,20,2,CVE-2023-32697
51,liquibase,SQLite,2022-12-08 00:00:00+00:00,2022-12-09 00:00:00+00:00,1.0,pre_disclosure,1,10,1,CVE-2023-32697
51,liquibase,SQLite,2022-12-09 00:00:00+00:00,2023-02-14 00:00:00+00:00,67.0,pre_disclosure,1,10,1,CVE-2023-32697
51,liquibase,SQLite,2023-02-14 00:00:00+00:00,2023-02-15 00:00:00+00:00,1.0,pre_disclosure,2,21,2,CVE-2023-32697
51,liquibase,SQLite,2023-02-15 00:00:00+00:00,2023-03-10 00:00:00+00:00,23.0,pre_disclosure,1,11,1,CVE-2023-32697
51,liquibase,SQLite,2023-03-10 00:00:00+00:00,2023-03-17 00:00:00+00:00,7.0,pre_disclosure,2,22,2,CVE-2023-32697
51,liquibase,SQLite,2023-03-17 00:00:00+00:00,2023-04-03 00:00:00+00:00,17.0,pre_disclosure,1,11,1,CVE-2023-32697
51,liquibase,SQLite,2023-04-03 00:00:00+00:00,2023-04-19 00:00:00+00:00,16.0,pre_disclosure,2,23,2,CVE-2023-32697
51,liquibase,SQLite,2023-04-19 00:00:00+00:00,2023-05-19 10:50:50+00:00,30.45196759259259,pre_disclosure,1,12,1,CVE-2023-32697
51,liquibase,SQLite,2023-05-19 10:50:50+00:00,2023-05-23 23:15:09.337000+00:00,4.516890474537037,post_resolution,1,12,1,CVE-2023-32697
51,liquibase,SQLite,2023-05-23 23:15:09.337000+00:00,2023-05-25 00:00:00+00:00,1.0311419328703704,post_resolution,1,12,1,CVE-2023-32697
51,liquibase,Snowflake,2022-06-09 00:00:00+00:00,2022-06-28 00:00:00+00:00,19.0,pre_disclosure,1,10,1,CVE-2023-30535; CVE-2024-43382; CVE-2025-24789; CVE-2025-24790; CVE-2025-27496; CVE-2026-3293
51,liquibase,Snowflake,2022-06-28 00:00:00+00:00,2022-07-28 00:00:00+00:00,30.0,pre_disclosure,1,10,1,CVE-2023-30535; CVE-2024-43382; CVE-2025-24789; CVE-2025-24790; CVE-2025-27496; CVE-2026-3293
51,liquibase,Snowflake,2022-07-28 00:00:00+00:00,2022-08-05 00:00:00+00:00,8.0,pre_disclosure,2,20,2,CVE-2023-30535; CVE-2024-43382; CVE-2025-24789; CVE-2025-24790; CVE-2025-27496; CVE-2026-3293
51,liquibase,Snowflake,2022-08-05 00:00:00+00:00,2022-09-20 00:00:00+00:00,46.0,pre_disclosure,1,10,1,CVE-2023-30535; CVE-2024-43382; CVE-2025-24789; CVE-2025-24790; CVE-2025-27496; CVE-2026-3293
51,liquibase,Snowflake,2022-09-20 00:00:00+00:00,2022-12-08 00:00:00+00:00,79.0,pre_disclosure,1,10,1,CVE-2023-30535; CVE-2024-43382; CVE-2025-24789; CVE-2025-24790; CVE-2025-27496; CVE-2026-3293
51,liquibase,Snowflake,2022-12-08 00:00:00+00:00,2022-12-09 00:00:00+00:00,1.0,pre_disclosure,2,20,2,CVE-2023-30535; CVE-2024-43382; CVE-2025-24789; CVE-2025-24790; CVE-2025-27496; CVE-2026-3293
51,liquibase,Snowflake,2022-12-09 00:00:00+00:00,2023-01-03 00:00:00+00:00,25.0,pre_disclosure,1,10,1,CVE-2023-30535; CVE-2024-43382; CVE-2025-24789; CVE-2025-24790; CVE-2025-27496; CVE-2026-3293
51,liquibase,Snowflake,2023-01-03 00:00:00+00:00,2023-01-05 00:00:00+00:00,2.0,pre_disclosure,2,20,2,CVE-2023-30535; CVE-2024-43382; CVE-2025-24789; CVE-2025-24790; CVE-2025-27496; CVE-2026-3293
51,liquibase,Snowflake,2023-01-05 00:00:00+00:00,2023-02-02 00:00:00+00:00,28.0,pre_disclosure,1,10,1,CVE-2023-30535; CVE-2024-43382; CVE-2025-24789; CVE-2025-24790; CVE-2025-27496; CVE-2026-3293
51,liquibase,Snowflake,2023-02-02 00:00:00+00:00,2023-03-10 00:00:00+00:00,36.0,pre_disclosure,1,11,1,CVE-2023-30535; CVE-2024-43382; CVE-2025-24789; CVE-2025-24790; CVE-2025-27496; CVE-2026-3293
51,liquibase,Snowflake,2023-03-10 00:00:00+00:00,2023-03-17 00:00:00+00:00,7.0,pre_disclosure,2,22,2,CVE-2023-30535; CVE-2024-43382; CVE-2025-24789; CVE-2025-24790; CVE-2025-27496; CVE-2026-3293
51,liquibase,Snowflake,2023-03-17 00:00:00+00:00,2023-03-17 21:24:53+00:00,0.8922800925925926,pre_disclosure,1,11,1,CVE-2023-30535; CVE-2024-43382; CVE-2025-24789; CVE-2025-24790; CVE-2025-27496; CVE-2026-3293
51,liquibase,Snowflake,2023-03-17 21:24:53+00:00,2023-03-31 00:00:00+00:00,13.107719907407407,post_resolution,1,11,1,CVE-2023-30535; CVE-2024-43382; CVE-2025-24789; CVE-2025-24790; CVE-2025-27496; CVE-2026-3293
51,liquibase,Snowflake,2023-03-31 00:00:00+00:00,2023-05-26 00:00:00+00:00,56.0,pre_disclosure,1,12,1,CVE-2024-43382; CVE-2025-24789; CVE-2025-24790; CVE-2025-27496; CVE-2026-3293
51,liquibase,Snowflake,2023-05-26 00:00:00+00:00,2023-07-05 00:00:00+00:00,40.0,pre_disclosure,1,12,1,CVE-2024-43382; CVE-2025-24789; CVE-2025-24790; CVE-2025-27496; CVE-2026-3293
51,liquibase,Snowflake,2023-07-05 00:00:00+00:00,2023-07-25 00:00:00+00:00,20.0,pre_disclosure,2,24,2,CVE-2024-43382; CVE-2025-24789; CVE-2025-24790; CVE-2025-27496; CVE-2026-3293
51,liquibase,Snowflake,2023-07-25 00:00:00+00:00,2023-08-17 00:00:00+00:00,23.0,pre_disclosure,1,12,1,CVE-2024-43382; CVE-2025-24789; CVE-2025-24790; CVE-2025-27496; CVE-2026-3293
51,liquibase,Snowflake,2023-08-17 00:00:00+00:00,2023-09-04 00:00:00+00:00,18.0,pre_disclosure,2,24,2,CVE-2024-43382; CVE-2025-24789; CVE-2025-24790; CVE-2025-27496; CVE-2026-3293
51,liquibase,Snowflake,2023-09-04 00:00:00+00:00,2023-09-05 00:00:00+00:00,1.0,pre_disclosure,3,36,3,CVE-2024-43382; CVE-2025-24789; CVE-2025-24790; CVE-2025-27496; CVE-2026-3293
51,liquibase,Snowflake,2023-09-05 00:00:00+00:00,2023-09-12 00:00:00+00:00,7.0,pre_disclosure,2,24,2,CVE-2024-43382; CVE-2025-24789; CVE-2025-24790; CVE-2025-27496; CVE-2026-3293
51,liquibase,Snowflake,2023-09-12 00:00:00+00:00,2023-11-24 00:00:00+00:00,73.0,pre_disclosure,1,12,1,CVE-2024-43382; CVE-2025-24789; CVE-2025-24790; CVE-2025-27496; CVE-2026-3293
51,liquibase,Snowflake,2023-11-24 00:00:00+00:00,2024-01-12 00:00:00+00:00,49.0,pre_disclosure,1,11,1,CVE-2024-43382; CVE-2025-24789; CVE-2025-24790; CVE-2025-27496; CVE-2026-3293
51,liquibase,Snowflake,2024-01-12 00:00:00+00:00,2024-01-15 00:00:00+00:00,3.0,pre_disclosure,2,22,2,CVE-2024-43382; CVE-2025-24789; CVE-2025-24790; CVE-2025-27496; CVE-2026-3293
51,liquibase,Snowflake,2024-01-15 00:00:00+00:00,2024-03-11 00:00:00+00:00,56.0,pre_disclosure,1,11,1,CVE-2024-43382; CVE-2025-24789; CVE-2025-24790; CVE-2025-27496; CVE-2026-3293
51,liquibase,Snowflake,2024-03-11 00:00:00+00:00,2024-04-03 00:00:00+00:00,23.0,pre_disclosure,2,22,2,CVE-2024-43382; CVE-2025-24789; CVE-2025-24790; CVE-2025-27496; CVE-2026-3293
51,liquibase,Snowflake,2024-04-03 00:00:00+00:00,2024-04-11 00:00:00+00:00,8.0,pre_disclosure,1,11,1,CVE-2024-43382; CVE-2025-24789; CVE-2025-24790; CVE-2025-27496; CVE-2026-3293
51,liquibase,Snowflake,2024-04-11 00:00:00+00:00,2024-05-13 00:00:00+00:00,32.0,pre_disclosure,1,11,1,CVE-2024-43382; CVE-2025-24789; CVE-2025-24790; CVE-2025-27496; CVE-2026-3293
51,liquibase,Snowflake,2024-05-13 00:00:00+00:00,2024-06-19 00:00:00+00:00,37.0,pre_disclosure,1,11,1,CVE-2024-43382; CVE-2025-24789; CVE-2025-24790; CVE-2025-27496; CVE-2026-3293
51,liquibase,Snowflake,2024-06-19 00:00:00+00:00,2024-07-29 00:00:00+00:00,40.0,pre_disclosure,1,11,1,CVE-2024-43382; CVE-2025-24789; CVE-2025-24790; CVE-2025-27496; CVE-2026-3293
51,liquibase,Snowflake,2024-07-29 00:00:00+00:00,2024-10-30 14:37:53+00:00,93.6096412037037,pre_disclosure,2,22,2,CVE-2024-43382; CVE-2025-24789; CVE-2025-24790; CVE-2025-27496; CVE-2026-3293
51,liquibase,Snowflake,2024-10-30 14:37:53+00:00,2024-10-30 19:01:21+00:00,0.18296296296296297,post_disclosure,2,22,2,CVE-2024-43382; CVE-2025-24789; CVE-2025-24790; CVE-2025-27496; CVE-2026-3293
51,liquibase,Snowflake,2024-10-30 19:01:21+00:00,2024-11-15 00:00:00+00:00,15.207395833333333,post_resolution,2,22,2,CVE-2024-43382; CVE-2025-24789; CVE-2025-24790; CVE-2025-27496; CVE-2026-3293
51,liquibase,Snowflake,2024-11-15 00:00:00+00:00,2025-01-29 18:31:59+00:00,75.77221064814815,pre_disclosure,1,11,1,CVE-2025-24789; CVE-2025-24790; CVE-2025-27496; CVE-2026-3293
51,liquibase,Snowflake,2025-01-29 18:31:59+00:00,2025-01-29 18:41:57+00:00,0.006921296296296296,post_resolution,1,11,1,CVE-2025-24789; CVE-2025-24790; CVE-2025-27496; CVE-2026-3293
51,liquibase,Snowflake,2025-01-29 18:41:57+00:00,2025-01-29 18:42:07+00:00,0.00011574074074074075,post_resolution,1,11,1,CVE-2025-24789; CVE-2025-24790; CVE-2025-27496; CVE-2026-3293
51,liquibase,Snowflake,2025-01-29 18:42:07+00:00,2025-01-31 00:00:00+00:00,1.2207523148148147,post_resolution,1,11,1,CVE-2025-24789; CVE-2025-24790; CVE-2025-27496; CVE-2026-3293
51,liquibase,Snowflake,2025-01-31 00:00:00+00:00,2025-03-13 17:46:17+00:00,41.74047453703704,pre_disclosure,1,11,1,CVE-2025-27496; CVE-2026-3293
51,liquibase,Snowflake,2025-03-13 17:46:17+00:00,2025-03-13 18:57:46+00:00,0.0496412037037037,post_resolution,1,11,1,CVE-2025-27496; CVE-2026-3293
51,liquibase,Snowflake,2025-03-13 18:57:46+00:00,2025-05-09 00:00:00+00:00,56.20988425925926,post_resolution,1,11,1,CVE-2025-27496; CVE-2026-3293
51,liquibase,Snowflake,2025-05-09 00:00:00+00:00,2025-07-01 00:00:00+00:00,53.0,pre_disclosure,1,11,1,CVE-2026-3293
51,liquibase,Snowflake,2025-07-01 00:00:00+00:00,2025-07-02 00:00:00+00:00,1.0,pre_disclosure,2,20,2,CVE-2026-3293
51,liquibase,Snowflake,2025-07-02 00:00:00+00:00,2025-07-17 00:00:00+00:00,15.0,pre_disclosure,1,9,1,CVE-2026-3293
51,liquibase,Snowflake,2025-07-17 00:00:00+00:00,2025-07-24 00:00:00+00:00,7.0,pre_disclosure,1,9,1,CVE-2026-3293
51,liquibase,Snowflake,2025-07-24 00:00:00+00:00,2025-07-25 00:00:00+00:00,1.0,pre_disclosure,2,18,2,CVE-2026-3293
51,liquibase,Snowflake,2025-07-25 00:00:00+00:00,2025-08-15 00:00:00+00:00,21.0,pre_disclosure,1,9,1,CVE-2026-3293
51,liquibase,Snowflake,2025-08-15 00:00:00+00:00,2025-09-03 00:00:00+00:00,19.0,pre_disclosure,1,9,1,CVE-2026-3293
51,liquibase,Snowflake,2025-09-03 00:00:00+00:00,2025-10-23 00:00:00+00:00,50.0,pre_disclosure,1,9,1,CVE-2026-3293
51,liquibase,Snowflake,2025-10-23 00:00:00+00:00,2025-11-05 00:00:00+00:00,13.0,pre_disclosure,1,9,1,CVE-2026-3293
51,liquibase,Snowflake,2025-11-05 00:00:00+00:00,2025-12-18 00:00:00+00:00,43.0,pre_disclosure,1,9,1,CVE-2026-3293
51,liquibase,Snowflake,2025-12-18 00:00:00+00:00,2025-12-19 00:00:00+00:00,1.0,pre_disclosure,2,18,2,CVE-2026-3293
51,liquibase,Snowflake,2025-12-19 00:00:00+00:00,2026-01-05 00:00:00+00:00,17.0,pre_disclosure,1,9,1,CVE-2026-3293
52,mage,H2,2014-05-24 00:00:00+00:00,2015-02-20 00:00:00+00:00,272.0,pre_disclosure,1,25,1,CVE-2018-14335; CVE-2021-42392; CVE-2022-23221
52,mage,H2,2015-02-20 00:00:00+00:00,2015-07-04 00:00:00+00:00,134.0,pre_disclosure,1,26,1,CVE-2018-14335; CVE-2021-42392; CVE-2022-23221
52,mage,H2,2015-07-04 00:00:00+00:00,2018-07-24 13:29:00.603000+00:00,1116.5618125347223,pre_disclosure,1,33,1,CVE-2018-14335; CVE-2021-42392; CVE-2022-23221
52,mage,H2,2018-07-24 13:29:00.603000+00:00,2019-02-17 00:00:00+00:00,207.43818746527776,post_disclosure,1,33,1,CVE-2018-14335; CVE-2021-42392; CVE-2022-23221
52,mage,H2,2019-02-17 00:00:00+00:00,2019-02-22 14:41:59+00:00,5.612488425925926,post_disclosure,1,41,1,CVE-2018-14335; CVE-2021-42392; CVE-2022-23221
52,mage,H2,2019-02-22 14:41:59+00:00,2020-08-15 00:00:00+00:00,539.3875115740741,post_resolution,1,41,1,CVE-2018-14335; CVE-2021-42392; CVE-2022-23221
52,mage,H2,2020-08-15 00:00:00+00:00,2020-08-18 00:00:00+00:00,3.0,post_resolution,2,77,2,CVE-2018-14335; CVE-2021-42392; CVE-2022-23221
52,mage,H2,2020-08-18 00:00:00+00:00,2022-01-04 20:53:00+00:00,504.8701388888889,post_resolution,1,41,1,CVE-2018-14335; CVE-2021-42392; CVE-2022-23221
52,mage,H2,2022-01-04 20:53:00+00:00,2022-01-06 23:55:09+00:00,2.1264930555555557,post_resolution,1,41,1,CVE-2018-14335; CVE-2021-42392; CVE-2022-23221
52,mage,H2,2022-01-06 23:55:09+00:00,2022-01-17 16:18:52+00:00,10.683136574074075,post_resolution,1,41,1,CVE-2018-14335; CVE-2021-42392; CVE-2022-23221
52,mage,H2,2022-01-17 16:18:52+00:00,2022-01-21 23:07:39+00:00,4.283877314814815,post_resolution,1,41,1,CVE-2018-14335; CVE-2021-42392; CVE-2022-23221
52,mage,H2,2022-01-21 23:07:39+00:00,2025-10-06 00:00:00+00:00,1353.0363541666666,post_resolution,1,41,1,CVE-2018-14335; CVE-2021-42392; CVE-2022-23221
52,mage,SQLite,2012-07-24 00:00:00+00:00,2018-10-21 00:00:00+00:00,2280.0,pre_disclosure,1,24,1,CVE-2023-32697
52,mage,SQLite,2018-10-21 00:00:00+00:00,2020-07-28 00:00:00+00:00,646.0,pre_disclosure,1,3,1,CVE-2023-32697
52,mage,SQLite,2020-07-28 00:00:00+00:00,2020-08-15 00:00:00+00:00,18.0,pre_disclosure,2,5,2,CVE-2023-32697
52,mage,SQLite,2020-08-15 00:00:00+00:00,2020-08-18 00:00:00+00:00,3.0,pre_disclosure,2,5,2,CVE-2023-32697
52,mage,SQLite,2020-08-18 00:00:00+00:00,2023-05-19 10:50:50+00:00,1004.4519675925926,pre_disclosure,1,3,1,CVE-2023-32697
52,mage,SQLite,2023-05-19 10:50:50+00:00,2023-05-23 23:15:09.337000+00:00,4.516890474537037,post_resolution,1,3,1,CVE-2023-32697
52,mage,SQLite,2023-05-23 23:15:09.337000+00:00,2025-10-06 00:00:00+00:00,866.0311419328704,post_resolution,1,3,1,CVE-2023-32697
53,manifold,H2,2023-06-26 00:00:00+00:00,2023-07-05 14:57:30+00:00,9.62326388888889,post_disclosure,1,2,1,CVE-2022-45868
53,manifold,H2,2023-07-05 14:57:30+00:00,2024-07-06 00:00:00+00:00,366.3767361111111,post_resolution,1,2,1,CVE-2022-45868
53,manifold,MS SQL Server_Microsoft Azure SQL Database,2023-10-09 00:00:00+00:00,2023-11-04 00:00:00+00:00,26.0,pre_disclosure,1,1,1,CVE-2025-59250
53,manifold,MySQL,2023-09-26 00:00:00+00:00,2023-10-17 22:15:15.100000+00:00,21.92725810185185,pre_disclosure,1,1,1,CVE-2023-22102
53,manifold,MySQL,2023-10-17 22:15:15.100000+00:00,2023-10-25 08:46:05+00:00,7.438077546296297,post_disclosure,1,1,1,CVE-2023-22102
53,manifold,MySQL,2023-10-25 08:46:05+00:00,2023-11-04 00:00:00+00:00,9.634664351851852,post_resolution,1,1,1,CVE-2023-22102
53,manifold,PostgreSQL,2023-09-26 00:00:00+00:00,2023-11-04 00:00:00+00:00,39.0,pre_disclosure,1,1,1,CVE-2026-42198
53,manifold,SQLite,2023-06-23 00:00:00+00:00,2023-06-24 00:00:00+00:00,1.0,post_resolution,1,1,1,CVE-2023-32697
53,manifold,SQLite,2023-08-31 00:00:00+00:00,2024-11-11 00:00:00+00:00,438.0,post_resolution,1,1,1,CVE-2023-32697
54,OpenID-Connect-Java-Spring-Server,HyperSQL,2014-08-06 00:00:00+00:00,2016-12-22 00:00:00+00:00,869.0,pre_disclosure,1,1,1,CVE-2022-41853
54,OpenID-Connect-Java-Spring-Server,HyperSQL,2016-12-22 00:00:00+00:00,2022-04-19 00:00:00+00:00,1944.0,pre_disclosure,1,2,1,CVE-2022-41853
55,moquette,H2,2016-05-16 00:00:00+00:00,2017-06-02 00:00:00+00:00,382.0,pre_disclosure,1,1,1,CVE-2018-14335; CVE-2021-42392; CVE-2022-23221
55,moquette,H2,2017-06-02 00:00:00+00:00,2018-07-24 13:29:00.603000+00:00,417.5618125347222,pre_disclosure,2,4,2,CVE-2018-14335; CVE-2021-42392; CVE-2022-23221
55,moquette,H2,2018-07-24 13:29:00.603000+00:00,2019-02-22 14:41:59+00:00,213.0506758912037,post_disclosure,2,4,2,CVE-2018-14335; CVE-2021-42392; CVE-2022-23221
55,moquette,H2,2019-02-22 14:41:59+00:00,2020-11-02 00:00:00+00:00,618.3875115740741,post_resolution,2,4,2,CVE-2018-14335; CVE-2021-42392; CVE-2022-23221
55,moquette,H2,2020-11-02 00:00:00+00:00,2021-11-29 11:00:04+00:00,392.45837962962963,pre_disclosure,1,3,1,CVE-2021-23463; CVE-2021-42392; CVE-2022-23221; CVE-2022-45868
55,moquette,H2,2021-11-29 11:00:04+00:00,2021-12-16 14:29:57+00:00,17.145752314814814,post_resolution,1,3,1,CVE-2021-23463; CVE-2021-42392; CVE-2022-23221; CVE-2022-45868
55,moquette,H2,2021-12-16 14:29:57+00:00,2022-01-04 20:53:00+00:00,19.266006944444445,post_resolution,1,3,1,CVE-2021-23463; CVE-2021-42392; CVE-2022-23221; CVE-2022-45868
55,moquette,H2,2022-01-04 20:53:00+00:00,2022-01-06 23:55:09+00:00,2.1264930555555557,post_resolution,1,3,1,CVE-2021-23463; CVE-2021-42392; CVE-2022-23221; CVE-2022-45868
55,moquette,H2,2022-01-06 23:55:09+00:00,2022-01-17 16:18:52+00:00,10.683136574074075,post_resolution,1,3,1,CVE-2021-23463; CVE-2021-42392; CVE-2022-23221; CVE-2022-45868
55,moquette,H2,2022-01-17 16:18:52+00:00,2022-01-21 23:07:39+00:00,4.283877314814815,post_resolution,1,3,1,CVE-2021-23463; CVE-2021-42392; CVE-2022-23221; CVE-2022-45868
55,moquette,H2,2022-01-21 23:07:39+00:00,2022-06-03 00:00:00+00:00,132.03635416666665,post_resolution,1,3,1,CVE-2021-23463; CVE-2021-42392; CVE-2022-23221; CVE-2022-45868
55,moquette,H2,2022-06-03 00:00:00+00:00,2022-11-23 21:30:31+00:00,173.89619212962964,pre_disclosure,1,3,1,CVE-2022-45868
55,moquette,H2,2022-11-23 21:30:31+00:00,2023-07-05 14:57:30+00:00,223.72707175925925,post_disclosure,1,3,1,CVE-2022-45868
55,moquette,H2,2023-07-05 14:57:30+00:00,2024-12-27 00:00:00+00:00,540.3767361111111,post_resolution,1,3,1,CVE-2022-45868
55,moquette,H2,2024-12-27 00:00:00+00:00,2025-08-11 00:00:00+00:00,227.0,post_resolution,1,4,1,CVE-2022-45868
55,moquette,Hazelcast,2016-07-22 00:00:00+00:00,2016-12-12 00:00:00+00:00,143.0,pre_disclosure,2,10,2,CVE-2016-10750; CVE-2023-33265; CVE-2023-45860
55,moquette,Hazelcast,2016-12-12 00:00:00+00:00,2017-08-24 00:00:00+00:00,255.0,pre_disclosure,1,7,1,CVE-2016-10750; CVE-2023-33265; CVE-2023-45860
56,morphia,MongoDB,2020-01-20 00:00:00+00:00,2020-02-23 00:00:00+00:00,34.0,pre_disclosure,1,2,1,CVE-2021-20328
56,morphia,MongoDB,2020-02-23 00:00:00+00:00,2020-03-06 00:00:00+00:00,12.0,pre_disclosure,1,2,1,CVE-2021-20328
56,morphia,MongoDB,2020-03-06 00:00:00+00:00,2020-03-12 00:00:00+00:00,6.0,pre_disclosure,2,4,2,CVE-2021-20328
56,morphia,MongoDB,2020-03-12 00:00:00+00:00,2020-04-30 00:00:00+00:00,49.0,pre_disclosure,1,2,1,CVE-2021-20328
56,morphia,MongoDB,2020-04-30 00:00:00+00:00,2020-09-18 00:00:00+00:00,141.0,pre_disclosure,1,3,1,CVE-2021-20328
56,morphia,MongoDB,2020-09-18 00:00:00+00:00,2020-12-13 00:00:00+00:00,86.0,pre_disclosure,1,3,1,CVE-2021-20328
57,light-4j,H2,2018-06-17 00:00:00+00:00,2018-07-24 13:29:00.603000+00:00,37.56181253472222,pre_disclosure,1,1,1,CVE-2018-14335; CVE-2021-42392; CVE-2022-23221
57,light-4j,H2,2018-07-24 13:29:00.603000+00:00,2019-02-22 14:41:59+00:00,213.0506758912037,post_disclosure,1,1,1,CVE-2018-14335; CVE-2021-42392; CVE-2022-23221
57,light-4j,H2,2019-02-22 14:41:59+00:00,2022-01-04 20:53:00+00:00,1047.257650462963,post_resolution,1,1,1,CVE-2018-14335; CVE-2021-42392; CVE-2022-23221
57,light-4j,H2,2022-01-04 20:53:00+00:00,2022-01-06 23:55:09+00:00,2.1264930555555557,post_resolution,1,1,1,CVE-2018-14335; CVE-2021-42392; CVE-2022-23221
57,light-4j,H2,2022-01-06 23:55:09+00:00,2022-01-07 00:00:00+00:00,0.0033680555555555556,post_resolution,1,1,1,CVE-2018-14335; CVE-2021-42392; CVE-2022-23221
57,light-4j,H2,2022-01-07 00:00:00+00:00,2022-01-17 16:18:52+00:00,10.679768518518518,pre_disclosure,1,1,1,CVE-2022-23221; CVE-2022-45868
57,light-4j,H2,2022-01-17 16:18:52+00:00,2022-01-21 23:07:39+00:00,4.283877314814815,post_resolution,1,1,1,CVE-2022-23221; CVE-2022-45868
57,light-4j,H2,2022-01-21 23:07:39+00:00,2022-01-23 00:00:00+00:00,1.0363541666666667,post_resolution,1,1,1,CVE-2022-23221; CVE-2022-45868
57,light-4j,H2,2022-01-23 00:00:00+00:00,2022-11-23 21:30:31+00:00,304.89619212962964,pre_disclosure,1,1,1,CVE-2022-45868
57,light-4j,H2,2022-11-23 21:30:31+00:00,2023-04-05 00:00:00+00:00,132.10380787037036,post_disclosure,1,1,1,CVE-2022-45868
57,light-4j,H2,2023-04-05 00:00:00+00:00,2023-07-05 14:57:30+00:00,91.62326388888889,post_disclosure,1,2,1,CVE-2022-45868
57,light-4j,H2,2023-07-05 14:57:30+00:00,2023-08-16 00:00:00+00:00,41.376736111111114,post_resolution,1,2,1,CVE-2022-45868
57,light-4j,MySQL,2018-06-17 00:00:00+00:00,2018-09-27 09:18:47+00:00,102.38804398148149,pre_disclosure,1,1,1,CVE-2018-3258; CVE-2019-2692; CVE-2021-2471; CVE-2022-21363; CVE-2023-22102
57,light-4j,MySQL,2018-09-27 09:18:47+00:00,2019-03-20 19:08:52+00:00,174.4097800925926,post_resolution,1,1,1,CVE-2018-3258; CVE-2019-2692; CVE-2021-2471; CVE-2022-21363; CVE-2023-22102
57,light-4j,MySQL,2019-03-20 19:08:52+00:00,2020-07-01 17:12:20+00:00,468.91907407407405,post_resolution,1,1,1,CVE-2018-3258; CVE-2019-2692; CVE-2021-2471; CVE-2022-21363; CVE-2023-22102
57,light-4j,MySQL,2020-07-01 17:12:20+00:00,2020-07-02 00:00:00+00:00,0.2831018518518518,post_resolution,1,1,1,CVE-2018-3258; CVE-2019-2692; CVE-2021-2471; CVE-2022-21363; CVE-2023-22102
57,light-4j,MySQL,2020-07-02 00:00:00+00:00,2020-07-14 00:00:00+00:00,12.0,post_disclosure,1,1,1,CVE-2020-2934; CVE-2021-2471; CVE-2022-21363; CVE-2023-22102
57,light-4j,MySQL,2020-07-14 00:00:00+00:00,2021-09-28 18:17:43+00:00,441.7623032407407,post_resolution,1,1,1,CVE-2020-2934; CVE-2021-2471; CVE-2022-21363; CVE-2023-22102
57,light-4j,MySQL,2021-09-28 18:17:43+00:00,2021-10-20 11:16:17.117000+00:00,21.70733931712963,post_resolution,1,1,1,CVE-2020-2934; CVE-2021-2471; CVE-2022-21363; CVE-2023-22102
57,light-4j,MySQL,2021-10-20 11:16:17.117000+00:00,2021-12-16 00:25:41+00:00,56.548193090277785,post_resolution,1,1,1,CVE-2020-2934; CVE-2021-2471; CVE-2022-21363; CVE-2023-22102
57,light-4j,MySQL,2021-12-16 00:25:41+00:00,2022-01-20 00:00:48+00:00,34.98271990740741,post_resolution,1,1,1,CVE-2020-2934; CVE-2021-2471; CVE-2022-21363; CVE-2023-22102
57,light-4j,MySQL,2022-01-20 00:00:48+00:00,2022-11-29 00:00:00+00:00,312.99944444444446,post_resolution,1,1,1,CVE-2020-2934; CVE-2021-2471; CVE-2022-21363; CVE-2023-22102
57,light-4j,MySQL,2022-11-29 00:00:00+00:00,2022-11-30 00:00:00+00:00,1.0,post_resolution,2,2,2,CVE-2020-2934; CVE-2021-2471; CVE-2022-21363; CVE-2023-22102
57,light-4j,MySQL,2022-11-30 00:00:00+00:00,2023-02-08 00:00:00+00:00,70.0,pre_disclosure,1,1,1,CVE-2023-22102
57,light-4j,MySQL,2023-02-08 00:00:00+00:00,2023-02-14 00:00:00+00:00,6.0,pre_disclosure,2,2,2,CVE-2023-22102
57,light-4j,MySQL,2023-02-14 00:00:00+00:00,2023-10-17 22:15:15.100000+00:00,245.92725810185186,pre_disclosure,1,1,1,CVE-2023-22102
57,light-4j,MySQL,2023-10-17 22:15:15.100000+00:00,2023-10-25 08:46:05+00:00,7.438077546296297,post_disclosure,1,1,1,CVE-2023-22102
57,light-4j,MySQL,2023-10-25 08:46:05+00:00,2025-05-26 00:00:00+00:00,578.6346643518518,post_resolution,1,1,1,CVE-2023-22102
57,light-4j,PostgreSQL,2018-06-17 00:00:00+00:00,2018-08-27 15:43:21+00:00,71.65510416666666,pre_disclosure,1,1,1,CVE-2018-10936; CVE-2020-13692; CVE-2022-41946; GHSA-xfg6-62px-cxc2
57,light-4j,PostgreSQL,2018-08-27 15:43:21+00:00,2018-08-30 13:29:00.377000+00:00,2.906705752314815,post_resolution,1,1,1,CVE-2018-10936; CVE-2020-13692; CVE-2022-41946; GHSA-xfg6-62px-cxc2
57,light-4j,PostgreSQL,2018-08-30 13:29:00.377000+00:00,2019-09-13 17:15:52+00:00,379.15754193287034,post_resolution,1,1,1,CVE-2018-10936; CVE-2020-13692; CVE-2022-41946; GHSA-xfg6-62px-cxc2
57,light-4j,PostgreSQL,2019-09-13 17:15:52+00:00,2020-06-04 13:16:11+00:00,264.83355324074074,post_resolution,1,1,1,CVE-2018-10936; CVE-2020-13692; CVE-2022-41946; GHSA-xfg6-62px-cxc2
57,light-4j,PostgreSQL,2020-06-04 13:16:11+00:00,2020-06-04 16:15:12.657000+00:00,0.12432473379629629,post_resolution,1,1,1,CVE-2018-10936; CVE-2020-13692; CVE-2022-41946; GHSA-xfg6-62px-cxc2
57,light-4j,PostgreSQL,2020-06-04 16:15:12.657000+00:00,2022-02-01 00:00:00+00:00,606.3227701736112,post_resolution,1,1,1,CVE-2018-10936; CVE-2020-13692; CVE-2022-41946; GHSA-xfg6-62px-cxc2
57,light-4j,PostgreSQL,2022-02-01 00:00:00+00:00,2022-02-15 19:06:43+00:00,14.796331018518519,pre_disclosure,1,1,1,CVE-2022-26520; CVE-2026-42198; GHSA-673j-qm5f-xpv8
57,light-4j,PostgreSQL,2022-02-15 19:06:43+00:00,2022-02-16 00:00:00+00:00,0.2036689814814815,post_resolution,1,1,1,CVE-2022-26520; CVE-2026-42198; GHSA-673j-qm5f-xpv8
57,light-4j,PostgreSQL,2022-02-16 00:00:00+00:00,2022-08-06 05:51:38+00:00,171.2441898148148,pre_disclosure,1,1,1,CVE-2022-31197; CVE-2022-41946; CVE-2026-42198
57,light-4j,PostgreSQL,2022-08-06 05:51:38+00:00,2022-08-08 00:00:00+00:00,1.7558101851851853,post_disclosure,1,1,1,CVE-2022-31197; CVE-2022-41946; CVE-2026-42198
57,light-4j,PostgreSQL,2022-08-08 00:00:00+00:00,2022-11-29 00:00:00+00:00,113.0,pre_disclosure,1,1,1,CVE-2026-42198
57,light-4j,PostgreSQL,2022-11-29 00:00:00+00:00,2023-02-08 00:00:00+00:00,71.0,pre_disclosure,1,1,1,CVE-2026-42198
57,light-4j,PostgreSQL,2023-02-08 00:00:00+00:00,2023-02-14 00:00:00+00:00,6.0,pre_disclosure,2,2,2,CVE-2026-42198
57,light-4j,PostgreSQL,2023-02-14 00:00:00+00:00,2023-04-05 00:00:00+00:00,50.0,pre_disclosure,1,1,1,CVE-2026-42198
57,light-4j,PostgreSQL,2023-04-05 00:00:00+00:00,2024-02-28 00:00:00+00:00,329.0,pre_disclosure,1,2,1,CVE-2026-42198
57,light-4j,PostgreSQL,2024-02-28 00:00:00+00:00,2024-02-29 00:00:00+00:00,1.0,pre_disclosure,2,4,2,CVE-2026-42198
57,light-4j,PostgreSQL,2024-02-29 00:00:00+00:00,2025-05-26 00:00:00+00:00,452.0,pre_disclosure,1,2,1,CVE-2026-42198
57,light-4j,PostgreSQL,2025-05-26 00:00:00+00:00,2025-06-11 09:55:12+00:00,16.413333333333334,pre_disclosure,1,2,1,CVE-2025-49146; CVE-2026-42198
57,light-4j,PostgreSQL,2025-06-11 09:55:12+00:00,2025-06-11 14:44:04+00:00,0.20060185185185186,post_resolution,1,2,1,CVE-2025-49146; CVE-2026-42198
57,light-4j,PostgreSQL,2025-06-11 14:44:04+00:00,2025-08-11 00:00:00+00:00,60.386064814814816,post_resolution,1,2,1,CVE-2025-49146; CVE-2026-42198
57,light-4j,PostgreSQL,2025-08-11 00:00:00+00:00,2025-12-23 00:00:00+00:00,134.0,pre_disclosure,1,2,1,CVE-2026-42198
58,nutz,H2,2011-01-30 00:00:00+00:00,2011-02-16 00:00:00+00:00,17.0,pre_disclosure,1,1,1,CVE-2018-14335; CVE-2021-42392; CVE-2022-23221
58,nutz,H2,2011-02-16 00:00:00+00:00,2011-05-18 00:00:00+00:00,91.0,pre_disclosure,1,1,1,CVE-2018-14335; CVE-2021-42392; CVE-2022-23221
58,nutz,H2,2011-05-18 00:00:00+00:00,2011-07-19 00:00:00+00:00,62.0,pre_disclosure,1,1,1,CVE-2018-14335; CVE-2021-42392; CVE-2022-23221
58,nutz,H2,2011-07-19 00:00:00+00:00,2012-06-03 00:00:00+00:00,320.0,pre_disclosure,1,1,1,CVE-2018-14335; CVE-2021-42392; CVE-2022-23221
58,nutz,H2,2012-06-03 00:00:00+00:00,2014-04-24 00:00:00+00:00,690.0,pre_disclosure,1,1,1,CVE-2018-14335; CVE-2021-42392; CVE-2022-23221
58,nutz,H2,2014-04-24 00:00:00+00:00,2014-08-07 00:00:00+00:00,105.0,pre_disclosure,1,1,1,CVE-2018-14335; CVE-2021-42392; CVE-2022-23221
58,nutz,H2,2014-08-07 00:00:00+00:00,2014-09-18 00:00:00+00:00,42.0,pre_disclosure,1,1,1,CVE-2018-14335; CVE-2021-42392; CVE-2022-23221
58,nutz,H2,2014-09-18 00:00:00+00:00,2017-07-15 00:00:00+00:00,1031.0,pre_disclosure,1,1,1,CVE-2018-14335; CVE-2021-42392; CVE-2022-23221
58,nutz,H2,2017-07-15 00:00:00+00:00,2018-07-24 13:29:00.603000+00:00,374.5618125347222,pre_disclosure,1,1,1,CVE-2018-14335; CVE-2021-42392; CVE-2022-23221
58,nutz,H2,2018-07-24 13:29:00.603000+00:00,2019-02-22 14:41:59+00:00,213.0506758912037,post_disclosure,1,1,1,CVE-2018-14335; CVE-2021-42392; CVE-2022-23221
58,nutz,H2,2019-02-22 14:41:59+00:00,2022-01-04 20:53:00+00:00,1047.257650462963,post_resolution,1,1,1,CVE-2018-14335; CVE-2021-42392; CVE-2022-23221
58,nutz,H2,2022-01-04 20:53:00+00:00,2022-01-06 23:55:09+00:00,2.1264930555555557,post_resolution,1,1,1,CVE-2018-14335; CVE-2021-42392; CVE-2022-23221
58,nutz,H2,2022-01-06 23:55:09+00:00,2022-01-17 16:18:52+00:00,10.683136574074075,post_resolution,1,1,1,CVE-2018-14335; CVE-2021-42392; CVE-2022-23221
58,nutz,H2,2022-01-17 16:18:52+00:00,2022-01-21 23:07:39+00:00,4.283877314814815,post_resolution,1,1,1,CVE-2018-14335; CVE-2021-42392; CVE-2022-23221
58,nutz,H2,2022-01-21 23:07:39+00:00,2025-08-14 00:00:00+00:00,1300.0363541666666,post_resolution,1,1,1,CVE-2018-14335; CVE-2021-42392; CVE-2022-23221
58,nutz,MySQL,2013-01-23 00:00:00+00:00,2015-05-08 10:55:46+00:00,835.4553935185185,pre_disclosure,1,1,1,CVE-2015-2575; CVE-2017-3523; CVE-2017-3586; CVE-2017-3589; CVE-2018-3258; CVE-2019-2692; CVE-2020-2934; CVE-2022-21363; CVE-2023-22102
58,nutz,MySQL,2015-05-08 10:55:46+00:00,2015-07-30 00:00:00+00:00,82.54460648148148,post_resolution,1,1,1,CVE-2015-2575; CVE-2017-3523; CVE-2017-3586; CVE-2017-3589; CVE-2018-3258; CVE-2019-2692; CVE-2020-2934; CVE-2022-21363; CVE-2023-22102
58,nutz,MySQL,2015-07-30 00:00:00+00:00,2016-01-10 00:00:00+00:00,164.0,pre_disclosure,1,1,1,CVE-2017-3523; CVE-2017-3586; CVE-2017-3589; CVE-2018-3258; CVE-2019-2692; CVE-2020-2934; CVE-2022-21363; CVE-2023-22102
58,nutz,MySQL,2016-01-10 00:00:00+00:00,2016-05-07 00:00:00+00:00,118.0,pre_disclosure,1,1,1,CVE-2017-3523; CVE-2017-3586; CVE-2017-3589; CVE-2018-3258; CVE-2019-2692; CVE-2020-2934; CVE-2022-21363; CVE-2023-22102
58,nutz,MySQL,2016-05-07 00:00:00+00:00,2016-05-17 00:00:00+00:00,10.0,pre_disclosure,2,2,2,CVE-2017-3523; CVE-2017-3586; CVE-2017-3589; CVE-2018-3258; CVE-2019-2692; CVE-2020-2934; CVE-2022-21363; CVE-2023-22102
58,nutz,MySQL,2016-05-17 00:00:00+00:00,2016-10-10 00:00:00+00:00,146.0,pre_disclosure,1,1,1,CVE-2017-3523; CVE-2017-3586; CVE-2017-3589; CVE-2018-3258; CVE-2019-2692; CVE-2020-2934; CVE-2022-21363; CVE-2023-22102
58,nutz,MySQL,2016-10-10 00:00:00+00:00,2016-10-24 00:00:00+00:00,14.0,pre_disclosure,2,2,2,CVE-2017-3523; CVE-2017-3586; CVE-2017-3589; CVE-2018-3258; CVE-2019-2692; CVE-2020-2934; CVE-2022-21363; CVE-2023-22102
58,nutz,MySQL,2016-10-24 00:00:00+00:00,2016-12-18 00:00:00+00:00,55.0,pre_disclosure,1,1,1,CVE-2017-3523; CVE-2017-3586; CVE-2017-3589; CVE-2018-3258; CVE-2019-2692; CVE-2020-2934; CVE-2022-21363; CVE-2023-22102
58,nutz,MySQL,2016-12-18 00:00:00+00:00,2017-02-14 20:27:59+00:00,58.8527662037037,pre_disclosure,1,1,1,CVE-2017-3523; CVE-2017-3586; CVE-2017-3589; CVE-2018-3258; CVE-2019-2692; CVE-2020-2934; CVE-2022-21363; CVE-2023-22102
58,nutz,MySQL,2017-02-14 20:27:59+00:00,2017-04-17 18:23:36+00:00,61.91362268518518,post_resolution,1,1,1,CVE-2017-3523; CVE-2017-3586; CVE-2017-3589; CVE-2018-3258; CVE-2019-2692; CVE-2020-2934; CVE-2022-21363; CVE-2023-22102
58,nutz,MySQL,2017-04-17 18:23:36+00:00,2018-09-27 09:18:47+00:00,527.6216550925926,post_resolution,1,1,1,CVE-2017-3523; CVE-2017-3586; CVE-2017-3589; CVE-2018-3258; CVE-2019-2692; CVE-2020-2934; CVE-2022-21363; CVE-2023-22102
58,nutz,MySQL,2018-09-27 09:18:47+00:00,2019-03-20 19:08:52+00:00,174.4097800925926,post_resolution,1,1,1,CVE-2017-3523; CVE-2017-3586; CVE-2017-3589; CVE-2018-3258; CVE-2019-2692; CVE-2020-2934; CVE-2022-21363; CVE-2023-22102
58,nutz,MySQL,2019-03-20 19:08:52+00:00,2020-04-15 14:15:36.453000+00:00,391.7963478356482,post_resolution,1,1,1,CVE-2017-3523; CVE-2017-3586; CVE-2017-3589; CVE-2018-3258; CVE-2019-2692; CVE-2020-2934; CVE-2022-21363; CVE-2023-22102
58,nutz,MySQL,2020-04-15 14:15:36.453000+00:00,2020-07-01 17:12:20+00:00,77.12272623842593,post_resolution,1,1,1,CVE-2017-3523; CVE-2017-3586; CVE-2017-3589; CVE-2018-3258; CVE-2019-2692; CVE-2020-2934; CVE-2022-21363; CVE-2023-22102
58,nutz,MySQL,2020-07-01 17:12:20+00:00,2020-07-14 00:00:00+00:00,12.283101851851852,post_resolution,1,1,1,CVE-2017-3523; CVE-2017-3586; CVE-2017-3589; CVE-2018-3258; CVE-2019-2692; CVE-2020-2934; CVE-2022-21363; CVE-2023-22102
58,nutz,MySQL,2020-07-14 00:00:00+00:00,2020-10-11 00:00:00+00:00,89.0,post_resolution,1,1,1,CVE-2017-3523; CVE-2017-3586; CVE-2017-3589; CVE-2018-3258; CVE-2019-2692; CVE-2020-2934; CVE-2022-21363; CVE-2023-22102
58,nutz,MySQL,2020-10-11 00:00:00+00:00,2021-09-28 18:17:43+00:00,352.7623032407407,pre_disclosure,1,1,1,CVE-2021-2471; CVE-2022-21363; CVE-2023-22102
58,nutz,MySQL,2021-09-28 18:17:43+00:00,2021-10-20 11:16:17.117000+00:00,21.70733931712963,post_resolution,1,1,1,CVE-2021-2471; CVE-2022-21363; CVE-2023-22102
58,nutz,MySQL,2021-10-20 11:16:17.117000+00:00,2021-12-16 00:25:41+00:00,56.548193090277785,post_resolution,1,1,1,CVE-2021-2471; CVE-2022-21363; CVE-2023-22102
58,nutz,MySQL,2021-12-16 00:25:41+00:00,2022-01-20 00:00:48+00:00,34.98271990740741,post_resolution,1,1,1,CVE-2021-2471; CVE-2022-21363; CVE-2023-22102
58,nutz,MySQL,2022-01-20 00:00:48+00:00,2023-10-17 22:15:15.100000+00:00,635.9267025462963,post_resolution,1,1,1,CVE-2021-2471; CVE-2022-21363; CVE-2023-22102
58,nutz,MySQL,2023-10-17 22:15:15.100000+00:00,2023-10-25 08:46:05+00:00,7.438077546296297,post_resolution,1,1,1,CVE-2021-2471; CVE-2022-21363; CVE-2023-22102
58,nutz,MySQL,2023-10-25 08:46:05+00:00,2025-08-14 00:00:00+00:00,658.6346643518518,post_resolution,1,1,1,CVE-2021-2471; CVE-2022-21363; CVE-2023-22102
58,nutz,PostgreSQL,2012-06-05 00:00:00+00:00,2014-08-07 00:00:00+00:00,793.0,pre_disclosure,1,1,1,CVE-2018-10936
58,nutz,PostgreSQL,2014-08-07 00:00:00+00:00,2016-10-10 00:00:00+00:00,795.0,pre_disclosure,1,1,1,CVE-2018-10936; CVE-2020-13692; GHSA-xfg6-62px-cxc2
58,nutz,PostgreSQL,2016-10-10 00:00:00+00:00,2016-10-24 00:00:00+00:00,14.0,pre_disclosure,2,2,2,CVE-2018-10936; CVE-2020-13692; CVE-2022-41946; GHSA-xfg6-62px-cxc2; CVE-2018-10936; CVE-2020-13692; GHSA-xfg6-62px-cxc2
58,nutz,PostgreSQL,2016-10-24 00:00:00+00:00,2018-08-27 15:43:21+00:00,672.6551041666667,pre_disclosure,1,1,1,CVE-2018-10936; CVE-2020-13692; CVE-2022-41946; GHSA-xfg6-62px-cxc2
58,nutz,PostgreSQL,2018-08-27 15:43:21+00:00,2018-08-30 13:29:00.377000+00:00,2.906705752314815,post_resolution,1,1,1,CVE-2018-10936; CVE-2020-13692; CVE-2022-41946; GHSA-xfg6-62px-cxc2
58,nutz,PostgreSQL,2018-08-30 13:29:00.377000+00:00,2019-09-13 17:15:52+00:00,379.15754193287034,post_resolution,1,1,1,CVE-2018-10936; CVE-2020-13692; CVE-2022-41946; GHSA-xfg6-62px-cxc2
58,nutz,PostgreSQL,2019-09-13 17:15:52+00:00,2020-06-04 13:16:11+00:00,264.83355324074074,post_resolution,1,1,1,CVE-2018-10936; CVE-2020-13692; CVE-2022-41946; GHSA-xfg6-62px-cxc2
58,nutz,PostgreSQL,2020-06-04 13:16:11+00:00,2020-06-04 16:15:12.657000+00:00,0.12432473379629629,post_resolution,1,1,1,CVE-2018-10936; CVE-2020-13692; CVE-2022-41946; GHSA-xfg6-62px-cxc2
58,nutz,PostgreSQL,2020-06-04 16:15:12.657000+00:00,2022-11-23 00:00:00+00:00,901.322770173611,post_resolution,1,1,1,CVE-2018-10936; CVE-2020-13692; CVE-2022-41946; GHSA-xfg6-62px-cxc2
58,nutz,PostgreSQL,2022-11-23 00:00:00+00:00,2022-11-23 20:15:10.253000+00:00,0.8438686689814815,post_resolution,1,1,1,CVE-2018-10936; CVE-2020-13692; CVE-2022-41946; GHSA-xfg6-62px-cxc2
58,nutz,PostgreSQL,2022-11-23 20:15:10.253000+00:00,2024-02-19 15:30:38+00:00,452.8024044791667,post_resolution,1,1,1,CVE-2018-10936; CVE-2020-13692; CVE-2022-41946; GHSA-xfg6-62px-cxc2
58,nutz,PostgreSQL,2024-02-19 15:30:38+00:00,2024-09-10 00:00:00+00:00,203.35372685185186,post_resolution,1,1,1,CVE-2018-10936; CVE-2020-13692; CVE-2022-41946; GHSA-xfg6-62px-cxc2
58,nutz,PostgreSQL,2024-09-10 00:00:00+00:00,2025-06-11 09:55:12+00:00,274.41333333333336,post_resolution,2,2,2,CVE-2018-10936; CVE-2020-13692; CVE-2022-41946; GHSA-xfg6-62px-cxc2
58,nutz,PostgreSQL,2025-06-11 09:55:12+00:00,2025-06-11 14:44:04+00:00,0.20060185185185186,post_resolution,2,2,2,CVE-2018-10936; CVE-2020-13692; CVE-2022-41946; GHSA-xfg6-62px-cxc2; CVE-2025-49146; CVE-2026-42198
58,nutz,PostgreSQL,2025-06-11 14:44:04+00:00,2025-08-14 00:00:00+00:00,63.386064814814816,post_resolution,2,2,2,CVE-2018-10936; CVE-2020-13692; CVE-2022-41946; GHSA-xfg6-62px-cxc2; CVE-2025-49146; CVE-2026-42198
58,nutz,SQLite,2016-12-24 00:00:00+00:00,2023-05-19 10:50:50+00:00,2337.4519675925926,pre_disclosure,1,1,1,CVE-2023-32697
58,nutz,SQLite,2023-05-19 10:50:50+00:00,2023-05-23 23:15:09.337000+00:00,4.516890474537037,post_resolution,1,1,1,CVE-2023-32697
58,nutz,SQLite,2023-05-23 23:15:09.337000+00:00,2025-08-14 00:00:00+00:00,813.0311419328704,post_resolution,1,1,1,CVE-2023-32697
59,Chronicle-Queue,HyperSQL,2016-04-10 00:00:00+00:00,2017-07-12 00:00:00+00:00,458.0,pre_disclosure,1,1,1,CVE-2022-41853
59,Chronicle-Queue,HyperSQL,2017-07-12 00:00:00+00:00,2020-09-28 00:00:00+00:00,1174.0,pre_disclosure,1,1,1,CVE-2022-41853
59,Chronicle-Queue,HyperSQL,2020-09-28 00:00:00+00:00,2021-06-10 00:00:00+00:00,255.0,pre_disclosure,1,1,1,CVE-2022-41853
59,Chronicle-Queue,HyperSQL,2021-06-10 00:00:00+00:00,2021-10-28 00:00:00+00:00,140.0,pre_disclosure,1,1,1,CVE-2022-41853
59,Chronicle-Queue,HyperSQL,2021-10-28 00:00:00+00:00,2022-10-06 18:17:07.190000+00:00,343.76188877314814,pre_disclosure,1,1,1,CVE-2022-41853
59,Chronicle-Queue,HyperSQL,2022-10-06 18:17:07.190000+00:00,2022-10-22 14:19:43+00:00,15.835136689814815,post_disclosure,1,1,1,CVE-2022-41853
59,Chronicle-Queue,HyperSQL,2022-10-22 14:19:43+00:00,2023-04-26 00:00:00+00:00,185.40297453703704,post_resolution,1,1,1,CVE-2022-41853
60,BIMserver,SQLite,2019-08-29 00:00:00+00:00,2023-05-19 10:50:50+00:00,1359.4519675925926,pre_disclosure,1,3,1,CVE-2023-32697
60,BIMserver,SQLite,2023-05-19 10:50:50+00:00,2023-05-23 23:15:09.337000+00:00,4.516890474537037,post_resolution,1,3,1,CVE-2023-32697
60,BIMserver,SQLite,2023-05-23 23:15:09.337000+00:00,2024-12-18 00:00:00+00:00,574.0311419328704,post_resolution,1,3,1,CVE-2023-32697
60,BIMserver,SQLite,2024-12-18 00:00:00+00:00,2025-12-30 00:00:00+00:00,377.0,post_resolution,1,3,1,CVE-2023-32697
61,OpenTripPlanner,HyperSQL,2020-04-23 00:00:00+00:00,2022-10-06 18:17:07.190000+00:00,896.7618887731481,pre_disclosure,1,1,1,CVE-2022-41853
61,OpenTripPlanner,HyperSQL,2022-10-06 18:17:07.190000+00:00,2022-10-22 14:19:43+00:00,15.835136689814815,post_disclosure,1,1,1,CVE-2022-41853
61,OpenTripPlanner,HyperSQL,2022-10-22 14:19:43+00:00,2023-01-20 00:00:00+00:00,89.40297453703704,post_resolution,1,1,1,CVE-2022-41853
62,zipkin,MySQL,2015-09-23 00:00:00+00:00,2015-10-16 00:00:00+00:00,23.0,pre_disclosure,1,2,1,CVE-2017-3523; CVE-2017-3586; CVE-2017-3589; CVE-2018-3258; CVE-2019-2692; CVE-2020-2934; CVE-2022-21363; CVE-2023-22102
62,zipkin,MySQL,2015-10-16 00:00:00+00:00,2015-10-20 00:00:00+00:00,4.0,pre_disclosure,2,4,2,CVE-2017-3523; CVE-2017-3586; CVE-2017-3589; CVE-2018-3258; CVE-2019-2692; CVE-2020-2934; CVE-2022-21363; CVE-2023-22102
62,zipkin,MySQL,2015-10-20 00:00:00+00:00,2015-11-04 00:00:00+00:00,15.0,pre_disclosure,1,2,1,CVE-2017-3523; CVE-2017-3586; CVE-2017-3589; CVE-2018-3258; CVE-2019-2692; CVE-2020-2934; CVE-2022-21363; CVE-2023-22102
63,presto,Cassandra,2014-01-23 00:00:00+00:00,2014-06-30 00:00:00+00:00,158.0,pre_disclosure,1,1,1,CVE-2015-0225; CVE-2020-17516; CVE-2025-23015
63,presto,H2,2012-09-12 00:00:00+00:00,2013-11-05 00:00:00+00:00,419.0,pre_disclosure,1,1,1,CVE-2018-14335; CVE-2021-42392; CVE-2022-23221
63,presto,H2,2013-11-05 00:00:00+00:00,2018-07-24 13:29:00.603000+00:00,1722.561812534722,pre_disclosure,1,5,1,CVE-2018-14335; CVE-2021-42392; CVE-2022-23221
63,presto,H2,2018-07-24 13:29:00.603000+00:00,2019-02-22 14:41:59+00:00,213.0506758912037,post_disclosure,1,5,1,CVE-2018-14335; CVE-2021-42392; CVE-2022-23221
63,presto,H2,2019-02-22 14:41:59+00:00,2022-01-04 20:53:00+00:00,1047.257650462963,post_resolution,1,5,1,CVE-2018-14335; CVE-2021-42392; CVE-2022-23221
63,presto,H2,2022-01-04 20:53:00+00:00,2022-01-06 23:55:09+00:00,2.1264930555555557,post_resolution,1,5,1,CVE-2018-14335; CVE-2021-42392; CVE-2022-23221
63,presto,H2,2022-01-06 23:55:09+00:00,2022-01-17 16:18:52+00:00,10.683136574074075,post_resolution,1,5,1,CVE-2018-14335; CVE-2021-42392; CVE-2022-23221
63,presto,H2,2022-01-17 16:18:52+00:00,2022-01-21 23:07:39+00:00,4.283877314814815,post_resolution,1,5,1,CVE-2018-14335; CVE-2021-42392; CVE-2022-23221
63,presto,H2,2022-01-21 23:07:39+00:00,2024-08-23 00:00:00+00:00,944.0363541666667,post_resolution,1,5,1,CVE-2018-14335; CVE-2021-42392; CVE-2022-23221
63,presto,H2,2024-08-23 00:00:00+00:00,2026-01-08 00:00:00+00:00,503.0,post_resolution,1,31,1,CVE-2021-23463; CVE-2021-42392; CVE-2022-23221; CVE-2022-45868
63,presto,MySQL,2014-06-17 00:00:00+00:00,2015-05-08 10:55:46+00:00,325.4553935185185,pre_disclosure,1,1,1,CVE-2015-2575; CVE-2017-3523; CVE-2017-3586; CVE-2017-3589; CVE-2018-3258; CVE-2019-2692; CVE-2020-2934; CVE-2022-21363; CVE-2023-22102
63,presto,MySQL,2015-05-08 10:55:46+00:00,2017-02-14 20:27:59+00:00,648.3973726851851,post_resolution,1,1,1,CVE-2015-2575; CVE-2017-3523; CVE-2017-3586; CVE-2017-3589; CVE-2018-3258; CVE-2019-2692; CVE-2020-2934; CVE-2022-21363; CVE-2023-22102
63,presto,MySQL,2017-02-14 20:27:59+00:00,2017-04-17 18:23:36+00:00,61.91362268518518,post_resolution,1,1,1,CVE-2015-2575; CVE-2017-3523; CVE-2017-3586; CVE-2017-3589; CVE-2018-3258; CVE-2019-2692; CVE-2020-2934; CVE-2022-21363; CVE-2023-22102
63,presto,MySQL,2017-04-17 18:23:36+00:00,2018-09-27 09:18:47+00:00,527.6216550925926,post_resolution,1,1,1,CVE-2015-2575; CVE-2017-3523; CVE-2017-3586; CVE-2017-3589; CVE-2018-3258; CVE-2019-2692; CVE-2020-2934; CVE-2022-21363; CVE-2023-22102
63,presto,MySQL,2018-09-27 09:18:47+00:00,2019-03-20 19:08:52+00:00,174.4097800925926,post_resolution,1,1,1,CVE-2015-2575; CVE-2017-3523; CVE-2017-3586; CVE-2017-3589; CVE-2018-3258; CVE-2019-2692; CVE-2020-2934; CVE-2022-21363; CVE-2023-22102
63,presto,MySQL,2019-03-20 19:08:52+00:00,2020-04-15 14:15:36.453000+00:00,391.7963478356482,post_resolution,1,1,1,CVE-2015-2575; CVE-2017-3523; CVE-2017-3586; CVE-2017-3589; CVE-2018-3258; CVE-2019-2692; CVE-2020-2934; CVE-2022-21363; CVE-2023-22102
63,presto,MySQL,2020-04-15 14:15:36.453000+00:00,2020-07-01 17:12:20+00:00,77.12272623842593,post_resolution,1,1,1,CVE-2015-2575; CVE-2017-3523; CVE-2017-3586; CVE-2017-3589; CVE-2018-3258; CVE-2019-2692; CVE-2020-2934; CVE-2022-21363; CVE-2023-22102
63,presto,MySQL,2020-07-01 17:12:20+00:00,2020-07-14 00:00:00+00:00,12.283101851851852,post_resolution,1,1,1,CVE-2015-2575; CVE-2017-3523; CVE-2017-3586; CVE-2017-3589; CVE-2018-3258; CVE-2019-2692; CVE-2020-2934; CVE-2022-21363; CVE-2023-22102
63,presto,MySQL,2020-07-14 00:00:00+00:00,2021-12-16 00:25:41+00:00,520.0178356481481,post_resolution,1,1,1,CVE-2015-2575; CVE-2017-3523; CVE-2017-3586; CVE-2017-3589; CVE-2018-3258; CVE-2019-2692; CVE-2020-2934; CVE-2022-21363; CVE-2023-22102
63,presto,MySQL,2021-12-16 00:25:41+00:00,2022-01-20 00:00:48+00:00,34.98271990740741,post_resolution,1,1,1,CVE-2015-2575; CVE-2017-3523; CVE-2017-3586; CVE-2017-3589; CVE-2018-3258; CVE-2019-2692; CVE-2020-2934; CVE-2022-21363; CVE-2023-22102
63,presto,MySQL,2022-01-20 00:00:48+00:00,2022-05-13 01:45:34+00:00,113.07275462962963,post_resolution,1,1,1,CVE-2015-2575; CVE-2017-3523; CVE-2017-3586; CVE-2017-3589; CVE-2018-3258; CVE-2019-2692; CVE-2020-2934; CVE-2022-21363; CVE-2023-22102
63,presto,MySQL,2022-05-13 01:45:34+00:00,2022-05-13 01:45:42+00:00,9.259259259259259e-05,post_resolution,1,1,1,CVE-2015-2575; CVE-2017-3523; CVE-2017-3586; CVE-2017-3589; CVE-2018-3258; CVE-2019-2692; CVE-2020-2934; CVE-2022-21363; CVE-2023-22102
63,presto,MySQL,2022-05-13 01:45:42+00:00,2022-05-13 01:52:26+00:00,0.004675925925925926,post_resolution,1,1,1,CVE-2015-2575; CVE-2017-3523; CVE-2017-3586; CVE-2017-3589; CVE-2018-3258; CVE-2019-2692; CVE-2020-2934; CVE-2022-21363; CVE-2023-22102
63,presto,MySQL,2022-05-13 01:52:26+00:00,2022-05-17 00:25:07+00:00,3.939363425925926,post_resolution,1,1,1,CVE-2015-2575; CVE-2017-3523; CVE-2017-3586; CVE-2017-3589; CVE-2018-3258; CVE-2019-2692; CVE-2020-2934; CVE-2022-21363; CVE-2023-22102
63,presto,MySQL,2022-05-17 00:25:07+00:00,2023-10-17 22:15:15.100000+00:00,518.9098159722222,post_resolution,1,1,1,CVE-2015-2575; CVE-2017-3523; CVE-2017-3586; CVE-2017-3589; CVE-2018-3258; CVE-2019-2692; CVE-2020-2934; CVE-2022-21363; CVE-2023-22102
63,presto,MySQL,2023-10-17 22:15:15.100000+00:00,2023-10-25 08:46:05+00:00,7.438077546296297,post_resolution,1,1,1,CVE-2015-2575; CVE-2017-3523; CVE-2017-3586; CVE-2017-3589; CVE-2018-3258; CVE-2019-2692; CVE-2020-2934; CVE-2022-21363; CVE-2023-22102
63,presto,MySQL,2023-10-25 08:46:05+00:00,2024-08-23 00:00:00+00:00,302.6346643518518,post_resolution,1,1,1,CVE-2015-2575; CVE-2017-3523; CVE-2017-3586; CVE-2017-3589; CVE-2018-3258; CVE-2019-2692; CVE-2020-2934; CVE-2022-21363; CVE-2023-22102
63,presto,MySQL,2024-08-23 00:00:00+00:00,2025-05-29 00:00:00+00:00,279.0,post_resolution,1,19,1,CVE-2018-3258; CVE-2019-2692; CVE-2020-2934; CVE-2022-21363; CVE-2023-22102
63,presto,PostgreSQL,2024-08-23 00:00:00+00:00,2024-11-01 00:00:00+00:00,70.0,post_resolution,2,3,2,CVE-2018-10936; CVE-2020-13692; GHSA-xfg6-62px-cxc2
63,presto,PostgreSQL,2024-11-01 00:00:00+00:00,2025-05-29 00:00:00+00:00,209.0,post_resolution,2,3,2,CVE-2018-10936; CVE-2020-13692; GHSA-xfg6-62px-cxc2
63,presto,PostgreSQL,2025-05-29 00:00:00+00:00,2026-01-08 00:00:00+00:00,224.0,pre_disclosure,1,2,1,CVE-2026-42198
63,presto,Redis,2024-08-23 00:00:00+00:00,2024-12-01 20:35:13+00:00,100.85778935185185,pre_disclosure,1,1,1,GHSA-q4h9-7rxj-7gx2
63,presto,Redis,2024-12-01 20:35:13+00:00,2024-12-02 20:03:03+00:00,0.977662037037037,post_resolution,1,1,1,GHSA-q4h9-7rxj-7gx2
63,presto,Redis,2024-12-02 20:03:03+00:00,2025-01-27 00:00:00+00:00,55.16454861111111,post_resolution,1,1,1,GHSA-q4h9-7rxj-7gx2
63,presto,Redis,2025-08-12 00:00:00+00:00,2025-10-28 00:00:00+00:00,77.0,post_resolution,1,1,1,CVE-2023-42809
64,primefaces,Hazelcast,2013-12-16 00:00:00+00:00,2018-03-01 00:00:00+00:00,1536.0,pre_disclosure,1,1,1,CVE-2016-10750; CVE-2023-33265; CVE-2023-45860
64,primefaces,Hazelcast,2018-03-01 00:00:00+00:00,2018-03-06 00:00:00+00:00,5.0,pre_disclosure,2,2,2,CVE-2016-10750; CVE-2023-33265; CVE-2023-45860
64,primefaces,Hazelcast,2018-03-06 00:00:00+00:00,2018-10-23 13:23:32+00:00,231.55800925925925,pre_disclosure,1,1,1,CVE-2016-10750; CVE-2023-33265; CVE-2023-45860
64,primefaces,Hazelcast,2018-10-23 13:23:32+00:00,2019-06-07 00:00:00+00:00,226.44199074074075,post_resolution,1,1,1,CVE-2016-10750; CVE-2023-33265; CVE-2023-45860
64,primefaces,Hazelcast,2019-06-07 00:00:00+00:00,2020-06-05 00:00:00+00:00,364.0,pre_disclosure,1,1,1,CVE-2023-33265; CVE-2023-45860
64,primefaces,Hazelcast,2020-06-05 00:00:00+00:00,2020-08-31 00:00:00+00:00,87.0,pre_disclosure,1,1,1,CVE-2023-33265; CVE-2023-45860; GHSA-v57x-gxfj-484q
64,primefaces,Hazelcast,2020-08-31 00:00:00+00:00,2020-09-09 00:00:00+00:00,9.0,pre_disclosure,1,1,1,CVE-2022-0265; CVE-2023-33265; CVE-2023-45860; GHSA-v57x-gxfj-484q
64,primefaces,Hazelcast,2020-09-09 00:00:00+00:00,2020-09-21 00:00:00+00:00,12.0,pre_disclosure,1,1,1,CVE-2022-0265; CVE-2023-33265; CVE-2023-45860
64,primefaces,Hazelcast,2020-09-21 00:00:00+00:00,2021-06-28 00:00:00+00:00,280.0,pre_disclosure,1,1,1,CVE-2022-0265; CVE-2023-33265; CVE-2023-45860; GHSA-v57x-gxfj-484q
64,primefaces,Hazelcast,2021-06-28 00:00:00+00:00,2021-06-29 00:00:00+00:00,1.0,pre_disclosure,2,2,2,CVE-2022-0265; CVE-2023-33265; CVE-2023-45860; GHSA-v57x-gxfj-484q; CVE-2023-33265; CVE-2023-45860
64,primefaces,Hazelcast,2021-06-29 00:00:00+00:00,2021-07-01 00:00:00+00:00,2.0,pre_disclosure,1,1,1,CVE-2023-33265; CVE-2023-45860
64,primefaces,Hazelcast,2021-07-01 00:00:00+00:00,2021-08-11 00:00:00+00:00,41.0,pre_disclosure,1,1,1,CVE-2022-0265; CVE-2023-33265; CVE-2023-45860
64,primefaces,Hazelcast,2021-08-11 00:00:00+00:00,2021-12-15 00:00:00+00:00,126.0,pre_disclosure,1,1,1,CVE-2022-0265; CVE-2023-33265; CVE-2023-45860
64,primefaces,Hazelcast,2021-12-15 00:00:00+00:00,2021-12-16 00:00:00+00:00,1.0,pre_disclosure,2,2,2,CVE-2022-0265; CVE-2023-33265; CVE-2023-45860
64,primefaces,Hazelcast,2021-12-16 00:00:00+00:00,2021-12-20 00:00:00+00:00,4.0,pre_disclosure,1,1,1,CVE-2022-0265; CVE-2023-33265; CVE-2023-45860
64,primefaces,Hazelcast,2021-12-20 00:00:00+00:00,2021-12-23 00:00:00+00:00,3.0,pre_disclosure,2,2,2,CVE-2022-0265; CVE-2023-33265; CVE-2023-45860
64,primefaces,Hazelcast,2021-12-23 00:00:00+00:00,2022-03-03 00:00:00+00:00,70.0,pre_disclosure,1,1,1,CVE-2022-0265; CVE-2023-33265; CVE-2023-45860
64,primefaces,Hazelcast,2022-03-03 00:00:00+00:00,2022-03-09 00:00:00+00:00,6.0,post_resolution,1,1,1,CVE-2022-0265; CVE-2023-33265; CVE-2023-45860
64,primefaces,Hazelcast,2022-03-09 00:00:00+00:00,2022-04-03 00:00:00+00:00,25.0,pre_disclosure,1,1,1,CVE-2022-36437; CVE-2023-45860
64,primefaces,Hazelcast,2022-04-03 00:00:00+00:00,2022-06-16 00:00:00+00:00,74.0,pre_disclosure,1,1,1,CVE-2022-36437; CVE-2023-45860
64,primefaces,Hazelcast,2022-06-16 00:00:00+00:00,2022-08-02 00:00:00+00:00,47.0,pre_disclosure,1,1,1,CVE-2022-36437; CVE-2023-45860
64,primefaces,Hazelcast,2022-08-02 00:00:00+00:00,2022-08-03 00:00:00+00:00,1.0,pre_disclosure,2,2,2,CVE-2022-36437; CVE-2023-45860; CVE-2023-45860
64,primefaces,Hazelcast,2022-08-03 00:00:00+00:00,2023-02-18 00:00:00+00:00,199.0,pre_disclosure,1,1,1,CVE-2023-45860
64,primefaces,Hazelcast,2023-05-22 00:00:00+00:00,2023-10-17 00:00:00+00:00,148.0,pre_disclosure,1,1,1,CVE-2023-45859
64,primefaces,HyperSQL,2021-06-08 00:00:00+00:00,2021-09-09 00:00:00+00:00,93.0,pre_disclosure,1,1,1,CVE-2022-41853
64,primefaces,HyperSQL,2021-09-09 00:00:00+00:00,2021-09-24 00:00:00+00:00,15.0,pre_disclosure,1,1,1,CVE-2022-41853
66,logback,H2,2010-03-23 00:00:00+00:00,2018-07-24 13:29:00.603000+00:00,3045.561812534722,pre_disclosure,1,1,1,CVE-2018-14335; CVE-2021-42392; CVE-2022-23221
66,logback,H2,2018-07-24 13:29:00.603000+00:00,2019-02-22 14:41:59+00:00,213.0506758912037,post_disclosure,1,1,1,CVE-2018-14335; CVE-2021-42392; CVE-2022-23221
66,logback,H2,2019-02-22 14:41:59+00:00,2022-01-04 20:53:00+00:00,1047.257650462963,post_resolution,1,1,1,CVE-2018-14335; CVE-2021-42392; CVE-2022-23221
66,logback,H2,2022-01-04 20:53:00+00:00,2022-01-06 23:55:09+00:00,2.1264930555555557,post_resolution,1,1,1,CVE-2018-14335; CVE-2021-42392; CVE-2022-23221
66,logback,H2,2022-01-06 23:55:09+00:00,2022-01-17 16:18:52+00:00,10.683136574074075,post_resolution,1,1,1,CVE-2018-14335; CVE-2021-42392; CVE-2022-23221
66,logback,H2,2022-01-17 16:18:52+00:00,2022-01-21 23:07:39+00:00,4.283877314814815,post_resolution,1,1,1,CVE-2018-14335; CVE-2021-42392; CVE-2022-23221
66,logback,H2,2022-01-21 23:07:39+00:00,2022-03-18 00:00:00+00:00,55.03635416666667,post_resolution,1,1,1,CVE-2018-14335; CVE-2021-42392; CVE-2022-23221
66,logback,HyperSQL,2017-03-16 00:00:00+00:00,2022-03-18 00:00:00+00:00,1828.0,pre_disclosure,1,2,1,CVE-2022-41853
66,logback,MySQL,2010-03-23 00:00:00+00:00,2015-05-08 10:55:46+00:00,1872.4553935185186,pre_disclosure,1,1,1,CVE-2015-2575; CVE-2017-3523; CVE-2017-3586; CVE-2017-3589; CVE-2018-3258; CVE-2019-2692; CVE-2020-2934; CVE-2022-21363; CVE-2023-22102
66,logback,MySQL,2015-05-08 10:55:46+00:00,2017-02-14 20:27:59+00:00,648.3973726851851,post_resolution,1,1,1,CVE-2015-2575; CVE-2017-3523; CVE-2017-3586; CVE-2017-3589; CVE-2018-3258; CVE-2019-2692; CVE-2020-2934; CVE-2022-21363; CVE-2023-22102
66,logback,MySQL,2017-02-14 20:27:59+00:00,2017-04-17 18:23:36+00:00,61.91362268518518,post_resolution,1,1,1,CVE-2015-2575; CVE-2017-3523; CVE-2017-3586; CVE-2017-3589; CVE-2018-3258; CVE-2019-2692; CVE-2020-2934; CVE-2022-21363; CVE-2023-22102
66,logback,MySQL,2017-04-17 18:23:36+00:00,2018-09-27 09:18:47+00:00,527.6216550925926,post_resolution,1,1,1,CVE-2015-2575; CVE-2017-3523; CVE-2017-3586; CVE-2017-3589; CVE-2018-3258; CVE-2019-2692; CVE-2020-2934; CVE-2022-21363; CVE-2023-22102
66,logback,MySQL,2018-09-27 09:18:47+00:00,2019-03-20 19:08:52+00:00,174.4097800925926,post_resolution,1,1,1,CVE-2015-2575; CVE-2017-3523; CVE-2017-3586; CVE-2017-3589; CVE-2018-3258; CVE-2019-2692; CVE-2020-2934; CVE-2022-21363; CVE-2023-22102
66,logback,MySQL,2019-03-20 19:08:52+00:00,2020-04-15 14:15:36.453000+00:00,391.7963478356482,post_resolution,1,1,1,CVE-2015-2575; CVE-2017-3523; CVE-2017-3586; CVE-2017-3589; CVE-2018-3258; CVE-2019-2692; CVE-2020-2934; CVE-2022-21363; CVE-2023-22102
66,logback,MySQL,2020-04-15 14:15:36.453000+00:00,2020-07-01 17:12:20+00:00,77.12272623842593,post_resolution,1,1,1,CVE-2015-2575; CVE-2017-3523; CVE-2017-3586; CVE-2017-3589; CVE-2018-3258; CVE-2019-2692; CVE-2020-2934; CVE-2022-21363; CVE-2023-22102
66,logback,MySQL,2020-07-01 17:12:20+00:00,2020-07-14 00:00:00+00:00,12.283101851851852,post_resolution,1,1,1,CVE-2015-2575; CVE-2017-3523; CVE-2017-3586; CVE-2017-3589; CVE-2018-3258; CVE-2019-2692; CVE-2020-2934; CVE-2022-21363; CVE-2023-22102
66,logback,MySQL,2020-07-14 00:00:00+00:00,2021-12-16 00:25:41+00:00,520.0178356481481,post_resolution,1,1,1,CVE-2015-2575; CVE-2017-3523; CVE-2017-3586; CVE-2017-3589; CVE-2018-3258; CVE-2019-2692; CVE-2020-2934; CVE-2022-21363; CVE-2023-22102
66,logback,MySQL,2021-12-16 00:25:41+00:00,2022-01-20 00:00:48+00:00,34.98271990740741,post_resolution,1,1,1,CVE-2015-2575; CVE-2017-3523; CVE-2017-3586; CVE-2017-3589; CVE-2018-3258; CVE-2019-2692; CVE-2020-2934; CVE-2022-21363; CVE-2023-22102
66,logback,MySQL,2022-01-20 00:00:48+00:00,2022-03-18 00:00:00+00:00,56.99944444444444,post_resolution,1,1,1,CVE-2015-2575; CVE-2017-3523; CVE-2017-3586; CVE-2017-3589; CVE-2018-3258; CVE-2019-2692; CVE-2020-2934; CVE-2022-21363; CVE-2023-22102
66,logback,PostgreSQL,2010-03-22 00:00:00+00:00,2018-08-27 15:43:21+00:00,3080.6551041666667,pre_disclosure,1,1,1,CVE-2018-10936
66,logback,PostgreSQL,2018-08-27 15:43:21+00:00,2018-08-30 13:29:00.377000+00:00,2.906705752314815,post_resolution,1,1,1,CVE-2018-10936
66,logback,PostgreSQL,2018-08-30 13:29:00.377000+00:00,2022-03-18 00:00:00+00:00,1295.4381900810185,post_resolution,1,1,1,CVE-2018-10936
68,redisson,H2,2018-12-24 00:00:00+00:00,2019-02-22 14:41:59+00:00,60.612488425925925,post_disclosure,1,5,1,CVE-2018-14335; CVE-2021-42392; CVE-2022-23221
68,redisson,H2,2019-02-22 14:41:59+00:00,2020-02-28 00:00:00+00:00,370.3875115740741,post_resolution,1,5,1,CVE-2018-14335; CVE-2021-42392; CVE-2022-23221
68,redisson,H2,2020-02-28 00:00:00+00:00,2021-11-29 11:00:04+00:00,640.4583796296296,pre_disclosure,1,5,1,CVE-2021-23463; CVE-2021-42392; CVE-2022-23221; CVE-2022-45868
68,redisson,H2,2021-11-29 11:00:04+00:00,2021-12-16 14:29:57+00:00,17.145752314814814,post_resolution,1,5,1,CVE-2021-23463; CVE-2021-42392; CVE-2022-23221; CVE-2022-45868
68,redisson,H2,2021-12-16 14:29:57+00:00,2021-12-28 00:00:00+00:00,11.395868055555555,post_resolution,1,5,1,CVE-2021-23463; CVE-2021-42392; CVE-2022-23221; CVE-2022-45868
68,redisson,H2,2021-12-28 00:00:00+00:00,2022-01-04 20:53:00+00:00,7.870138888888889,pre_disclosure,1,5,1,CVE-2021-42392; CVE-2022-23221; CVE-2022-45868
68,redisson,H2,2022-01-04 20:53:00+00:00,2022-01-06 23:55:09+00:00,2.1264930555555557,post_resolution,1,5,1,CVE-2021-42392; CVE-2022-23221; CVE-2022-45868
68,redisson,H2,2022-01-06 23:55:09+00:00,2022-01-10 00:00:00+00:00,3.0033680555555557,post_resolution,1,5,1,CVE-2021-42392; CVE-2022-23221; CVE-2022-45868
68,redisson,H2,2022-01-10 00:00:00+00:00,2022-01-17 16:18:52+00:00,7.679768518518519,pre_disclosure,1,5,1,CVE-2022-23221; CVE-2022-45868
68,redisson,H2,2022-01-17 16:18:52+00:00,2022-01-21 23:07:39+00:00,4.283877314814815,post_resolution,1,5,1,CVE-2022-23221; CVE-2022-45868
68,redisson,H2,2022-01-21 23:07:39+00:00,2022-01-24 00:00:00+00:00,2.0363541666666665,post_resolution,1,5,1,CVE-2022-23221; CVE-2022-45868
68,redisson,H2,2022-01-24 00:00:00+00:00,2022-11-23 21:30:31+00:00,303.89619212962964,pre_disclosure,1,6,1,CVE-2022-45868
68,redisson,H2,2022-11-23 21:30:31+00:00,2023-07-05 14:57:30+00:00,223.72707175925925,post_disclosure,1,6,1,CVE-2022-45868
68,redisson,H2,2023-07-05 14:57:30+00:00,2023-07-10 00:00:00+00:00,4.376736111111111,post_resolution,1,6,1,CVE-2022-45868
68,redisson,Redis,2013-12-22 00:00:00+00:00,2014-01-17 00:00:00+00:00,26.0,pre_disclosure,2,2,2,CVE-2023-42809
68,redisson,Redis,2014-01-17 00:00:00+00:00,2014-01-21 00:00:00+00:00,4.0,pre_disclosure,6,6,6,CVE-2023-42809
68,redisson,Redis,2014-01-21 00:00:00+00:00,2014-02-05 00:00:00+00:00,15.0,pre_disclosure,2,2,2,CVE-2023-42809
68,redisson,Redis,2014-02-05 00:00:00+00:00,2014-03-26 00:00:00+00:00,49.0,pre_disclosure,3,3,3,CVE-2023-42809
68,redisson,Redis,2014-03-26 00:00:00+00:00,2014-04-22 00:00:00+00:00,27.0,pre_disclosure,4,4,4,CVE-2023-42809
68,redisson,Redis,2014-04-22 00:00:00+00:00,2014-05-04 00:00:00+00:00,12.0,pre_disclosure,2,2,2,CVE-2023-42809
68,redisson,Redis,2014-05-04 00:00:00+00:00,2014-05-09 00:00:00+00:00,5.0,pre_disclosure,3,3,3,CVE-2023-42809
68,redisson,Redis,2014-05-09 00:00:00+00:00,2014-06-07 00:00:00+00:00,29.0,pre_disclosure,2,2,2,CVE-2023-42809
68,redisson,Redis,2014-06-07 00:00:00+00:00,2014-06-17 00:00:00+00:00,10.0,pre_disclosure,4,4,4,CVE-2023-42809
68,redisson,Redis,2014-06-17 00:00:00+00:00,2014-07-03 00:00:00+00:00,16.0,pre_disclosure,3,3,3,CVE-2023-42809
68,redisson,Redis,2014-07-03 00:00:00+00:00,2014-07-13 00:00:00+00:00,10.0,pre_disclosure,3,3,3,CVE-2023-42809
68,redisson,Redis,2014-07-13 00:00:00+00:00,2014-07-15 00:00:00+00:00,2.0,pre_disclosure,3,3,3,CVE-2023-42809
68,redisson,Redis,2014-07-15 00:00:00+00:00,2014-07-23 00:00:00+00:00,8.0,pre_disclosure,4,4,4,CVE-2023-42809
68,redisson,Redis,2014-07-23 00:00:00+00:00,2014-11-08 00:00:00+00:00,108.0,pre_disclosure,3,3,3,CVE-2023-42809
68,redisson,Redis,2014-11-08 00:00:00+00:00,2014-11-19 00:00:00+00:00,11.0,pre_disclosure,2,2,2,CVE-2023-42809
68,redisson,Redis,2014-11-19 00:00:00+00:00,2014-11-27 00:00:00+00:00,8.0,pre_disclosure,3,3,3,CVE-2023-42809
68,redisson,Redis,2014-11-27 00:00:00+00:00,2014-12-16 00:00:00+00:00,19.0,pre_disclosure,2,2,2,CVE-2023-42809
68,redisson,Redis,2014-12-16 00:00:00+00:00,2015-01-06 00:00:00+00:00,21.0,pre_disclosure,3,3,3,CVE-2023-42809
68,redisson,Redis,2015-01-06 00:00:00+00:00,2015-01-09 00:00:00+00:00,3.0,pre_disclosure,2,2,2,CVE-2023-42809
68,redisson,Redis,2015-01-09 00:00:00+00:00,2015-01-25 00:00:00+00:00,16.0,pre_disclosure,5,5,5,CVE-2023-42809
68,redisson,Redis,2015-01-25 00:00:00+00:00,2015-04-02 00:00:00+00:00,67.0,pre_disclosure,2,2,2,CVE-2023-42809
68,redisson,Redis,2015-04-02 00:00:00+00:00,2015-04-11 00:00:00+00:00,9.0,pre_disclosure,3,3,3,CVE-2023-42809
68,redisson,Redis,2015-04-11 00:00:00+00:00,2015-07-04 00:00:00+00:00,84.0,pre_disclosure,2,2,2,CVE-2023-42809
68,redisson,Redis,2015-07-04 00:00:00+00:00,2015-07-22 00:00:00+00:00,18.0,pre_disclosure,4,4,4,CVE-2023-42809
68,redisson,Redis,2015-07-22 00:00:00+00:00,2015-07-26 00:00:00+00:00,4.0,pre_disclosure,2,2,2,CVE-2023-42809
68,redisson,Redis,2015-07-26 00:00:00+00:00,2015-08-03 00:00:00+00:00,8.0,pre_disclosure,3,3,3,CVE-2023-42809
68,redisson,Redis,2015-08-03 00:00:00+00:00,2015-08-15 00:00:00+00:00,12.0,pre_disclosure,4,4,4,CVE-2023-42809
68,redisson,Redis,2015-08-15 00:00:00+00:00,2015-09-05 00:00:00+00:00,21.0,pre_disclosure,3,3,3,CVE-2023-42809
68,redisson,Redis,2015-09-05 00:00:00+00:00,2015-09-17 00:00:00+00:00,12.0,pre_disclosure,3,3,3,CVE-2023-42809
68,redisson,Redis,2015-09-17 00:00:00+00:00,2015-10-19 00:00:00+00:00,32.0,pre_disclosure,3,3,3,CVE-2023-42809
68,redisson,Redis,2015-10-19 00:00:00+00:00,2015-11-14 00:00:00+00:00,26.0,pre_disclosure,2,2,2,CVE-2023-42809
68,redisson,Redis,2015-11-14 00:00:00+00:00,2015-11-24 00:00:00+00:00,10.0,pre_disclosure,3,3,3,CVE-2023-42809
68,redisson,Redis,2015-11-24 00:00:00+00:00,2015-11-27 00:00:00+00:00,3.0,pre_disclosure,3,3,3,CVE-2023-42809
68,redisson,Redis,2015-11-27 00:00:00+00:00,2015-11-30 00:00:00+00:00,3.0,pre_disclosure,2,2,2,CVE-2023-42809
68,redisson,Redis,2015-11-30 00:00:00+00:00,2015-12-04 00:00:00+00:00,4.0,pre_disclosure,2,2,2,CVE-2023-42809
68,redisson,Redis,2015-12-04 00:00:00+00:00,2015-12-10 00:00:00+00:00,6.0,pre_disclosure,6,6,6,CVE-2023-42809
68,redisson,Redis,2015-12-10 00:00:00+00:00,2015-12-11 00:00:00+00:00,1.0,pre_disclosure,2,2,2,CVE-2023-42809
68,redisson,Redis,2015-12-11 00:00:00+00:00,2015-12-14 00:00:00+00:00,3.0,pre_disclosure,2,2,2,CVE-2023-42809
68,redisson,Redis,2015-12-14 00:00:00+00:00,2015-12-15 00:00:00+00:00,1.0,pre_disclosure,2,2,2,CVE-2023-42809
68,redisson,Redis,2015-12-15 00:00:00+00:00,2015-12-16 00:00:00+00:00,1.0,pre_disclosure,3,3,3,CVE-2023-42809
68,redisson,Redis,2015-12-16 00:00:00+00:00,2015-12-25 00:00:00+00:00,9.0,pre_disclosure,1,1,1,CVE-2023-42809
68,redisson,Redis,2015-12-25 00:00:00+00:00,2016-01-01 00:00:00+00:00,7.0,pre_disclosure,3,3,3,CVE-2023-42809
68,redisson,Redis,2016-01-01 00:00:00+00:00,2016-01-09 00:00:00+00:00,8.0,pre_disclosure,1,1,1,CVE-2023-42809
68,redisson,Redis,2016-01-09 00:00:00+00:00,2016-01-22 00:00:00+00:00,13.0,pre_disclosure,3,3,3,CVE-2023-42809
68,redisson,Redis,2016-01-22 00:00:00+00:00,2016-01-28 00:00:00+00:00,6.0,pre_disclosure,1,1,1,CVE-2023-42809
68,redisson,Redis,2016-01-28 00:00:00+00:00,2016-01-30 00:00:00+00:00,2.0,pre_disclosure,3,3,3,CVE-2023-42809
68,redisson,Redis,2016-01-30 00:00:00+00:00,2016-02-03 00:00:00+00:00,4.0,pre_disclosure,1,1,1,CVE-2023-42809
68,redisson,Redis,2016-02-03 00:00:00+00:00,2016-02-05 00:00:00+00:00,2.0,pre_disclosure,2,2,2,CVE-2023-42809
68,redisson,Redis,2016-02-05 00:00:00+00:00,2016-02-12 00:00:00+00:00,7.0,pre_disclosure,1,1,1,CVE-2023-42809
68,redisson,Redis,2016-02-12 00:00:00+00:00,2016-03-03 00:00:00+00:00,20.0,pre_disclosure,3,3,3,CVE-2023-42809
68,redisson,Redis,2016-03-03 00:00:00+00:00,2016-03-04 00:00:00+00:00,1.0,pre_disclosure,1,1,1,CVE-2023-42809
68,redisson,Redis,2016-03-04 00:00:00+00:00,2016-03-18 00:00:00+00:00,14.0,pre_disclosure,2,2,2,CVE-2023-42809
68,redisson,Redis,2016-03-18 00:00:00+00:00,2016-03-23 00:00:00+00:00,5.0,pre_disclosure,1,1,1,CVE-2023-42809
68,redisson,Redis,2016-03-23 00:00:00+00:00,2016-03-24 00:00:00+00:00,1.0,pre_disclosure,2,2,2,CVE-2023-42809
68,redisson,Redis,2016-03-24 00:00:00+00:00,2016-04-04 00:00:00+00:00,11.0,pre_disclosure,1,1,1,CVE-2023-42809
68,redisson,Redis,2016-04-04 00:00:00+00:00,2016-04-05 00:00:00+00:00,1.0,pre_disclosure,2,2,2,CVE-2023-42809
68,redisson,Redis,2016-04-05 00:00:00+00:00,2016-04-22 00:00:00+00:00,17.0,pre_disclosure,1,1,1,CVE-2023-42809
68,redisson,Redis,2016-04-22 00:00:00+00:00,2016-04-30 00:00:00+00:00,8.0,pre_disclosure,3,3,3,CVE-2023-42809
68,redisson,Redis,2016-04-30 00:00:00+00:00,2016-05-24 00:00:00+00:00,24.0,pre_disclosure,2,2,2,CVE-2023-42809
68,redisson,Redis,2016-05-24 00:00:00+00:00,2016-05-27 00:00:00+00:00,3.0,pre_disclosure,1,1,1,CVE-2023-42809
68,redisson,Redis,2016-05-27 00:00:00+00:00,2016-06-08 00:00:00+00:00,12.0,pre_disclosure,2,2,2,CVE-2023-42809
68,redisson,Redis,2016-06-08 00:00:00+00:00,2016-06-10 00:00:00+00:00,2.0,pre_disclosure,2,2,2,CVE-2023-42809
68,redisson,Redis,2016-06-10 00:00:00+00:00,2016-06-12 00:00:00+00:00,2.0,pre_disclosure,1,1,1,CVE-2023-42809
68,redisson,Redis,2016-06-12 00:00:00+00:00,2016-06-30 00:00:00+00:00,18.0,pre_disclosure,3,3,3,CVE-2023-42809
68,redisson,Redis,2016-06-30 00:00:00+00:00,2016-07-13 00:00:00+00:00,13.0,pre_disclosure,3,3,3,CVE-2023-42809
68,redisson,Redis,2016-07-13 00:00:00+00:00,2016-07-14 00:00:00+00:00,1.0,pre_disclosure,5,5,5,CVE-2023-42809
68,redisson,Redis,2016-07-14 00:00:00+00:00,2016-07-15 00:00:00+00:00,1.0,pre_disclosure,2,2,2,CVE-2023-42809
68,redisson,Redis,2016-07-15 00:00:00+00:00,2016-07-25 00:00:00+00:00,10.0,pre_disclosure,3,3,3,CVE-2023-42809
68,redisson,Redis,2016-07-25 00:00:00+00:00,2016-07-29 00:00:00+00:00,4.0,pre_disclosure,1,1,1,CVE-2023-42809
68,redisson,Redis,2016-07-29 00:00:00+00:00,2016-08-04 00:00:00+00:00,6.0,pre_disclosure,1,1,1,CVE-2023-42809
68,redisson,Redis,2016-08-04 00:00:00+00:00,2016-08-09 00:00:00+00:00,5.0,pre_disclosure,1,1,1,CVE-2023-42809
68,redisson,Redis,2016-08-09 00:00:00+00:00,2016-08-10 00:00:00+00:00,1.0,pre_disclosure,7,19,7,CVE-2023-42809
68,redisson,Redis,2016-08-10 00:00:00+00:00,2016-08-11 00:00:00+00:00,1.0,pre_disclosure,6,18,6,CVE-2023-42809
68,redisson,Redis,2016-08-11 00:00:00+00:00,2016-08-24 00:00:00+00:00,13.0,pre_disclosure,4,12,4,CVE-2023-42809
68,redisson,Redis,2016-08-24 00:00:00+00:00,2016-09-02 00:00:00+00:00,9.0,pre_disclosure,3,9,3,CVE-2023-42809
68,redisson,Redis,2016-09-02 00:00:00+00:00,2016-10-10 00:00:00+00:00,38.0,pre_disclosure,1,3,1,CVE-2023-42809
68,redisson,Redis,2016-10-10 00:00:00+00:00,2016-10-12 00:00:00+00:00,2.0,pre_disclosure,1,3,1,CVE-2023-42809
68,redisson,Redis,2016-10-12 00:00:00+00:00,2016-10-17 00:00:00+00:00,5.0,pre_disclosure,1,3,1,CVE-2023-42809
68,redisson,Redis,2016-10-17 00:00:00+00:00,2016-10-27 00:00:00+00:00,10.0,pre_disclosure,4,12,4,CVE-2023-42809
68,redisson,Redis,2016-10-27 00:00:00+00:00,2016-11-07 00:00:00+00:00,11.0,pre_disclosure,3,9,3,CVE-2023-42809
68,redisson,Redis,2016-11-07 00:00:00+00:00,2016-11-26 00:00:00+00:00,19.0,pre_disclosure,5,15,5,CVE-2023-42809
68,redisson,Redis,2016-11-26 00:00:00+00:00,2016-12-14 00:00:00+00:00,18.0,pre_disclosure,4,14,4,CVE-2023-42809
68,redisson,Redis,2016-12-14 00:00:00+00:00,2016-12-19 00:00:00+00:00,5.0,pre_disclosure,5,19,5,CVE-2023-42809
68,redisson,Redis,2016-12-19 00:00:00+00:00,2017-01-12 00:00:00+00:00,24.0,pre_disclosure,5,19,5,CVE-2023-42809
68,redisson,Redis,2017-01-12 00:00:00+00:00,2017-02-02 00:00:00+00:00,21.0,pre_disclosure,6,24,6,CVE-2023-42809
68,redisson,Redis,2017-02-02 00:00:00+00:00,2017-02-19 00:00:00+00:00,17.0,pre_disclosure,7,29,7,CVE-2023-42809
68,redisson,Redis,2017-02-19 00:00:00+00:00,2017-03-04 00:00:00+00:00,13.0,pre_disclosure,7,29,7,CVE-2023-42809
68,redisson,Redis,2017-03-04 00:00:00+00:00,2017-03-21 00:00:00+00:00,17.0,pre_disclosure,8,34,8,CVE-2023-42809
68,redisson,Redis,2017-03-21 00:00:00+00:00,2017-04-26 00:00:00+00:00,36.0,pre_disclosure,8,34,8,CVE-2023-42809
68,redisson,Redis,2017-04-26 00:00:00+00:00,2017-04-27 00:00:00+00:00,1.0,pre_disclosure,9,39,9,CVE-2023-42809
68,redisson,Redis,2017-04-27 00:00:00+00:00,2017-05-09 00:00:00+00:00,12.0,pre_disclosure,10,44,10,CVE-2023-42809
68,redisson,Redis,2017-05-09 00:00:00+00:00,2017-06-09 00:00:00+00:00,31.0,pre_disclosure,10,44,10,CVE-2023-42809
68,redisson,Redis,2017-06-09 00:00:00+00:00,2017-07-12 00:00:00+00:00,33.0,pre_disclosure,11,49,11,CVE-2023-42809
68,redisson,Redis,2017-07-12 00:00:00+00:00,2017-07-28 00:00:00+00:00,16.0,pre_disclosure,11,49,11,CVE-2023-42809
68,redisson,Redis,2017-07-28 00:00:00+00:00,2017-08-29 00:00:00+00:00,32.0,pre_disclosure,11,49,11,CVE-2023-42809
68,redisson,Redis,2017-08-29 00:00:00+00:00,2017-09-12 00:00:00+00:00,14.0,pre_disclosure,12,54,12,CVE-2023-42809
68,redisson,Redis,2017-09-12 00:00:00+00:00,2017-09-13 00:00:00+00:00,1.0,pre_disclosure,13,59,13,CVE-2023-42809
68,redisson,Redis,2017-09-13 00:00:00+00:00,2017-09-28 00:00:00+00:00,15.0,pre_disclosure,14,64,14,CVE-2023-42809
68,redisson,Redis,2017-09-28 00:00:00+00:00,2017-10-31 00:00:00+00:00,33.0,pre_disclosure,15,69,15,CVE-2023-42809
68,redisson,Redis,2017-10-31 00:00:00+00:00,2017-12-08 00:00:00+00:00,38.0,pre_disclosure,15,69,15,CVE-2023-42809
68,redisson,Redis,2017-12-08 00:00:00+00:00,2017-12-25 00:00:00+00:00,17.0,pre_disclosure,16,74,16,CVE-2023-42809
68,redisson,Redis,2017-12-25 00:00:00+00:00,2018-01-29 00:00:00+00:00,35.0,pre_disclosure,17,79,17,CVE-2023-42809
68,redisson,Redis,2018-01-29 00:00:00+00:00,2018-02-15 00:00:00+00:00,17.0,pre_disclosure,17,80,17,CVE-2023-42809
68,redisson,Redis,2018-02-15 00:00:00+00:00,2018-03-05 00:00:00+00:00,18.0,pre_disclosure,17,80,17,CVE-2023-42809
68,redisson,Redis,2018-03-05 00:00:00+00:00,2018-03-14 00:00:00+00:00,9.0,pre_disclosure,17,80,17,CVE-2023-42809
68,redisson,Redis,2018-03-14 00:00:00+00:00,2018-03-27 00:00:00+00:00,13.0,pre_disclosure,17,80,17,CVE-2023-42809
68,redisson,Redis,2018-03-27 00:00:00+00:00,2018-04-09 00:00:00+00:00,13.0,pre_disclosure,17,80,17,CVE-2023-42809
68,redisson,Redis,2018-04-09 00:00:00+00:00,2018-05-14 00:00:00+00:00,35.0,pre_disclosure,17,80,17,CVE-2023-42809
68,redisson,Redis,2018-05-14 00:00:00+00:00,2018-06-01 00:00:00+00:00,18.0,pre_disclosure,17,80,17,CVE-2023-42809
68,redisson,Redis,2018-06-01 00:00:00+00:00,2018-06-14 00:00:00+00:00,13.0,pre_disclosure,17,80,17,CVE-2023-42809
68,redisson,Redis,2018-06-14 00:00:00+00:00,2018-06-27 00:00:00+00:00,13.0,pre_disclosure,17,80,17,CVE-2023-42809
68,redisson,Redis,2018-06-27 00:00:00+00:00,2018-07-16 00:00:00+00:00,19.0,pre_disclosure,17,80,17,CVE-2023-42809
68,redisson,Redis,2018-07-16 00:00:00+00:00,2018-07-19 00:00:00+00:00,3.0,pre_disclosure,17,80,17,CVE-2023-42809
68,redisson,Redis,2018-07-19 00:00:00+00:00,2018-09-03 00:00:00+00:00,46.0,pre_disclosure,17,80,17,CVE-2023-42809
68,redisson,Redis,2018-09-03 00:00:00+00:00,2018-09-18 00:00:00+00:00,15.0,pre_disclosure,17,86,17,CVE-2023-42809
68,redisson,Redis,2018-09-18 00:00:00+00:00,2018-10-06 00:00:00+00:00,18.0,pre_disclosure,17,86,17,CVE-2023-42809
68,redisson,Redis,2018-10-06 00:00:00+00:00,2018-10-31 00:00:00+00:00,25.0,pre_disclosure,18,87,18,CVE-2023-42809; GHSA-q4h9-7rxj-7gx2
68,redisson,Redis,2018-10-31 00:00:00+00:00,2018-11-21 00:00:00+00:00,21.0,pre_disclosure,18,87,18,CVE-2023-42809; GHSA-q4h9-7rxj-7gx2
68,redisson,Redis,2018-11-21 00:00:00+00:00,2018-12-24 00:00:00+00:00,33.0,pre_disclosure,18,87,18,CVE-2023-42809; GHSA-q4h9-7rxj-7gx2
68,redisson,Redis,2018-12-24 00:00:00+00:00,2018-12-27 00:00:00+00:00,3.0,pre_disclosure,18,109,18,CVE-2023-42809; GHSA-q4h9-7rxj-7gx2
68,redisson,Redis,2018-12-27 00:00:00+00:00,2019-01-10 00:00:00+00:00,14.0,pre_disclosure,19,129,19,CVE-2023-42809; GHSA-q4h9-7rxj-7gx2
68,redisson,Redis,2019-01-10 00:00:00+00:00,2019-01-21 00:00:00+00:00,11.0,pre_disclosure,18,109,18,CVE-2023-42809; GHSA-q4h9-7rxj-7gx2
68,redisson,Redis,2019-01-21 00:00:00+00:00,2019-01-25 00:00:00+00:00,4.0,pre_disclosure,19,129,19,CVE-2023-42809; GHSA-q4h9-7rxj-7gx2
68,redisson,Redis,2019-01-25 00:00:00+00:00,2019-02-07 00:00:00+00:00,13.0,pre_disclosure,18,109,18,CVE-2023-42809; GHSA-q4h9-7rxj-7gx2
68,redisson,Redis,2019-02-07 00:00:00+00:00,2019-02-14 00:00:00+00:00,7.0,pre_disclosure,19,129,19,CVE-2023-42809; GHSA-q4h9-7rxj-7gx2
68,redisson,Redis,2019-02-14 00:00:00+00:00,2019-02-26 00:00:00+00:00,12.0,pre_disclosure,18,109,18,CVE-2023-42809; GHSA-q4h9-7rxj-7gx2
68,redisson,Redis,2019-02-26 00:00:00+00:00,2019-03-08 00:00:00+00:00,10.0,pre_disclosure,20,149,20,CVE-2023-42809; GHSA-q4h9-7rxj-7gx2
68,redisson,Redis,2019-03-08 00:00:00+00:00,2019-03-14 00:00:00+00:00,6.0,pre_disclosure,19,129,19,CVE-2023-42809; GHSA-q4h9-7rxj-7gx2
68,redisson,Redis,2019-03-14 00:00:00+00:00,2019-03-20 00:00:00+00:00,6.0,pre_disclosure,18,109,18,CVE-2023-42809; GHSA-q4h9-7rxj-7gx2
68,redisson,Redis,2019-03-20 00:00:00+00:00,2019-04-05 00:00:00+00:00,16.0,pre_disclosure,20,149,20,CVE-2023-42809; GHSA-q4h9-7rxj-7gx2
68,redisson,Redis,2019-04-05 00:00:00+00:00,2019-04-18 00:00:00+00:00,13.0,pre_disclosure,19,129,19,CVE-2023-42809; GHSA-q4h9-7rxj-7gx2
68,redisson,Redis,2019-04-18 00:00:00+00:00,2019-04-29 00:00:00+00:00,11.0,pre_disclosure,18,109,18,CVE-2023-42809; GHSA-q4h9-7rxj-7gx2
68,redisson,Redis,2019-04-29 00:00:00+00:00,2019-05-24 00:00:00+00:00,25.0,pre_disclosure,19,129,19,CVE-2023-42809; GHSA-q4h9-7rxj-7gx2
68,redisson,Redis,2019-05-24 00:00:00+00:00,2019-05-28 00:00:00+00:00,4.0,pre_disclosure,18,109,18,CVE-2023-42809; GHSA-q4h9-7rxj-7gx2
68,redisson,Redis,2019-05-28 00:00:00+00:00,2019-06-14 00:00:00+00:00,17.0,pre_disclosure,20,149,20,CVE-2023-42809; GHSA-q4h9-7rxj-7gx2
68,redisson,Redis,2019-06-14 00:00:00+00:00,2019-06-25 00:00:00+00:00,11.0,pre_disclosure,18,109,18,CVE-2023-42809; GHSA-q4h9-7rxj-7gx2
68,redisson,Redis,2019-06-25 00:00:00+00:00,2019-07-18 00:00:00+00:00,23.0,pre_disclosure,19,129,19,CVE-2023-42809; GHSA-q4h9-7rxj-7gx2
68,redisson,Redis,2019-07-18 00:00:00+00:00,2019-08-03 00:00:00+00:00,16.0,pre_disclosure,18,109,18,CVE-2023-42809; GHSA-q4h9-7rxj-7gx2
68,redisson,Redis,2019-08-03 00:00:00+00:00,2019-08-16 00:00:00+00:00,13.0,pre_disclosure,20,149,20,CVE-2023-42809; GHSA-q4h9-7rxj-7gx2
68,redisson,Redis,2019-08-16 00:00:00+00:00,2019-08-30 00:00:00+00:00,14.0,pre_disclosure,18,109,18,CVE-2023-42809; GHSA-q4h9-7rxj-7gx2
68,redisson,Redis,2019-08-30 00:00:00+00:00,2019-09-23 00:00:00+00:00,24.0,pre_disclosure,19,129,19,CVE-2023-42809; GHSA-q4h9-7rxj-7gx2
68,redisson,Redis,2019-09-23 00:00:00+00:00,2019-09-24 00:00:00+00:00,1.0,pre_disclosure,18,109,18,CVE-2023-42809; GHSA-q4h9-7rxj-7gx2
68,redisson,Redis,2019-09-24 00:00:00+00:00,2019-09-26 00:00:00+00:00,2.0,pre_disclosure,20,150,20,CVE-2023-42809; GHSA-q4h9-7rxj-7gx2
68,redisson,Redis,2019-09-26 00:00:00+00:00,2019-10-26 00:00:00+00:00,30.0,pre_disclosure,18,110,18,CVE-2023-42809; GHSA-q4h9-7rxj-7gx2
68,redisson,Redis,2019-10-26 00:00:00+00:00,2019-10-28 00:00:00+00:00,2.0,pre_disclosure,19,131,19,CVE-2023-42809; GHSA-q4h9-7rxj-7gx2
68,redisson,Redis,2019-10-28 00:00:00+00:00,2019-11-28 00:00:00+00:00,31.0,pre_disclosure,18,110,18,CVE-2023-42809; GHSA-q4h9-7rxj-7gx2
68,redisson,Redis,2019-11-28 00:00:00+00:00,2019-12-05 00:00:00+00:00,7.0,pre_disclosure,20,152,20,CVE-2023-42809; GHSA-q4h9-7rxj-7gx2
68,redisson,Redis,2019-12-05 00:00:00+00:00,2019-12-26 00:00:00+00:00,21.0,pre_disclosure,18,110,18,CVE-2023-42809; GHSA-q4h9-7rxj-7gx2
68,redisson,Redis,2019-12-26 00:00:00+00:00,2019-12-30 00:00:00+00:00,4.0,pre_disclosure,19,123,19,CVE-2023-42809; GHSA-q4h9-7rxj-7gx2
68,redisson,Redis,2019-12-30 00:00:00+00:00,2020-01-30 00:00:00+00:00,31.0,pre_disclosure,18,107,18,CVE-2023-42809; GHSA-q4h9-7rxj-7gx2
68,redisson,Redis,2020-01-30 00:00:00+00:00,2020-02-06 00:00:00+00:00,7.0,pre_disclosure,19,125,19,CVE-2023-42809; GHSA-q4h9-7rxj-7gx2
68,redisson,Redis,2020-02-06 00:00:00+00:00,2020-02-18 00:00:00+00:00,12.0,pre_disclosure,18,107,18,CVE-2023-42809; GHSA-q4h9-7rxj-7gx2
68,redisson,Redis,2020-02-18 00:00:00+00:00,2020-02-20 00:00:00+00:00,2.0,pre_disclosure,19,125,19,CVE-2023-42809; GHSA-q4h9-7rxj-7gx2
68,redisson,Redis,2020-02-20 00:00:00+00:00,2020-02-28 00:00:00+00:00,8.0,pre_disclosure,18,107,18,CVE-2023-42809; GHSA-q4h9-7rxj-7gx2
68,redisson,Redis,2020-02-28 00:00:00+00:00,2020-03-03 00:00:00+00:00,4.0,pre_disclosure,20,146,20,CVE-2023-42809; GHSA-q4h9-7rxj-7gx2
68,redisson,Redis,2020-03-03 00:00:00+00:00,2020-03-30 00:00:00+00:00,27.0,pre_disclosure,18,110,18,CVE-2023-42809; GHSA-q4h9-7rxj-7gx2
68,redisson,Redis,2020-03-30 00:00:00+00:00,2020-04-09 00:00:00+00:00,10.0,pre_disclosure,20,152,20,CVE-2023-42809; GHSA-q4h9-7rxj-7gx2
68,redisson,Redis,2020-04-09 00:00:00+00:00,2020-04-16 00:00:00+00:00,7.0,pre_disclosure,18,110,18,CVE-2023-42809; GHSA-q4h9-7rxj-7gx2
68,redisson,Redis,2020-04-16 00:00:00+00:00,2020-04-20 00:00:00+00:00,4.0,pre_disclosure,20,152,20,CVE-2023-42809; GHSA-q4h9-7rxj-7gx2
68,redisson,Redis,2020-04-20 00:00:00+00:00,2020-05-22 00:00:00+00:00,32.0,pre_disclosure,18,110,18,CVE-2023-42809; GHSA-q4h9-7rxj-7gx2
68,redisson,Redis,2020-05-22 00:00:00+00:00,2020-05-26 00:00:00+00:00,4.0,pre_disclosure,20,153,20,CVE-2023-42809; GHSA-q4h9-7rxj-7gx2
68,redisson,Redis,2020-05-26 00:00:00+00:00,2020-06-09 00:00:00+00:00,14.0,pre_disclosure,18,111,18,CVE-2023-42809; GHSA-q4h9-7rxj-7gx2
68,redisson,Redis,2020-06-09 00:00:00+00:00,2020-06-19 00:00:00+00:00,10.0,pre_disclosure,20,155,20,CVE-2023-42809; GHSA-q4h9-7rxj-7gx2
68,redisson,Redis,2020-06-19 00:00:00+00:00,2020-07-02 00:00:00+00:00,13.0,pre_disclosure,18,111,18,CVE-2023-42809; GHSA-q4h9-7rxj-7gx2
68,redisson,Redis,2020-07-02 00:00:00+00:00,2020-07-03 00:00:00+00:00,1.0,pre_disclosure,19,133,19,CVE-2023-42809; GHSA-q4h9-7rxj-7gx2
68,redisson,Redis,2020-07-03 00:00:00+00:00,2020-08-04 00:00:00+00:00,32.0,pre_disclosure,18,111,18,CVE-2023-42809; GHSA-q4h9-7rxj-7gx2
68,redisson,Redis,2020-08-04 00:00:00+00:00,2020-08-13 00:00:00+00:00,9.0,pre_disclosure,19,133,19,CVE-2023-42809; GHSA-q4h9-7rxj-7gx2
68,redisson,Redis,2020-08-13 00:00:00+00:00,2020-09-02 00:00:00+00:00,20.0,pre_disclosure,18,111,18,CVE-2023-42809; GHSA-q4h9-7rxj-7gx2
68,redisson,Redis,2020-09-02 00:00:00+00:00,2020-09-10 00:00:00+00:00,8.0,pre_disclosure,19,133,19,CVE-2023-42809; GHSA-q4h9-7rxj-7gx2
68,redisson,Redis,2020-09-10 00:00:00+00:00,2020-09-28 00:00:00+00:00,18.0,pre_disclosure,18,111,18,CVE-2023-42809; GHSA-q4h9-7rxj-7gx2
68,redisson,Redis,2020-09-28 00:00:00+00:00,2020-09-30 00:00:00+00:00,2.0,pre_disclosure,19,133,19,CVE-2023-42809; GHSA-q4h9-7rxj-7gx2
68,redisson,Redis,2020-09-30 00:00:00+00:00,2020-10-13 00:00:00+00:00,13.0,pre_disclosure,18,111,18,CVE-2023-42809; GHSA-q4h9-7rxj-7gx2
68,redisson,Redis,2020-10-13 00:00:00+00:00,2020-10-14 00:00:00+00:00,1.0,pre_disclosure,20,156,20,CVE-2023-42809; GHSA-q4h9-7rxj-7gx2
68,redisson,Redis,2020-10-14 00:00:00+00:00,2020-11-21 00:00:00+00:00,38.0,pre_disclosure,18,112,18,CVE-2023-42809; GHSA-q4h9-7rxj-7gx2
68,redisson,Redis,2020-11-21 00:00:00+00:00,2020-12-21 00:00:00+00:00,30.0,pre_disclosure,19,135,19,CVE-2023-42809; GHSA-q4h9-7rxj-7gx2
68,redisson,Redis,2020-12-21 00:00:00+00:00,2020-12-22 00:00:00+00:00,1.0,pre_disclosure,18,112,18,CVE-2023-42809; GHSA-q4h9-7rxj-7gx2
68,redisson,Redis,2020-12-22 00:00:00+00:00,2020-12-29 00:00:00+00:00,7.0,pre_disclosure,19,136,19,CVE-2023-42809; GHSA-q4h9-7rxj-7gx2
68,redisson,Redis,2020-12-29 00:00:00+00:00,2021-01-28 00:00:00+00:00,30.0,pre_disclosure,18,113,18,CVE-2023-42809; GHSA-q4h9-7rxj-7gx2
68,redisson,Redis,2021-01-28 00:00:00+00:00,2021-02-07 00:00:00+00:00,10.0,pre_disclosure,19,137,19,CVE-2023-42809; GHSA-q4h9-7rxj-7gx2
68,redisson,Redis,2021-02-07 00:00:00+00:00,2021-03-03 00:00:00+00:00,24.0,pre_disclosure,18,113,18,CVE-2023-42809; GHSA-q4h9-7rxj-7gx2
68,redisson,Redis,2021-03-03 00:00:00+00:00,2021-03-15 00:00:00+00:00,12.0,pre_disclosure,19,137,19,CVE-2023-42809; GHSA-q4h9-7rxj-7gx2
68,redisson,Redis,2021-03-15 00:00:00+00:00,2021-03-22 00:00:00+00:00,7.0,pre_disclosure,18,113,18,CVE-2023-42809; GHSA-q4h9-7rxj-7gx2
68,redisson,Redis,2021-03-22 00:00:00+00:00,2021-03-30 00:00:00+00:00,8.0,pre_disclosure,19,137,19,CVE-2023-42809; GHSA-q4h9-7rxj-7gx2
68,redisson,Redis,2021-03-30 00:00:00+00:00,2021-04-12 00:00:00+00:00,13.0,pre_disclosure,19,137,19,CVE-2023-42809; GHSA-q4h9-7rxj-7gx2
68,redisson,Redis,2021-04-12 00:00:00+00:00,2021-04-20 00:00:00+00:00,8.0,pre_disclosure,18,113,18,CVE-2023-42809; GHSA-q4h9-7rxj-7gx2
68,redisson,Redis,2021-04-20 00:00:00+00:00,2021-04-23 00:00:00+00:00,3.0,pre_disclosure,19,137,19,CVE-2023-42809; GHSA-q4h9-7rxj-7gx2
68,redisson,Redis,2021-04-23 00:00:00+00:00,2021-05-12 00:00:00+00:00,19.0,pre_disclosure,18,113,18,CVE-2023-42809; GHSA-q4h9-7rxj-7gx2
68,redisson,Redis,2021-05-12 00:00:00+00:00,2021-06-04 00:00:00+00:00,23.0,pre_disclosure,20,161,20,CVE-2023-42809; GHSA-q4h9-7rxj-7gx2
68,redisson,Redis,2021-06-04 00:00:00+00:00,2021-06-07 00:00:00+00:00,3.0,pre_disclosure,18,113,18,CVE-2023-42809; GHSA-q4h9-7rxj-7gx2
68,redisson,Redis,2021-06-07 00:00:00+00:00,2021-06-08 00:00:00+00:00,1.0,pre_disclosure,20,173,20,CVE-2023-42809; GHSA-q4h9-7rxj-7gx2
68,redisson,Redis,2021-06-08 00:00:00+00:00,2021-06-28 00:00:00+00:00,20.0,pre_disclosure,18,125,18,CVE-2023-42809; GHSA-q4h9-7rxj-7gx2
68,redisson,Redis,2021-06-28 00:00:00+00:00,2021-06-30 00:00:00+00:00,2.0,pre_disclosure,20,197,20,CVE-2023-42809; GHSA-q4h9-7rxj-7gx2
68,redisson,Redis,2021-06-30 00:00:00+00:00,2021-07-26 00:00:00+00:00,26.0,pre_disclosure,18,125,18,CVE-2023-42809; GHSA-q4h9-7rxj-7gx2
68,redisson,Redis,2021-07-26 00:00:00+00:00,2021-08-16 00:00:00+00:00,21.0,pre_disclosure,19,163,19,CVE-2023-42809; GHSA-q4h9-7rxj-7gx2
68,redisson,Redis,2021-08-16 00:00:00+00:00,2021-09-03 00:00:00+00:00,18.0,pre_disclosure,18,127,18,CVE-2023-42809; GHSA-q4h9-7rxj-7gx2
68,redisson,Redis,2021-09-03 00:00:00+00:00,2021-09-10 00:00:00+00:00,7.0,pre_disclosure,19,165,19,CVE-2023-42809; GHSA-q4h9-7rxj-7gx2
68,redisson,Redis,2021-09-10 00:00:00+00:00,2021-09-21 00:00:00+00:00,11.0,pre_disclosure,18,127,18,CVE-2023-42809; GHSA-q4h9-7rxj-7gx2
68,redisson,Redis,2021-09-21 00:00:00+00:00,2021-10-06 00:00:00+00:00,15.0,pre_disclosure,19,165,19,CVE-2023-42809; GHSA-q4h9-7rxj-7gx2
68,redisson,Redis,2021-10-06 00:00:00+00:00,2021-10-29 00:00:00+00:00,23.0,pre_disclosure,18,127,18,CVE-2023-42809; GHSA-q4h9-7rxj-7gx2
68,redisson,Redis,2021-10-29 00:00:00+00:00,2021-11-04 00:00:00+00:00,6.0,pre_disclosure,19,166,19,CVE-2023-42809; GHSA-q4h9-7rxj-7gx2
68,redisson,Redis,2021-11-04 00:00:00+00:00,2021-11-30 00:00:00+00:00,26.0,pre_disclosure,18,128,18,CVE-2023-42809; GHSA-q4h9-7rxj-7gx2
68,redisson,Redis,2021-11-30 00:00:00+00:00,2021-12-06 00:00:00+00:00,6.0,pre_disclosure,20,206,20,CVE-2023-42809; GHSA-q4h9-7rxj-7gx2
68,redisson,Redis,2021-12-06 00:00:00+00:00,2021-12-23 00:00:00+00:00,17.0,pre_disclosure,19,167,19,CVE-2023-42809; GHSA-q4h9-7rxj-7gx2
68,redisson,Redis,2021-12-23 00:00:00+00:00,2021-12-28 00:00:00+00:00,5.0,pre_disclosure,19,167,19,CVE-2023-42809; GHSA-q4h9-7rxj-7gx2
68,redisson,Redis,2021-12-28 00:00:00+00:00,2022-01-21 00:00:00+00:00,24.0,pre_disclosure,18,128,18,CVE-2023-42809; GHSA-q4h9-7rxj-7gx2
68,redisson,Redis,2022-01-21 00:00:00+00:00,2022-01-24 00:00:00+00:00,3.0,pre_disclosure,19,167,19,CVE-2023-42809; GHSA-q4h9-7rxj-7gx2
68,redisson,Redis,2022-01-24 00:00:00+00:00,2022-03-19 00:00:00+00:00,54.0,pre_disclosure,18,128,18,CVE-2023-42809; GHSA-q4h9-7rxj-7gx2
68,redisson,Redis,2022-03-19 00:00:00+00:00,2022-04-12 00:00:00+00:00,24.0,pre_disclosure,19,167,19,CVE-2023-42809; GHSA-q4h9-7rxj-7gx2
68,redisson,Redis,2022-04-12 00:00:00+00:00,2022-04-25 00:00:00+00:00,13.0,pre_disclosure,18,128,18,CVE-2023-42809; GHSA-q4h9-7rxj-7gx2
68,redisson,Redis,2022-04-25 00:00:00+00:00,2022-05-06 00:00:00+00:00,11.0,pre_disclosure,19,168,19,CVE-2023-42809; GHSA-q4h9-7rxj-7gx2
68,redisson,Redis,2022-05-06 00:00:00+00:00,2022-05-23 00:00:00+00:00,17.0,pre_disclosure,18,129,18,CVE-2023-42809; GHSA-q4h9-7rxj-7gx2
68,redisson,Redis,2022-05-23 00:00:00+00:00,2022-05-27 00:00:00+00:00,4.0,pre_disclosure,19,170,19,CVE-2023-42809; GHSA-q4h9-7rxj-7gx2
68,redisson,Redis,2022-05-27 00:00:00+00:00,2022-06-10 00:00:00+00:00,14.0,pre_disclosure,20,212,20,CVE-2023-42809; GHSA-q4h9-7rxj-7gx2
68,redisson,Redis,2022-06-10 00:00:00+00:00,2022-06-16 00:00:00+00:00,6.0,pre_disclosure,18,130,18,CVE-2023-42809; GHSA-q4h9-7rxj-7gx2
68,redisson,Redis,2022-06-16 00:00:00+00:00,2022-07-01 00:00:00+00:00,15.0,pre_disclosure,19,171,19,CVE-2023-42809; GHSA-q4h9-7rxj-7gx2
68,redisson,Redis,2022-07-01 00:00:00+00:00,2022-07-22 00:00:00+00:00,21.0,pre_disclosure,18,130,18,CVE-2023-42809; GHSA-q4h9-7rxj-7gx2
68,redisson,Redis,2022-07-22 00:00:00+00:00,2022-08-02 00:00:00+00:00,11.0,pre_disclosure,20,214,20,CVE-2023-42809; GHSA-q4h9-7rxj-7gx2
68,redisson,Redis,2022-08-02 00:00:00+00:00,2022-08-24 00:00:00+00:00,22.0,pre_disclosure,18,132,18,CVE-2023-42809; GHSA-q4h9-7rxj-7gx2
68,redisson,Redis,2022-08-24 00:00:00+00:00,2022-08-30 00:00:00+00:00,6.0,pre_disclosure,19,175,19,CVE-2023-42809; GHSA-q4h9-7rxj-7gx2
68,redisson,Redis,2022-08-30 00:00:00+00:00,2022-10-03 00:00:00+00:00,34.0,pre_disclosure,18,132,18,CVE-2023-42809; GHSA-q4h9-7rxj-7gx2
68,redisson,Redis,2022-10-03 00:00:00+00:00,2022-10-05 00:00:00+00:00,2.0,pre_disclosure,19,175,19,CVE-2023-42809; GHSA-q4h9-7rxj-7gx2
68,redisson,Redis,2022-10-05 00:00:00+00:00,2022-11-10 00:00:00+00:00,36.0,pre_disclosure,18,132,18,CVE-2023-42809; GHSA-q4h9-7rxj-7gx2
68,redisson,Redis,2022-11-10 00:00:00+00:00,2022-11-21 00:00:00+00:00,11.0,pre_disclosure,20,219,20,CVE-2023-42809; GHSA-q4h9-7rxj-7gx2
68,redisson,Redis,2022-11-21 00:00:00+00:00,2022-11-30 00:00:00+00:00,9.0,pre_disclosure,18,133,18,CVE-2023-42809; GHSA-q4h9-7rxj-7gx2
68,redisson,Redis,2022-11-30 00:00:00+00:00,2022-12-02 00:00:00+00:00,2.0,pre_disclosure,19,177,19,CVE-2023-42809; GHSA-q4h9-7rxj-7gx2
68,redisson,Redis,2022-12-02 00:00:00+00:00,2022-12-16 00:00:00+00:00,14.0,pre_disclosure,18,133,18,CVE-2023-42809; GHSA-q4h9-7rxj-7gx2
68,redisson,Redis,2022-12-16 00:00:00+00:00,2022-12-19 00:00:00+00:00,3.0,pre_disclosure,19,177,19,CVE-2023-42809; GHSA-q4h9-7rxj-7gx2
68,redisson,Redis,2022-12-19 00:00:00+00:00,2023-01-06 00:00:00+00:00,18.0,pre_disclosure,18,133,18,CVE-2023-42809; GHSA-q4h9-7rxj-7gx2
68,redisson,Redis,2023-01-06 00:00:00+00:00,2023-01-14 00:00:00+00:00,8.0,pre_disclosure,20,221,20,CVE-2023-42809; GHSA-q4h9-7rxj-7gx2
68,redisson,Redis,2023-01-14 00:00:00+00:00,2023-02-01 00:00:00+00:00,18.0,pre_disclosure,18,133,18,CVE-2023-42809; GHSA-q4h9-7rxj-7gx2
68,redisson,Redis,2023-02-01 00:00:00+00:00,2023-02-06 00:00:00+00:00,5.0,pre_disclosure,19,177,19,CVE-2023-42809; GHSA-q4h9-7rxj-7gx2
68,redisson,Redis,2023-02-06 00:00:00+00:00,2023-02-14 00:00:00+00:00,8.0,pre_disclosure,19,177,19,CVE-2023-42809; GHSA-q4h9-7rxj-7gx2
68,redisson,Redis,2023-02-14 00:00:00+00:00,2023-03-01 00:00:00+00:00,15.0,pre_disclosure,18,133,18,CVE-2023-42809; GHSA-q4h9-7rxj-7gx2
68,redisson,Redis,2023-03-01 00:00:00+00:00,2023-03-02 00:00:00+00:00,1.0,pre_disclosure,19,177,19,CVE-2023-42809; GHSA-q4h9-7rxj-7gx2
68,redisson,Redis,2023-03-02 00:00:00+00:00,2023-03-23 00:00:00+00:00,21.0,pre_disclosure,18,133,18,CVE-2023-42809; GHSA-q4h9-7rxj-7gx2
68,redisson,Redis,2023-03-23 00:00:00+00:00,2023-03-27 00:00:00+00:00,4.0,pre_disclosure,17,130,17,CVE-2023-42809; GHSA-q4h9-7rxj-7gx2
68,redisson,Redis,2023-03-27 00:00:00+00:00,2023-03-28 00:00:00+00:00,1.0,pre_disclosure,16,127,16,CVE-2023-42809; GHSA-q4h9-7rxj-7gx2
68,redisson,Redis,2023-03-28 00:00:00+00:00,2023-04-10 00:00:00+00:00,13.0,pre_disclosure,17,175,17,CVE-2023-42809; GHSA-q4h9-7rxj-7gx2
68,redisson,Redis,2023-04-10 00:00:00+00:00,2023-04-29 00:00:00+00:00,19.0,pre_disclosure,16,131,16,CVE-2023-42809; GHSA-q4h9-7rxj-7gx2
68,redisson,Redis,2023-04-29 00:00:00+00:00,2023-05-02 00:00:00+00:00,3.0,pre_disclosure,18,227,18,CVE-2023-42809; GHSA-q4h9-7rxj-7gx2
68,redisson,Redis,2023-05-02 00:00:00+00:00,2023-05-11 00:00:00+00:00,9.0,pre_disclosure,16,131,16,CVE-2023-42809; GHSA-q4h9-7rxj-7gx2
68,redisson,Redis,2023-05-11 00:00:00+00:00,2023-05-17 00:00:00+00:00,6.0,pre_disclosure,18,227,18,CVE-2023-42809; GHSA-q4h9-7rxj-7gx2
68,redisson,Redis,2023-05-17 00:00:00+00:00,2023-05-18 00:00:00+00:00,1.0,pre_disclosure,17,179,17,CVE-2023-42809; GHSA-q4h9-7rxj-7gx2
68,redisson,Redis,2023-05-18 00:00:00+00:00,2023-05-19 00:00:00+00:00,1.0,pre_disclosure,17,180,17,CVE-2023-42809; GHSA-q4h9-7rxj-7gx2
68,redisson,Redis,2023-05-19 00:00:00+00:00,2023-06-05 08:30:59+00:00,17.354849537037037,pre_disclosure,16,132,16,CVE-2023-42809; GHSA-q4h9-7rxj-7gx2
68,redisson,Redis,2023-06-05 08:30:59+00:00,2023-06-07 00:00:00+00:00,1.645150462962963,post_resolution,16,132,16,CVE-2023-42809
68,redisson,Redis,2023-06-07 00:00:00+00:00,2023-10-04 20:15:10.263000+00:00,119.84386878472222,post_resolution,15,83,15,CVE-2023-42809
68,redisson,Redis,2023-10-04 20:15:10.263000+00:00,2023-11-24 00:00:00+00:00,50.156131215277775,post_resolution,15,83,15,CVE-2023-42809
68,redisson,Redis,2023-11-24 00:00:00+00:00,2024-02-22 00:00:00+00:00,90.0,post_resolution,14,80,14,CVE-2023-42809
68,redisson,Redis,2024-02-22 00:00:00+00:00,2024-04-16 00:00:00+00:00,54.0,post_resolution,13,75,13,CVE-2023-42809
68,redisson,Redis,2024-04-16 00:00:00+00:00,2024-05-15 00:00:00+00:00,29.0,post_resolution,13,77,13,CVE-2023-42809
68,redisson,Redis,2024-05-15 00:00:00+00:00,2024-08-17 00:00:00+00:00,94.0,post_resolution,12,72,12,CVE-2023-42809
68,redisson,Redis,2024-08-17 00:00:00+00:00,2024-12-01 20:35:13+00:00,106.85778935185185,post_resolution,11,67,11,CVE-2023-42809
68,redisson,Redis,2024-12-01 20:35:13+00:00,2024-12-02 20:03:03+00:00,0.977662037037037,post_resolution,11,67,11,CVE-2023-42809; GHSA-q4h9-7rxj-7gx2
68,redisson,Redis,2024-12-02 20:03:03+00:00,2024-12-03 00:00:00+00:00,0.1645486111111111,post_resolution,11,67,11,CVE-2023-42809; GHSA-q4h9-7rxj-7gx2
68,redisson,Redis,2024-12-03 00:00:00+00:00,2025-05-26 00:00:00+00:00,174.0,post_resolution,10,50,10,CVE-2023-42809
68,redisson,Redis,2025-05-26 00:00:00+00:00,2025-07-24 00:00:00+00:00,59.0,post_resolution,9,45,9,CVE-2023-42809
68,redisson,Redis,2025-07-24 00:00:00+00:00,2025-08-22 00:00:00+00:00,29.0,post_resolution,7,35,7,CVE-2023-42809
68,redisson,Redis,2025-08-22 00:00:00+00:00,2025-12-06 00:00:00+00:00,106.0,post_resolution,6,30,6,CVE-2023-42809
68,redisson,Redis,2025-12-06 00:00:00+00:00,2026-01-05 00:00:00+00:00,30.0,post_resolution,3,15,3,CVE-2023-42809
69,runelite,H2,2020-02-13 00:00:00+00:00,2021-12-23 00:00:00+00:00,679.0,post_resolution,1,1,1,CVE-2018-14335; CVE-2021-42392; CVE-2022-23221
69,runelite,MongoDB,2020-02-13 00:00:00+00:00,2021-02-18 00:00:00+00:00,371.0,pre_disclosure,1,1,1,CVE-2021-20328
69,runelite,MongoDB,2021-02-18 00:00:00+00:00,2021-02-25 17:15:28.303000+00:00,7.719077581018518,post_resolution,1,1,1,CVE-2021-20328
69,runelite,MongoDB,2021-02-25 17:15:28.303000+00:00,2021-12-23 00:00:00+00:00,300.2809224189815,post_resolution,1,1,1,CVE-2021-20328
69,runelite,MySQL,2020-02-13 00:00:00+00:00,2020-04-15 14:15:36.453000+00:00,62.59417190972222,post_resolution,1,1,1,CVE-2018-3258; CVE-2019-2692; CVE-2020-2934; CVE-2022-21363; CVE-2023-22102
69,runelite,MySQL,2020-04-15 14:15:36.453000+00:00,2020-07-01 17:12:20+00:00,77.12272623842593,post_resolution,1,1,1,CVE-2018-3258; CVE-2019-2692; CVE-2020-2934; CVE-2022-21363; CVE-2023-22102
69,runelite,MySQL,2020-07-01 17:12:20+00:00,2020-07-14 00:00:00+00:00,12.283101851851852,post_resolution,1,1,1,CVE-2018-3258; CVE-2019-2692; CVE-2020-2934; CVE-2022-21363; CVE-2023-22102
69,runelite,MySQL,2020-07-14 00:00:00+00:00,2021-12-16 00:25:41+00:00,520.0178356481481,post_resolution,1,1,1,CVE-2018-3258; CVE-2019-2692; CVE-2020-2934; CVE-2022-21363; CVE-2023-22102
69,runelite,MySQL,2021-12-16 00:25:41+00:00,2022-01-20 00:00:48+00:00,34.98271990740741,post_resolution,1,1,1,CVE-2018-3258; CVE-2019-2692; CVE-2020-2934; CVE-2022-21363; CVE-2023-22102
69,runelite,MySQL,2022-01-20 00:00:48+00:00,2022-05-13 01:52:26+00:00,113.07752314814815,post_resolution,1,1,1,CVE-2018-3258; CVE-2019-2692; CVE-2020-2934; CVE-2022-21363; CVE-2023-22102
69,runelite,MySQL,2022-05-13 01:52:26+00:00,2023-07-30 00:00:00+00:00,442.9219212962963,post_resolution,1,1,1,CVE-2018-3258; CVE-2019-2692; CVE-2020-2934; CVE-2022-21363; CVE-2023-22102
70,BungeeCord,MySQL,2013-01-22 00:00:00+00:00,2013-03-14 00:00:00+00:00,51.0,pre_disclosure,1,1,1,CVE-2015-2575; CVE-2017-3523; CVE-2017-3586; CVE-2017-3589; CVE-2018-3258; CVE-2019-2692; CVE-2020-2934; CVE-2022-21363; CVE-2023-22102
70,BungeeCord,MySQL,2013-03-14 00:00:00+00:00,2013-03-15 00:00:00+00:00,1.0,pre_disclosure,2,2,2,CVE-2015-2575; CVE-2017-3523; CVE-2017-3586; CVE-2017-3589; CVE-2018-3258; CVE-2019-2692; CVE-2020-2934; CVE-2022-21363; CVE-2023-22102
70,BungeeCord,MySQL,2013-03-15 00:00:00+00:00,2013-07-18 00:00:00+00:00,125.0,pre_disclosure,1,1,1,CVE-2015-2575; CVE-2017-3523; CVE-2017-3586; CVE-2017-3589; CVE-2018-3258; CVE-2019-2692; CVE-2020-2934; CVE-2022-21363; CVE-2023-22102
70,BungeeCord,MySQL,2013-07-18 00:00:00+00:00,2014-01-03 00:00:00+00:00,169.0,pre_disclosure,1,2,1,CVE-2015-2575; CVE-2017-3523; CVE-2017-3586; CVE-2017-3589; CVE-2018-3258; CVE-2019-2692; CVE-2020-2934; CVE-2022-21363; CVE-2023-22102
70,BungeeCord,MySQL,2014-01-03 00:00:00+00:00,2014-03-10 00:00:00+00:00,66.0,pre_disclosure,1,2,1,CVE-2015-2575; CVE-2017-3523; CVE-2017-3586; CVE-2017-3589; CVE-2018-3258; CVE-2019-2692; CVE-2020-2934; CVE-2022-21363; CVE-2023-22102
70,BungeeCord,MySQL,2014-03-10 00:00:00+00:00,2014-04-01 00:00:00+00:00,22.0,pre_disclosure,2,4,2,CVE-2015-2575; CVE-2017-3523; CVE-2017-3586; CVE-2017-3589; CVE-2018-3258; CVE-2019-2692; CVE-2020-2934; CVE-2022-21363; CVE-2023-22102
70,BungeeCord,MySQL,2014-04-01 00:00:00+00:00,2014-05-15 00:00:00+00:00,44.0,pre_disclosure,1,2,1,CVE-2015-2575; CVE-2017-3523; CVE-2017-3586; CVE-2017-3589; CVE-2018-3258; CVE-2019-2692; CVE-2020-2934; CVE-2022-21363; CVE-2023-22102
70,BungeeCord,MySQL,2014-05-15 00:00:00+00:00,2014-09-25 00:00:00+00:00,133.0,pre_disclosure,1,2,1,CVE-2015-2575; CVE-2017-3523; CVE-2017-3586; CVE-2017-3589; CVE-2018-3258; CVE-2019-2692; CVE-2020-2934; CVE-2022-21363; CVE-2023-22102
70,BungeeCord,MySQL,2014-09-25 00:00:00+00:00,2014-12-13 00:00:00+00:00,79.0,pre_disclosure,2,4,2,CVE-2015-2575; CVE-2017-3523; CVE-2017-3586; CVE-2017-3589; CVE-2018-3258; CVE-2019-2692; CVE-2020-2934; CVE-2022-21363; CVE-2023-22102
70,BungeeCord,MySQL,2014-12-13 00:00:00+00:00,2015-02-08 00:00:00+00:00,57.0,pre_disclosure,1,2,1,CVE-2015-2575; CVE-2017-3523; CVE-2017-3586; CVE-2017-3589; CVE-2018-3258; CVE-2019-2692; CVE-2020-2934; CVE-2022-21363; CVE-2023-22102
70,BungeeCord,MySQL,2015-02-08 00:00:00+00:00,2015-05-08 10:55:46+00:00,89.45539351851852,pre_disclosure,1,2,1,CVE-2015-2575; CVE-2017-3523; CVE-2017-3586; CVE-2017-3589; CVE-2018-3258; CVE-2019-2692; CVE-2020-2934; CVE-2022-21363; CVE-2023-22102
70,BungeeCord,MySQL,2015-05-08 10:55:46+00:00,2017-01-30 00:00:00+00:00,632.5446064814815,post_resolution,1,2,1,CVE-2015-2575; CVE-2017-3523; CVE-2017-3586; CVE-2017-3589; CVE-2018-3258; CVE-2019-2692; CVE-2020-2934; CVE-2022-21363; CVE-2023-22102
70,BungeeCord,MySQL,2017-01-30 00:00:00+00:00,2017-02-14 20:27:59+00:00,15.852766203703704,pre_disclosure,1,2,1,CVE-2017-3523; CVE-2017-3586; CVE-2017-3589; CVE-2018-3258; CVE-2019-2692; CVE-2020-2934; CVE-2022-21363; CVE-2023-22102
70,BungeeCord,MySQL,2017-02-14 20:27:59+00:00,2017-04-17 18:23:36+00:00,61.91362268518518,post_resolution,1,2,1,CVE-2017-3523; CVE-2017-3586; CVE-2017-3589; CVE-2018-3258; CVE-2019-2692; CVE-2020-2934; CVE-2022-21363; CVE-2023-22102
70,BungeeCord,MySQL,2017-04-17 18:23:36+00:00,2017-06-08 00:00:00+00:00,51.23361111111111,post_resolution,1,2,1,CVE-2017-3523; CVE-2017-3586; CVE-2017-3589; CVE-2018-3258; CVE-2019-2692; CVE-2020-2934; CVE-2022-21363; CVE-2023-22102
70,BungeeCord,MySQL,2017-06-08 00:00:00+00:00,2017-08-06 00:00:00+00:00,59.0,pre_disclosure,1,2,1,CVE-2018-3258; CVE-2019-2692; CVE-2020-2934; CVE-2022-21363; CVE-2023-22102
70,BungeeCord,MySQL,2017-08-06 00:00:00+00:00,2017-11-18 00:00:00+00:00,104.0,pre_disclosure,1,2,1,CVE-2018-3258; CVE-2019-2692; CVE-2020-2934; CVE-2022-21363; CVE-2023-22102
70,BungeeCord,MySQL,2017-11-18 00:00:00+00:00,2018-01-07 00:00:00+00:00,50.0,pre_disclosure,1,2,1,CVE-2018-3258; CVE-2019-2692; CVE-2020-2934; CVE-2022-21363; CVE-2023-22102
70,BungeeCord,MySQL,2018-01-07 00:00:00+00:00,2018-06-03 00:00:00+00:00,147.0,pre_disclosure,1,2,1,CVE-2018-3258; CVE-2019-2692; CVE-2020-2934; CVE-2022-21363; CVE-2023-22102
70,BungeeCord,MySQL,2018-06-03 00:00:00+00:00,2018-09-27 09:18:47+00:00,116.38804398148149,pre_disclosure,1,2,1,CVE-2018-3258; CVE-2019-2692; CVE-2020-2934; CVE-2022-21363; CVE-2023-22102
70,BungeeCord,MySQL,2018-09-27 09:18:47+00:00,2018-10-23 00:00:00+00:00,25.61195601851852,post_resolution,1,2,1,CVE-2018-3258; CVE-2019-2692; CVE-2020-2934; CVE-2022-21363; CVE-2023-22102
70,BungeeCord,MySQL,2018-10-23 00:00:00+00:00,2019-03-20 19:08:52+00:00,148.79782407407407,post_resolution,1,2,1,CVE-2018-3258; CVE-2019-2692; CVE-2020-2934; CVE-2022-21363; CVE-2023-22102
70,BungeeCord,MySQL,2019-03-20 19:08:52+00:00,2019-12-01 00:00:00+00:00,255.20217592592593,post_resolution,1,2,1,CVE-2018-3258; CVE-2019-2692; CVE-2020-2934; CVE-2022-21363; CVE-2023-22102
70,BungeeCord,MySQL,2019-12-01 00:00:00+00:00,2020-04-15 14:15:36.453000+00:00,136.5941719097222,post_resolution,1,2,1,CVE-2018-3258; CVE-2019-2692; CVE-2020-2934; CVE-2022-21363; CVE-2023-22102
70,BungeeCord,MySQL,2020-04-15 14:15:36.453000+00:00,2020-07-01 17:12:20+00:00,77.12272623842593,post_resolution,1,2,1,CVE-2018-3258; CVE-2019-2692; CVE-2020-2934; CVE-2022-21363; CVE-2023-22102
70,BungeeCord,MySQL,2020-07-01 17:12:20+00:00,2020-07-14 00:00:00+00:00,12.283101851851852,post_resolution,1,2,1,CVE-2018-3258; CVE-2019-2692; CVE-2020-2934; CVE-2022-21363; CVE-2023-22102
70,BungeeCord,MySQL,2020-07-14 00:00:00+00:00,2021-01-24 00:00:00+00:00,194.0,post_resolution,1,2,1,CVE-2018-3258; CVE-2019-2692; CVE-2020-2934; CVE-2022-21363; CVE-2023-22102
70,BungeeCord,MySQL,2021-01-24 00:00:00+00:00,2021-11-22 00:00:00+00:00,302.0,post_resolution,1,2,1,CVE-2018-3258; CVE-2019-2692; CVE-2022-21363; CVE-2023-22102
70,BungeeCord,MySQL,2021-11-22 00:00:00+00:00,2021-12-16 00:25:41+00:00,24.017835648148147,pre_disclosure,1,2,1,CVE-2022-21363; CVE-2023-22102
70,BungeeCord,MySQL,2021-12-16 00:25:41+00:00,2022-01-20 00:00:48+00:00,34.98271990740741,post_resolution,1,2,1,CVE-2022-21363; CVE-2023-22102
70,BungeeCord,MySQL,2022-01-20 00:00:48+00:00,2022-06-08 00:00:00+00:00,138.99944444444444,post_resolution,1,2,1,CVE-2022-21363; CVE-2023-22102
70,BungeeCord,MySQL,2022-06-08 00:00:00+00:00,2023-03-15 00:00:00+00:00,280.0,pre_disclosure,1,2,1,CVE-2023-22102
70,BungeeCord,MySQL,2023-03-15 00:00:00+00:00,2023-04-20 00:00:00+00:00,36.0,pre_disclosure,1,2,1,CVE-2023-22102
70,BungeeCord,MySQL,2023-04-20 00:00:00+00:00,2023-04-21 00:00:00+00:00,1.0,pre_disclosure,2,4,2,CVE-2023-22102
70,BungeeCord,MySQL,2023-04-21 00:00:00+00:00,2023-09-17 00:00:00+00:00,149.0,pre_disclosure,1,2,1,CVE-2023-22102
70,BungeeCord,MySQL,2023-09-17 00:00:00+00:00,2023-10-17 22:15:15.100000+00:00,30.92725810185185,pre_disclosure,1,2,1,CVE-2023-22102
70,BungeeCord,MySQL,2023-10-17 22:15:15.100000+00:00,2023-10-25 08:46:05+00:00,7.438077546296297,post_disclosure,1,2,1,CVE-2023-22102
70,BungeeCord,MySQL,2023-10-25 08:46:05+00:00,2023-12-16 00:00:00+00:00,51.63466435185185,post_resolution,1,2,1,CVE-2023-22102
70,BungeeCord,SQLite,2013-05-03 00:00:00+00:00,2013-07-08 00:00:00+00:00,66.0,pre_disclosure,1,1,1,CVE-2023-32697
71,spring-data-redis,Redis,2017-10-02 00:00:00+00:00,2018-09-21 00:00:00+00:00,354.0,pre_disclosure,1,1,1,GHSA-q4h9-7rxj-7gx2
71,spring-data-redis,Redis,2018-09-21 00:00:00+00:00,2019-09-30 00:00:00+00:00,374.0,pre_disclosure,1,1,1,GHSA-q4h9-7rxj-7gx2
71,spring-data-redis,Redis,2019-09-30 00:00:00+00:00,2020-05-12 00:00:00+00:00,225.0,pre_disclosure,2,2,2,CVE-2023-42809; GHSA-q4h9-7rxj-7gx2
71,spring-data-redis,Redis,2020-05-12 00:00:00+00:00,2020-10-28 00:00:00+00:00,169.0,pre_disclosure,3,3,3,CVE-2023-42809; GHSA-q4h9-7rxj-7gx2
71,spring-data-redis,Redis,2020-10-28 00:00:00+00:00,2021-04-14 00:00:00+00:00,168.0,pre_disclosure,4,4,4,CVE-2023-42809; GHSA-q4h9-7rxj-7gx2
71,spring-data-redis,Redis,2021-04-14 00:00:00+00:00,2021-11-12 00:00:00+00:00,212.0,pre_disclosure,4,4,4,CVE-2023-42809; GHSA-q4h9-7rxj-7gx2
71,spring-data-redis,Redis,2021-11-12 00:00:00+00:00,2022-11-18 00:00:00+00:00,371.0,pre_disclosure,4,4,4,CVE-2023-42809; GHSA-q4h9-7rxj-7gx2
71,spring-data-redis,Redis,2022-11-18 00:00:00+00:00,2023-05-12 00:00:00+00:00,175.0,pre_disclosure,5,5,5,CVE-2023-42809; GHSA-q4h9-7rxj-7gx2
71,spring-data-redis,Redis,2023-05-12 00:00:00+00:00,2023-06-05 08:30:59+00:00,24.354849537037037,pre_disclosure,3,3,3,CVE-2023-42809; GHSA-q4h9-7rxj-7gx2
71,spring-data-redis,Redis,2023-06-05 08:30:59+00:00,2023-06-08 00:00:00+00:00,2.6451504629629627,post_resolution,3,3,3,CVE-2023-42809
71,spring-data-redis,Redis,2023-06-08 00:00:00+00:00,2023-08-04 00:00:00+00:00,57.0,post_resolution,2,2,2,CVE-2023-42809
71,spring-data-redis,Redis,2023-08-04 00:00:00+00:00,2023-08-16 00:00:00+00:00,12.0,post_resolution,2,2,2,CVE-2023-42809
71,spring-data-redis,Redis,2023-08-16 00:00:00+00:00,2023-10-04 20:15:10.263000+00:00,49.843868784722225,post_resolution,2,2,2,CVE-2023-42809
71,spring-data-redis,Redis,2023-10-04 20:15:10.263000+00:00,2023-11-01 00:00:00+00:00,27.15613121527778,post_resolution,2,2,2,CVE-2023-42809
71,spring-data-redis,Redis,2023-11-01 00:00:00+00:00,2023-11-15 00:00:00+00:00,14.0,post_resolution,2,2,2,CVE-2023-42809
71,spring-data-redis,Redis,2023-11-15 00:00:00+00:00,2023-11-17 00:00:00+00:00,2.0,post_resolution,2,2,2,CVE-2023-42809
71,spring-data-redis,Redis,2023-11-17 00:00:00+00:00,2024-01-10 00:00:00+00:00,54.0,post_resolution,3,3,3,CVE-2023-42809
71,spring-data-redis,Redis,2024-01-10 00:00:00+00:00,2024-03-13 00:00:00+00:00,63.0,post_resolution,2,2,2,CVE-2023-42809
71,spring-data-redis,Redis,2024-03-13 00:00:00+00:00,2024-05-21 00:00:00+00:00,69.0,post_resolution,2,2,2,CVE-2023-42809
71,spring-data-redis,Redis,2024-05-21 00:00:00+00:00,2024-08-12 00:00:00+00:00,83.0,pre_disclosure,1,1,1,GHSA-q4h9-7rxj-7gx2
71,spring-data-redis,Redis,2024-08-12 00:00:00+00:00,2024-08-22 00:00:00+00:00,10.0,pre_disclosure,2,2,2,GHSA-q4h9-7rxj-7gx2
71,spring-data-redis,Redis,2024-08-22 00:00:00+00:00,2024-11-14 00:00:00+00:00,84.0,pre_disclosure,1,1,1,GHSA-q4h9-7rxj-7gx2
71,spring-data-redis,Redis,2024-11-14 00:00:00+00:00,2024-11-15 00:00:00+00:00,1.0,pre_disclosure,1,1,1,GHSA-q4h9-7rxj-7gx2
71,spring-data-redis,Redis,2024-11-15 00:00:00+00:00,2024-12-01 20:35:13+00:00,16.857789351851853,post_resolution,2,2,2,CVE-2023-42809
71,spring-data-redis,Redis,2024-12-01 20:35:13+00:00,2024-12-02 20:03:03+00:00,0.977662037037037,post_resolution,2,2,2,CVE-2023-42809; GHSA-q4h9-7rxj-7gx2
71,spring-data-redis,Redis,2024-12-02 20:03:03+00:00,2024-12-12 00:00:00+00:00,9.164548611111112,post_resolution,2,2,2,CVE-2023-42809; GHSA-q4h9-7rxj-7gx2
71,spring-data-redis,Redis,2025-05-16 00:00:00+00:00,2025-07-02 00:00:00+00:00,47.0,post_resolution,1,1,1,CVE-2023-42809
72,spring-batch,H2,2009-12-19 00:00:00+00:00,2010-12-19 00:00:00+00:00,365.0,pre_disclosure,1,1,1,CVE-2018-14335; CVE-2021-42392; CVE-2022-23221
72,spring-batch,H2,2010-12-19 00:00:00+00:00,2018-07-24 13:29:00.603000+00:00,2774.561812534722,pre_disclosure,2,2,2,CVE-2018-14335; CVE-2021-42392; CVE-2022-23221
72,spring-batch,H2,2018-07-24 13:29:00.603000+00:00,2019-02-22 14:41:59+00:00,213.0506758912037,post_disclosure,2,2,2,CVE-2018-14335; CVE-2021-42392; CVE-2022-23221
72,spring-batch,H2,2019-02-22 14:41:59+00:00,2021-01-29 00:00:00+00:00,706.3875115740741,post_resolution,2,2,2,CVE-2018-14335; CVE-2021-42392; CVE-2022-23221
72,spring-batch,H2,2021-01-29 00:00:00+00:00,2021-11-29 11:00:04+00:00,304.45837962962963,pre_disclosure,1,2,1,CVE-2021-23463; CVE-2021-42392; CVE-2022-23221; CVE-2022-45868
72,spring-batch,H2,2021-11-29 11:00:04+00:00,2021-12-16 14:29:57+00:00,17.145752314814814,post_resolution,1,2,1,CVE-2021-23463; CVE-2021-42392; CVE-2022-23221; CVE-2022-45868
72,spring-batch,H2,2021-12-16 14:29:57+00:00,2022-01-04 20:53:00+00:00,19.266006944444445,post_resolution,1,2,1,CVE-2021-23463; CVE-2021-42392; CVE-2022-23221; CVE-2022-45868
72,spring-batch,H2,2022-01-04 20:53:00+00:00,2022-01-06 23:55:09+00:00,2.1264930555555557,post_resolution,1,2,1,CVE-2021-23463; CVE-2021-42392; CVE-2022-23221; CVE-2022-45868
72,spring-batch,H2,2022-01-06 23:55:09+00:00,2022-01-17 16:18:52+00:00,10.683136574074075,post_resolution,1,2,1,CVE-2021-23463; CVE-2021-42392; CVE-2022-23221; CVE-2022-45868
72,spring-batch,H2,2022-01-17 16:18:52+00:00,2022-01-21 23:07:39+00:00,4.283877314814815,post_resolution,1,2,1,CVE-2021-23463; CVE-2021-42392; CVE-2022-23221; CVE-2022-45868
72,spring-batch,H2,2022-01-21 23:07:39+00:00,2022-11-23 00:00:00+00:00,305.0363541666667,post_resolution,1,2,1,CVE-2021-23463; CVE-2021-42392; CVE-2022-23221; CVE-2022-45868
72,spring-batch,H2,2022-11-23 00:00:00+00:00,2022-11-23 21:30:31+00:00,0.8961921296296296,pre_disclosure,1,2,1,CVE-2022-45868
72,spring-batch,H2,2022-11-23 21:30:31+00:00,2023-07-05 14:57:30+00:00,223.72707175925925,post_disclosure,1,2,1,CVE-2022-45868
72,spring-batch,H2,2023-07-05 14:57:30+00:00,2023-07-13 00:00:00+00:00,7.376736111111111,post_resolution,1,2,1,CVE-2022-45868
72,spring-batch,HyperSQL,2021-01-29 00:00:00+00:00,2022-10-06 18:17:07.190000+00:00,615.7618887731481,pre_disclosure,1,6,1,CVE-2022-41853
72,spring-batch,HyperSQL,2022-10-06 18:17:07.190000+00:00,2022-10-22 14:19:43+00:00,15.835136689814815,post_disclosure,1,6,1,CVE-2022-41853
72,spring-batch,HyperSQL,2022-10-22 14:19:43+00:00,2022-11-23 00:00:00+00:00,31.402974537037036,post_resolution,1,6,1,CVE-2022-41853
72,spring-batch,MongoDB,2022-11-23 00:00:00+00:00,2023-01-19 00:00:00+00:00,57.0,post_resolution,1,2,1,CVE-2021-20328
72,spring-batch,MongoDB,2023-02-22 00:00:00+00:00,2023-05-05 00:00:00+00:00,72.0,post_resolution,1,2,1,CVE-2021-20328
72,spring-batch,MySQL,2008-03-25 00:00:00+00:00,2015-05-08 10:55:46+00:00,2600.4553935185186,pre_disclosure,1,1,1,CVE-2015-2575; CVE-2017-3523; CVE-2017-3586; CVE-2017-3589; CVE-2018-3258; CVE-2019-2692; CVE-2020-2934; CVE-2022-21363; CVE-2023-22102
72,spring-batch,MySQL,2015-05-08 10:55:46+00:00,2017-02-14 20:27:59+00:00,648.3973726851851,post_resolution,1,1,1,CVE-2015-2575; CVE-2017-3523; CVE-2017-3586; CVE-2017-3589; CVE-2018-3258; CVE-2019-2692; CVE-2020-2934; CVE-2022-21363; CVE-2023-22102
72,spring-batch,MySQL,2017-02-14 20:27:59+00:00,2017-04-17 18:23:36+00:00,61.91362268518518,post_resolution,1,1,1,CVE-2015-2575; CVE-2017-3523; CVE-2017-3586; CVE-2017-3589; CVE-2018-3258; CVE-2019-2692; CVE-2020-2934; CVE-2022-21363; CVE-2023-22102
72,spring-batch,MySQL,2017-04-17 18:23:36+00:00,2018-09-27 09:18:47+00:00,527.6216550925926,post_resolution,1,1,1,CVE-2015-2575; CVE-2017-3523; CVE-2017-3586; CVE-2017-3589; CVE-2018-3258; CVE-2019-2692; CVE-2020-2934; CVE-2022-21363; CVE-2023-22102
72,spring-batch,MySQL,2018-09-27 09:18:47+00:00,2019-03-20 19:08:52+00:00,174.4097800925926,post_resolution,1,1,1,CVE-2015-2575; CVE-2017-3523; CVE-2017-3586; CVE-2017-3589; CVE-2018-3258; CVE-2019-2692; CVE-2020-2934; CVE-2022-21363; CVE-2023-22102
72,spring-batch,MySQL,2019-03-20 19:08:52+00:00,2020-04-15 14:15:36.453000+00:00,391.7963478356482,post_resolution,1,1,1,CVE-2015-2575; CVE-2017-3523; CVE-2017-3586; CVE-2017-3589; CVE-2018-3258; CVE-2019-2692; CVE-2020-2934; CVE-2022-21363; CVE-2023-22102
72,spring-batch,MySQL,2020-04-15 14:15:36.453000+00:00,2020-07-01 17:12:20+00:00,77.12272623842593,post_resolution,1,1,1,CVE-2015-2575; CVE-2017-3523; CVE-2017-3586; CVE-2017-3589; CVE-2018-3258; CVE-2019-2692; CVE-2020-2934; CVE-2022-21363; CVE-2023-22102
72,spring-batch,MySQL,2020-07-01 17:12:20+00:00,2020-07-14 00:00:00+00:00,12.283101851851852,post_resolution,1,1,1,CVE-2015-2575; CVE-2017-3523; CVE-2017-3586; CVE-2017-3589; CVE-2018-3258; CVE-2019-2692; CVE-2020-2934; CVE-2022-21363; CVE-2023-22102
72,spring-batch,MySQL,2020-07-14 00:00:00+00:00,2021-01-29 00:00:00+00:00,199.0,post_resolution,1,1,1,CVE-2015-2575; CVE-2017-3523; CVE-2017-3586; CVE-2017-3589; CVE-2018-3258; CVE-2019-2692; CVE-2020-2934; CVE-2022-21363; CVE-2023-22102
72,spring-batch,MySQL,2021-01-29 00:00:00+00:00,2021-09-28 18:17:43+00:00,242.76230324074075,pre_disclosure,1,1,1,CVE-2021-2471; CVE-2022-21363; CVE-2023-22102
72,spring-batch,MySQL,2021-09-28 18:17:43+00:00,2021-10-20 11:16:17.117000+00:00,21.70733931712963,post_resolution,1,1,1,CVE-2021-2471; CVE-2022-21363; CVE-2023-22102
72,spring-batch,MySQL,2021-10-20 11:16:17.117000+00:00,2021-12-16 00:25:41+00:00,56.548193090277785,post_resolution,1,1,1,CVE-2021-2471; CVE-2022-21363; CVE-2023-22102
72,spring-batch,MySQL,2021-12-16 00:25:41+00:00,2022-01-20 00:00:48+00:00,34.98271990740741,post_resolution,1,1,1,CVE-2021-2471; CVE-2022-21363; CVE-2023-22102
72,spring-batch,MySQL,2022-01-20 00:00:48+00:00,2022-11-23 00:00:00+00:00,306.99944444444446,post_resolution,1,1,1,CVE-2021-2471; CVE-2022-21363; CVE-2023-22102
72,spring-batch,MySQL,2022-11-23 00:00:00+00:00,2023-02-22 00:00:00+00:00,91.0,pre_disclosure,1,1,1,CVE-2023-22102
72,spring-batch,MySQL,2023-02-22 00:00:00+00:00,2023-02-23 00:00:00+00:00,1.0,pre_disclosure,2,2,2,CVE-2023-22102
72,spring-batch,MySQL,2023-02-23 00:00:00+00:00,2023-05-17 00:00:00+00:00,83.0,pre_disclosure,1,1,1,CVE-2023-22102
72,spring-batch,MySQL,2023-05-17 00:00:00+00:00,2023-08-23 00:00:00+00:00,98.0,pre_disclosure,1,1,1,CVE-2023-22102
72,spring-batch,MySQL,2023-08-23 00:00:00+00:00,2023-10-17 22:15:15.100000+00:00,55.92725810185185,pre_disclosure,1,1,1,CVE-2023-22102
72,spring-batch,MySQL,2023-10-17 22:15:15.100000+00:00,2023-10-25 08:46:05+00:00,7.438077546296297,post_disclosure,1,1,1,CVE-2023-22102
72,spring-batch,MySQL,2023-10-25 08:46:05+00:00,2023-11-22 00:00:00+00:00,27.634664351851853,post_resolution,1,1,1,CVE-2023-22102
72,spring-batch,PostgreSQL,2022-11-23 00:00:00+00:00,2023-02-22 00:00:00+00:00,91.0,pre_disclosure,1,1,1,CVE-2026-42198
72,spring-batch,PostgreSQL,2023-02-22 00:00:00+00:00,2023-02-23 00:00:00+00:00,1.0,pre_disclosure,2,2,2,CVE-2026-42198
72,spring-batch,PostgreSQL,2023-02-23 00:00:00+00:00,2023-05-17 00:00:00+00:00,83.0,pre_disclosure,1,1,1,CVE-2026-42198
72,spring-batch,PostgreSQL,2023-05-17 00:00:00+00:00,2023-11-22 00:00:00+00:00,189.0,pre_disclosure,1,1,1,CVE-2026-42198
72,spring-batch,PostgreSQL,2023-11-22 00:00:00+00:00,2024-02-21 00:00:00+00:00,91.0,pre_disclosure,1,1,1,CVE-2024-1597; CVE-2026-42198
72,spring-batch,PostgreSQL,2024-02-21 00:00:00+00:00,2024-02-21 23:33:43+00:00,0.9817476851851852,post_resolution,1,1,1,CVE-2024-1597; CVE-2026-42198
72,spring-batch,PostgreSQL,2024-02-21 23:33:43+00:00,2024-04-22 00:00:00+00:00,60.018252314814816,post_resolution,1,1,1,CVE-2024-1597; CVE-2026-42198
72,spring-batch,PostgreSQL,2024-04-22 00:00:00+00:00,2024-09-04 00:00:00+00:00,135.0,pre_disclosure,1,1,1,CVE-2026-42198
72,spring-batch,PostgreSQL,2024-09-04 00:00:00+00:00,2025-03-19 00:00:00+00:00,196.0,pre_disclosure,1,2,1,CVE-2025-49146; CVE-2026-42198
72,spring-batch,PostgreSQL,2025-03-19 00:00:00+00:00,2025-06-11 09:55:12+00:00,84.41333333333333,pre_disclosure,1,2,1,CVE-2025-49146; CVE-2026-42198
72,spring-batch,PostgreSQL,2025-06-11 09:55:12+00:00,2025-06-11 14:44:04+00:00,0.20060185185185186,post_resolution,1,2,1,CVE-2025-49146; CVE-2026-42198
72,spring-batch,PostgreSQL,2025-06-11 14:44:04+00:00,2025-07-16 00:00:00+00:00,34.386064814814816,post_resolution,1,2,1,CVE-2025-49146; CVE-2026-42198
72,spring-batch,PostgreSQL,2025-07-16 00:00:00+00:00,2025-10-22 00:00:00+00:00,98.0,pre_disclosure,1,3,1,CVE-2026-42198
72,spring-batch,PostgreSQL,2025-10-22 00:00:00+00:00,2025-12-17 00:00:00+00:00,56.0,pre_disclosure,1,3,1,CVE-2026-42198
72,spring-batch,Redis,2023-11-22 00:00:00+00:00,2024-01-22 00:00:00+00:00,61.0,post_resolution,1,1,1,CVE-2023-42809
72,spring-batch,Redis,2024-11-21 00:00:00+00:00,2024-12-18 00:00:00+00:00,27.0,post_resolution,1,1,1,CVE-2023-42809
72,spring-batch,Redis,2024-12-18 00:00:00+00:00,2025-03-19 00:00:00+00:00,91.0,post_resolution,1,1,1,CVE-2023-42809
72,spring-batch,Redis,2025-03-19 00:00:00+00:00,2025-03-21 00:00:00+00:00,2.0,post_resolution,1,1,1,CVE-2023-42809
72,spring-batch,SQLite,2021-01-29 00:00:00+00:00,2022-11-23 00:00:00+00:00,663.0,pre_disclosure,1,1,1,CVE-2023-32697
72,spring-batch,SQLite,2022-11-23 00:00:00+00:00,2023-02-22 00:00:00+00:00,91.0,pre_disclosure,1,2,1,CVE-2023-32697
72,spring-batch,SQLite,2023-02-22 00:00:00+00:00,2023-02-23 00:00:00+00:00,1.0,pre_disclosure,2,4,2,CVE-2023-32697
72,spring-batch,SQLite,2023-02-23 00:00:00+00:00,2023-05-17 00:00:00+00:00,83.0,pre_disclosure,1,2,1,CVE-2023-32697
72,spring-batch,SQLite,2023-05-17 00:00:00+00:00,2023-05-19 10:50:50+00:00,2.4519675925925926,pre_disclosure,1,2,1,CVE-2023-32697
72,spring-batch,SQLite,2023-05-19 10:50:50+00:00,2023-05-23 23:15:09.337000+00:00,4.516890474537037,post_resolution,1,2,1,CVE-2023-32697
72,spring-batch,SQLite,2023-05-23 23:15:09.337000+00:00,2023-07-13 00:00:00+00:00,50.03114193287037,post_resolution,1,2,1,CVE-2023-32697
73,springdoc-openapi,H2,2019-12-05 00:00:00+00:00,2021-11-29 11:00:04+00:00,725.4583796296296,pre_disclosure,1,2,1,CVE-2021-23463; CVE-2021-42392; CVE-2022-23221; CVE-2022-45868
73,springdoc-openapi,H2,2021-11-29 11:00:04+00:00,2021-12-16 14:29:57+00:00,17.145752314814814,post_resolution,1,2,1,CVE-2021-23463; CVE-2021-42392; CVE-2022-23221; CVE-2022-45868
73,springdoc-openapi,H2,2021-12-16 14:29:57+00:00,2022-01-04 20:53:00+00:00,19.266006944444445,post_resolution,1,2,1,CVE-2021-23463; CVE-2021-42392; CVE-2022-23221; CVE-2022-45868
73,springdoc-openapi,H2,2022-01-04 20:53:00+00:00,2022-01-06 23:55:09+00:00,2.1264930555555557,post_resolution,1,2,1,CVE-2021-23463; CVE-2021-42392; CVE-2022-23221; CVE-2022-45868
73,springdoc-openapi,H2,2022-01-06 23:55:09+00:00,2022-01-17 16:18:52+00:00,10.683136574074075,post_resolution,1,2,1,CVE-2021-23463; CVE-2021-42392; CVE-2022-23221; CVE-2022-45868
73,springdoc-openapi,H2,2022-01-17 16:18:52+00:00,2022-01-21 23:07:39+00:00,4.283877314814815,post_resolution,1,2,1,CVE-2021-23463; CVE-2021-42392; CVE-2022-23221; CVE-2022-45868
73,springdoc-openapi,H2,2022-01-21 23:07:39+00:00,2022-07-30 00:00:00+00:00,189.03635416666665,post_resolution,1,2,1,CVE-2021-23463; CVE-2021-42392; CVE-2022-23221; CVE-2022-45868
73,springdoc-openapi,H2,2022-07-30 00:00:00+00:00,2022-08-06 00:00:00+00:00,7.0,pre_disclosure,1,2,1,CVE-2022-45868
73,springdoc-openapi,H2,2022-08-06 00:00:00+00:00,2022-11-23 21:30:31+00:00,109.89619212962963,pre_disclosure,1,2,1,CVE-2022-45868
73,springdoc-openapi,H2,2022-11-23 21:30:31+00:00,2023-07-05 14:57:30+00:00,223.72707175925925,post_disclosure,1,2,1,CVE-2022-45868
73,springdoc-openapi,H2,2023-07-05 14:57:30+00:00,2023-12-03 00:00:00+00:00,150.37673611111111,post_resolution,1,2,1,CVE-2022-45868
76,thingsboard,Cassandra,2016-12-01 00:00:00+00:00,2020-06-11 00:00:00+00:00,1288.0,pre_disclosure,1,2,1,CVE-2020-13946
76,thingsboard,Hazelcast,2016-12-01 00:00:00+00:00,2017-01-21 00:00:00+00:00,51.0,pre_disclosure,2,12,2,CVE-2016-10750; CVE-2023-33265; CVE-2023-45860
76,thingsboard,HyperSQL,2020-06-11 00:00:00+00:00,2021-07-08 00:00:00+00:00,392.0,pre_disclosure,1,4,1,CVE-2022-41853
76,thingsboard,HyperSQL,2021-07-08 00:00:00+00:00,2021-11-04 00:00:00+00:00,119.0,pre_disclosure,1,4,1,CVE-2022-41853
76,thingsboard,HyperSQL,2021-11-04 00:00:00+00:00,2021-12-16 00:00:00+00:00,42.0,pre_disclosure,1,2,1,CVE-2022-41853
76,thingsboard,PostgreSQL,2020-06-11 00:00:00+00:00,2021-02-09 00:00:00+00:00,243.0,post_resolution,1,5,1,CVE-2018-10936; CVE-2022-41946; GHSA-xfg6-62px-cxc2
76,thingsboard,PostgreSQL,2021-02-09 00:00:00+00:00,2021-05-27 00:00:00+00:00,107.0,pre_disclosure,1,5,1,CVE-2022-26520; CVE-2026-42198; GHSA-673j-qm5f-xpv8
76,thingsboard,PostgreSQL,2021-05-27 00:00:00+00:00,2022-02-15 19:06:43+00:00,264.7963310185185,pre_disclosure,1,5,1,CVE-2022-26520; CVE-2026-42198; GHSA-673j-qm5f-xpv8
76,thingsboard,PostgreSQL,2022-02-15 19:06:43+00:00,2022-02-16 00:08:18+00:00,0.20943287037037037,post_resolution,1,5,1,CVE-2022-26520; CVE-2026-42198; GHSA-673j-qm5f-xpv8
76,thingsboard,PostgreSQL,2022-02-16 00:08:18+00:00,2022-03-10 17:47:45.810000+00:00,22.735738541666667,post_resolution,1,5,1,CVE-2022-26520; CVE-2026-42198; GHSA-673j-qm5f-xpv8
76,thingsboard,PostgreSQL,2022-03-10 17:47:45.810000+00:00,2022-11-23 00:00:00+00:00,257.25849756944444,post_resolution,1,5,1,CVE-2022-26520; CVE-2026-42198; GHSA-673j-qm5f-xpv8
76,thingsboard,PostgreSQL,2022-11-23 00:00:00+00:00,2024-04-04 00:00:00+00:00,498.0,pre_disclosure,1,5,1,CVE-2026-42198
76,thingsboard,PostgreSQL,2024-04-04 00:00:00+00:00,2024-04-08 00:00:00+00:00,4.0,pre_disclosure,2,10,2,CVE-2026-42198
76,thingsboard,PostgreSQL,2024-04-08 00:00:00+00:00,2025-05-14 00:00:00+00:00,401.0,pre_disclosure,1,5,1,CVE-2026-42198
76,thingsboard,PostgreSQL,2025-05-14 00:00:00+00:00,2025-06-11 09:55:12+00:00,28.413333333333334,pre_disclosure,1,5,1,CVE-2025-49146; CVE-2026-42198
76,thingsboard,PostgreSQL,2025-06-11 09:55:12+00:00,2025-06-11 14:44:04+00:00,0.20060185185185186,post_resolution,1,5,1,CVE-2025-49146; CVE-2026-42198
76,thingsboard,PostgreSQL,2025-06-11 14:44:04+00:00,2025-06-19 00:00:00+00:00,7.386064814814815,post_resolution,1,5,1,CVE-2025-49146; CVE-2026-42198
76,thingsboard,PostgreSQL,2025-06-19 00:00:00+00:00,2026-01-07 00:00:00+00:00,202.0,pre_disclosure,1,5,1,CVE-2026-42198
76,thingsboard,Redis,2020-06-11 00:00:00+00:00,2020-11-16 00:00:00+00:00,158.0,pre_disclosure,1,14,1,CVE-2023-42809
76,thingsboard,Redis,2020-11-16 00:00:00+00:00,2022-04-08 00:00:00+00:00,508.0,pre_disclosure,2,27,2,CVE-2023-42809
76,thingsboard,Redis,2022-04-08 00:00:00+00:00,2023-04-13 00:00:00+00:00,370.0,pre_disclosure,2,27,2,CVE-2023-42809
76,thingsboard,Redis,2023-04-13 00:00:00+00:00,2023-06-05 08:30:59+00:00,53.35484953703704,pre_disclosure,2,27,2,CVE-2023-42809
76,thingsboard,Redis,2023-06-05 08:30:59+00:00,2023-10-04 20:15:10.263000+00:00,121.48901924768519,post_resolution,2,27,2,CVE-2023-42809
76,thingsboard,Redis,2023-10-04 20:15:10.263000+00:00,2024-03-20 00:00:00+00:00,167.15613121527778,post_resolution,2,27,2,CVE-2023-42809
76,thingsboard,Redis,2024-03-20 00:00:00+00:00,2024-04-25 00:00:00+00:00,36.0,post_resolution,1,14,1,CVE-2023-42809
77,undertow,H2,2013-12-16 00:00:00+00:00,2014-01-29 00:00:00+00:00,44.0,pre_disclosure,1,1,1,CVE-2018-14335; CVE-2021-42392; CVE-2022-23221
77,undertow,H2,2014-01-29 00:00:00+00:00,2018-07-12 00:00:00+00:00,1625.0,pre_disclosure,1,2,1,CVE-2018-14335; CVE-2021-42392; CVE-2022-23221
77,undertow,H2,2018-07-12 00:00:00+00:00,2018-07-24 13:29:00.603000+00:00,12.56181253472222,pre_disclosure,1,1,1,CVE-2018-14335; CVE-2021-42392; CVE-2022-23221
77,undertow,H2,2018-07-24 13:29:00.603000+00:00,2019-02-22 14:41:59+00:00,213.0506758912037,post_disclosure,1,1,1,CVE-2018-14335; CVE-2021-42392; CVE-2022-23221
77,undertow,H2,2019-02-22 14:41:59+00:00,2020-04-17 00:00:00+00:00,419.3875115740741,post_resolution,1,1,1,CVE-2018-14335; CVE-2021-42392; CVE-2022-23221
77,undertow,H2,2020-04-17 00:00:00+00:00,2020-05-15 00:00:00+00:00,28.0,post_resolution,2,2,2,CVE-2018-14335; CVE-2021-42392; CVE-2022-23221
77,undertow,H2,2020-05-15 00:00:00+00:00,2021-11-29 11:00:04+00:00,563.4583796296296,pre_disclosure,1,1,1,CVE-2021-23463; CVE-2021-42392; CVE-2022-23221; CVE-2022-45868
77,undertow,H2,2021-11-29 11:00:04+00:00,2021-12-16 14:29:57+00:00,17.145752314814814,post_resolution,1,1,1,CVE-2021-23463; CVE-2021-42392; CVE-2022-23221; CVE-2022-45868
77,undertow,H2,2021-12-16 14:29:57+00:00,2022-01-04 20:53:00+00:00,19.266006944444445,post_resolution,1,1,1,CVE-2021-23463; CVE-2021-42392; CVE-2022-23221; CVE-2022-45868
77,undertow,H2,2022-01-04 20:53:00+00:00,2022-01-06 23:55:09+00:00,2.1264930555555557,post_resolution,1,1,1,CVE-2021-23463; CVE-2021-42392; CVE-2022-23221; CVE-2022-45868
77,undertow,H2,2022-01-06 23:55:09+00:00,2022-01-17 16:18:52+00:00,10.683136574074075,post_resolution,1,1,1,CVE-2021-23463; CVE-2021-42392; CVE-2022-23221; CVE-2022-45868
77,undertow,H2,2022-01-17 16:18:52+00:00,2022-01-21 23:07:39+00:00,4.283877314814815,post_resolution,1,1,1,CVE-2021-23463; CVE-2021-42392; CVE-2022-23221; CVE-2022-45868
77,undertow,H2,2022-01-21 23:07:39+00:00,2022-10-12 00:00:00+00:00,263.0363541666667,post_resolution,1,1,1,CVE-2021-23463; CVE-2021-42392; CVE-2022-23221; CVE-2022-45868
77,undertow,H2,2022-10-12 00:00:00+00:00,2022-11-23 21:30:31+00:00,42.89619212962963,pre_disclosure,1,1,1,CVE-2022-45868
77,undertow,H2,2022-11-23 21:30:31+00:00,2023-07-05 14:57:30+00:00,223.72707175925925,post_disclosure,1,1,1,CVE-2022-45868
77,undertow,H2,2023-07-05 14:57:30+00:00,2025-10-17 00:00:00+00:00,834.3767361111111,post_resolution,1,1,1,CVE-2022-45868
78,UniversalMediaServer,H2,2022-05-24 00:00:00+00:00,2022-06-16 00:00:00+00:00,23.0,pre_disclosure,1,1,1,CVE-2022-45868
78,UniversalMediaServer,H2,2022-06-16 00:00:00+00:00,2022-11-23 21:30:31+00:00,160.89619212962964,pre_disclosure,1,1,1,CVE-2022-45868
78,UniversalMediaServer,H2,2022-11-23 21:30:31+00:00,2023-07-05 14:57:30+00:00,223.72707175925925,post_disclosure,1,1,1,CVE-2022-45868
78,UniversalMediaServer,H2,2023-07-05 14:57:30+00:00,2024-05-05 00:00:00+00:00,304.3767361111111,post_resolution,1,1,1,CVE-2022-45868
79,modeldb,H2,2022-08-25 00:00:00+00:00,2022-09-02 00:00:00+00:00,8.0,post_resolution,2,3,2,CVE-2021-23463; CVE-2021-42392; CVE-2022-23221; CVE-2022-45868
79,modeldb,H2,2022-09-02 00:00:00+00:00,2022-11-23 21:30:31+00:00,82.89619212962963,pre_disclosure,1,2,1,CVE-2022-45868
79,modeldb,H2,2022-11-23 21:30:31+00:00,2023-07-05 14:57:30+00:00,223.72707175925925,post_disclosure,1,2,1,CVE-2022-45868
79,modeldb,H2,2023-07-05 14:57:30+00:00,2023-07-12 00:00:00+00:00,6.376736111111111,post_resolution,1,2,1,CVE-2022-45868
79,modeldb,MS SQL Server_Microsoft Azure SQL Database,2022-03-10 00:00:00+00:00,2022-09-09 00:00:00+00:00,183.0,pre_disclosure,1,2,1,CVE-2025-59250
79,modeldb,MS SQL Server_Microsoft Azure SQL Database,2022-09-09 00:00:00+00:00,2022-09-12 00:00:00+00:00,3.0,pre_disclosure,2,4,2,CVE-2025-59250
79,modeldb,MS SQL Server_Microsoft Azure SQL Database,2022-09-12 00:00:00+00:00,2024-01-02 00:00:00+00:00,477.0,pre_disclosure,1,2,1,CVE-2025-59250
79,modeldb,MS SQL Server_Microsoft Azure SQL Database,2024-01-02 00:00:00+00:00,2024-02-07 00:00:00+00:00,36.0,pre_disclosure,1,2,1,CVE-2025-59250
79,modeldb,PostgreSQL,2022-03-10 00:00:00+00:00,2022-03-10 17:47:45.810000+00:00,0.7415024305555555,post_resolution,1,2,1,CVE-2022-26520; CVE-2026-42198; GHSA-673j-qm5f-xpv8
79,modeldb,PostgreSQL,2022-03-10 17:47:45.810000+00:00,2022-03-17 00:00:00+00:00,6.258497569444444,post_resolution,1,2,1,CVE-2022-26520; CVE-2026-42198; GHSA-673j-qm5f-xpv8
79,modeldb,PostgreSQL,2022-03-17 00:00:00+00:00,2022-08-06 05:51:38+00:00,142.2441898148148,pre_disclosure,1,2,1,CVE-2022-31197; CVE-2022-41946; CVE-2026-42198
79,modeldb,PostgreSQL,2022-08-06 05:51:38+00:00,2022-08-08 00:00:00+00:00,1.7558101851851853,post_disclosure,1,2,1,CVE-2022-31197; CVE-2022-41946; CVE-2026-42198
79,modeldb,PostgreSQL,2022-08-08 00:00:00+00:00,2022-09-06 00:00:00+00:00,29.0,pre_disclosure,1,2,1,CVE-2026-42198
79,modeldb,PostgreSQL,2022-09-06 00:00:00+00:00,2022-09-07 00:00:00+00:00,1.0,pre_disclosure,2,4,2,CVE-2026-42198
79,modeldb,PostgreSQL,2022-09-07 00:00:00+00:00,2022-12-15 00:00:00+00:00,99.0,pre_disclosure,1,2,1,CVE-2026-42198
80,Saturn,H2,2017-07-18 00:00:00+00:00,2018-07-24 13:29:00.603000+00:00,371.5618125347222,pre_disclosure,1,4,1,CVE-2018-14335; CVE-2021-42392; CVE-2022-23221
80,Saturn,H2,2018-07-24 13:29:00.603000+00:00,2019-02-22 14:41:59+00:00,213.0506758912037,post_disclosure,1,4,1,CVE-2018-14335; CVE-2021-42392; CVE-2022-23221
80,Saturn,H2,2019-02-22 14:41:59+00:00,2020-07-28 00:00:00+00:00,521.3875115740741,post_resolution,1,4,1,CVE-2018-14335; CVE-2021-42392; CVE-2022-23221
80,Saturn,MySQL,2017-04-10 00:00:00+00:00,2017-04-17 18:23:36+00:00,7.766388888888889,post_resolution,1,4,1,CVE-2015-2575; CVE-2017-3523; CVE-2017-3586; CVE-2017-3589; CVE-2018-3258; CVE-2019-2692; CVE-2020-2934; CVE-2022-21363; CVE-2023-22102
80,Saturn,MySQL,2017-04-17 18:23:36+00:00,2018-09-27 09:18:47+00:00,527.6216550925926,post_resolution,1,4,1,CVE-2015-2575; CVE-2017-3523; CVE-2017-3586; CVE-2017-3589; CVE-2018-3258; CVE-2019-2692; CVE-2020-2934; CVE-2022-21363; CVE-2023-22102
80,Saturn,MySQL,2018-09-27 09:18:47+00:00,2019-03-20 19:08:52+00:00,174.4097800925926,post_resolution,1,4,1,CVE-2015-2575; CVE-2017-3523; CVE-2017-3586; CVE-2017-3589; CVE-2018-3258; CVE-2019-2692; CVE-2020-2934; CVE-2022-21363; CVE-2023-22102
80,Saturn,MySQL,2019-03-20 19:08:52+00:00,2020-04-15 14:15:36.453000+00:00,391.7963478356482,post_resolution,1,4,1,CVE-2015-2575; CVE-2017-3523; CVE-2017-3586; CVE-2017-3589; CVE-2018-3258; CVE-2019-2692; CVE-2020-2934; CVE-2022-21363; CVE-2023-22102
80,Saturn,MySQL,2020-04-15 14:15:36.453000+00:00,2020-07-01 17:12:20+00:00,77.12272623842593,post_resolution,1,4,1,CVE-2015-2575; CVE-2017-3523; CVE-2017-3586; CVE-2017-3589; CVE-2018-3258; CVE-2019-2692; CVE-2020-2934; CVE-2022-21363; CVE-2023-22102
80,Saturn,MySQL,2020-07-01 17:12:20+00:00,2020-07-14 00:00:00+00:00,12.283101851851852,post_resolution,1,4,1,CVE-2015-2575; CVE-2017-3523; CVE-2017-3586; CVE-2017-3589; CVE-2018-3258; CVE-2019-2692; CVE-2020-2934; CVE-2022-21363; CVE-2023-22102
80,Saturn,MySQL,2020-07-14 00:00:00+00:00,2020-07-28 00:00:00+00:00,14.0,post_resolution,1,4,1,CVE-2015-2575; CVE-2017-3523; CVE-2017-3586; CVE-2017-3589; CVE-2018-3258; CVE-2019-2692; CVE-2020-2934; CVE-2022-21363; CVE-2023-22102
82,xxl-job,MySQL,2015-11-28 00:00:00+00:00,2017-02-14 20:27:59+00:00,444.8527662037037,post_resolution,1,3,1,CVE-2015-2575; CVE-2017-3523; CVE-2017-3586; CVE-2017-3589; CVE-2018-3258; CVE-2019-2692; CVE-2020-2934; CVE-2022-21363; CVE-2023-22102
82,xxl-job,MySQL,2017-02-14 20:27:59+00:00,2017-04-17 18:23:36+00:00,61.91362268518518,post_resolution,1,3,1,CVE-2015-2575; CVE-2017-3523; CVE-2017-3586; CVE-2017-3589; CVE-2018-3258; CVE-2019-2692; CVE-2020-2934; CVE-2022-21363; CVE-2023-22102
82,xxl-job,MySQL,2017-04-17 18:23:36+00:00,2017-12-23 00:00:00+00:00,249.23361111111112,post_resolution,1,3,1,CVE-2015-2575; CVE-2017-3523; CVE-2017-3586; CVE-2017-3589; CVE-2018-3258; CVE-2019-2692; CVE-2020-2934; CVE-2022-21363; CVE-2023-22102
82,xxl-job,MySQL,2017-12-23 00:00:00+00:00,2018-09-24 00:00:00+00:00,275.0,pre_disclosure,1,1,1,CVE-2018-3258; CVE-2019-2692; CVE-2020-2934; CVE-2022-21363; CVE-2023-22102
82,xxl-job,MySQL,2018-09-24 00:00:00+00:00,2018-09-27 09:18:47+00:00,3.3880439814814816,pre_disclosure,1,2,1,CVE-2018-3258; CVE-2019-2692; CVE-2020-2934; CVE-2022-21363; CVE-2023-22102
82,xxl-job,MySQL,2018-09-27 09:18:47+00:00,2019-03-20 19:08:52+00:00,174.4097800925926,post_resolution,1,2,1,CVE-2018-3258; CVE-2019-2692; CVE-2020-2934; CVE-2022-21363; CVE-2023-22102
82,xxl-job,MySQL,2019-03-20 19:08:52+00:00,2019-09-27 00:00:00+00:00,190.20217592592593,post_resolution,1,2,1,CVE-2018-3258; CVE-2019-2692; CVE-2020-2934; CVE-2022-21363; CVE-2023-22102
82,xxl-job,MySQL,2019-09-27 00:00:00+00:00,2020-01-19 00:00:00+00:00,114.0,post_resolution,2,3,2,CVE-2018-3258; CVE-2019-2692; CVE-2020-2934; CVE-2022-21363; CVE-2023-22102
82,xxl-job,MySQL,2020-01-19 00:00:00+00:00,2020-03-26 00:00:00+00:00,67.0,post_resolution,3,4,3,CVE-2018-3258; CVE-2019-2692; CVE-2020-2934; CVE-2022-21363; CVE-2023-22102
82,xxl-job,MySQL,2020-03-26 00:00:00+00:00,2020-04-15 14:15:36.453000+00:00,20.59417190972222,post_resolution,2,3,2,CVE-2018-3258; CVE-2019-2692; CVE-2020-2934; CVE-2022-21363; CVE-2023-22102
82,xxl-job,MySQL,2020-04-15 14:15:36.453000+00:00,2020-05-21 00:00:00+00:00,35.40582809027777,post_resolution,2,3,2,CVE-2018-3258; CVE-2019-2692; CVE-2020-2934; CVE-2022-21363; CVE-2023-22102
82,xxl-job,MySQL,2020-05-21 00:00:00+00:00,2020-07-01 17:12:20+00:00,41.71689814814815,post_resolution,2,3,2,CVE-2018-3258; CVE-2019-2692; CVE-2020-2934; CVE-2022-21363; CVE-2023-22102
82,xxl-job,MySQL,2020-07-01 17:12:20+00:00,2020-07-14 00:00:00+00:00,12.283101851851852,post_resolution,2,3,2,CVE-2018-3258; CVE-2019-2692; CVE-2020-2934; CVE-2022-21363; CVE-2023-22102
82,xxl-job,MySQL,2020-07-14 00:00:00+00:00,2020-10-16 00:00:00+00:00,94.0,post_resolution,2,3,2,CVE-2018-3258; CVE-2019-2692; CVE-2020-2934; CVE-2022-21363; CVE-2023-22102
82,xxl-job,MySQL,2020-10-16 00:00:00+00:00,2020-10-27 00:00:00+00:00,11.0,pre_disclosure,1,1,1,CVE-2021-2471; CVE-2022-21363; CVE-2023-22102
82,xxl-job,MySQL,2020-10-27 00:00:00+00:00,2021-02-09 00:00:00+00:00,105.0,pre_disclosure,1,1,1,CVE-2021-2471; CVE-2022-21363; CVE-2023-22102
82,xxl-job,MySQL,2021-02-09 00:00:00+00:00,2021-04-25 00:00:00+00:00,75.0,pre_disclosure,1,1,1,CVE-2021-2471; CVE-2022-21363; CVE-2023-22102
82,xxl-job,MySQL,2021-04-25 00:00:00+00:00,2021-09-28 18:17:43+00:00,156.76230324074075,pre_disclosure,1,1,1,CVE-2021-2471; CVE-2022-21363; CVE-2023-22102
82,xxl-job,MySQL,2021-09-28 18:17:43+00:00,2021-10-20 11:16:17.117000+00:00,21.70733931712963,post_resolution,1,1,1,CVE-2021-2471; CVE-2022-21363; CVE-2023-22102
82,xxl-job,MySQL,2021-10-20 11:16:17.117000+00:00,2021-12-16 00:25:41+00:00,56.548193090277785,post_resolution,1,1,1,CVE-2021-2471; CVE-2022-21363; CVE-2023-22102
82,xxl-job,MySQL,2021-12-16 00:25:41+00:00,2022-01-20 00:00:48+00:00,34.98271990740741,post_resolution,1,1,1,CVE-2021-2471; CVE-2022-21363; CVE-2023-22102
82,xxl-job,MySQL,2022-01-20 00:00:48+00:00,2022-04-19 00:00:00+00:00,88.99944444444445,post_resolution,1,1,1,CVE-2021-2471; CVE-2022-21363; CVE-2023-22102
82,xxl-job,MySQL,2022-04-19 00:00:00+00:00,2022-05-21 00:00:00+00:00,32.0,pre_disclosure,1,1,1,CVE-2023-22102
82,xxl-job,MySQL,2022-05-21 00:00:00+00:00,2023-03-23 00:00:00+00:00,306.0,pre_disclosure,1,1,1,CVE-2023-22102
82,xxl-job,MySQL,2023-03-23 00:00:00+00:00,2023-10-17 22:15:15.100000+00:00,208.92725810185186,pre_disclosure,1,1,1,CVE-2023-22102
82,xxl-job,MySQL,2023-10-17 22:15:15.100000+00:00,2023-10-25 08:46:05+00:00,7.438077546296297,post_disclosure,1,1,1,CVE-2023-22102
82,xxl-job,MySQL,2023-10-25 08:46:05+00:00,2024-01-20 00:00:00+00:00,86.63466435185185,post_resolution,1,1,1,CVE-2023-22102
83,maxwell,MySQL,2015-02-09 00:00:00+00:00,2015-05-08 10:55:46+00:00,88.45539351851852,pre_disclosure,1,1,1,CVE-2015-2575; CVE-2017-3523; CVE-2017-3586; CVE-2017-3589; CVE-2018-3258; CVE-2019-2692; CVE-2020-2934; CVE-2022-21363; CVE-2023-22102
83,maxwell,MySQL,2015-05-08 10:55:46+00:00,2016-06-27 00:00:00+00:00,415.5446064814815,post_resolution,1,1,1,CVE-2015-2575; CVE-2017-3523; CVE-2017-3586; CVE-2017-3589; CVE-2018-3258; CVE-2019-2692; CVE-2020-2934; CVE-2022-21363; CVE-2023-22102
83,maxwell,MySQL,2016-06-27 00:00:00+00:00,2017-02-14 20:27:59+00:00,232.8527662037037,pre_disclosure,1,1,1,CVE-2017-3523; CVE-2017-3586; CVE-2017-3589; CVE-2018-3258; CVE-2019-2692; CVE-2020-2934; CVE-2022-21363; CVE-2023-22102
83,maxwell,MySQL,2017-02-14 20:27:59+00:00,2017-04-17 18:23:36+00:00,61.91362268518518,post_resolution,1,1,1,CVE-2017-3523; CVE-2017-3586; CVE-2017-3589; CVE-2018-3258; CVE-2019-2692; CVE-2020-2934; CVE-2022-21363; CVE-2023-22102
83,maxwell,MySQL,2017-04-17 18:23:36+00:00,2018-09-15 00:00:00+00:00,515.2336111111111,post_resolution,1,1,1,CVE-2017-3523; CVE-2017-3586; CVE-2017-3589; CVE-2018-3258; CVE-2019-2692; CVE-2020-2934; CVE-2022-21363; CVE-2023-22102
83,maxwell,MySQL,2018-09-15 00:00:00+00:00,2018-09-27 09:18:47+00:00,12.38804398148148,pre_disclosure,1,1,1,CVE-2018-3258; CVE-2019-2692; CVE-2020-2934; CVE-2022-21363; CVE-2023-22102
83,maxwell,MySQL,2018-09-27 09:18:47+00:00,2019-03-20 19:08:52+00:00,174.4097800925926,post_resolution,1,1,1,CVE-2018-3258; CVE-2019-2692; CVE-2020-2934; CVE-2022-21363; CVE-2023-22102
83,maxwell,MySQL,2019-03-20 19:08:52+00:00,2019-09-23 00:00:00+00:00,186.20217592592593,post_resolution,1,1,1,CVE-2018-3258; CVE-2019-2692; CVE-2020-2934; CVE-2022-21363; CVE-2023-22102
83,maxwell,MySQL,2019-09-23 00:00:00+00:00,2020-04-15 14:15:36.453000+00:00,205.59417190972223,pre_disclosure,1,1,1,CVE-2020-2934; CVE-2021-2471; CVE-2022-21363; CVE-2023-22102
83,maxwell,MySQL,2020-04-15 14:15:36.453000+00:00,2020-07-14 00:00:00+00:00,89.40582809027778,post_disclosure,1,1,1,CVE-2020-2934; CVE-2021-2471; CVE-2022-21363; CVE-2023-22102
83,maxwell,MySQL,2020-07-14 00:00:00+00:00,2021-09-28 18:17:43+00:00,441.7623032407407,post_resolution,1,1,1,CVE-2020-2934; CVE-2021-2471; CVE-2022-21363; CVE-2023-22102
83,maxwell,MySQL,2021-09-28 18:17:43+00:00,2021-10-20 11:16:17.117000+00:00,21.70733931712963,post_resolution,1,1,1,CVE-2020-2934; CVE-2021-2471; CVE-2022-21363; CVE-2023-22102
83,maxwell,MySQL,2021-10-20 11:16:17.117000+00:00,2021-12-16 00:25:41+00:00,56.548193090277785,post_resolution,1,1,1,CVE-2020-2934; CVE-2021-2471; CVE-2022-21363; CVE-2023-22102
83,maxwell,MySQL,2021-12-16 00:25:41+00:00,2022-01-20 00:00:48+00:00,34.98271990740741,post_resolution,1,1,1,CVE-2020-2934; CVE-2021-2471; CVE-2022-21363; CVE-2023-22102
83,maxwell,MySQL,2022-01-20 00:00:48+00:00,2022-01-29 00:00:00+00:00,8.999444444444444,post_resolution,1,1,1,CVE-2020-2934; CVE-2021-2471; CVE-2022-21363; CVE-2023-22102
83,maxwell,MySQL,2022-01-29 00:00:00+00:00,2023-10-17 22:15:15.100000+00:00,626.9272581018519,pre_disclosure,1,1,1,CVE-2023-22102
83,maxwell,MySQL,2023-10-17 22:15:15.100000+00:00,2023-10-25 08:46:05+00:00,7.438077546296297,post_disclosure,1,1,1,CVE-2023-22102
83,maxwell,MySQL,2023-10-25 08:46:05+00:00,2025-08-01 00:00:00+00:00,645.6346643518518,post_resolution,1,1,1,CVE-2023-22102
83,maxwell,Redis,2019-10-12 00:00:00+00:00,2021-05-08 00:00:00+00:00,574.0,pre_disclosure,1,1,1,CVE-2023-42809
83,maxwell,Redis,2021-05-08 00:00:00+00:00,2021-06-02 00:00:00+00:00,25.0,pre_disclosure,2,2,2,CVE-2023-42809
83,maxwell,Redis,2021-06-02 00:00:00+00:00,2023-06-05 08:30:59+00:00,733.354849537037,pre_disclosure,1,1,1,CVE-2023-42809
83,maxwell,Redis,2023-06-05 08:30:59+00:00,2023-10-04 20:15:10.263000+00:00,121.48901924768519,post_resolution,1,1,1,CVE-2023-42809
83,maxwell,Redis,2023-10-04 20:15:10.263000+00:00,2025-08-28 00:00:00+00:00,693.1561312152778,post_resolution,1,1,1,CVE-2023-42809
