db,release,cve,published_at,resolved_at,first_patched_version,projects,resolution_days,has_publication_date,has_resolution_date,has_first_patched_release,resolution_bucket
Cassandra,1.0.7,CVE-2020-17516,2021-02-03 17:15:13.123000+00:00,2021-02-01 00:00:00+00:00,3.0.24; 3.11.10,1,-2.7189018865740744,True,True,True,Before disclosure
Cassandra,1.0.7,CVE-2025-23015,2025-02-04 12:30:59+00:00,2025-01-27 10:49:02+00:00,3.0.31,1,-8.070798611111112,True,True,True,Before disclosure
Cassandra,1.1.0,CVE-2020-17516,2021-02-03 17:15:13.123000+00:00,2021-02-01 00:00:00+00:00,3.0.24; 3.11.10,1,-2.7189018865740744,True,True,True,Before disclosure
Cassandra,1.1.0,CVE-2025-23015,2025-02-04 12:30:59+00:00,2025-01-27 10:49:02+00:00,3.0.31,1,-8.070798611111112,True,True,True,Before disclosure
Cassandra,1.1.3,CVE-2020-17516,2021-02-03 17:15:13.123000+00:00,2021-02-01 00:00:00+00:00,3.0.24; 3.11.10,1,-2.7189018865740744,True,True,True,Before disclosure
Cassandra,1.1.3,CVE-2025-23015,2025-02-04 12:30:59+00:00,2025-01-27 10:49:02+00:00,3.0.31,1,-8.070798611111112,True,True,True,Before disclosure
Cassandra,1.2.2,CVE-2015-0225,2015-04-01 00:00:00+00:00,2015-04-01 00:00:00+00:00,2.0.14,1,0.0,True,True,True,0–1 day
Cassandra,1.2.2,CVE-2020-17516,2021-02-03 17:15:13.123000+00:00,2021-02-01 00:00:00+00:00,3.0.24; 3.11.10,1,-2.7189018865740744,True,True,True,Before disclosure
Cassandra,1.2.2,CVE-2025-23015,2025-02-04 12:30:59+00:00,2025-01-27 10:49:02+00:00,3.0.31,1,-8.070798611111112,True,True,True,Before disclosure
Cassandra,2.0.2,CVE-2015-0225,2015-04-01 00:00:00+00:00,2015-04-01 00:00:00+00:00,2.0.14,1,0.0,True,True,True,0–1 day
Cassandra,2.0.2,CVE-2020-17516,2021-02-03 17:15:13.123000+00:00,2021-02-01 00:00:00+00:00,3.0.24; 3.11.10,1,-2.7189018865740744,True,True,True,Before disclosure
Cassandra,2.0.2,CVE-2025-23015,2025-02-04 12:30:59+00:00,2025-01-27 10:49:02+00:00,3.0.31,1,-8.070798611111112,True,True,True,Before disclosure
Cassandra,3.4,CVE-2020-13946,2020-09-01 21:15:11.833000+00:00,2020-08-28 13:18:20+00:00,3.11.8,1,-4.331155474537037,True,True,True,Before disclosure
Couchbase,1.5.8,CVE-2019-20444,2020-01-29 21:15:11.047000+00:00,2020-01-29 00:00:00+00:00,,1,-0.885544525462963,True,True,False,Before disclosure
Couchbase,1.5.8,CVE-2019-20445,2020-01-29 21:15:11.110000+00:00,2020-01-29 00:00:00+00:00,,1,-0.8855452546296296,True,True,False,Before disclosure
Couchbase,1.5.8,CVE-2020-11612,2020-04-07 18:15:13.697000+00:00,2020-01-31 00:00:00+00:00,4.1.46,1,-67.76057519675926,True,True,True,Before disclosure
Couchbase,1.7.23,CVE-2020-9040,2020-06-08 16:15:10.273000+00:00,2018-09-01 00:00:00+00:00,2.7.11,1,-646.6772022337963,True,True,True,Before disclosure
Couchbase,1.7.24,CVE-2020-9040,2020-06-08 16:15:10.273000+00:00,2018-09-01 00:00:00+00:00,2.7.11,1,-646.6772022337963,True,True,True,Before disclosure
H2,1.1.119,CVE-2018-14335,2018-07-24 13:29:00.603000+00:00,2019-02-22 14:41:59+00:00,1.4.198,1,213.0506758912037,True,True,True,181–365 days
H2,1.1.119,CVE-2021-42392,2022-01-06 23:55:09+00:00,2022-01-04 20:53:00+00:00,2.0.206,1,-2.1264930555555557,True,True,True,Before disclosure
H2,1.1.119,CVE-2022-23221,2022-01-21 23:07:39+00:00,2022-01-17 16:18:52+00:00,2.1.210,1,-4.283877314814815,True,True,True,Before disclosure
H2,1.2.125,CVE-2018-14335,2018-07-24 13:29:00.603000+00:00,2019-02-22 14:41:59+00:00,1.4.198,1,213.0506758912037,True,True,True,181–365 days
H2,1.2.125,CVE-2021-42392,2022-01-06 23:55:09+00:00,2022-01-04 20:53:00+00:00,2.0.206,1,-2.1264930555555557,True,True,True,Before disclosure
H2,1.2.125,CVE-2022-23221,2022-01-21 23:07:39+00:00,2022-01-17 16:18:52+00:00,2.1.210,1,-4.283877314814815,True,True,True,Before disclosure
H2,1.2.128,CVE-2018-14335,2018-07-24 13:29:00.603000+00:00,2019-02-22 14:41:59+00:00,1.4.198,1,213.0506758912037,True,True,True,181–365 days
H2,1.2.128,CVE-2021-42392,2022-01-06 23:55:09+00:00,2022-01-04 20:53:00+00:00,2.0.206,1,-2.1264930555555557,True,True,True,Before disclosure
H2,1.2.128,CVE-2022-23221,2022-01-21 23:07:39+00:00,2022-01-17 16:18:52+00:00,2.1.210,1,-4.283877314814815,True,True,True,Before disclosure
H2,1.2.132,CVE-2018-14335,2018-07-24 13:29:00.603000+00:00,2019-02-22 14:41:59+00:00,1.4.198,3,213.0506758912037,True,True,True,181–365 days
H2,1.2.132,CVE-2021-42392,2022-01-06 23:55:09+00:00,2022-01-04 20:53:00+00:00,2.0.206,3,-2.1264930555555557,True,True,True,Before disclosure
H2,1.2.132,CVE-2022-23221,2022-01-21 23:07:39+00:00,2022-01-17 16:18:52+00:00,2.1.210,3,-4.283877314814815,True,True,True,Before disclosure
H2,1.3.149,CVE-2018-14335,2018-07-24 13:29:00.603000+00:00,2019-02-22 14:41:59+00:00,1.4.198,1,213.0506758912037,True,True,True,181–365 days
H2,1.3.149,CVE-2021-42392,2022-01-06 23:55:09+00:00,2022-01-04 20:53:00+00:00,2.0.206,1,-2.1264930555555557,True,True,True,Before disclosure
H2,1.3.149,CVE-2022-23221,2022-01-21 23:07:39+00:00,2022-01-17 16:18:52+00:00,2.1.210,1,-4.283877314814815,True,True,True,Before disclosure
H2,1.3.151,CVE-2018-14335,2018-07-24 13:29:00.603000+00:00,2019-02-22 14:41:59+00:00,1.4.198,1,213.0506758912037,True,True,True,181–365 days
H2,1.3.151,CVE-2021-42392,2022-01-06 23:55:09+00:00,2022-01-04 20:53:00+00:00,2.0.206,1,-2.1264930555555557,True,True,True,Before disclosure
H2,1.3.151,CVE-2022-23221,2022-01-21 23:07:39+00:00,2022-01-17 16:18:52+00:00,2.1.210,1,-4.283877314814815,True,True,True,Before disclosure
H2,1.3.153,CVE-2018-14335,2018-07-24 13:29:00.603000+00:00,2019-02-22 14:41:59+00:00,1.4.198,1,213.0506758912037,True,True,True,181–365 days
H2,1.3.153,CVE-2021-42392,2022-01-06 23:55:09+00:00,2022-01-04 20:53:00+00:00,2.0.206,1,-2.1264930555555557,True,True,True,Before disclosure
H2,1.3.153,CVE-2022-23221,2022-01-21 23:07:39+00:00,2022-01-17 16:18:52+00:00,2.1.210,1,-4.283877314814815,True,True,True,Before disclosure
H2,1.3.154,CVE-2018-14335,2018-07-24 13:29:00.603000+00:00,2019-02-22 14:41:59+00:00,1.4.198,1,213.0506758912037,True,True,True,181–365 days
H2,1.3.154,CVE-2021-42392,2022-01-06 23:55:09+00:00,2022-01-04 20:53:00+00:00,2.0.206,1,-2.1264930555555557,True,True,True,Before disclosure
H2,1.3.154,CVE-2022-23221,2022-01-21 23:07:39+00:00,2022-01-17 16:18:52+00:00,2.1.210,1,-4.283877314814815,True,True,True,Before disclosure
H2,1.3.155,CVE-2018-14335,2018-07-24 13:29:00.603000+00:00,2019-02-22 14:41:59+00:00,1.4.198,1,213.0506758912037,True,True,True,181–365 days
H2,1.3.155,CVE-2021-42392,2022-01-06 23:55:09+00:00,2022-01-04 20:53:00+00:00,2.0.206,1,-2.1264930555555557,True,True,True,Before disclosure
H2,1.3.155,CVE-2022-23221,2022-01-21 23:07:39+00:00,2022-01-17 16:18:52+00:00,2.1.210,1,-4.283877314814815,True,True,True,Before disclosure
H2,1.3.158,CVE-2018-14335,2018-07-24 13:29:00.603000+00:00,2019-02-22 14:41:59+00:00,1.4.198,2,213.0506758912037,True,True,True,181–365 days
H2,1.3.158,CVE-2021-42392,2022-01-06 23:55:09+00:00,2022-01-04 20:53:00+00:00,2.0.206,2,-2.1264930555555557,True,True,True,Before disclosure
H2,1.3.158,CVE-2022-23221,2022-01-21 23:07:39+00:00,2022-01-17 16:18:52+00:00,2.1.210,2,-4.283877314814815,True,True,True,Before disclosure
H2,1.3.167,CVE-2018-14335,2018-07-24 13:29:00.603000+00:00,2019-02-22 14:41:59+00:00,1.4.198,1,213.0506758912037,True,True,True,181–365 days
H2,1.3.167,CVE-2021-42392,2022-01-06 23:55:09+00:00,2022-01-04 20:53:00+00:00,2.0.206,1,-2.1264930555555557,True,True,True,Before disclosure
H2,1.3.167,CVE-2022-23221,2022-01-21 23:07:39+00:00,2022-01-17 16:18:52+00:00,2.1.210,1,-4.283877314814815,True,True,True,Before disclosure
H2,1.3.168,CVE-2018-14335,2018-07-24 13:29:00.603000+00:00,2019-02-22 14:41:59+00:00,1.4.198,3,213.0506758912037,True,True,True,181–365 days
H2,1.3.168,CVE-2021-42392,2022-01-06 23:55:09+00:00,2022-01-04 20:53:00+00:00,2.0.206,3,-2.1264930555555557,True,True,True,Before disclosure
H2,1.3.168,CVE-2022-23221,2022-01-21 23:07:39+00:00,2022-01-17 16:18:52+00:00,2.1.210,3,-4.283877314814815,True,True,True,Before disclosure
H2,1.3.170,CVE-2018-14335,2018-07-24 13:29:00.603000+00:00,2019-02-22 14:41:59+00:00,1.4.198,3,213.0506758912037,True,True,True,181–365 days
H2,1.3.170,CVE-2021-42392,2022-01-06 23:55:09+00:00,2022-01-04 20:53:00+00:00,2.0.206,3,-2.1264930555555557,True,True,True,Before disclosure
H2,1.3.170,CVE-2022-23221,2022-01-21 23:07:39+00:00,2022-01-17 16:18:52+00:00,2.1.210,3,-4.283877314814815,True,True,True,Before disclosure
H2,1.3.171,CVE-2018-14335,2018-07-24 13:29:00.603000+00:00,2019-02-22 14:41:59+00:00,1.4.198,2,213.0506758912037,True,True,True,181–365 days
H2,1.3.171,CVE-2021-42392,2022-01-06 23:55:09+00:00,2022-01-04 20:53:00+00:00,2.0.206,2,-2.1264930555555557,True,True,True,Before disclosure
H2,1.3.171,CVE-2022-23221,2022-01-21 23:07:39+00:00,2022-01-17 16:18:52+00:00,2.1.210,2,-4.283877314814815,True,True,True,Before disclosure
H2,1.3.172,CVE-2018-14335,2018-07-24 13:29:00.603000+00:00,2019-02-22 14:41:59+00:00,1.4.198,2,213.0506758912037,True,True,True,181–365 days
H2,1.3.172,CVE-2021-42392,2022-01-06 23:55:09+00:00,2022-01-04 20:53:00+00:00,2.0.206,2,-2.1264930555555557,True,True,True,Before disclosure
H2,1.3.172,CVE-2022-23221,2022-01-21 23:07:39+00:00,2022-01-17 16:18:52+00:00,2.1.210,2,-4.283877314814815,True,True,True,Before disclosure
H2,1.3.173,CVE-2018-14335,2018-07-24 13:29:00.603000+00:00,2019-02-22 14:41:59+00:00,1.4.198,1,213.0506758912037,True,True,True,181–365 days
H2,1.3.173,CVE-2021-42392,2022-01-06 23:55:09+00:00,2022-01-04 20:53:00+00:00,2.0.206,1,-2.1264930555555557,True,True,True,Before disclosure
H2,1.3.173,CVE-2022-23221,2022-01-21 23:07:39+00:00,2022-01-17 16:18:52+00:00,2.1.210,1,-4.283877314814815,True,True,True,Before disclosure
H2,1.3.175,CVE-2018-14335,2018-07-24 13:29:00.603000+00:00,2019-02-22 14:41:59+00:00,1.4.198,2,213.0506758912037,True,True,True,181–365 days
H2,1.3.175,CVE-2021-42392,2022-01-06 23:55:09+00:00,2022-01-04 20:53:00+00:00,2.0.206,2,-2.1264930555555557,True,True,True,Before disclosure
H2,1.3.175,CVE-2022-23221,2022-01-21 23:07:39+00:00,2022-01-17 16:18:52+00:00,2.1.210,2,-4.283877314814815,True,True,True,Before disclosure
H2,1.3.176,CVE-2018-14335,2018-07-24 13:29:00.603000+00:00,2019-02-22 14:41:59+00:00,1.4.198,3,213.0506758912037,True,True,True,181–365 days
H2,1.3.176,CVE-2021-42392,2022-01-06 23:55:09+00:00,2022-01-04 20:53:00+00:00,2.0.206,3,-2.1264930555555557,True,True,True,Before disclosure
H2,1.3.176,CVE-2022-23221,2022-01-21 23:07:39+00:00,2022-01-17 16:18:52+00:00,2.1.210,3,-4.283877314814815,True,True,True,Before disclosure
H2,1.4.177,CVE-2018-14335,2018-07-24 13:29:00.603000+00:00,2019-02-22 14:41:59+00:00,1.4.198,1,213.0506758912037,True,True,True,181–365 days
H2,1.4.177,CVE-2021-42392,2022-01-06 23:55:09+00:00,2022-01-04 20:53:00+00:00,2.0.206,1,-2.1264930555555557,True,True,True,Before disclosure
H2,1.4.177,CVE-2022-23221,2022-01-21 23:07:39+00:00,2022-01-17 16:18:52+00:00,2.1.210,1,-4.283877314814815,True,True,True,Before disclosure
H2,1.4.178,CVE-2018-14335,2018-07-24 13:29:00.603000+00:00,2019-02-22 14:41:59+00:00,1.4.198,1,213.0506758912037,True,True,True,181–365 days
H2,1.4.178,CVE-2021-42392,2022-01-06 23:55:09+00:00,2022-01-04 20:53:00+00:00,2.0.206,1,-2.1264930555555557,True,True,True,Before disclosure
H2,1.4.178,CVE-2022-23221,2022-01-21 23:07:39+00:00,2022-01-17 16:18:52+00:00,2.1.210,1,-4.283877314814815,True,True,True,Before disclosure
H2,1.4.179,CVE-2018-14335,2018-07-24 13:29:00.603000+00:00,2019-02-22 14:41:59+00:00,1.4.198,1,213.0506758912037,True,True,True,181–365 days
H2,1.4.179,CVE-2021-42392,2022-01-06 23:55:09+00:00,2022-01-04 20:53:00+00:00,2.0.206,1,-2.1264930555555557,True,True,True,Before disclosure
H2,1.4.179,CVE-2022-23221,2022-01-21 23:07:39+00:00,2022-01-17 16:18:52+00:00,2.1.210,1,-4.283877314814815,True,True,True,Before disclosure
H2,1.4.180,CVE-2018-14335,2018-07-24 13:29:00.603000+00:00,2019-02-22 14:41:59+00:00,1.4.198,1,213.0506758912037,True,True,True,181–365 days
H2,1.4.180,CVE-2021-42392,2022-01-06 23:55:09+00:00,2022-01-04 20:53:00+00:00,2.0.206,1,-2.1264930555555557,True,True,True,Before disclosure
H2,1.4.180,CVE-2022-23221,2022-01-21 23:07:39+00:00,2022-01-17 16:18:52+00:00,2.1.210,1,-4.283877314814815,True,True,True,Before disclosure
H2,1.4.181,CVE-2018-14335,2018-07-24 13:29:00.603000+00:00,2019-02-22 14:41:59+00:00,1.4.198,3,213.0506758912037,True,True,True,181–365 days
H2,1.4.181,CVE-2021-42392,2022-01-06 23:55:09+00:00,2022-01-04 20:53:00+00:00,2.0.206,3,-2.1264930555555557,True,True,True,Before disclosure
H2,1.4.181,CVE-2022-23221,2022-01-21 23:07:39+00:00,2022-01-17 16:18:52+00:00,2.1.210,3,-4.283877314814815,True,True,True,Before disclosure
H2,1.4.182,CVE-2018-14335,2018-07-24 13:29:00.603000+00:00,2019-02-22 14:41:59+00:00,1.4.198,4,213.0506758912037,True,True,True,181–365 days
H2,1.4.182,CVE-2021-42392,2022-01-06 23:55:09+00:00,2022-01-04 20:53:00+00:00,2.0.206,4,-2.1264930555555557,True,True,True,Before disclosure
H2,1.4.182,CVE-2022-23221,2022-01-21 23:07:39+00:00,2022-01-17 16:18:52+00:00,2.1.210,4,-4.283877314814815,True,True,True,Before disclosure
H2,1.4.183,CVE-2018-14335,2018-07-24 13:29:00.603000+00:00,2019-02-22 14:41:59+00:00,1.4.198,1,213.0506758912037,True,True,True,181–365 days
H2,1.4.183,CVE-2021-42392,2022-01-06 23:55:09+00:00,2022-01-04 20:53:00+00:00,2.0.206,1,-2.1264930555555557,True,True,True,Before disclosure
H2,1.4.183,CVE-2022-23221,2022-01-21 23:07:39+00:00,2022-01-17 16:18:52+00:00,2.1.210,1,-4.283877314814815,True,True,True,Before disclosure
H2,1.4.184,CVE-2018-14335,2018-07-24 13:29:00.603000+00:00,2019-02-22 14:41:59+00:00,1.4.198,2,213.0506758912037,True,True,True,181–365 days
H2,1.4.184,CVE-2021-42392,2022-01-06 23:55:09+00:00,2022-01-04 20:53:00+00:00,2.0.206,2,-2.1264930555555557,True,True,True,Before disclosure
H2,1.4.184,CVE-2022-23221,2022-01-21 23:07:39+00:00,2022-01-17 16:18:52+00:00,2.1.210,2,-4.283877314814815,True,True,True,Before disclosure
H2,1.4.185,CVE-2018-14335,2018-07-24 13:29:00.603000+00:00,2019-02-22 14:41:59+00:00,1.4.198,2,213.0506758912037,True,True,True,181–365 days
H2,1.4.185,CVE-2021-42392,2022-01-06 23:55:09+00:00,2022-01-04 20:53:00+00:00,2.0.206,2,-2.1264930555555557,True,True,True,Before disclosure
H2,1.4.185,CVE-2022-23221,2022-01-21 23:07:39+00:00,2022-01-17 16:18:52+00:00,2.1.210,2,-4.283877314814815,True,True,True,Before disclosure
H2,1.4.186,CVE-2018-14335,2018-07-24 13:29:00.603000+00:00,2019-02-22 14:41:59+00:00,1.4.198,2,213.0506758912037,True,True,True,181–365 days
H2,1.4.186,CVE-2021-42392,2022-01-06 23:55:09+00:00,2022-01-04 20:53:00+00:00,2.0.206,2,-2.1264930555555557,True,True,True,Before disclosure
H2,1.4.186,CVE-2022-23221,2022-01-21 23:07:39+00:00,2022-01-17 16:18:52+00:00,2.1.210,2,-4.283877314814815,True,True,True,Before disclosure
H2,1.4.187,CVE-2018-14335,2018-07-24 13:29:00.603000+00:00,2019-02-22 14:41:59+00:00,1.4.198,3,213.0506758912037,True,True,True,181–365 days
H2,1.4.187,CVE-2021-42392,2022-01-06 23:55:09+00:00,2022-01-04 20:53:00+00:00,2.0.206,3,-2.1264930555555557,True,True,True,Before disclosure
H2,1.4.187,CVE-2022-23221,2022-01-21 23:07:39+00:00,2022-01-17 16:18:52+00:00,2.1.210,3,-4.283877314814815,True,True,True,Before disclosure
H2,1.4.188,CVE-2018-14335,2018-07-24 13:29:00.603000+00:00,2019-02-22 14:41:59+00:00,1.4.198,1,213.0506758912037,True,True,True,181–365 days
H2,1.4.188,CVE-2021-42392,2022-01-06 23:55:09+00:00,2022-01-04 20:53:00+00:00,2.0.206,1,-2.1264930555555557,True,True,True,Before disclosure
H2,1.4.188,CVE-2022-23221,2022-01-21 23:07:39+00:00,2022-01-17 16:18:52+00:00,2.1.210,1,-4.283877314814815,True,True,True,Before disclosure
H2,1.4.189,CVE-2018-14335,2018-07-24 13:29:00.603000+00:00,2019-02-22 14:41:59+00:00,1.4.198,1,213.0506758912037,True,True,True,181–365 days
H2,1.4.189,CVE-2021-42392,2022-01-06 23:55:09+00:00,2022-01-04 20:53:00+00:00,2.0.206,1,-2.1264930555555557,True,True,True,Before disclosure
H2,1.4.189,CVE-2022-23221,2022-01-21 23:07:39+00:00,2022-01-17 16:18:52+00:00,2.1.210,1,-4.283877314814815,True,True,True,Before disclosure
H2,1.4.190,CVE-2018-14335,2018-07-24 13:29:00.603000+00:00,2019-02-22 14:41:59+00:00,1.4.198,3,213.0506758912037,True,True,True,181–365 days
H2,1.4.190,CVE-2021-42392,2022-01-06 23:55:09+00:00,2022-01-04 20:53:00+00:00,2.0.206,3,-2.1264930555555557,True,True,True,Before disclosure
H2,1.4.190,CVE-2022-23221,2022-01-21 23:07:39+00:00,2022-01-17 16:18:52+00:00,2.1.210,3,-4.283877314814815,True,True,True,Before disclosure
H2,1.4.191,CVE-2018-14335,2018-07-24 13:29:00.603000+00:00,2019-02-22 14:41:59+00:00,1.4.198,3,213.0506758912037,True,True,True,181–365 days
H2,1.4.191,CVE-2021-42392,2022-01-06 23:55:09+00:00,2022-01-04 20:53:00+00:00,2.0.206,3,-2.1264930555555557,True,True,True,Before disclosure
H2,1.4.191,CVE-2022-23221,2022-01-21 23:07:39+00:00,2022-01-17 16:18:52+00:00,2.1.210,3,-4.283877314814815,True,True,True,Before disclosure
H2,1.4.192,CVE-2018-14335,2018-07-24 13:29:00.603000+00:00,2019-02-22 14:41:59+00:00,1.4.198,6,213.0506758912037,True,True,True,181–365 days
H2,1.4.192,CVE-2021-42392,2022-01-06 23:55:09+00:00,2022-01-04 20:53:00+00:00,2.0.206,6,-2.1264930555555557,True,True,True,Before disclosure
H2,1.4.192,CVE-2022-23221,2022-01-21 23:07:39+00:00,2022-01-17 16:18:52+00:00,2.1.210,6,-4.283877314814815,True,True,True,Before disclosure
H2,1.4.193,CVE-2018-14335,2018-07-24 13:29:00.603000+00:00,2019-02-22 14:41:59+00:00,1.4.198,5,213.0506758912037,True,True,True,181–365 days
H2,1.4.193,CVE-2021-42392,2022-01-06 23:55:09+00:00,2022-01-04 20:53:00+00:00,2.0.206,5,-2.1264930555555557,True,True,True,Before disclosure
H2,1.4.193,CVE-2022-23221,2022-01-21 23:07:39+00:00,2022-01-17 16:18:52+00:00,2.1.210,5,-4.283877314814815,True,True,True,Before disclosure
H2,1.4.194,CVE-2018-14335,2018-07-24 13:29:00.603000+00:00,2019-02-22 14:41:59+00:00,1.4.198,2,213.0506758912037,True,True,True,181–365 days
H2,1.4.194,CVE-2021-42392,2022-01-06 23:55:09+00:00,2022-01-04 20:53:00+00:00,2.0.206,2,-2.1264930555555557,True,True,True,Before disclosure
H2,1.4.194,CVE-2022-23221,2022-01-21 23:07:39+00:00,2022-01-17 16:18:52+00:00,2.1.210,2,-4.283877314814815,True,True,True,Before disclosure
H2,1.4.195,CVE-2018-14335,2018-07-24 13:29:00.603000+00:00,2019-02-22 14:41:59+00:00,1.4.198,1,213.0506758912037,True,True,True,181–365 days
H2,1.4.195,CVE-2021-42392,2022-01-06 23:55:09+00:00,2022-01-04 20:53:00+00:00,2.0.206,1,-2.1264930555555557,True,True,True,Before disclosure
H2,1.4.195,CVE-2022-23221,2022-01-21 23:07:39+00:00,2022-01-17 16:18:52+00:00,2.1.210,1,-4.283877314814815,True,True,True,Before disclosure
H2,1.4.196,CVE-2018-14335,2018-07-24 13:29:00.603000+00:00,2019-02-22 14:41:59+00:00,1.4.198,10,213.0506758912037,True,True,True,181–365 days
H2,1.4.196,CVE-2021-42392,2022-01-06 23:55:09+00:00,2022-01-04 20:53:00+00:00,2.0.206,10,-2.1264930555555557,True,True,True,Before disclosure
H2,1.4.196,CVE-2022-23221,2022-01-21 23:07:39+00:00,2022-01-17 16:18:52+00:00,2.1.210,10,-4.283877314814815,True,True,True,Before disclosure
H2,1.4.197,CVE-2018-14335,2018-07-24 13:29:00.603000+00:00,2019-02-22 14:41:59+00:00,1.4.198,10,213.0506758912037,True,True,True,181–365 days
H2,1.4.197,CVE-2021-42392,2022-01-06 23:55:09+00:00,2022-01-04 20:53:00+00:00,2.0.206,10,-2.1264930555555557,True,True,True,Before disclosure
H2,1.4.197,CVE-2022-23221,2022-01-21 23:07:39+00:00,2022-01-17 16:18:52+00:00,2.1.210,10,-4.283877314814815,True,True,True,Before disclosure
H2,1.4.199,CVE-2018-14335,2018-07-24 13:29:00.603000+00:00,2019-02-22 14:41:59+00:00,,7,213.0506758912037,True,True,False,181–365 days
H2,1.4.199,CVE-2021-23463,2021-12-16 14:29:57+00:00,2021-11-29 11:00:04+00:00,2.0.202,7,-17.145752314814814,True,True,True,Before disclosure
H2,1.4.199,CVE-2021-42392,2022-01-06 23:55:09+00:00,2022-01-04 20:53:00+00:00,2.0.206,7,-2.1264930555555557,True,True,True,Before disclosure
H2,1.4.199,CVE-2022-23221,2022-01-21 23:07:39+00:00,2022-01-17 16:18:52+00:00,2.1.210,7,-4.283877314814815,True,True,True,Before disclosure
H2,1.4.199,CVE-2022-45868,2022-11-23 21:30:31+00:00,2023-07-05 14:57:30+00:00,2.2.220,7,223.72707175925925,True,True,True,181–365 days
H2,1.4.200,CVE-2018-14335,2018-07-24 13:29:00.603000+00:00,2019-02-22 14:41:59+00:00,,15,213.0506758912037,True,True,False,181–365 days
H2,1.4.200,CVE-2021-23463,2021-12-16 14:29:57+00:00,2021-11-29 11:00:04+00:00,2.0.202,15,-17.145752314814814,True,True,True,Before disclosure
H2,1.4.200,CVE-2021-42392,2022-01-06 23:55:09+00:00,2022-01-04 20:53:00+00:00,2.0.206,15,-2.1264930555555557,True,True,True,Before disclosure
H2,1.4.200,CVE-2022-23221,2022-01-21 23:07:39+00:00,2022-01-17 16:18:52+00:00,2.1.210,15,-4.283877314814815,True,True,True,Before disclosure
H2,1.4.200,CVE-2022-45868,2022-11-23 21:30:31+00:00,2023-07-05 14:57:30+00:00,2.2.220,15,223.72707175925925,True,True,True,181–365 days
H2,2.0.202,CVE-2018-14335,2018-07-24 13:29:00.603000+00:00,2019-02-22 14:41:59+00:00,,3,213.0506758912037,True,True,False,181–365 days
H2,2.0.202,CVE-2021-42392,2022-01-06 23:55:09+00:00,2022-01-04 20:53:00+00:00,2.0.206,3,-2.1264930555555557,True,True,True,Before disclosure
H2,2.0.202,CVE-2022-23221,2022-01-21 23:07:39+00:00,2022-01-17 16:18:52+00:00,2.1.210,3,-4.283877314814815,True,True,True,Before disclosure
H2,2.0.202,CVE-2022-45868,2022-11-23 21:30:31+00:00,2023-07-05 14:57:30+00:00,2.2.220,3,223.72707175925925,True,True,True,181–365 days
H2,2.0.204,CVE-2018-14335,2018-07-24 13:29:00.603000+00:00,2019-02-22 14:41:59+00:00,,1,213.0506758912037,True,True,False,181–365 days
H2,2.0.204,CVE-2021-42392,2022-01-06 23:55:09+00:00,2022-01-04 20:53:00+00:00,2.0.206,1,-2.1264930555555557,True,True,True,Before disclosure
H2,2.0.204,CVE-2022-23221,2022-01-21 23:07:39+00:00,2022-01-17 16:18:52+00:00,2.1.210,1,-4.283877314814815,True,True,True,Before disclosure
H2,2.0.204,CVE-2022-45868,2022-11-23 21:30:31+00:00,2023-07-05 14:57:30+00:00,2.2.220,1,223.72707175925925,True,True,True,181–365 days
H2,2.0.206,CVE-2018-14335,2018-07-24 13:29:00.603000+00:00,2019-02-22 14:41:59+00:00,,6,213.0506758912037,True,True,False,181–365 days
H2,2.0.206,CVE-2022-23221,2022-01-21 23:07:39+00:00,2022-01-17 16:18:52+00:00,2.1.210,6,-4.283877314814815,True,True,True,Before disclosure
H2,2.0.206,CVE-2022-45868,2022-11-23 21:30:31+00:00,2023-07-05 14:57:30+00:00,2.2.220,6,223.72707175925925,True,True,True,181–365 days
H2,2.1.210,CVE-2018-14335,2018-07-24 13:29:00.603000+00:00,2019-02-22 14:41:59+00:00,,10,213.0506758912037,True,True,False,181–365 days
H2,2.1.210,CVE-2022-45868,2022-11-23 21:30:31+00:00,2023-07-05 14:57:30+00:00,2.2.220,10,223.72707175925925,True,True,True,181–365 days
H2,2.1.212,CVE-2018-14335,2018-07-24 13:29:00.603000+00:00,2019-02-22 14:41:59+00:00,,8,213.0506758912037,True,True,False,181–365 days
H2,2.1.212,CVE-2022-45868,2022-11-23 21:30:31+00:00,2023-07-05 14:57:30+00:00,2.2.220,8,223.72707175925925,True,True,True,181–365 days
H2,2.1.214,CVE-2018-14335,2018-07-24 13:29:00.603000+00:00,2019-02-22 14:41:59+00:00,,21,213.0506758912037,True,True,False,181–365 days
H2,2.1.214,CVE-2022-45868,2022-11-23 21:30:31+00:00,2023-07-05 14:57:30+00:00,2.2.220,21,223.72707175925925,True,True,True,181–365 days
H2,2.2.220,CVE-2018-14335,2018-07-24 13:29:00.603000+00:00,2019-02-22 14:41:59+00:00,,14,213.0506758912037,True,True,False,181–365 days
H2,2.2.222,CVE-2018-14335,2018-07-24 13:29:00.603000+00:00,2019-02-22 14:41:59+00:00,,3,213.0506758912037,True,True,False,181–365 days
H2,2.2.224,CVE-2018-14335,2018-07-24 13:29:00.603000+00:00,2019-02-22 14:41:59+00:00,,16,213.0506758912037,True,True,False,181–365 days
H2,2.3.230,CVE-2018-14335,2018-07-24 13:29:00.603000+00:00,2019-02-22 14:41:59+00:00,,3,213.0506758912037,True,True,False,181–365 days
H2,2.3.232,CVE-2018-14335,2018-07-24 13:29:00.603000+00:00,2019-02-22 14:41:59+00:00,,13,213.0506758912037,True,True,False,181–365 days
H2,2.4.240,CVE-2018-14335,2018-07-24 13:29:00.603000+00:00,2019-02-22 14:41:59+00:00,,8,213.0506758912037,True,True,False,181–365 days
HBase,0.98.6-cdh5.3.5,CVE-2015-1836,2015-12-21 11:59:01.140000+00:00,2015-05-21 17:42:00+00:00,0.98.12.1,1,-213.76181875,True,True,True,Before disclosure
Hazelcast,1.9.2,CVE-2016-10750,2022-05-24 16:46:09+00:00,2018-10-23 13:23:32+00:00,3.11,1,-1309.1407060185186,True,True,True,Before disclosure
Hazelcast,1.9.2,CVE-2023-33265,2023-07-19 22:08:40+00:00,2023-06-28 13:25:25+00:00,5.0.5,1,-21.363368055555554,True,True,True,Before disclosure
Hazelcast,1.9.2,CVE-2023-45860,2024-02-16 23:14:45+00:00,2024-02-23 13:37:44+00:00,5.2.5,1,6.599293981481481,True,True,True,2–30 days
Hazelcast,2.5,CVE-2016-10750,2022-05-24 16:46:09+00:00,2018-10-23 13:23:32+00:00,3.11,1,-1309.1407060185186,True,True,True,Before disclosure
Hazelcast,2.5,CVE-2023-33265,2023-07-19 22:08:40+00:00,2023-06-28 13:25:25+00:00,5.0.5,1,-21.363368055555554,True,True,True,Before disclosure
Hazelcast,2.5,CVE-2023-45860,2024-02-16 23:14:45+00:00,2024-02-23 13:37:44+00:00,5.2.5,1,6.599293981481481,True,True,True,2–30 days
Hazelcast,2.6.5,CVE-2016-10750,2022-05-24 16:46:09+00:00,2018-10-23 13:23:32+00:00,3.11,1,-1309.1407060185186,True,True,True,Before disclosure
Hazelcast,2.6.5,CVE-2023-33265,2023-07-19 22:08:40+00:00,2023-06-28 13:25:25+00:00,5.0.5,1,-21.363368055555554,True,True,True,Before disclosure
Hazelcast,2.6.5,CVE-2023-45860,2024-02-16 23:14:45+00:00,2024-02-23 13:37:44+00:00,5.2.5,1,6.599293981481481,True,True,True,2–30 days
Hazelcast,3.12,CVE-2023-33265,2023-07-19 22:08:40+00:00,2023-06-28 13:25:25+00:00,5.0.5,2,-21.363368055555554,True,True,True,Before disclosure
Hazelcast,3.12,CVE-2023-45860,2024-02-16 23:14:45+00:00,2024-02-23 13:37:44+00:00,5.2.5,2,6.599293981481481,True,True,True,2–30 days
Hazelcast,3.12.1,CVE-2023-33265,2023-07-19 22:08:40+00:00,2023-06-28 13:25:25+00:00,5.0.5,1,-21.363368055555554,True,True,True,Before disclosure
Hazelcast,3.12.1,CVE-2023-45860,2024-02-16 23:14:45+00:00,2024-02-23 13:37:44+00:00,5.2.5,1,6.599293981481481,True,True,True,2–30 days
Hazelcast,3.12.6,CVE-2023-33265,2023-07-19 22:08:40+00:00,2023-06-28 13:25:25+00:00,5.0.5,1,-21.363368055555554,True,True,True,Before disclosure
Hazelcast,3.12.6,CVE-2023-45860,2024-02-16 23:14:45+00:00,2024-02-23 13:37:44+00:00,5.2.5,1,6.599293981481481,True,True,True,2–30 days
Hazelcast,3.2.1,CVE-2016-10750,2022-05-24 16:46:09+00:00,2018-10-23 13:23:32+00:00,3.11,1,-1309.1407060185186,True,True,True,Before disclosure
Hazelcast,3.2.1,CVE-2023-33265,2023-07-19 22:08:40+00:00,2023-06-28 13:25:25+00:00,5.0.5,1,-21.363368055555554,True,True,True,Before disclosure
Hazelcast,3.2.1,CVE-2023-45860,2024-02-16 23:14:45+00:00,2024-02-23 13:37:44+00:00,5.2.5,1,6.599293981481481,True,True,True,2–30 days
Hazelcast,3.2.5,CVE-2016-10750,2022-05-24 16:46:09+00:00,2018-10-23 13:23:32+00:00,3.11,1,-1309.1407060185186,True,True,True,Before disclosure
Hazelcast,3.2.5,CVE-2023-33265,2023-07-19 22:08:40+00:00,2023-06-28 13:25:25+00:00,5.0.5,1,-21.363368055555554,True,True,True,Before disclosure
Hazelcast,3.2.5,CVE-2023-45860,2024-02-16 23:14:45+00:00,2024-02-23 13:37:44+00:00,5.2.5,1,6.599293981481481,True,True,True,2–30 days
Hazelcast,3.3.1,CVE-2016-10750,2022-05-24 16:46:09+00:00,2018-10-23 13:23:32+00:00,3.11,1,-1309.1407060185186,True,True,True,Before disclosure
Hazelcast,3.3.1,CVE-2023-33265,2023-07-19 22:08:40+00:00,2023-06-28 13:25:25+00:00,5.0.5,1,-21.363368055555554,True,True,True,Before disclosure
Hazelcast,3.3.1,CVE-2023-45860,2024-02-16 23:14:45+00:00,2024-02-23 13:37:44+00:00,5.2.5,1,6.599293981481481,True,True,True,2–30 days
Hazelcast,3.5,CVE-2016-10750,2022-05-24 16:46:09+00:00,2018-10-23 13:23:32+00:00,3.11,2,-1309.1407060185186,True,True,True,Before disclosure
Hazelcast,3.5,CVE-2023-33265,2023-07-19 22:08:40+00:00,2023-06-28 13:25:25+00:00,5.0.5,2,-21.363368055555554,True,True,True,Before disclosure
Hazelcast,3.5,CVE-2023-45860,2024-02-16 23:14:45+00:00,2024-02-23 13:37:44+00:00,5.2.5,2,6.599293981481481,True,True,True,2–30 days
Hazelcast,3.5.4,CVE-2016-10750,2022-05-24 16:46:09+00:00,2018-10-23 13:23:32+00:00,3.11,1,-1309.1407060185186,True,True,True,Before disclosure
Hazelcast,3.5.4,CVE-2023-33265,2023-07-19 22:08:40+00:00,2023-06-28 13:25:25+00:00,5.0.5,1,-21.363368055555554,True,True,True,Before disclosure
Hazelcast,3.5.4,CVE-2023-45860,2024-02-16 23:14:45+00:00,2024-02-23 13:37:44+00:00,5.2.5,1,6.599293981481481,True,True,True,2–30 days
Hazelcast,3.6.1,CVE-2016-10750,2022-05-24 16:46:09+00:00,2018-10-23 13:23:32+00:00,3.11,2,-1309.1407060185186,True,True,True,Before disclosure
Hazelcast,3.6.1,CVE-2023-33265,2023-07-19 22:08:40+00:00,2023-06-28 13:25:25+00:00,5.0.5,2,-21.363368055555554,True,True,True,Before disclosure
Hazelcast,3.6.1,CVE-2023-45860,2024-02-16 23:14:45+00:00,2024-02-23 13:37:44+00:00,5.2.5,2,6.599293981481481,True,True,True,2–30 days
Hazelcast,3.6.6,CVE-2016-10750,2022-05-24 16:46:09+00:00,2018-10-23 13:23:32+00:00,3.11,1,-1309.1407060185186,True,True,True,Before disclosure
Hazelcast,3.6.6,CVE-2023-33265,2023-07-19 22:08:40+00:00,2023-06-28 13:25:25+00:00,5.0.5,1,-21.363368055555554,True,True,True,Before disclosure
Hazelcast,3.6.6,CVE-2023-45860,2024-02-16 23:14:45+00:00,2024-02-23 13:37:44+00:00,5.2.5,1,6.599293981481481,True,True,True,2–30 days
Hazelcast,3.7.2,CVE-2016-10750,2022-05-24 16:46:09+00:00,2018-10-23 13:23:32+00:00,3.11,1,-1309.1407060185186,True,True,True,Before disclosure
Hazelcast,3.7.2,CVE-2023-33265,2023-07-19 22:08:40+00:00,2023-06-28 13:25:25+00:00,5.0.5,1,-21.363368055555554,True,True,True,Before disclosure
Hazelcast,3.7.2,CVE-2023-45860,2024-02-16 23:14:45+00:00,2024-02-23 13:37:44+00:00,5.2.5,1,6.599293981481481,True,True,True,2–30 days
Hazelcast,3.9.2,CVE-2016-10750,2022-05-24 16:46:09+00:00,2018-10-23 13:23:32+00:00,3.11,1,-1309.1407060185186,True,True,True,Before disclosure
Hazelcast,3.9.2,CVE-2023-33265,2023-07-19 22:08:40+00:00,2023-06-28 13:25:25+00:00,5.0.5,1,-21.363368055555554,True,True,True,Before disclosure
Hazelcast,3.9.2,CVE-2023-45860,2024-02-16 23:14:45+00:00,2024-02-23 13:37:44+00:00,5.2.5,1,6.599293981481481,True,True,True,2–30 days
Hazelcast,4.0.1,CVE-2023-33265,2023-07-19 22:08:40+00:00,2023-06-28 13:25:25+00:00,5.0.5,1,-21.363368055555554,True,True,True,Before disclosure
Hazelcast,4.0.1,CVE-2023-45860,2024-02-16 23:14:45+00:00,2024-02-23 13:37:44+00:00,5.2.5,1,6.599293981481481,True,True,True,2–30 days
Hazelcast,4.0.1,GHSA-v57x-gxfj-484q,2022-01-21 23:25:04+00:00,2021-12-21 06:56:21+00:00,4.0.5,1,-31.686608796296298,True,True,True,Before disclosure
Hazelcast,4.0.2,CVE-2022-0265,2022-03-03 00:00:00+00:00,2022-03-03 00:00:00+00:00,,1,0.0,True,True,False,0–1 day
Hazelcast,4.0.2,CVE-2023-33265,2023-07-19 22:08:40+00:00,2023-06-28 13:25:25+00:00,5.0.5,1,-21.363368055555554,True,True,True,Before disclosure
Hazelcast,4.0.2,CVE-2023-45860,2024-02-16 23:14:45+00:00,2024-02-23 13:37:44+00:00,5.2.5,1,6.599293981481481,True,True,True,2–30 days
Hazelcast,4.0.2,GHSA-v57x-gxfj-484q,2022-01-21 23:25:04+00:00,2021-12-21 06:56:21+00:00,4.0.5,1,-31.686608796296298,True,True,True,Before disclosure
Hazelcast,4.0.3,CVE-2022-0265,2022-03-03 00:00:00+00:00,2022-03-03 00:00:00+00:00,,1,0.0,True,True,False,0–1 day
Hazelcast,4.0.3,CVE-2023-33265,2023-07-19 22:08:40+00:00,2023-06-28 13:25:25+00:00,5.0.5,1,-21.363368055555554,True,True,True,Before disclosure
Hazelcast,4.0.3,CVE-2023-45860,2024-02-16 23:14:45+00:00,2024-02-23 13:37:44+00:00,5.2.5,1,6.599293981481481,True,True,True,2–30 days
Hazelcast,4.0.3,GHSA-v57x-gxfj-484q,2022-01-21 23:25:04+00:00,2021-12-21 06:56:21+00:00,4.0.5,1,-31.686608796296298,True,True,True,Before disclosure
Hazelcast,4.1-BETA-1,CVE-2022-0265,2022-03-03 00:00:00+00:00,2022-03-03 00:00:00+00:00,,1,0.0,True,True,False,0–1 day
Hazelcast,4.1-BETA-1,CVE-2022-36437,2022-12-29 23:15:09.883000+00:00,2022-12-23 00:00:00+00:00,4.1.10,1,-6.968864386574074,True,True,True,Before disclosure
Hazelcast,4.1-BETA-1,CVE-2023-33265,2023-07-19 22:08:40+00:00,2023-06-28 13:25:25+00:00,5.0.5,1,-21.363368055555554,True,True,True,Before disclosure
Hazelcast,4.1-BETA-1,CVE-2023-45860,2024-02-16 23:14:45+00:00,2024-02-23 13:37:44+00:00,5.2.5,1,6.599293981481481,True,True,True,2–30 days
Hazelcast,4.2,CVE-2023-33265,2023-07-19 22:08:40+00:00,2023-06-28 13:25:25+00:00,5.0.5,1,-21.363368055555554,True,True,True,Before disclosure
Hazelcast,4.2,CVE-2023-45860,2024-02-16 23:14:45+00:00,2024-02-23 13:37:44+00:00,5.2.5,1,6.599293981481481,True,True,True,2–30 days
Hazelcast,4.2.1,CVE-2022-0265,2022-03-03 00:00:00+00:00,2022-03-03 00:00:00+00:00,,1,0.0,True,True,False,0–1 day
Hazelcast,4.2.1,CVE-2023-33265,2023-07-19 22:08:40+00:00,2023-06-28 13:25:25+00:00,5.0.5,1,-21.363368055555554,True,True,True,Before disclosure
Hazelcast,4.2.1,CVE-2023-45860,2024-02-16 23:14:45+00:00,2024-02-23 13:37:44+00:00,5.2.5,1,6.599293981481481,True,True,True,2–30 days
Hazelcast,4.2.2,CVE-2022-0265,2022-03-03 00:00:00+00:00,2022-03-03 00:00:00+00:00,,1,0.0,True,True,False,0–1 day
Hazelcast,4.2.2,CVE-2023-33265,2023-07-19 22:08:40+00:00,2023-06-28 13:25:25+00:00,5.0.5,1,-21.363368055555554,True,True,True,Before disclosure
Hazelcast,4.2.2,CVE-2023-45860,2024-02-16 23:14:45+00:00,2024-02-23 13:37:44+00:00,5.2.5,1,6.599293981481481,True,True,True,2–30 days
Hazelcast,4.2.3,CVE-2022-0265,2022-03-03 00:00:00+00:00,2022-03-03 00:00:00+00:00,,1,0.0,True,True,False,0–1 day
Hazelcast,4.2.3,CVE-2023-33265,2023-07-19 22:08:40+00:00,2023-06-28 13:25:25+00:00,5.0.5,1,-21.363368055555554,True,True,True,Before disclosure
Hazelcast,4.2.3,CVE-2023-45860,2024-02-16 23:14:45+00:00,2024-02-23 13:37:44+00:00,5.2.5,1,6.599293981481481,True,True,True,2–30 days
Hazelcast,4.2.4,CVE-2022-0265,2022-03-03 00:00:00+00:00,2022-03-03 00:00:00+00:00,,1,0.0,True,True,False,0–1 day
Hazelcast,4.2.4,CVE-2023-33265,2023-07-19 22:08:40+00:00,2023-06-28 13:25:25+00:00,5.0.5,1,-21.363368055555554,True,True,True,Before disclosure
Hazelcast,4.2.4,CVE-2023-45860,2024-02-16 23:14:45+00:00,2024-02-23 13:37:44+00:00,5.2.5,1,6.599293981481481,True,True,True,2–30 days
Hazelcast,4.2.6,CVE-2023-33265,2023-07-19 22:08:40+00:00,2023-06-28 13:25:25+00:00,5.0.5,1,-21.363368055555554,True,True,True,Before disclosure
Hazelcast,4.2.6,CVE-2023-45860,2024-02-16 23:14:45+00:00,2024-02-23 13:37:44+00:00,5.2.5,1,6.599293981481481,True,True,True,2–30 days
Hazelcast,4.2.7,CVE-2023-33265,2023-07-19 22:08:40+00:00,2023-06-28 13:25:25+00:00,5.0.5,1,-21.363368055555554,True,True,True,Before disclosure
Hazelcast,4.2.7,CVE-2023-45860,2024-02-16 23:14:45+00:00,2024-02-23 13:37:44+00:00,5.2.5,1,6.599293981481481,True,True,True,2–30 days
Hazelcast,5.1,CVE-2022-36437,2022-12-27 14:40:39+00:00,2022-12-23 00:00:00+00:00,5.1.3,1,-4.6115625,True,True,True,Before disclosure
Hazelcast,5.1,CVE-2023-45860,2024-02-16 23:14:45+00:00,2024-02-23 13:37:44+00:00,5.2.5,1,6.599293981481481,True,True,True,2–30 days
Hazelcast,5.1.1,CVE-2022-36437,2022-12-27 14:40:39+00:00,2022-12-23 00:00:00+00:00,5.1.3,1,-4.6115625,True,True,True,Before disclosure
Hazelcast,5.1.1,CVE-2023-45860,2024-02-16 23:14:45+00:00,2024-02-23 13:37:44+00:00,5.2.5,1,6.599293981481481,True,True,True,2–30 days
Hazelcast,5.1.2,CVE-2022-36437,2022-12-27 14:40:39+00:00,2022-12-23 00:00:00+00:00,5.1.3,1,-4.6115625,True,True,True,Before disclosure
Hazelcast,5.1.2,CVE-2023-45860,2024-02-16 23:14:45+00:00,2024-02-23 13:37:44+00:00,5.2.5,1,6.599293981481481,True,True,True,2–30 days
Hazelcast,5.1.3,CVE-2023-45860,2024-02-16 23:14:45+00:00,2024-02-23 13:37:44+00:00,5.2.5,2,6.599293981481481,True,True,True,2–30 days
Hazelcast,5.3.0,CVE-2023-45859,2024-02-27 21:54:15+00:00,2023-10-24 14:31:02+00:00,5.3.5,3,-126.30778935185185,True,True,True,Before disclosure
Hazelcast,5.3.1,CVE-2023-45859,2024-02-27 21:54:15+00:00,2023-10-24 14:31:02+00:00,5.3.5,2,-126.30778935185185,True,True,True,Before disclosure
Hazelcast,5.3.2,CVE-2023-45859,2024-02-27 21:54:15+00:00,2023-10-24 14:31:02+00:00,5.3.5,3,-126.30778935185185,True,True,True,Before disclosure
Hazelcast,5.3.4,CVE-2023-45859,2024-02-27 21:54:15+00:00,2023-10-24 14:31:02+00:00,5.3.5,1,-126.30778935185185,True,True,True,Before disclosure
HyperSQL,1.8.0.10,CVE-2022-41853,2022-10-06 18:52:05+00:00,2022-10-22 14:19:43+00:00,2.7.1,1,15.810856481481482,True,True,True,2–30 days
HyperSQL,2.0.0,CVE-2022-41853,2022-10-06 18:17:07.190000+00:00,2022-10-22 14:19:43+00:00,2.7.1,2,15.835136689814815,True,True,True,2–30 days
HyperSQL,2.2.8,CVE-2022-41853,2022-10-06 18:17:07.190000+00:00,2022-10-22 14:19:43+00:00,2.7.1,1,15.835136689814815,True,True,True,2–30 days
HyperSQL,2.2.9,CVE-2022-41853,2022-10-06 18:17:07.190000+00:00,2022-10-22 14:19:43+00:00,2.7.1,4,15.835136689814815,True,True,True,2–30 days
HyperSQL,2.3.0,CVE-2022-41853,2022-10-06 18:17:07.190000+00:00,2022-10-22 14:19:43+00:00,2.7.1,1,15.835136689814815,True,True,True,2–30 days
HyperSQL,2.3.1,CVE-2022-41853,2022-10-06 18:17:07.190000+00:00,2022-10-22 14:19:43+00:00,2.7.1,2,15.835136689814815,True,True,True,2–30 days
HyperSQL,2.3.2,CVE-2022-41853,2022-10-06 18:17:07.190000+00:00,2022-10-22 14:19:43+00:00,2.7.1,1,15.835136689814815,True,True,True,2–30 days
HyperSQL,2.3.3,CVE-2022-41853,2022-10-06 18:17:07.190000+00:00,2022-10-22 14:19:43+00:00,2.7.1,2,15.835136689814815,True,True,True,2–30 days
HyperSQL,2.3.4,CVE-2022-41853,2022-10-06 18:17:07.190000+00:00,2022-10-22 14:19:43+00:00,2.7.1,7,15.835136689814815,True,True,True,2–30 days
HyperSQL,2.4.0,CVE-2022-41853,2022-10-06 18:17:07.190000+00:00,2022-10-22 14:19:43+00:00,2.7.1,4,15.835136689814815,True,True,True,2–30 days
HyperSQL,2.4.1,CVE-2022-41853,2022-10-06 18:17:07.190000+00:00,2022-10-22 14:19:43+00:00,2.7.1,4,15.835136689814815,True,True,True,2–30 days
HyperSQL,2.5.0,CVE-2022-41853,2022-10-06 18:17:07.190000+00:00,2022-10-22 14:19:43+00:00,2.7.1,4,15.835136689814815,True,True,True,2–30 days
HyperSQL,2.5.1,CVE-2022-41853,2022-10-06 18:17:07.190000+00:00,2022-10-22 14:19:43+00:00,2.7.1,3,15.835136689814815,True,True,True,2–30 days
HyperSQL,2.5.2,CVE-2022-41853,2022-10-06 18:17:07.190000+00:00,2022-10-22 14:19:43+00:00,2.7.1,3,15.835136689814815,True,True,True,2–30 days
HyperSQL,2.6.0,CVE-2022-41853,2022-10-06 18:17:07.190000+00:00,2022-10-22 14:19:43+00:00,2.7.1,3,15.835136689814815,True,True,True,2–30 days
HyperSQL,2.6.1,CVE-2022-41853,2022-10-06 18:17:07.190000+00:00,2022-10-22 14:19:43+00:00,2.7.1,3,15.835136689814815,True,True,True,2–30 days
Ignite,1.6.0,CVE-2016-6805,2018-10-16 20:53:31+00:00,2017-04-07 00:00:00+00:00,1.9,1,-557.8704976851852,True,True,True,Before disclosure
Ignite,1.6.0,CVE-2017-7686,2017-06-28 00:00:00+00:00,2017-07-27 00:00:00+00:00,2.1.0,1,29.0,True,True,True,2–30 days
Ignite,1.6.0,CVE-2018-1295,2018-10-16 20:53:44+00:00,2018-04-01 00:00:00+00:00,2.4,1,-198.87064814814815,True,True,True,Before disclosure
Ignite,1.6.0,CVE-2018-8018,2018-10-16 20:53:54+00:00,2018-07-19 00:00:00+00:00,2.6,1,-89.8707638888889,True,True,True,Before disclosure
Ignite,1.6.0,CVE-2020-1963,2020-06-05 16:11:02+00:00,2020-05-22 06:36:23+00:00,2.8.1,1,-14.3990625,True,True,True,Before disclosure
Ignite,2.13.0,CVE-2024-52577,2025-02-14 10:15:09.557000+00:00,2025-02-09 17:33:46+00:00,2.17.0,1,-4.695411539351852,True,True,True,Before disclosure
Ignite,2.9.0,CVE-2024-52577,2025-02-14 10:15:09.557000+00:00,2025-02-09 17:33:46+00:00,2.17.0,1,-4.695411539351852,True,True,True,Before disclosure
MSSQL/MicrosoftAzure,10.2.0.jre8,CVE-2025-59250,2025-10-14 18:30:35+00:00,2025-10-13 00:00:00+00:00,13.2.1,3,-1.771238425925926,True,True,True,Before disclosure
MSSQL/MicrosoftAzure,10.2.1.jre8,CVE-2025-59250,2025-10-14 18:30:35+00:00,2025-10-13 00:00:00+00:00,13.2.1,1,-1.771238425925926,True,True,True,Before disclosure
MSSQL/MicrosoftAzure,11.1.0.jre8-preview,CVE-2025-59250,2025-10-14 17:16:07.240000+00:00,2025-10-13 00:00:00+00:00,13.2.1,1,-1.719528240740741,True,True,True,Before disclosure
MSSQL/MicrosoftAzure,11.2.0.jre8,CVE-2025-59250,2025-10-14 17:16:07.240000+00:00,2025-10-13 00:00:00+00:00,13.2.1,1,-1.719528240740741,True,True,True,Before disclosure
MSSQL/MicrosoftAzure,12.10.0.jre8,CVE-2025-59250,2025-10-14 17:16:07.240000+00:00,2025-10-13 00:00:00+00:00,13.2.1,1,-1.719528240740741,True,True,True,Before disclosure
MSSQL/MicrosoftAzure,12.2.0.jre8,CVE-2025-59250,2025-10-14 17:16:07.240000+00:00,2025-10-13 00:00:00+00:00,13.2.1,2,-1.719528240740741,True,True,True,Before disclosure
MSSQL/MicrosoftAzure,12.4.1.jre8,CVE-2025-59250,2025-10-14 17:16:07.240000+00:00,2025-10-13 00:00:00+00:00,13.2.1,2,-1.719528240740741,True,True,True,Before disclosure
MSSQL/MicrosoftAzure,12.5.0.jre11-preview,CVE-2025-59250,2025-10-14 17:16:07.240000+00:00,2025-10-13 00:00:00+00:00,13.2.1,1,-1.719528240740741,True,True,True,Before disclosure
MSSQL/MicrosoftAzure,12.5.0.jre8-preview,CVE-2025-59250,2025-10-14 17:16:07.240000+00:00,2025-10-13 00:00:00+00:00,13.2.1,1,-1.719528240740741,True,True,True,Before disclosure
MSSQL/MicrosoftAzure,8.4.0.jre8,CVE-2025-59250,2025-10-14 18:30:35+00:00,2025-10-13 00:00:00+00:00,13.2.1,1,-1.771238425925926,True,True,True,Before disclosure
MSSQL/MicrosoftAzure,8.4.1.jre8,CVE-2025-59250,2025-10-14 18:30:35+00:00,2025-10-13 00:00:00+00:00,13.2.1,2,-1.771238425925926,True,True,True,Before disclosure
MSSQL/MicrosoftAzure,9.2.0.jre8,CVE-2025-59250,2025-10-14 18:30:35+00:00,2025-10-13 00:00:00+00:00,13.2.1,2,-1.771238425925926,True,True,True,Before disclosure
MSSQL/MicrosoftAzure,9.2.1.jre8,CVE-2025-59250,2025-10-14 18:30:35+00:00,2025-10-13 00:00:00+00:00,13.2.1,1,-1.771238425925926,True,True,True,Before disclosure
MSSQL/MicrosoftAzure,9.4.0.jre8,CVE-2025-59250,2025-10-14 18:30:35+00:00,2025-10-13 00:00:00+00:00,13.2.1,2,-1.771238425925926,True,True,True,Before disclosure
MSSQL/MicrosoftAzure,9.5.0-SNAPSHOT.jre8-preview,CVE-2025-59250,2025-10-14 18:30:35+00:00,2025-10-13 00:00:00+00:00,13.2.1,1,-1.771238425925926,True,True,True,Before disclosure
MSSQL/MicrosoftAzure,9.5.0.jre11-preview,CVE-2025-59250,2025-10-14 18:30:35+00:00,2025-10-13 00:00:00+00:00,13.2.1,1,-1.771238425925926,True,True,True,Before disclosure
MongoDB,3.0.4,CVE-2021-20328,2021-02-25 17:15:28.303000+00:00,2021-02-18 00:00:00+00:00,3.11.3,1,-7.719077581018519,True,True,True,Before disclosure
MongoDB,3.10.2,CVE-2021-20328,2021-02-25 17:15:28.303000+00:00,2021-02-18 00:00:00+00:00,3.11.3,1,-7.719077581018519,True,True,True,Before disclosure
MongoDB,4.0.0,CVE-2021-20328,2021-02-25 17:15:28.303000+00:00,2021-02-18 00:00:00+00:00,4.0.6,2,-7.719077581018519,True,True,True,Before disclosure
MongoDB,4.0.0-beta1,CVE-2021-20328,2021-02-25 17:15:28.303000+00:00,2021-02-18 00:00:00+00:00,4.0.6,1,-7.719077581018519,True,True,True,Before disclosure
MongoDB,4.0.0-rc0,CVE-2021-20328,2021-02-25 17:15:28.303000+00:00,2021-02-18 00:00:00+00:00,4.0.6,1,-7.719077581018519,True,True,True,Before disclosure
MongoDB,4.0.2,CVE-2021-20328,2021-02-25 17:15:28.303000+00:00,2021-02-18 00:00:00+00:00,4.0.6,3,-7.719077581018519,True,True,True,Before disclosure
MongoDB,4.0.5,CVE-2021-20328,2021-02-25 17:15:28.303000+00:00,2021-02-18 00:00:00+00:00,4.0.6,1,-7.719077581018519,True,True,True,Before disclosure
MySQL,5.1.10,CVE-2015-2575,2022-05-17 00:25:07+00:00,2015-05-08 10:55:46+00:00,5.1.35,1,-2565.562048611111,True,True,True,Before disclosure
MySQL,5.1.10,CVE-2017-3523,2022-05-13 01:45:34+00:00,2017-02-14 20:27:59+00:00,5.1.41,1,-1913.2205439814816,True,True,True,Before disclosure
MySQL,5.1.10,CVE-2017-3586,2022-05-13 01:45:42+00:00,2017-04-17 18:23:36+00:00,5.1.42,1,-1851.3070138888888,True,True,True,Before disclosure
MySQL,5.1.10,CVE-2017-3589,2022-05-13 01:45:42+00:00,2017-04-17 18:23:36+00:00,5.1.42,1,-1851.3070138888888,True,True,True,Before disclosure
MySQL,5.1.10,CVE-2018-3258,2022-05-13 01:52:26+00:00,2018-09-27 09:18:47+00:00,8.0.13,1,-1323.6900347222222,True,True,True,Before disclosure
MySQL,5.1.10,CVE-2019-2692,2020-07-01 17:12:20+00:00,2019-03-20 19:08:52+00:00,8.0.16,1,-468.91907407407405,True,True,True,Before disclosure
MySQL,5.1.10,CVE-2020-2934,2020-04-15 14:15:36.453000+00:00,2020-07-14 00:00:00+00:00,5.1.49,1,89.40582809027778,True,True,True,31–180 days
MySQL,5.1.10,CVE-2022-21363,2022-01-20 00:00:48+00:00,2021-12-16 00:25:41+00:00,8.0.28,1,-34.98271990740741,True,True,True,Before disclosure
MySQL,5.1.10,CVE-2023-22102,2023-10-18 00:31:42+00:00,2023-10-25 08:46:05+00:00,8.2.0,1,7.3433217592592595,True,True,True,2–30 days
MySQL,5.1.13,CVE-2015-2575,2022-05-17 00:25:07+00:00,2015-05-08 10:55:46+00:00,5.1.35,1,-2565.562048611111,True,True,True,Before disclosure
MySQL,5.1.13,CVE-2017-3523,2022-05-13 01:45:34+00:00,2017-02-14 20:27:59+00:00,5.1.41,1,-1913.2205439814816,True,True,True,Before disclosure
MySQL,5.1.13,CVE-2017-3586,2022-05-13 01:45:42+00:00,2017-04-17 18:23:36+00:00,5.1.42,1,-1851.3070138888888,True,True,True,Before disclosure
MySQL,5.1.13,CVE-2017-3589,2022-05-13 01:45:42+00:00,2017-04-17 18:23:36+00:00,5.1.42,1,-1851.3070138888888,True,True,True,Before disclosure
MySQL,5.1.13,CVE-2018-3258,2022-05-13 01:52:26+00:00,2018-09-27 09:18:47+00:00,8.0.13,1,-1323.6900347222222,True,True,True,Before disclosure
MySQL,5.1.13,CVE-2019-2692,2020-07-01 17:12:20+00:00,2019-03-20 19:08:52+00:00,8.0.16,1,-468.91907407407405,True,True,True,Before disclosure
MySQL,5.1.13,CVE-2020-2934,2020-04-15 14:15:36.453000+00:00,2020-07-14 00:00:00+00:00,5.1.49,1,89.40582809027778,True,True,True,31–180 days
MySQL,5.1.13,CVE-2022-21363,2022-01-20 00:00:48+00:00,2021-12-16 00:25:41+00:00,8.0.28,1,-34.98271990740741,True,True,True,Before disclosure
MySQL,5.1.13,CVE-2023-22102,2023-10-18 00:31:42+00:00,2023-10-25 08:46:05+00:00,8.2.0,1,7.3433217592592595,True,True,True,2–30 days
MySQL,5.1.15,CVE-2015-2575,2022-05-17 00:25:07+00:00,2015-05-08 10:55:46+00:00,5.1.35,1,-2565.562048611111,True,True,True,Before disclosure
MySQL,5.1.15,CVE-2017-3523,2022-05-13 01:45:34+00:00,2017-02-14 20:27:59+00:00,5.1.41,1,-1913.2205439814816,True,True,True,Before disclosure
MySQL,5.1.15,CVE-2017-3586,2022-05-13 01:45:42+00:00,2017-04-17 18:23:36+00:00,5.1.42,1,-1851.3070138888888,True,True,True,Before disclosure
MySQL,5.1.15,CVE-2017-3589,2022-05-13 01:45:42+00:00,2017-04-17 18:23:36+00:00,5.1.42,1,-1851.3070138888888,True,True,True,Before disclosure
MySQL,5.1.15,CVE-2018-3258,2022-05-13 01:52:26+00:00,2018-09-27 09:18:47+00:00,8.0.13,1,-1323.6900347222222,True,True,True,Before disclosure
MySQL,5.1.15,CVE-2019-2692,2020-07-01 17:12:20+00:00,2019-03-20 19:08:52+00:00,8.0.16,1,-468.91907407407405,True,True,True,Before disclosure
MySQL,5.1.15,CVE-2020-2934,2020-04-15 14:15:36.453000+00:00,2020-07-14 00:00:00+00:00,5.1.49,1,89.40582809027778,True,True,True,31–180 days
MySQL,5.1.15,CVE-2022-21363,2022-01-20 00:00:48+00:00,2021-12-16 00:25:41+00:00,8.0.28,1,-34.98271990740741,True,True,True,Before disclosure
MySQL,5.1.15,CVE-2023-22102,2023-10-18 00:31:42+00:00,2023-10-25 08:46:05+00:00,8.2.0,1,7.3433217592592595,True,True,True,2–30 days
MySQL,5.1.17,CVE-2015-2575,2022-05-17 00:25:07+00:00,2015-05-08 10:55:46+00:00,5.1.35,1,-2565.562048611111,True,True,True,Before disclosure
MySQL,5.1.17,CVE-2017-3523,2022-05-13 01:45:34+00:00,2017-02-14 20:27:59+00:00,5.1.41,1,-1913.2205439814816,True,True,True,Before disclosure
MySQL,5.1.17,CVE-2017-3586,2022-05-13 01:45:42+00:00,2017-04-17 18:23:36+00:00,5.1.42,1,-1851.3070138888888,True,True,True,Before disclosure
MySQL,5.1.17,CVE-2017-3589,2022-05-13 01:45:42+00:00,2017-04-17 18:23:36+00:00,5.1.42,1,-1851.3070138888888,True,True,True,Before disclosure
MySQL,5.1.17,CVE-2018-3258,2022-05-13 01:52:26+00:00,2018-09-27 09:18:47+00:00,8.0.13,1,-1323.6900347222222,True,True,True,Before disclosure
MySQL,5.1.17,CVE-2019-2692,2020-07-01 17:12:20+00:00,2019-03-20 19:08:52+00:00,8.0.16,1,-468.91907407407405,True,True,True,Before disclosure
MySQL,5.1.17,CVE-2020-2934,2020-04-15 14:15:36.453000+00:00,2020-07-14 00:00:00+00:00,5.1.49,1,89.40582809027778,True,True,True,31–180 days
MySQL,5.1.17,CVE-2022-21363,2022-01-20 00:00:48+00:00,2021-12-16 00:25:41+00:00,8.0.28,1,-34.98271990740741,True,True,True,Before disclosure
MySQL,5.1.17,CVE-2023-22102,2023-10-18 00:31:42+00:00,2023-10-25 08:46:05+00:00,8.2.0,1,7.3433217592592595,True,True,True,2–30 days
MySQL,5.1.21,CVE-2015-2575,2022-05-17 00:25:07+00:00,2015-05-08 10:55:46+00:00,5.1.35,3,-2565.562048611111,True,True,True,Before disclosure
MySQL,5.1.21,CVE-2017-3523,2022-05-13 01:45:34+00:00,2017-02-14 20:27:59+00:00,5.1.41,3,-1913.2205439814816,True,True,True,Before disclosure
MySQL,5.1.21,CVE-2017-3586,2022-05-13 01:45:42+00:00,2017-04-17 18:23:36+00:00,5.1.42,3,-1851.3070138888888,True,True,True,Before disclosure
MySQL,5.1.21,CVE-2017-3589,2022-05-13 01:45:42+00:00,2017-04-17 18:23:36+00:00,5.1.42,3,-1851.3070138888888,True,True,True,Before disclosure
MySQL,5.1.21,CVE-2018-3258,2022-05-13 01:52:26+00:00,2018-09-27 09:18:47+00:00,8.0.13,3,-1323.6900347222222,True,True,True,Before disclosure
MySQL,5.1.21,CVE-2019-2692,2020-07-01 17:12:20+00:00,2019-03-20 19:08:52+00:00,8.0.16,3,-468.91907407407405,True,True,True,Before disclosure
MySQL,5.1.21,CVE-2020-2934,2020-04-15 14:15:36.453000+00:00,2020-07-14 00:00:00+00:00,5.1.49,3,89.40582809027778,True,True,True,31–180 days
MySQL,5.1.21,CVE-2022-21363,2022-01-20 00:00:48+00:00,2021-12-16 00:25:41+00:00,8.0.28,3,-34.98271990740741,True,True,True,Before disclosure
MySQL,5.1.21,CVE-2023-22102,2023-10-18 00:31:42+00:00,2023-10-25 08:46:05+00:00,8.2.0,3,7.3433217592592595,True,True,True,2–30 days
MySQL,5.1.22,CVE-2015-2575,2022-05-17 00:25:07+00:00,2015-05-08 10:55:46+00:00,5.1.35,2,-2565.562048611111,True,True,True,Before disclosure
MySQL,5.1.22,CVE-2017-3523,2022-05-13 01:45:34+00:00,2017-02-14 20:27:59+00:00,5.1.41,2,-1913.2205439814816,True,True,True,Before disclosure
MySQL,5.1.22,CVE-2017-3586,2022-05-13 01:45:42+00:00,2017-04-17 18:23:36+00:00,5.1.42,2,-1851.3070138888888,True,True,True,Before disclosure
MySQL,5.1.22,CVE-2017-3589,2022-05-13 01:45:42+00:00,2017-04-17 18:23:36+00:00,5.1.42,2,-1851.3070138888888,True,True,True,Before disclosure
MySQL,5.1.22,CVE-2018-3258,2022-05-13 01:52:26+00:00,2018-09-27 09:18:47+00:00,8.0.13,2,-1323.6900347222222,True,True,True,Before disclosure
MySQL,5.1.22,CVE-2019-2692,2020-07-01 17:12:20+00:00,2019-03-20 19:08:52+00:00,8.0.16,2,-468.91907407407405,True,True,True,Before disclosure
MySQL,5.1.22,CVE-2020-2934,2020-04-15 14:15:36.453000+00:00,2020-07-14 00:00:00+00:00,5.1.49,2,89.40582809027778,True,True,True,31–180 days
MySQL,5.1.22,CVE-2022-21363,2022-01-20 00:00:48+00:00,2021-12-16 00:25:41+00:00,8.0.28,2,-34.98271990740741,True,True,True,Before disclosure
MySQL,5.1.22,CVE-2023-22102,2023-10-18 00:31:42+00:00,2023-10-25 08:46:05+00:00,8.2.0,2,7.3433217592592595,True,True,True,2–30 days
MySQL,5.1.24,CVE-2015-2575,2022-05-17 00:25:07+00:00,2015-05-08 10:55:46+00:00,5.1.35,1,-2565.562048611111,True,True,True,Before disclosure
MySQL,5.1.24,CVE-2017-3523,2022-05-13 01:45:34+00:00,2017-02-14 20:27:59+00:00,5.1.41,1,-1913.2205439814816,True,True,True,Before disclosure
MySQL,5.1.24,CVE-2017-3586,2022-05-13 01:45:42+00:00,2017-04-17 18:23:36+00:00,5.1.42,1,-1851.3070138888888,True,True,True,Before disclosure
MySQL,5.1.24,CVE-2017-3589,2022-05-13 01:45:42+00:00,2017-04-17 18:23:36+00:00,5.1.42,1,-1851.3070138888888,True,True,True,Before disclosure
MySQL,5.1.24,CVE-2018-3258,2022-05-13 01:52:26+00:00,2018-09-27 09:18:47+00:00,8.0.13,1,-1323.6900347222222,True,True,True,Before disclosure
MySQL,5.1.24,CVE-2019-2692,2020-07-01 17:12:20+00:00,2019-03-20 19:08:52+00:00,8.0.16,1,-468.91907407407405,True,True,True,Before disclosure
MySQL,5.1.24,CVE-2020-2934,2020-04-15 14:15:36.453000+00:00,2020-07-14 00:00:00+00:00,5.1.49,1,89.40582809027778,True,True,True,31–180 days
MySQL,5.1.24,CVE-2022-21363,2022-01-20 00:00:48+00:00,2021-12-16 00:25:41+00:00,8.0.28,1,-34.98271990740741,True,True,True,Before disclosure
MySQL,5.1.24,CVE-2023-22102,2023-10-18 00:31:42+00:00,2023-10-25 08:46:05+00:00,8.2.0,1,7.3433217592592595,True,True,True,2–30 days
MySQL,5.1.25,CVE-2015-2575,2022-05-17 00:25:07+00:00,2015-05-08 10:55:46+00:00,5.1.35,2,-2565.562048611111,True,True,True,Before disclosure
MySQL,5.1.25,CVE-2017-3523,2022-05-13 01:45:34+00:00,2017-02-14 20:27:59+00:00,5.1.41,2,-1913.2205439814816,True,True,True,Before disclosure
MySQL,5.1.25,CVE-2017-3586,2022-05-13 01:45:42+00:00,2017-04-17 18:23:36+00:00,5.1.42,2,-1851.3070138888888,True,True,True,Before disclosure
MySQL,5.1.25,CVE-2017-3589,2022-05-13 01:45:42+00:00,2017-04-17 18:23:36+00:00,5.1.42,2,-1851.3070138888888,True,True,True,Before disclosure
MySQL,5.1.25,CVE-2018-3258,2022-05-13 01:52:26+00:00,2018-09-27 09:18:47+00:00,8.0.13,2,-1323.6900347222222,True,True,True,Before disclosure
MySQL,5.1.25,CVE-2019-2692,2020-07-01 17:12:20+00:00,2019-03-20 19:08:52+00:00,8.0.16,2,-468.91907407407405,True,True,True,Before disclosure
MySQL,5.1.25,CVE-2020-2934,2020-04-15 14:15:36.453000+00:00,2020-07-14 00:00:00+00:00,5.1.49,2,89.40582809027778,True,True,True,31–180 days
MySQL,5.1.25,CVE-2022-21363,2022-01-20 00:00:48+00:00,2021-12-16 00:25:41+00:00,8.0.28,2,-34.98271990740741,True,True,True,Before disclosure
MySQL,5.1.25,CVE-2023-22102,2023-10-18 00:31:42+00:00,2023-10-25 08:46:05+00:00,8.2.0,2,7.3433217592592595,True,True,True,2–30 days
MySQL,5.1.26,CVE-2015-2575,2022-05-17 00:25:07+00:00,2015-05-08 10:55:46+00:00,5.1.35,1,-2565.562048611111,True,True,True,Before disclosure
MySQL,5.1.26,CVE-2017-3523,2022-05-13 01:45:34+00:00,2017-02-14 20:27:59+00:00,5.1.41,1,-1913.2205439814816,True,True,True,Before disclosure
MySQL,5.1.26,CVE-2017-3586,2022-05-13 01:45:42+00:00,2017-04-17 18:23:36+00:00,5.1.42,1,-1851.3070138888888,True,True,True,Before disclosure
MySQL,5.1.26,CVE-2017-3589,2022-05-13 01:45:42+00:00,2017-04-17 18:23:36+00:00,5.1.42,1,-1851.3070138888888,True,True,True,Before disclosure
MySQL,5.1.26,CVE-2018-3258,2022-05-13 01:52:26+00:00,2018-09-27 09:18:47+00:00,8.0.13,1,-1323.6900347222222,True,True,True,Before disclosure
MySQL,5.1.26,CVE-2019-2692,2020-07-01 17:12:20+00:00,2019-03-20 19:08:52+00:00,8.0.16,1,-468.91907407407405,True,True,True,Before disclosure
MySQL,5.1.26,CVE-2020-2934,2020-04-15 14:15:36.453000+00:00,2020-07-14 00:00:00+00:00,5.1.49,1,89.40582809027778,True,True,True,31–180 days
MySQL,5.1.26,CVE-2022-21363,2022-01-20 00:00:48+00:00,2021-12-16 00:25:41+00:00,8.0.28,1,-34.98271990740741,True,True,True,Before disclosure
MySQL,5.1.26,CVE-2023-22102,2023-10-18 00:31:42+00:00,2023-10-25 08:46:05+00:00,8.2.0,1,7.3433217592592595,True,True,True,2–30 days
MySQL,5.1.27,CVE-2015-2575,2022-05-17 00:25:07+00:00,2015-05-08 10:55:46+00:00,5.1.35,2,-2565.562048611111,True,True,True,Before disclosure
MySQL,5.1.27,CVE-2017-3523,2022-05-13 01:45:34+00:00,2017-02-14 20:27:59+00:00,5.1.41,2,-1913.2205439814816,True,True,True,Before disclosure
MySQL,5.1.27,CVE-2017-3586,2022-05-13 01:45:42+00:00,2017-04-17 18:23:36+00:00,5.1.42,2,-1851.3070138888888,True,True,True,Before disclosure
MySQL,5.1.27,CVE-2017-3589,2022-05-13 01:45:42+00:00,2017-04-17 18:23:36+00:00,5.1.42,2,-1851.3070138888888,True,True,True,Before disclosure
MySQL,5.1.27,CVE-2018-3258,2022-05-13 01:52:26+00:00,2018-09-27 09:18:47+00:00,8.0.13,2,-1323.6900347222222,True,True,True,Before disclosure
MySQL,5.1.27,CVE-2019-2692,2020-07-01 17:12:20+00:00,2019-03-20 19:08:52+00:00,8.0.16,2,-468.91907407407405,True,True,True,Before disclosure
MySQL,5.1.27,CVE-2020-2934,2020-04-15 14:15:36.453000+00:00,2020-07-14 00:00:00+00:00,5.1.49,2,89.40582809027778,True,True,True,31–180 days
MySQL,5.1.27,CVE-2022-21363,2022-01-20 00:00:48+00:00,2021-12-16 00:25:41+00:00,8.0.28,2,-34.98271990740741,True,True,True,Before disclosure
MySQL,5.1.27,CVE-2023-22102,2023-10-18 00:31:42+00:00,2023-10-25 08:46:05+00:00,8.2.0,2,7.3433217592592595,True,True,True,2–30 days
MySQL,5.1.28,CVE-2015-2575,2022-05-17 00:25:07+00:00,2015-05-08 10:55:46+00:00,5.1.35,2,-2565.562048611111,True,True,True,Before disclosure
MySQL,5.1.28,CVE-2017-3523,2022-05-13 01:45:34+00:00,2017-02-14 20:27:59+00:00,5.1.41,2,-1913.2205439814816,True,True,True,Before disclosure
MySQL,5.1.28,CVE-2017-3586,2022-05-13 01:45:42+00:00,2017-04-17 18:23:36+00:00,5.1.42,2,-1851.3070138888888,True,True,True,Before disclosure
MySQL,5.1.28,CVE-2017-3589,2022-05-13 01:45:42+00:00,2017-04-17 18:23:36+00:00,5.1.42,2,-1851.3070138888888,True,True,True,Before disclosure
MySQL,5.1.28,CVE-2018-3258,2022-05-13 01:52:26+00:00,2018-09-27 09:18:47+00:00,8.0.13,2,-1323.6900347222222,True,True,True,Before disclosure
MySQL,5.1.28,CVE-2019-2692,2020-07-01 17:12:20+00:00,2019-03-20 19:08:52+00:00,8.0.16,2,-468.91907407407405,True,True,True,Before disclosure
MySQL,5.1.28,CVE-2020-2934,2020-04-15 14:15:36.453000+00:00,2020-07-14 00:00:00+00:00,5.1.49,2,89.40582809027778,True,True,True,31–180 days
MySQL,5.1.28,CVE-2022-21363,2022-01-20 00:00:48+00:00,2021-12-16 00:25:41+00:00,8.0.28,2,-34.98271990740741,True,True,True,Before disclosure
MySQL,5.1.28,CVE-2023-22102,2023-10-18 00:31:42+00:00,2023-10-25 08:46:05+00:00,8.2.0,2,7.3433217592592595,True,True,True,2–30 days
MySQL,5.1.29,CVE-2015-2575,2022-05-17 00:25:07+00:00,2015-05-08 10:55:46+00:00,5.1.35,2,-2565.562048611111,True,True,True,Before disclosure
MySQL,5.1.29,CVE-2017-3523,2022-05-13 01:45:34+00:00,2017-02-14 20:27:59+00:00,5.1.41,2,-1913.2205439814816,True,True,True,Before disclosure
MySQL,5.1.29,CVE-2017-3586,2022-05-13 01:45:42+00:00,2017-04-17 18:23:36+00:00,5.1.42,2,-1851.3070138888888,True,True,True,Before disclosure
MySQL,5.1.29,CVE-2017-3589,2022-05-13 01:45:42+00:00,2017-04-17 18:23:36+00:00,5.1.42,2,-1851.3070138888888,True,True,True,Before disclosure
MySQL,5.1.29,CVE-2018-3258,2022-05-13 01:52:26+00:00,2018-09-27 09:18:47+00:00,8.0.13,2,-1323.6900347222222,True,True,True,Before disclosure
MySQL,5.1.29,CVE-2019-2692,2020-07-01 17:12:20+00:00,2019-03-20 19:08:52+00:00,8.0.16,2,-468.91907407407405,True,True,True,Before disclosure
MySQL,5.1.29,CVE-2020-2934,2020-04-15 14:15:36.453000+00:00,2020-07-14 00:00:00+00:00,5.1.49,2,89.40582809027778,True,True,True,31–180 days
MySQL,5.1.29,CVE-2022-21363,2022-01-20 00:00:48+00:00,2021-12-16 00:25:41+00:00,8.0.28,2,-34.98271990740741,True,True,True,Before disclosure
MySQL,5.1.29,CVE-2023-22102,2023-10-18 00:31:42+00:00,2023-10-25 08:46:05+00:00,8.2.0,2,7.3433217592592595,True,True,True,2–30 days
MySQL,5.1.30,CVE-2015-2575,2022-05-17 00:25:07+00:00,2015-05-08 10:55:46+00:00,5.1.35,2,-2565.562048611111,True,True,True,Before disclosure
MySQL,5.1.30,CVE-2017-3523,2022-05-13 01:45:34+00:00,2017-02-14 20:27:59+00:00,5.1.41,2,-1913.2205439814816,True,True,True,Before disclosure
MySQL,5.1.30,CVE-2017-3586,2022-05-13 01:45:42+00:00,2017-04-17 18:23:36+00:00,5.1.42,2,-1851.3070138888888,True,True,True,Before disclosure
MySQL,5.1.30,CVE-2017-3589,2022-05-13 01:45:42+00:00,2017-04-17 18:23:36+00:00,5.1.42,2,-1851.3070138888888,True,True,True,Before disclosure
MySQL,5.1.30,CVE-2018-3258,2022-05-13 01:52:26+00:00,2018-09-27 09:18:47+00:00,8.0.13,2,-1323.6900347222222,True,True,True,Before disclosure
MySQL,5.1.30,CVE-2019-2692,2020-07-01 17:12:20+00:00,2019-03-20 19:08:52+00:00,8.0.16,2,-468.91907407407405,True,True,True,Before disclosure
MySQL,5.1.30,CVE-2020-2934,2020-04-15 14:15:36.453000+00:00,2020-07-14 00:00:00+00:00,5.1.49,2,89.40582809027778,True,True,True,31–180 days
MySQL,5.1.30,CVE-2022-21363,2022-01-20 00:00:48+00:00,2021-12-16 00:25:41+00:00,8.0.28,2,-34.98271990740741,True,True,True,Before disclosure
MySQL,5.1.30,CVE-2023-22102,2023-10-18 00:31:42+00:00,2023-10-25 08:46:05+00:00,8.2.0,2,7.3433217592592595,True,True,True,2–30 days
MySQL,5.1.31,CVE-2015-2575,2022-05-17 00:25:07+00:00,2015-05-08 10:55:46+00:00,5.1.35,4,-2565.562048611111,True,True,True,Before disclosure
MySQL,5.1.31,CVE-2017-3523,2022-05-13 01:45:34+00:00,2017-02-14 20:27:59+00:00,5.1.41,4,-1913.2205439814816,True,True,True,Before disclosure
MySQL,5.1.31,CVE-2017-3586,2022-05-13 01:45:42+00:00,2017-04-17 18:23:36+00:00,5.1.42,4,-1851.3070138888888,True,True,True,Before disclosure
MySQL,5.1.31,CVE-2017-3589,2022-05-13 01:45:42+00:00,2017-04-17 18:23:36+00:00,5.1.42,4,-1851.3070138888888,True,True,True,Before disclosure
MySQL,5.1.31,CVE-2018-3258,2022-05-13 01:52:26+00:00,2018-09-27 09:18:47+00:00,8.0.13,4,-1323.6900347222222,True,True,True,Before disclosure
MySQL,5.1.31,CVE-2019-2692,2020-07-01 17:12:20+00:00,2019-03-20 19:08:52+00:00,8.0.16,4,-468.91907407407405,True,True,True,Before disclosure
MySQL,5.1.31,CVE-2020-2934,2020-04-15 14:15:36.453000+00:00,2020-07-14 00:00:00+00:00,5.1.49,4,89.40582809027778,True,True,True,31–180 days
MySQL,5.1.31,CVE-2022-21363,2022-01-20 00:00:48+00:00,2021-12-16 00:25:41+00:00,8.0.28,4,-34.98271990740741,True,True,True,Before disclosure
MySQL,5.1.31,CVE-2023-22102,2023-10-18 00:31:42+00:00,2023-10-25 08:46:05+00:00,8.2.0,4,7.3433217592592595,True,True,True,2–30 days
MySQL,5.1.32,CVE-2015-2575,2022-05-17 00:25:07+00:00,2015-05-08 10:55:46+00:00,5.1.35,2,-2565.562048611111,True,True,True,Before disclosure
MySQL,5.1.32,CVE-2017-3523,2022-05-13 01:45:34+00:00,2017-02-14 20:27:59+00:00,5.1.41,2,-1913.2205439814816,True,True,True,Before disclosure
MySQL,5.1.32,CVE-2017-3586,2022-05-13 01:45:42+00:00,2017-04-17 18:23:36+00:00,5.1.42,2,-1851.3070138888888,True,True,True,Before disclosure
MySQL,5.1.32,CVE-2017-3589,2022-05-13 01:45:42+00:00,2017-04-17 18:23:36+00:00,5.1.42,2,-1851.3070138888888,True,True,True,Before disclosure
MySQL,5.1.32,CVE-2018-3258,2022-05-13 01:52:26+00:00,2018-09-27 09:18:47+00:00,8.0.13,2,-1323.6900347222222,True,True,True,Before disclosure
MySQL,5.1.32,CVE-2019-2692,2020-07-01 17:12:20+00:00,2019-03-20 19:08:52+00:00,8.0.16,2,-468.91907407407405,True,True,True,Before disclosure
MySQL,5.1.32,CVE-2020-2934,2020-04-15 14:15:36.453000+00:00,2020-07-14 00:00:00+00:00,5.1.49,2,89.40582809027778,True,True,True,31–180 days
MySQL,5.1.32,CVE-2022-21363,2022-01-20 00:00:48+00:00,2021-12-16 00:25:41+00:00,8.0.28,2,-34.98271990740741,True,True,True,Before disclosure
MySQL,5.1.32,CVE-2023-22102,2023-10-18 00:31:42+00:00,2023-10-25 08:46:05+00:00,8.2.0,2,7.3433217592592595,True,True,True,2–30 days
MySQL,5.1.33,CVE-2015-2575,2022-05-17 00:25:07+00:00,2015-05-08 10:55:46+00:00,5.1.35,3,-2565.562048611111,True,True,True,Before disclosure
MySQL,5.1.33,CVE-2017-3523,2022-05-13 01:45:34+00:00,2017-02-14 20:27:59+00:00,5.1.41,3,-1913.2205439814816,True,True,True,Before disclosure
MySQL,5.1.33,CVE-2017-3586,2022-05-13 01:45:42+00:00,2017-04-17 18:23:36+00:00,5.1.42,3,-1851.3070138888888,True,True,True,Before disclosure
MySQL,5.1.33,CVE-2017-3589,2022-05-13 01:45:42+00:00,2017-04-17 18:23:36+00:00,5.1.42,3,-1851.3070138888888,True,True,True,Before disclosure
MySQL,5.1.33,CVE-2018-3258,2022-05-13 01:52:26+00:00,2018-09-27 09:18:47+00:00,8.0.13,3,-1323.6900347222222,True,True,True,Before disclosure
MySQL,5.1.33,CVE-2019-2692,2020-07-01 17:12:20+00:00,2019-03-20 19:08:52+00:00,8.0.16,3,-468.91907407407405,True,True,True,Before disclosure
MySQL,5.1.33,CVE-2020-2934,2020-04-15 14:15:36.453000+00:00,2020-07-14 00:00:00+00:00,5.1.49,3,89.40582809027778,True,True,True,31–180 days
MySQL,5.1.33,CVE-2022-21363,2022-01-20 00:00:48+00:00,2021-12-16 00:25:41+00:00,8.0.28,3,-34.98271990740741,True,True,True,Before disclosure
MySQL,5.1.33,CVE-2023-22102,2023-10-18 00:31:42+00:00,2023-10-25 08:46:05+00:00,8.2.0,3,7.3433217592592595,True,True,True,2–30 days
MySQL,5.1.34,CVE-2015-2575,2022-05-17 00:25:07+00:00,2015-05-08 10:55:46+00:00,5.1.35,4,-2565.562048611111,True,True,True,Before disclosure
MySQL,5.1.34,CVE-2017-3523,2022-05-13 01:45:34+00:00,2017-02-14 20:27:59+00:00,5.1.41,4,-1913.2205439814816,True,True,True,Before disclosure
MySQL,5.1.34,CVE-2017-3586,2022-05-13 01:45:42+00:00,2017-04-17 18:23:36+00:00,5.1.42,4,-1851.3070138888888,True,True,True,Before disclosure
MySQL,5.1.34,CVE-2017-3589,2022-05-13 01:45:42+00:00,2017-04-17 18:23:36+00:00,5.1.42,4,-1851.3070138888888,True,True,True,Before disclosure
MySQL,5.1.34,CVE-2018-3258,2022-05-13 01:52:26+00:00,2018-09-27 09:18:47+00:00,8.0.13,4,-1323.6900347222222,True,True,True,Before disclosure
MySQL,5.1.34,CVE-2019-2692,2020-07-01 17:12:20+00:00,2019-03-20 19:08:52+00:00,8.0.16,4,-468.91907407407405,True,True,True,Before disclosure
MySQL,5.1.34,CVE-2020-2934,2020-04-15 14:15:36.453000+00:00,2020-07-14 00:00:00+00:00,5.1.49,4,89.40582809027778,True,True,True,31–180 days
MySQL,5.1.34,CVE-2022-21363,2022-01-20 00:00:48+00:00,2021-12-16 00:25:41+00:00,8.0.28,4,-34.98271990740741,True,True,True,Before disclosure
MySQL,5.1.34,CVE-2023-22102,2023-10-18 00:31:42+00:00,2023-10-25 08:46:05+00:00,8.2.0,4,7.3433217592592595,True,True,True,2–30 days
MySQL,5.1.35,CVE-2017-3523,2022-05-13 01:45:34+00:00,2017-02-14 20:27:59+00:00,5.1.41,1,-1913.2205439814816,True,True,True,Before disclosure
MySQL,5.1.35,CVE-2017-3586,2022-05-13 01:45:42+00:00,2017-04-17 18:23:36+00:00,5.1.42,1,-1851.3070138888888,True,True,True,Before disclosure
MySQL,5.1.35,CVE-2017-3589,2022-05-13 01:45:42+00:00,2017-04-17 18:23:36+00:00,5.1.42,1,-1851.3070138888888,True,True,True,Before disclosure
MySQL,5.1.35,CVE-2018-3258,2022-05-13 01:52:26+00:00,2018-09-27 09:18:47+00:00,8.0.13,1,-1323.6900347222222,True,True,True,Before disclosure
MySQL,5.1.35,CVE-2019-2692,2020-07-01 17:12:20+00:00,2019-03-20 19:08:52+00:00,8.0.16,1,-468.91907407407405,True,True,True,Before disclosure
MySQL,5.1.35,CVE-2020-2934,2020-04-15 14:15:36.453000+00:00,2020-07-14 00:00:00+00:00,5.1.49,1,89.40582809027778,True,True,True,31–180 days
MySQL,5.1.35,CVE-2022-21363,2022-01-20 00:00:48+00:00,2021-12-16 00:25:41+00:00,8.0.28,1,-34.98271990740741,True,True,True,Before disclosure
MySQL,5.1.35,CVE-2023-22102,2023-10-18 00:31:42+00:00,2023-10-25 08:46:05+00:00,8.2.0,1,7.3433217592592595,True,True,True,2–30 days
MySQL,5.1.36,CVE-2017-3523,2022-05-13 01:45:34+00:00,2017-02-14 20:27:59+00:00,5.1.41,4,-1913.2205439814816,True,True,True,Before disclosure
MySQL,5.1.36,CVE-2017-3586,2022-05-13 01:45:42+00:00,2017-04-17 18:23:36+00:00,5.1.42,4,-1851.3070138888888,True,True,True,Before disclosure
MySQL,5.1.36,CVE-2017-3589,2022-05-13 01:45:42+00:00,2017-04-17 18:23:36+00:00,5.1.42,4,-1851.3070138888888,True,True,True,Before disclosure
MySQL,5.1.36,CVE-2018-3258,2022-05-13 01:52:26+00:00,2018-09-27 09:18:47+00:00,8.0.13,4,-1323.6900347222222,True,True,True,Before disclosure
MySQL,5.1.36,CVE-2019-2692,2020-07-01 17:12:20+00:00,2019-03-20 19:08:52+00:00,8.0.16,4,-468.91907407407405,True,True,True,Before disclosure
MySQL,5.1.36,CVE-2020-2934,2020-04-15 14:15:36.453000+00:00,2020-07-14 00:00:00+00:00,5.1.49,4,89.40582809027778,True,True,True,31–180 days
MySQL,5.1.36,CVE-2022-21363,2022-01-20 00:00:48+00:00,2021-12-16 00:25:41+00:00,8.0.28,4,-34.98271990740741,True,True,True,Before disclosure
MySQL,5.1.36,CVE-2023-22102,2023-10-18 00:31:42+00:00,2023-10-25 08:46:05+00:00,8.2.0,4,7.3433217592592595,True,True,True,2–30 days
MySQL,5.1.37,CVE-2017-3523,2022-05-13 01:45:34+00:00,2017-02-14 20:27:59+00:00,5.1.41,5,-1913.2205439814816,True,True,True,Before disclosure
MySQL,5.1.37,CVE-2017-3586,2022-05-13 01:45:42+00:00,2017-04-17 18:23:36+00:00,5.1.42,5,-1851.3070138888888,True,True,True,Before disclosure
MySQL,5.1.37,CVE-2017-3589,2022-05-13 01:45:42+00:00,2017-04-17 18:23:36+00:00,5.1.42,5,-1851.3070138888888,True,True,True,Before disclosure
MySQL,5.1.37,CVE-2018-3258,2022-05-13 01:52:26+00:00,2018-09-27 09:18:47+00:00,8.0.13,5,-1323.6900347222222,True,True,True,Before disclosure
MySQL,5.1.37,CVE-2019-2692,2020-07-01 17:12:20+00:00,2019-03-20 19:08:52+00:00,8.0.16,5,-468.91907407407405,True,True,True,Before disclosure
MySQL,5.1.37,CVE-2020-2934,2020-04-15 14:15:36.453000+00:00,2020-07-14 00:00:00+00:00,5.1.49,5,89.40582809027778,True,True,True,31–180 days
MySQL,5.1.37,CVE-2022-21363,2022-01-20 00:00:48+00:00,2021-12-16 00:25:41+00:00,8.0.28,5,-34.98271990740741,True,True,True,Before disclosure
MySQL,5.1.37,CVE-2023-22102,2023-10-18 00:31:42+00:00,2023-10-25 08:46:05+00:00,8.2.0,5,7.3433217592592595,True,True,True,2–30 days
MySQL,5.1.38,CVE-2017-3523,2022-05-13 01:45:34+00:00,2017-02-14 20:27:59+00:00,5.1.41,3,-1913.2205439814816,True,True,True,Before disclosure
MySQL,5.1.38,CVE-2017-3586,2022-05-13 01:45:42+00:00,2017-04-17 18:23:36+00:00,5.1.42,3,-1851.3070138888888,True,True,True,Before disclosure
MySQL,5.1.38,CVE-2017-3589,2022-05-13 01:45:42+00:00,2017-04-17 18:23:36+00:00,5.1.42,3,-1851.3070138888888,True,True,True,Before disclosure
MySQL,5.1.38,CVE-2018-3258,2022-05-13 01:52:26+00:00,2018-09-27 09:18:47+00:00,8.0.13,3,-1323.6900347222222,True,True,True,Before disclosure
MySQL,5.1.38,CVE-2019-2692,2020-07-01 17:12:20+00:00,2019-03-20 19:08:52+00:00,8.0.16,3,-468.91907407407405,True,True,True,Before disclosure
MySQL,5.1.38,CVE-2020-2934,2020-04-15 14:15:36.453000+00:00,2020-07-14 00:00:00+00:00,5.1.49,3,89.40582809027778,True,True,True,31–180 days
MySQL,5.1.38,CVE-2022-21363,2022-01-20 00:00:48+00:00,2021-12-16 00:25:41+00:00,8.0.28,3,-34.98271990740741,True,True,True,Before disclosure
MySQL,5.1.38,CVE-2023-22102,2023-10-18 00:31:42+00:00,2023-10-25 08:46:05+00:00,8.2.0,3,7.3433217592592595,True,True,True,2–30 days
MySQL,5.1.39,CVE-2017-3523,2022-05-13 01:45:34+00:00,2017-02-14 20:27:59+00:00,5.1.41,2,-1913.2205439814816,True,True,True,Before disclosure
MySQL,5.1.39,CVE-2017-3586,2022-05-13 01:45:42+00:00,2017-04-17 18:23:36+00:00,5.1.42,2,-1851.3070138888888,True,True,True,Before disclosure
MySQL,5.1.39,CVE-2017-3589,2022-05-13 01:45:42+00:00,2017-04-17 18:23:36+00:00,5.1.42,2,-1851.3070138888888,True,True,True,Before disclosure
MySQL,5.1.39,CVE-2018-3258,2022-05-13 01:52:26+00:00,2018-09-27 09:18:47+00:00,8.0.13,2,-1323.6900347222222,True,True,True,Before disclosure
MySQL,5.1.39,CVE-2019-2692,2020-07-01 17:12:20+00:00,2019-03-20 19:08:52+00:00,8.0.16,2,-468.91907407407405,True,True,True,Before disclosure
MySQL,5.1.39,CVE-2020-2934,2020-04-15 14:15:36.453000+00:00,2020-07-14 00:00:00+00:00,5.1.49,2,89.40582809027778,True,True,True,31–180 days
MySQL,5.1.39,CVE-2022-21363,2022-01-20 00:00:48+00:00,2021-12-16 00:25:41+00:00,8.0.28,2,-34.98271990740741,True,True,True,Before disclosure
MySQL,5.1.39,CVE-2023-22102,2023-10-18 00:31:42+00:00,2023-10-25 08:46:05+00:00,8.2.0,2,7.3433217592592595,True,True,True,2–30 days
MySQL,5.1.40,CVE-2017-3523,2022-05-13 01:45:34+00:00,2017-02-14 20:27:59+00:00,5.1.41,2,-1913.2205439814816,True,True,True,Before disclosure
MySQL,5.1.40,CVE-2017-3586,2022-05-13 01:45:42+00:00,2017-04-17 18:23:36+00:00,5.1.42,2,-1851.3070138888888,True,True,True,Before disclosure
MySQL,5.1.40,CVE-2017-3589,2022-05-13 01:45:42+00:00,2017-04-17 18:23:36+00:00,5.1.42,2,-1851.3070138888888,True,True,True,Before disclosure
MySQL,5.1.40,CVE-2018-3258,2022-05-13 01:52:26+00:00,2018-09-27 09:18:47+00:00,8.0.13,2,-1323.6900347222222,True,True,True,Before disclosure
MySQL,5.1.40,CVE-2019-2692,2020-07-01 17:12:20+00:00,2019-03-20 19:08:52+00:00,8.0.16,2,-468.91907407407405,True,True,True,Before disclosure
MySQL,5.1.40,CVE-2020-2934,2020-04-15 14:15:36.453000+00:00,2020-07-14 00:00:00+00:00,5.1.49,2,89.40582809027778,True,True,True,31–180 days
MySQL,5.1.40,CVE-2022-21363,2022-01-20 00:00:48+00:00,2021-12-16 00:25:41+00:00,8.0.28,2,-34.98271990740741,True,True,True,Before disclosure
MySQL,5.1.40,CVE-2023-22102,2023-10-18 00:31:42+00:00,2023-10-25 08:46:05+00:00,8.2.0,2,7.3433217592592595,True,True,True,2–30 days
MySQL,5.1.42,CVE-2018-3258,2022-05-13 01:52:26+00:00,2018-09-27 09:18:47+00:00,8.0.13,2,-1323.6900347222222,True,True,True,Before disclosure
MySQL,5.1.42,CVE-2019-2692,2020-07-01 17:12:20+00:00,2019-03-20 19:08:52+00:00,8.0.16,2,-468.91907407407405,True,True,True,Before disclosure
MySQL,5.1.42,CVE-2020-2934,2020-04-15 14:15:36.453000+00:00,2020-07-14 00:00:00+00:00,5.1.49,2,89.40582809027778,True,True,True,31–180 days
MySQL,5.1.42,CVE-2022-21363,2022-01-20 00:00:48+00:00,2021-12-16 00:25:41+00:00,8.0.28,2,-34.98271990740741,True,True,True,Before disclosure
MySQL,5.1.42,CVE-2023-22102,2023-10-18 00:31:42+00:00,2023-10-25 08:46:05+00:00,8.2.0,2,7.3433217592592595,True,True,True,2–30 days
MySQL,5.1.43,CVE-2018-3258,2022-05-13 01:52:26+00:00,2018-09-27 09:18:47+00:00,8.0.13,2,-1323.6900347222222,True,True,True,Before disclosure
MySQL,5.1.43,CVE-2019-2692,2020-07-01 17:12:20+00:00,2019-03-20 19:08:52+00:00,8.0.16,2,-468.91907407407405,True,True,True,Before disclosure
MySQL,5.1.43,CVE-2020-2934,2020-04-15 14:15:36.453000+00:00,2020-07-14 00:00:00+00:00,5.1.49,2,89.40582809027778,True,True,True,31–180 days
MySQL,5.1.43,CVE-2022-21363,2022-01-20 00:00:48+00:00,2021-12-16 00:25:41+00:00,8.0.28,2,-34.98271990740741,True,True,True,Before disclosure
MySQL,5.1.43,CVE-2023-22102,2023-10-18 00:31:42+00:00,2023-10-25 08:46:05+00:00,8.2.0,2,7.3433217592592595,True,True,True,2–30 days
MySQL,5.1.44,CVE-2018-3258,2022-05-13 01:52:26+00:00,2018-09-27 09:18:47+00:00,8.0.13,2,-1323.6900347222222,True,True,True,Before disclosure
MySQL,5.1.44,CVE-2019-2692,2020-07-01 17:12:20+00:00,2019-03-20 19:08:52+00:00,8.0.16,2,-468.91907407407405,True,True,True,Before disclosure
MySQL,5.1.44,CVE-2020-2934,2020-04-15 14:15:36.453000+00:00,2020-07-14 00:00:00+00:00,5.1.49,2,89.40582809027778,True,True,True,31–180 days
MySQL,5.1.44,CVE-2022-21363,2022-01-20 00:00:48+00:00,2021-12-16 00:25:41+00:00,8.0.28,2,-34.98271990740741,True,True,True,Before disclosure
MySQL,5.1.44,CVE-2023-22102,2023-10-18 00:31:42+00:00,2023-10-25 08:46:05+00:00,8.2.0,2,7.3433217592592595,True,True,True,2–30 days
MySQL,5.1.45,CVE-2018-3258,2022-05-13 01:52:26+00:00,2018-09-27 09:18:47+00:00,8.0.13,3,-1323.6900347222222,True,True,True,Before disclosure
MySQL,5.1.45,CVE-2019-2692,2020-07-01 17:12:20+00:00,2019-03-20 19:08:52+00:00,8.0.16,3,-468.91907407407405,True,True,True,Before disclosure
MySQL,5.1.45,CVE-2020-2934,2020-04-15 14:15:36.453000+00:00,2020-07-14 00:00:00+00:00,5.1.49,3,89.40582809027778,True,True,True,31–180 days
MySQL,5.1.45,CVE-2022-21363,2022-01-20 00:00:48+00:00,2021-12-16 00:25:41+00:00,8.0.28,3,-34.98271990740741,True,True,True,Before disclosure
MySQL,5.1.45,CVE-2023-22102,2023-10-18 00:31:42+00:00,2023-10-25 08:46:05+00:00,8.2.0,3,7.3433217592592595,True,True,True,2–30 days
MySQL,5.1.46,CVE-2018-3258,2022-05-13 01:52:26+00:00,2018-09-27 09:18:47+00:00,8.0.13,3,-1323.6900347222222,True,True,True,Before disclosure
MySQL,5.1.46,CVE-2019-2692,2020-07-01 17:12:20+00:00,2019-03-20 19:08:52+00:00,8.0.16,3,-468.91907407407405,True,True,True,Before disclosure
MySQL,5.1.46,CVE-2020-2934,2020-04-15 14:15:36.453000+00:00,2020-07-14 00:00:00+00:00,5.1.49,3,89.40582809027778,True,True,True,31–180 days
MySQL,5.1.46,CVE-2022-21363,2022-01-20 00:00:48+00:00,2021-12-16 00:25:41+00:00,8.0.28,3,-34.98271990740741,True,True,True,Before disclosure
MySQL,5.1.46,CVE-2023-22102,2023-10-18 00:31:42+00:00,2023-10-25 08:46:05+00:00,8.2.0,3,7.3433217592592595,True,True,True,2–30 days
MySQL,5.1.47,CVE-2018-3258,2022-05-13 01:52:26+00:00,2018-09-27 09:18:47+00:00,8.0.13,4,-1323.6900347222222,True,True,True,Before disclosure
MySQL,5.1.47,CVE-2019-2692,2020-07-01 17:12:20+00:00,2019-03-20 19:08:52+00:00,8.0.16,4,-468.91907407407405,True,True,True,Before disclosure
MySQL,5.1.47,CVE-2020-2934,2020-04-15 14:15:36.453000+00:00,2020-07-14 00:00:00+00:00,5.1.49,4,89.40582809027778,True,True,True,31–180 days
MySQL,5.1.47,CVE-2022-21363,2022-01-20 00:00:48+00:00,2021-12-16 00:25:41+00:00,8.0.28,4,-34.98271990740741,True,True,True,Before disclosure
MySQL,5.1.47,CVE-2023-22102,2023-10-18 00:31:42+00:00,2023-10-25 08:46:05+00:00,8.2.0,4,7.3433217592592595,True,True,True,2–30 days
MySQL,5.1.48,CVE-2018-3258,2022-05-13 01:52:26+00:00,2018-09-27 09:18:47+00:00,8.0.13,3,-1323.6900347222222,True,True,True,Before disclosure
MySQL,5.1.48,CVE-2019-2692,2020-07-01 17:12:20+00:00,2019-03-20 19:08:52+00:00,8.0.16,3,-468.91907407407405,True,True,True,Before disclosure
MySQL,5.1.48,CVE-2020-2934,2020-04-15 14:15:36.453000+00:00,2020-07-14 00:00:00+00:00,5.1.49,3,89.40582809027778,True,True,True,31–180 days
MySQL,5.1.48,CVE-2022-21363,2022-01-20 00:00:48+00:00,2021-12-16 00:25:41+00:00,8.0.28,3,-34.98271990740741,True,True,True,Before disclosure
MySQL,5.1.48,CVE-2023-22102,2023-10-18 00:31:42+00:00,2023-10-25 08:46:05+00:00,8.2.0,3,7.3433217592592595,True,True,True,2–30 days
MySQL,5.1.49,CVE-2018-3258,2022-05-13 01:52:26+00:00,2018-09-27 09:18:47+00:00,8.0.13,1,-1323.6900347222222,True,True,True,Before disclosure
MySQL,5.1.49,CVE-2019-2692,2020-07-01 17:12:20+00:00,2019-03-20 19:08:52+00:00,8.0.16,1,-468.91907407407405,True,True,True,Before disclosure
MySQL,5.1.49,CVE-2022-21363,2022-01-20 00:00:48+00:00,2021-12-16 00:25:41+00:00,8.0.28,1,-34.98271990740741,True,True,True,Before disclosure
MySQL,5.1.49,CVE-2023-22102,2023-10-18 00:31:42+00:00,2023-10-25 08:46:05+00:00,8.2.0,1,7.3433217592592595,True,True,True,2–30 days
MySQL,5.1.6,CVE-2015-2575,2022-05-17 00:25:07+00:00,2015-05-08 10:55:46+00:00,5.1.35,3,-2565.562048611111,True,True,True,Before disclosure
MySQL,5.1.6,CVE-2017-3523,2022-05-13 01:45:34+00:00,2017-02-14 20:27:59+00:00,5.1.41,3,-1913.2205439814816,True,True,True,Before disclosure
MySQL,5.1.6,CVE-2017-3586,2022-05-13 01:45:42+00:00,2017-04-17 18:23:36+00:00,5.1.42,3,-1851.3070138888888,True,True,True,Before disclosure
MySQL,5.1.6,CVE-2017-3589,2022-05-13 01:45:42+00:00,2017-04-17 18:23:36+00:00,5.1.42,3,-1851.3070138888888,True,True,True,Before disclosure
MySQL,5.1.6,CVE-2018-3258,2022-05-13 01:52:26+00:00,2018-09-27 09:18:47+00:00,8.0.13,3,-1323.6900347222222,True,True,True,Before disclosure
MySQL,5.1.6,CVE-2019-2692,2020-07-01 17:12:20+00:00,2019-03-20 19:08:52+00:00,8.0.16,3,-468.91907407407405,True,True,True,Before disclosure
MySQL,5.1.6,CVE-2020-2934,2020-04-15 14:15:36.453000+00:00,2020-07-14 00:00:00+00:00,5.1.49,3,89.40582809027778,True,True,True,31–180 days
MySQL,5.1.6,CVE-2022-21363,2022-01-20 00:00:48+00:00,2021-12-16 00:25:41+00:00,8.0.28,3,-34.98271990740741,True,True,True,Before disclosure
MySQL,5.1.6,CVE-2023-22102,2023-10-18 00:31:42+00:00,2023-10-25 08:46:05+00:00,8.2.0,3,7.3433217592592595,True,True,True,2–30 days
MySQL,5.1.9,CVE-2015-2575,2022-05-17 00:25:07+00:00,2015-05-08 10:55:46+00:00,5.1.35,1,-2565.562048611111,True,True,True,Before disclosure
MySQL,5.1.9,CVE-2017-3523,2022-05-13 01:45:34+00:00,2017-02-14 20:27:59+00:00,5.1.41,1,-1913.2205439814816,True,True,True,Before disclosure
MySQL,5.1.9,CVE-2017-3586,2022-05-13 01:45:42+00:00,2017-04-17 18:23:36+00:00,5.1.42,1,-1851.3070138888888,True,True,True,Before disclosure
MySQL,5.1.9,CVE-2017-3589,2022-05-13 01:45:42+00:00,2017-04-17 18:23:36+00:00,5.1.42,1,-1851.3070138888888,True,True,True,Before disclosure
MySQL,5.1.9,CVE-2018-3258,2022-05-13 01:52:26+00:00,2018-09-27 09:18:47+00:00,8.0.13,1,-1323.6900347222222,True,True,True,Before disclosure
MySQL,5.1.9,CVE-2019-2692,2020-07-01 17:12:20+00:00,2019-03-20 19:08:52+00:00,8.0.16,1,-468.91907407407405,True,True,True,Before disclosure
MySQL,5.1.9,CVE-2020-2934,2020-04-15 14:15:36.453000+00:00,2020-07-14 00:00:00+00:00,5.1.49,1,89.40582809027778,True,True,True,31–180 days
MySQL,5.1.9,CVE-2022-21363,2022-01-20 00:00:48+00:00,2021-12-16 00:25:41+00:00,8.0.28,1,-34.98271990740741,True,True,True,Before disclosure
MySQL,5.1.9,CVE-2023-22102,2023-10-18 00:31:42+00:00,2023-10-25 08:46:05+00:00,8.2.0,1,7.3433217592592595,True,True,True,2–30 days
MySQL,6.0.5,CVE-2018-3258,2022-05-13 01:52:26+00:00,2018-09-27 09:18:47+00:00,8.0.13,2,-1323.6900347222222,True,True,True,Before disclosure
MySQL,6.0.5,CVE-2019-2692,2020-07-01 17:12:20+00:00,2019-03-20 19:08:52+00:00,8.0.16,2,-468.91907407407405,True,True,True,Before disclosure
MySQL,6.0.5,CVE-2021-2471,2021-10-20 11:16:17.117000+00:00,2021-09-28 18:17:43+00:00,,2,-21.70733931712963,True,True,False,Before disclosure
MySQL,6.0.5,CVE-2022-21363,2022-01-20 00:00:48+00:00,2021-12-16 00:25:41+00:00,8.0.28,2,-34.98271990740741,True,True,True,Before disclosure
MySQL,6.0.5,CVE-2023-22102,2023-10-18 00:31:42+00:00,2023-10-25 08:46:05+00:00,8.2.0,2,7.3433217592592595,True,True,True,2–30 days
MySQL,6.0.6,CVE-2018-3258,2022-05-13 01:52:26+00:00,2018-09-27 09:18:47+00:00,8.0.13,2,-1323.6900347222222,True,True,True,Before disclosure
MySQL,6.0.6,CVE-2019-2692,2020-07-01 17:12:20+00:00,2019-03-20 19:08:52+00:00,8.0.16,2,-468.91907407407405,True,True,True,Before disclosure
MySQL,6.0.6,CVE-2021-2471,2021-10-20 11:16:17.117000+00:00,2021-09-28 18:17:43+00:00,,2,-21.70733931712963,True,True,False,Before disclosure
MySQL,6.0.6,CVE-2022-21363,2022-01-20 00:00:48+00:00,2021-12-16 00:25:41+00:00,8.0.28,2,-34.98271990740741,True,True,True,Before disclosure
MySQL,6.0.6,CVE-2023-22102,2023-10-18 00:31:42+00:00,2023-10-25 08:46:05+00:00,8.2.0,2,7.3433217592592595,True,True,True,2–30 days
MySQL,8.0.12,CVE-2018-3258,2022-05-13 01:52:26+00:00,2018-09-27 09:18:47+00:00,8.0.13,1,-1323.6900347222222,True,True,True,Before disclosure
MySQL,8.0.12,CVE-2019-2692,2020-07-01 17:12:20+00:00,2019-03-20 19:08:52+00:00,8.0.16,1,-468.91907407407405,True,True,True,Before disclosure
MySQL,8.0.12,CVE-2020-2934,2020-04-15 14:15:36.453000+00:00,2020-07-14 00:00:00+00:00,8.0.21,1,89.40582809027778,True,True,True,31–180 days
MySQL,8.0.12,CVE-2021-2471,2022-05-24 19:18:20+00:00,2021-09-28 18:17:43+00:00,8.0.27,1,-238.0420949074074,True,True,True,Before disclosure
MySQL,8.0.12,CVE-2022-21363,2022-01-20 00:00:48+00:00,2021-12-16 00:25:41+00:00,8.0.28,1,-34.98271990740741,True,True,True,Before disclosure
MySQL,8.0.12,CVE-2023-22102,2023-10-18 00:31:42+00:00,2023-10-25 08:46:05+00:00,8.2.0,1,7.3433217592592595,True,True,True,2–30 days
MySQL,8.0.13,CVE-2019-2692,2020-07-01 17:12:20+00:00,2019-03-20 19:08:52+00:00,8.0.16,3,-468.91907407407405,True,True,True,Before disclosure
MySQL,8.0.13,CVE-2020-2934,2020-04-15 14:15:36.453000+00:00,2020-07-14 00:00:00+00:00,8.0.21,3,89.40582809027778,True,True,True,31–180 days
MySQL,8.0.13,CVE-2021-2471,2022-05-24 19:18:20+00:00,2021-09-28 18:17:43+00:00,8.0.27,3,-238.0420949074074,True,True,True,Before disclosure
MySQL,8.0.13,CVE-2022-21363,2022-01-20 00:00:48+00:00,2021-12-16 00:25:41+00:00,8.0.28,3,-34.98271990740741,True,True,True,Before disclosure
MySQL,8.0.13,CVE-2023-22102,2023-10-18 00:31:42+00:00,2023-10-25 08:46:05+00:00,8.2.0,3,7.3433217592592595,True,True,True,2–30 days
MySQL,8.0.15,CVE-2019-2692,2020-07-01 17:12:20+00:00,2019-03-20 19:08:52+00:00,8.0.16,1,-468.91907407407405,True,True,True,Before disclosure
MySQL,8.0.15,CVE-2020-2934,2020-04-15 14:15:36.453000+00:00,2020-07-14 00:00:00+00:00,8.0.21,1,89.40582809027778,True,True,True,31–180 days
MySQL,8.0.15,CVE-2021-2471,2022-05-24 19:18:20+00:00,2021-09-28 18:17:43+00:00,8.0.27,1,-238.0420949074074,True,True,True,Before disclosure
MySQL,8.0.15,CVE-2022-21363,2022-01-20 00:00:48+00:00,2021-12-16 00:25:41+00:00,8.0.28,1,-34.98271990740741,True,True,True,Before disclosure
MySQL,8.0.15,CVE-2023-22102,2023-10-18 00:31:42+00:00,2023-10-25 08:46:05+00:00,8.2.0,1,7.3433217592592595,True,True,True,2–30 days
MySQL,8.0.16,CVE-2020-2934,2020-04-15 14:15:36.453000+00:00,2020-07-14 00:00:00+00:00,8.0.21,5,89.40582809027778,True,True,True,31–180 days
MySQL,8.0.16,CVE-2021-2471,2022-05-24 19:18:20+00:00,2021-09-28 18:17:43+00:00,8.0.27,5,-238.0420949074074,True,True,True,Before disclosure
MySQL,8.0.16,CVE-2022-21363,2022-01-20 00:00:48+00:00,2021-12-16 00:25:41+00:00,8.0.28,5,-34.98271990740741,True,True,True,Before disclosure
MySQL,8.0.16,CVE-2023-22102,2023-10-18 00:31:42+00:00,2023-10-25 08:46:05+00:00,8.2.0,5,7.3433217592592595,True,True,True,2–30 days
MySQL,8.0.17,CVE-2020-2934,2020-04-15 14:15:36.453000+00:00,2020-07-14 00:00:00+00:00,8.0.21,3,89.40582809027778,True,True,True,31–180 days
MySQL,8.0.17,CVE-2021-2471,2022-05-24 19:18:20+00:00,2021-09-28 18:17:43+00:00,8.0.27,3,-238.0420949074074,True,True,True,Before disclosure
MySQL,8.0.17,CVE-2022-21363,2022-01-20 00:00:48+00:00,2021-12-16 00:25:41+00:00,8.0.28,3,-34.98271990740741,True,True,True,Before disclosure
MySQL,8.0.17,CVE-2023-22102,2023-10-18 00:31:42+00:00,2023-10-25 08:46:05+00:00,8.2.0,3,7.3433217592592595,True,True,True,2–30 days
MySQL,8.0.18,CVE-2020-2934,2020-04-15 14:15:36.453000+00:00,2020-07-14 00:00:00+00:00,8.0.21,1,89.40582809027778,True,True,True,31–180 days
MySQL,8.0.18,CVE-2021-2471,2022-05-24 19:18:20+00:00,2021-09-28 18:17:43+00:00,8.0.27,1,-238.0420949074074,True,True,True,Before disclosure
MySQL,8.0.18,CVE-2022-21363,2022-01-20 00:00:48+00:00,2021-12-16 00:25:41+00:00,8.0.28,1,-34.98271990740741,True,True,True,Before disclosure
MySQL,8.0.18,CVE-2023-22102,2023-10-18 00:31:42+00:00,2023-10-25 08:46:05+00:00,8.2.0,1,7.3433217592592595,True,True,True,2–30 days
MySQL,8.0.19,CVE-2020-2934,2020-04-15 14:15:36.453000+00:00,2020-07-14 00:00:00+00:00,8.0.21,2,89.40582809027778,True,True,True,31–180 days
MySQL,8.0.19,CVE-2021-2471,2022-05-24 19:18:20+00:00,2021-09-28 18:17:43+00:00,8.0.27,2,-238.0420949074074,True,True,True,Before disclosure
MySQL,8.0.19,CVE-2022-21363,2022-01-20 00:00:48+00:00,2021-12-16 00:25:41+00:00,8.0.28,2,-34.98271990740741,True,True,True,Before disclosure
MySQL,8.0.19,CVE-2023-22102,2023-10-18 00:31:42+00:00,2023-10-25 08:46:05+00:00,8.2.0,2,7.3433217592592595,True,True,True,2–30 days
MySQL,8.0.20,CVE-2021-2471,2022-05-24 19:18:20+00:00,2021-09-28 18:17:43+00:00,8.0.27,2,-238.0420949074074,True,True,True,Before disclosure
MySQL,8.0.20,CVE-2022-21363,2022-01-20 00:00:48+00:00,2021-12-16 00:25:41+00:00,8.0.28,2,-34.98271990740741,True,True,True,Before disclosure
MySQL,8.0.20,CVE-2023-22102,2023-10-18 00:31:42+00:00,2023-10-25 08:46:05+00:00,8.2.0,2,7.3433217592592595,True,True,True,2–30 days
MySQL,8.0.21,CVE-2021-2471,2022-05-24 19:18:20+00:00,2021-09-28 18:17:43+00:00,8.0.27,6,-238.0420949074074,True,True,True,Before disclosure
MySQL,8.0.21,CVE-2022-21363,2022-01-20 00:00:48+00:00,2021-12-16 00:25:41+00:00,8.0.28,6,-34.98271990740741,True,True,True,Before disclosure
MySQL,8.0.21,CVE-2023-22102,2023-10-18 00:31:42+00:00,2023-10-25 08:46:05+00:00,8.2.0,6,7.3433217592592595,True,True,True,2–30 days
MySQL,8.0.22,CVE-2021-2471,2022-05-24 19:18:20+00:00,2021-09-28 18:17:43+00:00,8.0.27,6,-238.0420949074074,True,True,True,Before disclosure
MySQL,8.0.22,CVE-2022-21363,2022-01-20 00:00:48+00:00,2021-12-16 00:25:41+00:00,8.0.28,6,-34.98271990740741,True,True,True,Before disclosure
MySQL,8.0.22,CVE-2023-22102,2023-10-18 00:31:42+00:00,2023-10-25 08:46:05+00:00,8.2.0,6,7.3433217592592595,True,True,True,2–30 days
MySQL,8.0.23,CVE-2021-2471,2022-05-24 19:18:20+00:00,2021-09-28 18:17:43+00:00,8.0.27,4,-238.0420949074074,True,True,True,Before disclosure
MySQL,8.0.23,CVE-2022-21363,2022-01-20 00:00:48+00:00,2021-12-16 00:25:41+00:00,8.0.28,4,-34.98271990740741,True,True,True,Before disclosure
MySQL,8.0.23,CVE-2023-22102,2023-10-18 00:31:42+00:00,2023-10-25 08:46:05+00:00,8.2.0,4,7.3433217592592595,True,True,True,2–30 days
MySQL,8.0.24,CVE-2021-2471,2022-05-24 19:18:20+00:00,2021-09-28 18:17:43+00:00,8.0.27,4,-238.0420949074074,True,True,True,Before disclosure
MySQL,8.0.24,CVE-2022-21363,2022-01-20 00:00:48+00:00,2021-12-16 00:25:41+00:00,8.0.28,4,-34.98271990740741,True,True,True,Before disclosure
MySQL,8.0.24,CVE-2023-22102,2023-10-18 00:31:42+00:00,2023-10-25 08:46:05+00:00,8.2.0,4,7.3433217592592595,True,True,True,2–30 days
MySQL,8.0.25,CVE-2021-2471,2022-05-24 19:18:20+00:00,2021-09-28 18:17:43+00:00,8.0.27,2,-238.0420949074074,True,True,True,Before disclosure
MySQL,8.0.25,CVE-2022-21363,2022-01-20 00:00:48+00:00,2021-12-16 00:25:41+00:00,8.0.28,2,-34.98271990740741,True,True,True,Before disclosure
MySQL,8.0.25,CVE-2023-22102,2023-10-18 00:31:42+00:00,2023-10-25 08:46:05+00:00,8.2.0,2,7.3433217592592595,True,True,True,2–30 days
MySQL,8.0.26,CVE-2021-2471,2022-05-24 19:18:20+00:00,2021-09-28 18:17:43+00:00,8.0.27,4,-238.0420949074074,True,True,True,Before disclosure
MySQL,8.0.26,CVE-2022-21363,2022-01-20 00:00:48+00:00,2021-12-16 00:25:41+00:00,8.0.28,4,-34.98271990740741,True,True,True,Before disclosure
MySQL,8.0.26,CVE-2023-22102,2023-10-18 00:31:42+00:00,2023-10-25 08:46:05+00:00,8.2.0,4,7.3433217592592595,True,True,True,2–30 days
MySQL,8.0.27,CVE-2022-21363,2022-01-20 00:00:48+00:00,2021-12-16 00:25:41+00:00,8.0.28,6,-34.98271990740741,True,True,True,Before disclosure
MySQL,8.0.27,CVE-2023-22102,2023-10-18 00:31:42+00:00,2023-10-25 08:46:05+00:00,8.2.0,6,7.3433217592592595,True,True,True,2–30 days
MySQL,8.0.28,CVE-2023-22102,2023-10-18 00:31:42+00:00,2023-10-25 08:46:05+00:00,8.2.0,12,7.3433217592592595,True,True,True,2–30 days
MySQL,8.0.29,CVE-2023-22102,2023-10-18 00:31:42+00:00,2023-10-25 08:46:05+00:00,8.2.0,5,7.3433217592592595,True,True,True,2–30 days
MySQL,8.0.30,CVE-2023-22102,2023-10-18 00:31:42+00:00,2023-10-25 08:46:05+00:00,8.2.0,4,7.3433217592592595,True,True,True,2–30 days
MySQL,8.0.31,CVE-2023-22102,2023-10-17 22:15:15.100000+00:00,2023-10-25 08:46:05+00:00,8.2.0,2,7.438077546296297,True,True,True,2–30 days
MySQL,8.0.32,CVE-2023-22102,2023-10-17 22:15:15.100000+00:00,2023-10-25 08:46:05+00:00,8.2.0,7,7.438077546296297,True,True,True,2–30 days
MySQL,8.0.33,CVE-2023-22102,2023-10-17 22:15:15.100000+00:00,2023-10-25 08:46:05+00:00,8.2.0,8,7.438077546296297,True,True,True,2–30 days
MySQL,8.1.0,CVE-2023-22102,2023-10-17 22:15:15.100000+00:00,2023-10-25 08:46:05+00:00,8.2.0,4,7.438077546296297,True,True,True,2–30 days
Neo4j,1.9.2,CVE-2013-7259,2022-05-17 04:38:50+00:00,2014-12-02 19:10:17+00:00,2.2.0-M01,1,-2722.3948263888888,True,True,True,Before disclosure
Neo4j,1.9.2,CVE-2021-34371,2021-09-01 18:31:29+00:00,2018-11-26 13:18:02+00:00,3.5.0,1,-1010.2176736111111,True,True,True,Before disclosure
Neo4j,1.9.2,CVE-2026-1337,2026-02-06 15:31:03+00:00,2026-02-06 00:00:00+00:00,2026.01,1,-0.6465625,True,True,True,Before disclosure
PostgreSQL,42.0.0,CVE-2018-10936,2018-08-30 13:29:00.377000+00:00,2018-08-27 15:43:21+00:00,42.2.5,1,-2.906705752314815,True,True,True,Before disclosure
PostgreSQL,42.0.0,CVE-2020-13692,2022-02-10 00:30:07+00:00,2020-06-04 13:16:11+00:00,42.2.13,1,-615.4680092592592,True,True,True,Before disclosure
PostgreSQL,42.0.0,CVE-2022-26520,2022-03-10 17:47:45.810000+00:00,2022-02-15 19:06:43+00:00,42.3.3,1,-22.945171412037038,True,True,True,Before disclosure
PostgreSQL,42.0.0,CVE-2022-41946,2022-11-23 20:15:10.253000+00:00,2022-11-23 00:00:00+00:00,42.2.27,1,-0.8438686689814816,True,True,True,Before disclosure
PostgreSQL,42.0.0,GHSA-xfg6-62px-cxc2,2024-02-19 15:30:38+00:00,2019-09-13 17:15:52+00:00,42.2.8,1,-1619.9269212962963,True,True,True,Before disclosure
PostgreSQL,42.1.1,CVE-2018-10936,2018-08-30 13:29:00.377000+00:00,2018-08-27 15:43:21+00:00,42.2.5,1,-2.906705752314815,True,True,True,Before disclosure
PostgreSQL,42.1.1,CVE-2020-13692,2022-02-10 00:30:07+00:00,2020-06-04 13:16:11+00:00,42.2.13,1,-615.4680092592592,True,True,True,Before disclosure
PostgreSQL,42.1.1,CVE-2022-26520,2022-03-11 00:02:02+00:00,2022-02-15 19:06:43+00:00,42.3.3,1,-23.20508101851852,True,True,True,Before disclosure
PostgreSQL,42.1.1,CVE-2022-41946,2022-11-23 20:15:10.253000+00:00,2022-11-23 00:00:00+00:00,42.2.27,1,-0.8438686689814816,True,True,True,Before disclosure
PostgreSQL,42.1.1,GHSA-673j-qm5f-xpv8,2022-02-16 00:08:18+00:00,2022-02-15 19:06:43+00:00,42.3.3,1,-0.20943287037037037,True,True,True,Before disclosure
PostgreSQL,42.1.1,GHSA-xfg6-62px-cxc2,2024-02-19 15:30:38+00:00,2019-09-13 17:15:52+00:00,42.2.8,1,-1619.9269212962963,True,True,True,Before disclosure
PostgreSQL,42.1.1.jre7,CVE-2018-10936,2018-08-30 13:29:00.377000+00:00,2018-08-27 15:43:21+00:00,42.2.5,1,-2.906705752314815,True,True,True,Before disclosure
PostgreSQL,42.1.1.jre7,CVE-2020-13692,2022-02-10 00:30:07+00:00,2020-06-04 13:16:11+00:00,42.2.13,1,-615.4680092592592,True,True,True,Before disclosure
PostgreSQL,42.1.1.jre7,CVE-2022-26520,2022-03-11 00:02:02+00:00,2022-02-15 19:06:43+00:00,42.3.3,1,-23.20508101851852,True,True,True,Before disclosure
PostgreSQL,42.1.1.jre7,CVE-2022-41946,2022-11-23 20:15:10.253000+00:00,2022-11-23 00:00:00+00:00,42.2.27.jre7,1,-0.8438686689814816,True,True,True,Before disclosure
PostgreSQL,42.1.1.jre7,GHSA-673j-qm5f-xpv8,2022-02-16 00:08:18+00:00,2022-02-15 19:06:43+00:00,42.3.3,1,-0.20943287037037037,True,True,True,Before disclosure
PostgreSQL,42.1.1.jre7,GHSA-xfg6-62px-cxc2,2024-02-19 15:30:38+00:00,2019-09-13 17:15:52+00:00,42.2.8,1,-1619.9269212962963,True,True,True,Before disclosure
PostgreSQL,42.1.4,CVE-2018-10936,2018-08-30 13:29:00.377000+00:00,2018-08-27 15:43:21+00:00,42.2.5,2,-2.906705752314815,True,True,True,Before disclosure
PostgreSQL,42.1.4,CVE-2020-13692,2022-02-10 00:30:07+00:00,2020-06-04 13:16:11+00:00,42.2.13,2,-615.4680092592592,True,True,True,Before disclosure
PostgreSQL,42.1.4,CVE-2022-26520,2022-03-11 00:02:02+00:00,2022-02-15 19:06:43+00:00,42.3.3,2,-23.20508101851852,True,True,True,Before disclosure
PostgreSQL,42.1.4,CVE-2022-41946,2022-11-23 20:15:10.253000+00:00,2022-11-23 00:00:00+00:00,42.2.27,2,-0.8438686689814816,True,True,True,Before disclosure
PostgreSQL,42.1.4,GHSA-673j-qm5f-xpv8,2022-02-16 00:08:18+00:00,2022-02-15 19:06:43+00:00,42.3.3,2,-0.20943287037037037,True,True,True,Before disclosure
PostgreSQL,42.1.4,GHSA-xfg6-62px-cxc2,2024-02-19 15:30:38+00:00,2019-09-13 17:15:52+00:00,42.2.8,2,-1619.9269212962963,True,True,True,Before disclosure
PostgreSQL,42.1.4.jre6,CVE-2018-10936,2018-08-30 13:29:00.377000+00:00,2018-08-27 15:43:21+00:00,42.2.5,1,-2.906705752314815,True,True,True,Before disclosure
PostgreSQL,42.1.4.jre6,CVE-2020-13692,2022-02-10 00:30:07+00:00,2020-06-04 13:16:11+00:00,42.2.13,1,-615.4680092592592,True,True,True,Before disclosure
PostgreSQL,42.1.4.jre6,CVE-2022-26520,2022-03-11 00:02:02+00:00,2022-02-15 19:06:43+00:00,42.3.3,1,-23.20508101851852,True,True,True,Before disclosure
PostgreSQL,42.1.4.jre6,CVE-2022-41946,2022-11-23 20:15:10.253000+00:00,2022-11-23 00:00:00+00:00,42.2.27,1,-0.8438686689814816,True,True,True,Before disclosure
PostgreSQL,42.1.4.jre6,GHSA-673j-qm5f-xpv8,2022-02-16 00:08:18+00:00,2022-02-15 19:06:43+00:00,42.3.3,1,-0.20943287037037037,True,True,True,Before disclosure
PostgreSQL,42.1.4.jre6,GHSA-xfg6-62px-cxc2,2024-02-19 15:30:38+00:00,2019-09-13 17:15:52+00:00,42.2.8,1,-1619.9269212962963,True,True,True,Before disclosure
PostgreSQL,42.1.4.jre7,CVE-2018-10936,2018-08-30 13:29:00.377000+00:00,2018-08-27 15:43:21+00:00,42.2.5,1,-2.906705752314815,True,True,True,Before disclosure
PostgreSQL,42.1.4.jre7,CVE-2020-13692,2022-02-10 00:30:07+00:00,2020-06-04 13:16:11+00:00,42.2.13,1,-615.4680092592592,True,True,True,Before disclosure
PostgreSQL,42.1.4.jre7,CVE-2022-26520,2022-03-11 00:02:02+00:00,2022-02-15 19:06:43+00:00,42.3.3,1,-23.20508101851852,True,True,True,Before disclosure
PostgreSQL,42.1.4.jre7,CVE-2022-41946,2022-11-23 20:15:10.253000+00:00,2022-11-23 00:00:00+00:00,42.2.27.jre7,1,-0.8438686689814816,True,True,True,Before disclosure
PostgreSQL,42.1.4.jre7,GHSA-673j-qm5f-xpv8,2022-02-16 00:08:18+00:00,2022-02-15 19:06:43+00:00,42.3.3,1,-0.20943287037037037,True,True,True,Before disclosure
PostgreSQL,42.1.4.jre7,GHSA-xfg6-62px-cxc2,2024-02-19 15:30:38+00:00,2019-09-13 17:15:52+00:00,42.2.8,1,-1619.9269212962963,True,True,True,Before disclosure
PostgreSQL,42.2.10,CVE-2020-13692,2022-02-10 00:30:07+00:00,2020-06-04 13:16:11+00:00,42.2.13,1,-615.4680092592592,True,True,True,Before disclosure
PostgreSQL,42.2.10,CVE-2022-26520,2022-03-11 00:02:02+00:00,2022-02-15 19:06:43+00:00,42.3.3,1,-23.20508101851852,True,True,True,Before disclosure
PostgreSQL,42.2.10,CVE-2026-42198,2026-05-05 20:09:36+00:00,2026-04-29 00:00:00+00:00,42.7.11,1,-6.84,True,True,True,Before disclosure
PostgreSQL,42.2.10,GHSA-673j-qm5f-xpv8,2022-02-16 00:08:18+00:00,2022-02-15 19:06:43+00:00,42.3.3,1,-0.20943287037037037,True,True,True,Before disclosure
PostgreSQL,42.2.12,CVE-2020-13692,2022-02-10 00:30:07+00:00,2020-06-04 13:16:11+00:00,42.2.13,3,-615.4680092592592,True,True,True,Before disclosure
PostgreSQL,42.2.12,CVE-2022-26520,2022-03-11 00:02:02+00:00,2022-02-15 19:06:43+00:00,42.3.3,3,-23.20508101851852,True,True,True,Before disclosure
PostgreSQL,42.2.12,CVE-2026-42198,2026-05-05 20:09:36+00:00,2026-04-29 00:00:00+00:00,42.7.11,3,-6.84,True,True,True,Before disclosure
PostgreSQL,42.2.12,GHSA-673j-qm5f-xpv8,2022-02-16 00:08:18+00:00,2022-02-15 19:06:43+00:00,42.3.3,3,-0.20943287037037037,True,True,True,Before disclosure
PostgreSQL,42.2.12.jre6,CVE-2020-13692,2022-02-10 00:30:07+00:00,2020-06-04 13:16:11+00:00,42.2.13,1,-615.4680092592592,True,True,True,Before disclosure
PostgreSQL,42.2.12.jre6,CVE-2022-26520,2022-03-11 00:02:02+00:00,2022-02-15 19:06:43+00:00,42.3.3,1,-23.20508101851852,True,True,True,Before disclosure
PostgreSQL,42.2.12.jre6,CVE-2026-42198,2026-05-05 20:09:36+00:00,2026-04-29 00:00:00+00:00,42.7.11,1,-6.84,True,True,True,Before disclosure
PostgreSQL,42.2.12.jre6,GHSA-673j-qm5f-xpv8,2022-02-16 00:08:18+00:00,2022-02-15 19:06:43+00:00,42.3.3,1,-0.20943287037037037,True,True,True,Before disclosure
PostgreSQL,42.2.13.jre6,CVE-2022-26520,2022-03-11 00:02:02+00:00,2022-02-15 19:06:43+00:00,42.3.3,1,-23.20508101851852,True,True,True,Before disclosure
PostgreSQL,42.2.13.jre6,CVE-2026-42198,2026-05-05 20:09:36+00:00,2026-04-29 00:00:00+00:00,42.7.11,1,-6.84,True,True,True,Before disclosure
PostgreSQL,42.2.13.jre6,GHSA-673j-qm5f-xpv8,2022-02-16 00:08:18+00:00,2022-02-15 19:06:43+00:00,42.3.3,1,-0.20943287037037037,True,True,True,Before disclosure
PostgreSQL,42.2.14,CVE-2022-26520,2022-03-11 00:02:02+00:00,2022-02-15 19:06:43+00:00,42.3.3,3,-23.20508101851852,True,True,True,Before disclosure
PostgreSQL,42.2.14,CVE-2026-42198,2026-05-05 20:09:36+00:00,2026-04-29 00:00:00+00:00,42.7.11,3,-6.84,True,True,True,Before disclosure
PostgreSQL,42.2.14,GHSA-673j-qm5f-xpv8,2022-02-16 00:08:18+00:00,2022-02-15 19:06:43+00:00,42.3.3,3,-0.20943287037037037,True,True,True,Before disclosure
PostgreSQL,42.2.15,CVE-2022-26520,2022-03-11 00:02:02+00:00,2022-02-15 19:06:43+00:00,42.3.3,1,-23.20508101851852,True,True,True,Before disclosure
PostgreSQL,42.2.15,CVE-2026-42198,2026-05-05 20:09:36+00:00,2026-04-29 00:00:00+00:00,42.7.11,1,-6.84,True,True,True,Before disclosure
PostgreSQL,42.2.15,GHSA-673j-qm5f-xpv8,2022-02-16 00:08:18+00:00,2022-02-15 19:06:43+00:00,42.3.3,1,-0.20943287037037037,True,True,True,Before disclosure
PostgreSQL,42.2.16,CVE-2022-26520,2022-03-11 00:02:02+00:00,2022-02-15 19:06:43+00:00,42.3.3,2,-23.20508101851852,True,True,True,Before disclosure
PostgreSQL,42.2.16,CVE-2026-42198,2026-05-05 20:09:36+00:00,2026-04-29 00:00:00+00:00,42.7.11,2,-6.84,True,True,True,Before disclosure
PostgreSQL,42.2.16,GHSA-673j-qm5f-xpv8,2022-02-16 00:08:18+00:00,2022-02-15 19:06:43+00:00,42.3.3,2,-0.20943287037037037,True,True,True,Before disclosure
PostgreSQL,42.2.17,CVE-2022-26520,2022-03-11 00:02:02+00:00,2022-02-15 19:06:43+00:00,42.3.3,1,-23.20508101851852,True,True,True,Before disclosure
PostgreSQL,42.2.17,CVE-2026-42198,2026-05-05 20:09:36+00:00,2026-04-29 00:00:00+00:00,42.7.11,1,-6.84,True,True,True,Before disclosure
PostgreSQL,42.2.17,GHSA-673j-qm5f-xpv8,2022-02-16 00:08:18+00:00,2022-02-15 19:06:43+00:00,42.3.3,1,-0.20943287037037037,True,True,True,Before disclosure
PostgreSQL,42.2.18,CVE-2022-26520,2022-03-11 00:02:02+00:00,2022-02-15 19:06:43+00:00,42.3.3,4,-23.20508101851852,True,True,True,Before disclosure
PostgreSQL,42.2.18,CVE-2026-42198,2026-05-05 20:09:36+00:00,2026-04-29 00:00:00+00:00,42.7.11,4,-6.84,True,True,True,Before disclosure
PostgreSQL,42.2.18,GHSA-673j-qm5f-xpv8,2022-02-16 00:08:18+00:00,2022-02-15 19:06:43+00:00,42.3.3,4,-0.20943287037037037,True,True,True,Before disclosure
PostgreSQL,42.2.19,CVE-2022-26520,2022-03-11 00:02:02+00:00,2022-02-15 19:06:43+00:00,42.3.3,4,-23.20508101851852,True,True,True,Before disclosure
PostgreSQL,42.2.19,CVE-2026-42198,2026-05-05 20:09:36+00:00,2026-04-29 00:00:00+00:00,42.7.11,4,-6.84,True,True,True,Before disclosure
PostgreSQL,42.2.19,GHSA-673j-qm5f-xpv8,2022-02-16 00:08:18+00:00,2022-02-15 19:06:43+00:00,42.3.3,4,-0.20943287037037037,True,True,True,Before disclosure
PostgreSQL,42.2.19.jre7,CVE-2022-26520,2022-03-11 00:02:02+00:00,2022-02-15 19:06:43+00:00,42.3.3,1,-23.20508101851852,True,True,True,Before disclosure
PostgreSQL,42.2.19.jre7,CVE-2026-42198,2026-05-05 20:09:36+00:00,2026-04-29 00:00:00+00:00,42.7.11,1,-6.84,True,True,True,Before disclosure
PostgreSQL,42.2.19.jre7,GHSA-673j-qm5f-xpv8,2022-02-16 00:08:18+00:00,2022-02-15 19:06:43+00:00,42.3.3,1,-0.20943287037037037,True,True,True,Before disclosure
PostgreSQL,42.2.2,CVE-2018-10936,2018-08-30 13:29:00.377000+00:00,2018-08-27 15:43:21+00:00,42.2.5,1,-2.906705752314815,True,True,True,Before disclosure
PostgreSQL,42.2.2,CVE-2020-13692,2022-02-10 00:30:07+00:00,2020-06-04 13:16:11+00:00,42.2.13,1,-615.4680092592592,True,True,True,Before disclosure
PostgreSQL,42.2.2,CVE-2022-26520,2022-03-11 00:02:02+00:00,2022-02-15 19:06:43+00:00,42.3.3,1,-23.20508101851852,True,True,True,Before disclosure
PostgreSQL,42.2.2,CVE-2026-42198,2026-05-05 20:09:36+00:00,2026-04-29 00:00:00+00:00,42.7.11,1,-6.84,True,True,True,Before disclosure
PostgreSQL,42.2.2,GHSA-673j-qm5f-xpv8,2022-02-16 00:08:18+00:00,2022-02-15 19:06:43+00:00,42.3.3,1,-0.20943287037037037,True,True,True,Before disclosure
PostgreSQL,42.2.2,GHSA-xfg6-62px-cxc2,2024-02-19 15:30:38+00:00,2019-09-13 17:15:52+00:00,42.2.8,1,-1619.9269212962963,True,True,True,Before disclosure
PostgreSQL,42.2.2.jre6,CVE-2018-10936,2018-08-30 13:29:00.377000+00:00,2018-08-27 15:43:21+00:00,42.2.5,1,-2.906705752314815,True,True,True,Before disclosure
PostgreSQL,42.2.2.jre6,CVE-2020-13692,2022-02-10 00:30:07+00:00,2020-06-04 13:16:11+00:00,42.2.13,1,-615.4680092592592,True,True,True,Before disclosure
PostgreSQL,42.2.2.jre6,CVE-2022-26520,2022-03-11 00:02:02+00:00,2022-02-15 19:06:43+00:00,42.3.3,1,-23.20508101851852,True,True,True,Before disclosure
PostgreSQL,42.2.2.jre6,CVE-2026-42198,2026-05-05 20:09:36+00:00,2026-04-29 00:00:00+00:00,42.7.11,1,-6.84,True,True,True,Before disclosure
PostgreSQL,42.2.2.jre6,GHSA-673j-qm5f-xpv8,2022-02-16 00:08:18+00:00,2022-02-15 19:06:43+00:00,42.3.3,1,-0.20943287037037037,True,True,True,Before disclosure
PostgreSQL,42.2.2.jre6,GHSA-xfg6-62px-cxc2,2024-02-19 15:30:38+00:00,2019-09-13 17:15:52+00:00,42.2.8,1,-1619.9269212962963,True,True,True,Before disclosure
PostgreSQL,42.2.20,CVE-2022-26520,2022-03-11 00:02:02+00:00,2022-02-15 19:06:43+00:00,42.3.3,5,-23.20508101851852,True,True,True,Before disclosure
PostgreSQL,42.2.20,CVE-2026-42198,2026-05-05 20:09:36+00:00,2026-04-29 00:00:00+00:00,42.7.11,5,-6.84,True,True,True,Before disclosure
PostgreSQL,42.2.20,GHSA-673j-qm5f-xpv8,2022-02-16 00:08:18+00:00,2022-02-15 19:06:43+00:00,42.3.3,5,-0.20943287037037037,True,True,True,Before disclosure
PostgreSQL,42.2.21,CVE-2022-26520,2022-03-11 00:02:02+00:00,2022-02-15 19:06:43+00:00,42.3.3,1,-23.20508101851852,True,True,True,Before disclosure
PostgreSQL,42.2.21,CVE-2026-42198,2026-05-05 20:09:36+00:00,2026-04-29 00:00:00+00:00,42.7.11,1,-6.84,True,True,True,Before disclosure
PostgreSQL,42.2.21,GHSA-673j-qm5f-xpv8,2022-02-16 00:08:18+00:00,2022-02-15 19:06:43+00:00,42.3.3,1,-0.20943287037037037,True,True,True,Before disclosure
PostgreSQL,42.2.22,CVE-2022-26520,2022-03-11 00:02:02+00:00,2022-02-15 19:06:43+00:00,42.3.3,1,-23.20508101851852,True,True,True,Before disclosure
PostgreSQL,42.2.22,CVE-2026-42198,2026-05-05 20:09:36+00:00,2026-04-29 00:00:00+00:00,42.7.11,1,-6.84,True,True,True,Before disclosure
PostgreSQL,42.2.22,GHSA-673j-qm5f-xpv8,2022-02-16 00:08:18+00:00,2022-02-15 19:06:43+00:00,42.3.3,1,-0.20943287037037037,True,True,True,Before disclosure
PostgreSQL,42.2.23,CVE-2022-26520,2022-03-11 00:02:02+00:00,2022-02-15 19:06:43+00:00,42.3.3,4,-23.20508101851852,True,True,True,Before disclosure
PostgreSQL,42.2.23,CVE-2026-42198,2026-05-05 20:09:36+00:00,2026-04-29 00:00:00+00:00,42.7.11,4,-6.84,True,True,True,Before disclosure
PostgreSQL,42.2.23,GHSA-673j-qm5f-xpv8,2022-02-16 00:08:18+00:00,2022-02-15 19:06:43+00:00,42.3.3,4,-0.20943287037037037,True,True,True,Before disclosure
PostgreSQL,42.2.24,CVE-2022-26520,2022-03-11 00:02:02+00:00,2022-02-15 19:06:43+00:00,42.3.3,3,-23.20508101851852,True,True,True,Before disclosure
PostgreSQL,42.2.24,CVE-2026-42198,2026-05-05 20:09:36+00:00,2026-04-29 00:00:00+00:00,42.7.11,3,-6.84,True,True,True,Before disclosure
PostgreSQL,42.2.24,GHSA-673j-qm5f-xpv8,2022-02-16 00:08:18+00:00,2022-02-15 19:06:43+00:00,42.3.3,3,-0.20943287037037037,True,True,True,Before disclosure
PostgreSQL,42.2.25,CVE-2022-26520,2022-03-11 00:02:02+00:00,2022-02-15 19:06:43+00:00,42.3.3,4,-23.20508101851852,True,True,True,Before disclosure
PostgreSQL,42.2.25,CVE-2026-42198,2026-05-05 20:09:36+00:00,2026-04-29 00:00:00+00:00,42.7.11,4,-6.84,True,True,True,Before disclosure
PostgreSQL,42.2.25,GHSA-673j-qm5f-xpv8,2022-02-16 00:08:18+00:00,2022-02-15 19:06:43+00:00,42.3.3,4,-0.20943287037037037,True,True,True,Before disclosure
PostgreSQL,42.2.5,CVE-2020-13692,2022-02-10 00:30:07+00:00,2020-06-04 13:16:11+00:00,42.2.13,3,-615.4680092592592,True,True,True,Before disclosure
PostgreSQL,42.2.5,CVE-2022-26520,2022-03-11 00:02:02+00:00,2022-02-15 19:06:43+00:00,42.3.3,3,-23.20508101851852,True,True,True,Before disclosure
PostgreSQL,42.2.5,CVE-2026-42198,2026-05-05 20:09:36+00:00,2026-04-29 00:00:00+00:00,42.7.11,3,-6.84,True,True,True,Before disclosure
PostgreSQL,42.2.5,GHSA-673j-qm5f-xpv8,2022-02-16 00:08:18+00:00,2022-02-15 19:06:43+00:00,42.3.3,3,-0.20943287037037037,True,True,True,Before disclosure
PostgreSQL,42.2.5,GHSA-xfg6-62px-cxc2,2024-02-19 15:30:38+00:00,2019-09-13 17:15:52+00:00,42.2.8,3,-1619.9269212962963,True,True,True,Before disclosure
PostgreSQL,42.2.5.jre6,CVE-2020-13692,2022-02-10 00:30:07+00:00,2020-06-04 13:16:11+00:00,42.2.13,1,-615.4680092592592,True,True,True,Before disclosure
PostgreSQL,42.2.5.jre6,CVE-2022-26520,2022-03-11 00:02:02+00:00,2022-02-15 19:06:43+00:00,42.3.3,1,-23.20508101851852,True,True,True,Before disclosure
PostgreSQL,42.2.5.jre6,CVE-2026-42198,2026-05-05 20:09:36+00:00,2026-04-29 00:00:00+00:00,42.7.11,1,-6.84,True,True,True,Before disclosure
PostgreSQL,42.2.5.jre6,GHSA-673j-qm5f-xpv8,2022-02-16 00:08:18+00:00,2022-02-15 19:06:43+00:00,42.3.3,1,-0.20943287037037037,True,True,True,Before disclosure
PostgreSQL,42.2.5.jre6,GHSA-xfg6-62px-cxc2,2024-02-19 15:30:38+00:00,2019-09-13 17:15:52+00:00,42.2.8,1,-1619.9269212962963,True,True,True,Before disclosure
PostgreSQL,42.2.5.jre7,CVE-2020-13692,2022-02-10 00:30:07+00:00,2020-06-04 13:16:11+00:00,42.2.13,1,-615.4680092592592,True,True,True,Before disclosure
PostgreSQL,42.2.5.jre7,CVE-2022-26520,2022-03-11 00:02:02+00:00,2022-02-15 19:06:43+00:00,42.3.3,1,-23.20508101851852,True,True,True,Before disclosure
PostgreSQL,42.2.5.jre7,CVE-2026-42198,2026-05-05 20:09:36+00:00,2026-04-29 00:00:00+00:00,42.7.11,1,-6.84,True,True,True,Before disclosure
PostgreSQL,42.2.5.jre7,GHSA-673j-qm5f-xpv8,2022-02-16 00:08:18+00:00,2022-02-15 19:06:43+00:00,42.3.3,1,-0.20943287037037037,True,True,True,Before disclosure
PostgreSQL,42.2.5.jre7,GHSA-xfg6-62px-cxc2,2024-02-19 15:30:38+00:00,2019-09-13 17:15:52+00:00,42.2.8,1,-1619.9269212962963,True,True,True,Before disclosure
PostgreSQL,42.2.8,CVE-2020-13692,2022-02-10 00:30:07+00:00,2020-06-04 13:16:11+00:00,42.2.13,2,-615.4680092592592,True,True,True,Before disclosure
PostgreSQL,42.2.8,CVE-2022-26520,2022-03-11 00:02:02+00:00,2022-02-15 19:06:43+00:00,42.3.3,2,-23.20508101851852,True,True,True,Before disclosure
PostgreSQL,42.2.8,CVE-2026-42198,2026-05-05 20:09:36+00:00,2026-04-29 00:00:00+00:00,42.7.11,2,-6.84,True,True,True,Before disclosure
PostgreSQL,42.2.8,GHSA-673j-qm5f-xpv8,2022-02-16 00:08:18+00:00,2022-02-15 19:06:43+00:00,42.3.3,2,-0.20943287037037037,True,True,True,Before disclosure
PostgreSQL,42.2.8.jre6,CVE-2020-13692,2022-02-10 00:30:07+00:00,2020-06-04 13:16:11+00:00,42.2.13,1,-615.4680092592592,True,True,True,Before disclosure
PostgreSQL,42.2.8.jre6,CVE-2022-26520,2022-03-11 00:02:02+00:00,2022-02-15 19:06:43+00:00,42.3.3,1,-23.20508101851852,True,True,True,Before disclosure
PostgreSQL,42.2.8.jre6,CVE-2026-42198,2026-05-05 20:09:36+00:00,2026-04-29 00:00:00+00:00,42.7.11,1,-6.84,True,True,True,Before disclosure
PostgreSQL,42.2.8.jre6,GHSA-673j-qm5f-xpv8,2022-02-16 00:08:18+00:00,2022-02-15 19:06:43+00:00,42.3.3,1,-0.20943287037037037,True,True,True,Before disclosure
PostgreSQL,42.3.0,CVE-2022-21724,2022-02-02 00:04:20+00:00,2022-02-01 14:51:15+00:00,42.3.2,2,-0.38408564814814816,True,True,True,Before disclosure
PostgreSQL,42.3.0,CVE-2022-26520,2022-03-11 00:02:02+00:00,2022-02-15 19:06:43+00:00,42.3.3,2,-23.20508101851852,True,True,True,Before disclosure
PostgreSQL,42.3.0,CVE-2022-31197,2022-08-06 05:51:38+00:00,2022-08-15 00:00:00+00:00,42.3.7,2,8.755810185185185,True,True,True,2–30 days
PostgreSQL,42.3.0,CVE-2022-41946,2022-11-23 22:17:25+00:00,2022-11-23 00:00:00+00:00,42.3.8,2,-0.9287615740740741,True,True,True,Before disclosure
PostgreSQL,42.3.0,CVE-2026-42198,2026-05-05 20:09:36+00:00,2026-04-29 00:00:00+00:00,42.7.11,2,-6.84,True,True,True,Before disclosure
PostgreSQL,42.3.0,GHSA-673j-qm5f-xpv8,2022-02-16 00:08:18+00:00,2022-02-15 19:06:43+00:00,42.3.3,2,-0.20943287037037037,True,True,True,Before disclosure
PostgreSQL,42.3.1,CVE-2022-21724,2022-02-02 00:04:20+00:00,2022-02-01 14:51:15+00:00,42.3.2,4,-0.38408564814814816,True,True,True,Before disclosure
PostgreSQL,42.3.1,CVE-2022-26520,2022-03-11 00:02:02+00:00,2022-02-15 19:06:43+00:00,42.3.3,4,-23.20508101851852,True,True,True,Before disclosure
PostgreSQL,42.3.1,CVE-2022-31197,2022-08-06 05:51:38+00:00,2022-08-15 00:00:00+00:00,42.3.7,4,8.755810185185185,True,True,True,2–30 days
PostgreSQL,42.3.1,CVE-2022-41946,2022-11-23 22:17:25+00:00,2022-11-23 00:00:00+00:00,42.3.8,4,-0.9287615740740741,True,True,True,Before disclosure
PostgreSQL,42.3.1,CVE-2026-42198,2026-05-05 20:09:36+00:00,2026-04-29 00:00:00+00:00,42.7.11,4,-6.84,True,True,True,Before disclosure
PostgreSQL,42.3.1,GHSA-673j-qm5f-xpv8,2022-02-16 00:08:18+00:00,2022-02-15 19:06:43+00:00,42.3.3,4,-0.20943287037037037,True,True,True,Before disclosure
PostgreSQL,42.3.2,CVE-2022-26520,2022-03-11 00:02:02+00:00,2022-02-15 19:06:43+00:00,42.3.3,7,-23.20508101851852,True,True,True,Before disclosure
PostgreSQL,42.3.2,CVE-2022-31197,2022-08-06 05:51:38+00:00,2022-08-15 00:00:00+00:00,42.3.7,7,8.755810185185185,True,True,True,2–30 days
PostgreSQL,42.3.2,CVE-2022-41946,2022-11-23 22:17:25+00:00,2022-11-23 00:00:00+00:00,42.3.8,7,-0.9287615740740741,True,True,True,Before disclosure
PostgreSQL,42.3.2,CVE-2026-42198,2026-05-05 20:09:36+00:00,2026-04-29 00:00:00+00:00,42.7.11,7,-6.84,True,True,True,Before disclosure
PostgreSQL,42.3.2,GHSA-673j-qm5f-xpv8,2022-02-16 00:08:18+00:00,2022-02-15 19:06:43+00:00,42.3.3,7,-0.20943287037037037,True,True,True,Before disclosure
PostgreSQL,42.3.3,CVE-2022-31197,2022-08-06 05:51:38+00:00,2022-08-15 00:00:00+00:00,42.3.7,11,8.755810185185185,True,True,True,2–30 days
PostgreSQL,42.3.3,CVE-2022-41946,2022-11-23 22:17:25+00:00,2022-11-23 00:00:00+00:00,42.3.8,11,-0.9287615740740741,True,True,True,Before disclosure
PostgreSQL,42.3.3,CVE-2026-42198,2026-05-05 20:09:36+00:00,2026-04-29 00:00:00+00:00,42.7.11,11,-6.84,True,True,True,Before disclosure
PostgreSQL,42.3.4,CVE-2022-31197,2022-08-06 05:51:38+00:00,2022-08-15 00:00:00+00:00,42.3.7,1,8.755810185185185,True,True,True,2–30 days
PostgreSQL,42.3.4,CVE-2022-41946,2022-11-23 22:17:25+00:00,2022-11-23 00:00:00+00:00,42.3.8,1,-0.9287615740740741,True,True,True,Before disclosure
PostgreSQL,42.3.4,CVE-2026-42198,2026-05-05 20:09:36+00:00,2026-04-29 00:00:00+00:00,42.7.11,1,-6.84,True,True,True,Before disclosure
PostgreSQL,42.3.5,CVE-2022-31197,2022-08-06 05:51:38+00:00,2022-08-15 00:00:00+00:00,42.3.7,1,8.755810185185185,True,True,True,2–30 days
PostgreSQL,42.3.5,CVE-2022-41946,2022-11-23 22:17:25+00:00,2022-11-23 00:00:00+00:00,42.3.8,1,-0.9287615740740741,True,True,True,Before disclosure
PostgreSQL,42.3.5,CVE-2026-42198,2026-05-05 20:09:36+00:00,2026-04-29 00:00:00+00:00,42.7.11,1,-6.84,True,True,True,Before disclosure
PostgreSQL,42.3.6,CVE-2022-31197,2022-08-06 05:51:38+00:00,2022-08-15 00:00:00+00:00,42.3.7,1,8.755810185185185,True,True,True,2–30 days
PostgreSQL,42.3.6,CVE-2022-41946,2022-11-23 22:17:25+00:00,2022-11-23 00:00:00+00:00,42.3.8,1,-0.9287615740740741,True,True,True,Before disclosure
PostgreSQL,42.3.6,CVE-2026-42198,2026-05-05 20:09:36+00:00,2026-04-29 00:00:00+00:00,42.7.11,1,-6.84,True,True,True,Before disclosure
PostgreSQL,42.4.0,CVE-2026-42198,2026-05-05 20:09:36+00:00,2026-04-29 00:00:00+00:00,42.7.11,3,-6.84,True,True,True,Before disclosure
PostgreSQL,42.4.1,CVE-2026-42198,2026-05-05 20:09:36+00:00,2026-04-29 00:00:00+00:00,42.7.11,8,-6.84,True,True,True,Before disclosure
PostgreSQL,42.4.3,CVE-2026-42198,2026-05-05 20:09:36+00:00,2026-04-29 00:00:00+00:00,42.7.11,6,-6.84,True,True,True,Before disclosure
PostgreSQL,42.4.4,CVE-2026-42198,2026-05-05 20:09:36+00:00,2026-04-29 00:00:00+00:00,42.7.11,2,-6.84,True,True,True,Before disclosure
PostgreSQL,42.5.0,CVE-2026-42198,2026-05-05 20:09:36+00:00,2026-04-29 00:00:00+00:00,42.7.11,8,-6.84,True,True,True,Before disclosure
PostgreSQL,42.5.1,CVE-2026-42198,2026-05-05 20:09:36+00:00,2026-04-29 00:00:00+00:00,42.7.11,5,-6.84,True,True,True,Before disclosure
PostgreSQL,42.5.3,CVE-2026-42198,2026-05-05 20:09:36+00:00,2026-04-29 00:00:00+00:00,42.7.11,4,-6.84,True,True,True,Before disclosure
PostgreSQL,42.5.4,CVE-2026-42198,2026-05-05 20:09:36+00:00,2026-04-29 00:00:00+00:00,42.7.11,3,-6.84,True,True,True,Before disclosure
PostgreSQL,42.6.0,CVE-2026-42198,2026-05-05 20:09:36+00:00,2026-04-29 00:00:00+00:00,42.7.11,12,-6.84,True,True,True,Before disclosure
PostgreSQL,42.6.1,CVE-2026-42198,2026-05-05 20:09:36+00:00,2026-04-29 00:00:00+00:00,42.7.11,1,-6.84,True,True,True,Before disclosure
PostgreSQL,42.7.0,CVE-2024-1597,2024-02-21 23:33:43+00:00,2024-02-21 00:00:00+00:00,42.7.2,3,-0.9817476851851852,True,True,True,Before disclosure
PostgreSQL,42.7.0,CVE-2026-42198,2026-05-05 20:09:36+00:00,2026-04-29 00:00:00+00:00,42.7.11,3,-6.84,True,True,True,Before disclosure
PostgreSQL,42.7.1,CVE-2024-1597,2024-02-21 23:33:43+00:00,2024-02-21 00:00:00+00:00,42.7.2,5,-0.9817476851851852,True,True,True,Before disclosure
PostgreSQL,42.7.1,CVE-2026-42198,2026-05-05 20:09:36+00:00,2026-04-29 00:00:00+00:00,42.7.11,5,-6.84,True,True,True,Before disclosure
PostgreSQL,42.7.2,CVE-2026-42198,2026-05-05 20:09:36+00:00,2026-04-29 00:00:00+00:00,42.7.11,10,-6.84,True,True,True,Before disclosure
PostgreSQL,42.7.3,CVE-2026-42198,2026-05-05 20:09:36+00:00,2026-04-29 00:00:00+00:00,42.7.11,8,-6.84,True,True,True,Before disclosure
PostgreSQL,42.7.4,CVE-2025-49146,2025-06-11 14:44:04+00:00,2025-06-11 09:55:12+00:00,42.7.7,9,-0.20060185185185186,True,True,True,Before disclosure
PostgreSQL,42.7.4,CVE-2026-42198,2026-05-05 20:09:36+00:00,2026-04-29 00:00:00+00:00,42.7.11,9,-6.84,True,True,True,Before disclosure
PostgreSQL,42.7.5,CVE-2025-49146,2025-06-11 14:44:04+00:00,2025-06-11 09:55:12+00:00,42.7.7,8,-0.20060185185185186,True,True,True,Before disclosure
PostgreSQL,42.7.5,CVE-2026-42198,2026-05-05 20:09:36+00:00,2026-04-29 00:00:00+00:00,42.7.11,8,-6.84,True,True,True,Before disclosure
PostgreSQL,42.7.6,CVE-2025-49146,2025-06-11 14:44:04+00:00,2025-06-11 09:55:12+00:00,42.7.7,2,-0.20060185185185186,True,True,True,Before disclosure
PostgreSQL,42.7.6,CVE-2026-42198,2026-05-05 20:09:36+00:00,2026-04-29 00:00:00+00:00,42.7.11,2,-6.84,True,True,True,Before disclosure
PostgreSQL,42.7.7,CVE-2026-42198,2026-05-05 20:09:36+00:00,2026-04-29 00:00:00+00:00,42.7.11,10,-6.84,True,True,True,Before disclosure
PostgreSQL,42.7.8,CVE-2026-42198,2026-05-05 20:09:36+00:00,2026-04-29 00:00:00+00:00,42.7.11,7,-6.84,True,True,True,Before disclosure
PostgreSQL,8.4-701.jdbc4,CVE-2018-10936,2018-08-30 13:29:00.377000+00:00,2018-08-27 15:43:21+00:00,42.2.5,3,-2.906705752314815,True,True,True,Before disclosure
PostgreSQL,9.0-801.jdbc4,CVE-2018-10936,2018-08-30 13:29:00.377000+00:00,2018-08-27 15:43:21+00:00,42.2.5,1,-2.906705752314815,True,True,True,Before disclosure
PostgreSQL,9.1-901-1.jdbc4,CVE-2018-10936,2018-08-30 13:29:00.377000+00:00,2018-08-27 15:43:21+00:00,42.2.5,2,-2.906705752314815,True,True,True,Before disclosure
PostgreSQL,9.3-1102-jdbc4,CVE-2018-10936,2018-08-30 13:29:00.377000+00:00,2018-08-27 15:43:21+00:00,42.2.5,1,-2.906705752314815,True,True,True,Before disclosure
PostgreSQL,9.3-1102-jdbc4,CVE-2020-13692,2020-06-04 16:15:12.657000+00:00,2020-06-04 13:16:11+00:00,42.2.13,1,-0.12432473379629631,True,True,True,Before disclosure
PostgreSQL,9.3-1102-jdbc4,GHSA-xfg6-62px-cxc2,2024-02-19 15:30:38+00:00,2019-09-13 17:15:52+00:00,42.2.8,1,-1619.9269212962963,True,True,True,Before disclosure
PostgreSQL,9.3-1102-jdbc41,CVE-2018-10936,2018-08-30 13:29:00.377000+00:00,2018-08-27 15:43:21+00:00,42.2.5,3,-2.906705752314815,True,True,True,Before disclosure
PostgreSQL,9.3-1102-jdbc41,CVE-2020-13692,2020-06-04 16:15:12.657000+00:00,2020-06-04 13:16:11+00:00,42.2.13,3,-0.12432473379629631,True,True,True,Before disclosure
PostgreSQL,9.3-1102-jdbc41,GHSA-xfg6-62px-cxc2,2024-02-19 15:30:38+00:00,2019-09-13 17:15:52+00:00,42.2.8,3,-1619.9269212962963,True,True,True,Before disclosure
PostgreSQL,9.4-1200-jdbc41,CVE-2018-10936,2018-08-30 13:29:00.377000+00:00,2018-08-27 15:43:21+00:00,42.2.5,1,-2.906705752314815,True,True,True,Before disclosure
PostgreSQL,9.4-1200-jdbc41,CVE-2020-13692,2020-06-04 16:15:12.657000+00:00,2020-06-04 13:16:11+00:00,42.2.13,1,-0.12432473379629631,True,True,True,Before disclosure
PostgreSQL,9.4-1200-jdbc41,CVE-2022-41946,2022-11-23 20:15:10.253000+00:00,2022-11-23 00:00:00+00:00,42.2.27,1,-0.8438686689814816,True,True,True,Before disclosure
PostgreSQL,9.4-1200-jdbc41,GHSA-xfg6-62px-cxc2,2024-02-19 15:30:38+00:00,2019-09-13 17:15:52+00:00,42.2.8,1,-1619.9269212962963,True,True,True,Before disclosure
PostgreSQL,9.4-1201-jdbc4,CVE-2018-10936,2018-08-30 13:29:00.377000+00:00,2018-08-27 15:43:21+00:00,42.2.5,1,-2.906705752314815,True,True,True,Before disclosure
PostgreSQL,9.4-1201-jdbc4,CVE-2020-13692,2020-06-04 16:15:12.657000+00:00,2020-06-04 13:16:11+00:00,42.2.13,1,-0.12432473379629631,True,True,True,Before disclosure
PostgreSQL,9.4-1201-jdbc4,CVE-2022-41946,2022-11-23 20:15:10.253000+00:00,2022-11-23 00:00:00+00:00,42.2.27,1,-0.8438686689814816,True,True,True,Before disclosure
PostgreSQL,9.4-1201-jdbc4,GHSA-xfg6-62px-cxc2,2024-02-19 15:30:38+00:00,2019-09-13 17:15:52+00:00,42.2.8,1,-1619.9269212962963,True,True,True,Before disclosure
PostgreSQL,9.4-1201-jdbc41,CVE-2018-10936,2018-08-30 13:29:00.377000+00:00,2018-08-27 15:43:21+00:00,42.2.5,3,-2.906705752314815,True,True,True,Before disclosure
PostgreSQL,9.4-1201-jdbc41,CVE-2020-13692,2020-06-04 16:15:12.657000+00:00,2020-06-04 13:16:11+00:00,42.2.13,3,-0.12432473379629631,True,True,True,Before disclosure
PostgreSQL,9.4-1201-jdbc41,CVE-2022-41946,2022-11-23 20:15:10.253000+00:00,2022-11-23 00:00:00+00:00,42.2.27,3,-0.8438686689814816,True,True,True,Before disclosure
PostgreSQL,9.4-1201-jdbc41,GHSA-xfg6-62px-cxc2,2024-02-19 15:30:38+00:00,2019-09-13 17:15:52+00:00,42.2.8,3,-1619.9269212962963,True,True,True,Before disclosure
PostgreSQL,9.4-1202-jdbc41,CVE-2018-10936,2018-08-30 13:29:00.377000+00:00,2018-08-27 15:43:21+00:00,42.2.5,1,-2.906705752314815,True,True,True,Before disclosure
PostgreSQL,9.4-1202-jdbc41,CVE-2020-13692,2020-06-04 16:15:12.657000+00:00,2020-06-04 13:16:11+00:00,42.2.13,1,-0.12432473379629631,True,True,True,Before disclosure
PostgreSQL,9.4-1202-jdbc41,CVE-2022-41946,2022-11-23 20:15:10.253000+00:00,2022-11-23 00:00:00+00:00,42.2.27,1,-0.8438686689814816,True,True,True,Before disclosure
PostgreSQL,9.4-1202-jdbc41,GHSA-xfg6-62px-cxc2,2024-02-19 15:30:38+00:00,2019-09-13 17:15:52+00:00,42.2.8,1,-1619.9269212962963,True,True,True,Before disclosure
PostgreSQL,9.4-1205-jdbc42,CVE-2018-10936,2018-08-30 13:29:00.377000+00:00,2018-08-27 15:43:21+00:00,42.2.5,1,-2.906705752314815,True,True,True,Before disclosure
PostgreSQL,9.4-1205-jdbc42,CVE-2020-13692,2020-06-04 16:15:12.657000+00:00,2020-06-04 13:16:11+00:00,42.2.13,1,-0.12432473379629631,True,True,True,Before disclosure
PostgreSQL,9.4-1205-jdbc42,CVE-2022-41946,2022-11-23 20:15:10.253000+00:00,2022-11-23 00:00:00+00:00,42.2.27,1,-0.8438686689814816,True,True,True,Before disclosure
PostgreSQL,9.4-1205-jdbc42,GHSA-xfg6-62px-cxc2,2024-02-19 15:30:38+00:00,2019-09-13 17:15:52+00:00,42.2.8,1,-1619.9269212962963,True,True,True,Before disclosure
PostgreSQL,9.4-1206-jdbc41,CVE-2018-10936,2018-08-30 13:29:00.377000+00:00,2018-08-27 15:43:21+00:00,42.2.5,1,-2.906705752314815,True,True,True,Before disclosure
PostgreSQL,9.4-1206-jdbc41,CVE-2020-13692,2020-06-04 16:15:12.657000+00:00,2020-06-04 13:16:11+00:00,42.2.13,1,-0.12432473379629631,True,True,True,Before disclosure
PostgreSQL,9.4-1206-jdbc41,CVE-2022-41946,2022-11-23 20:15:10.253000+00:00,2022-11-23 00:00:00+00:00,42.2.27,1,-0.8438686689814816,True,True,True,Before disclosure
PostgreSQL,9.4-1206-jdbc41,GHSA-xfg6-62px-cxc2,2024-02-19 15:30:38+00:00,2019-09-13 17:15:52+00:00,42.2.8,1,-1619.9269212962963,True,True,True,Before disclosure
PostgreSQL,9.4-1212,CVE-2022-31197,2022-08-06 05:51:38+00:00,2022-08-15 00:00:00+00:00,42.2.26,1,8.755810185185185,True,True,True,2–30 days
PostgreSQL,9.4-1212,CVE-2024-1597,2024-02-21 23:33:43+00:00,2024-02-21 00:00:00+00:00,42.2.28,1,-0.9817476851851852,True,True,True,Before disclosure
PostgreSQL,9.4.1207,CVE-2018-10936,2018-08-30 13:29:00.377000+00:00,2018-08-27 15:43:21+00:00,42.2.5,1,-2.906705752314815,True,True,True,Before disclosure
PostgreSQL,9.4.1207,CVE-2020-13692,2020-06-04 16:15:12.657000+00:00,2020-06-04 13:16:11+00:00,42.2.13,1,-0.12432473379629631,True,True,True,Before disclosure
PostgreSQL,9.4.1207,CVE-2022-41946,2022-11-23 20:15:10.253000+00:00,2022-11-23 00:00:00+00:00,42.2.27,1,-0.8438686689814816,True,True,True,Before disclosure
PostgreSQL,9.4.1207,GHSA-xfg6-62px-cxc2,2024-02-19 15:30:38+00:00,2019-09-13 17:15:52+00:00,42.2.8,1,-1619.9269212962963,True,True,True,Before disclosure
PostgreSQL,9.4.1208,CVE-2018-10936,2018-08-30 13:29:00.377000+00:00,2018-08-27 15:43:21+00:00,42.2.5,1,-2.906705752314815,True,True,True,Before disclosure
PostgreSQL,9.4.1208,CVE-2020-13692,2020-06-04 16:15:12.657000+00:00,2020-06-04 13:16:11+00:00,42.2.13,1,-0.12432473379629631,True,True,True,Before disclosure
PostgreSQL,9.4.1208,CVE-2022-41946,2022-11-23 20:15:10.253000+00:00,2022-11-23 00:00:00+00:00,42.2.27,1,-0.8438686689814816,True,True,True,Before disclosure
PostgreSQL,9.4.1208,GHSA-xfg6-62px-cxc2,2024-02-19 15:30:38+00:00,2019-09-13 17:15:52+00:00,42.2.8,1,-1619.9269212962963,True,True,True,Before disclosure
PostgreSQL,9.4.1211,CVE-2018-10936,2018-08-30 13:29:00.377000+00:00,2018-08-27 15:43:21+00:00,42.2.5,1,-2.906705752314815,True,True,True,Before disclosure
PostgreSQL,9.4.1211,CVE-2020-13692,2020-06-04 16:15:12.657000+00:00,2020-06-04 13:16:11+00:00,42.2.13,1,-0.12432473379629631,True,True,True,Before disclosure
PostgreSQL,9.4.1211,CVE-2022-41946,2022-11-23 20:15:10.253000+00:00,2022-11-23 00:00:00+00:00,42.2.27,1,-0.8438686689814816,True,True,True,Before disclosure
PostgreSQL,9.4.1211,GHSA-xfg6-62px-cxc2,2024-02-19 15:30:38+00:00,2019-09-13 17:15:52+00:00,42.2.8,1,-1619.9269212962963,True,True,True,Before disclosure
PostgreSQL,9.4.1212,CVE-2018-10936,2018-08-30 13:29:00.377000+00:00,2018-08-27 15:43:21+00:00,42.2.5,3,-2.906705752314815,True,True,True,Before disclosure
PostgreSQL,9.4.1212,CVE-2022-41946,2022-11-23 20:15:10.253000+00:00,2022-11-23 00:00:00+00:00,42.2.27,3,-0.8438686689814816,True,True,True,Before disclosure
PostgreSQL,9.4.1212,GHSA-xfg6-62px-cxc2,2024-02-19 15:30:38+00:00,2019-09-13 17:15:52+00:00,42.2.8,3,-1619.9269212962963,True,True,True,Before disclosure
PostgreSQL,9.4.1212.jre7,CVE-2018-10936,2018-08-30 13:29:00.377000+00:00,2018-08-27 15:43:21+00:00,42.2.5,1,-2.906705752314815,True,True,True,Before disclosure
PostgreSQL,9.4.1212.jre7,CVE-2020-13692,2022-02-10 00:30:07+00:00,2020-06-04 13:16:11+00:00,42.2.13,1,-615.4680092592592,True,True,True,Before disclosure
PostgreSQL,9.4.1212.jre7,CVE-2022-41946,2022-11-23 20:15:10.253000+00:00,2022-11-23 00:00:00+00:00,42.2.27.jre7,1,-0.8438686689814816,True,True,True,Before disclosure
PostgreSQL,9.4.1212.jre7,GHSA-xfg6-62px-cxc2,2024-02-19 15:30:38+00:00,2019-09-13 17:15:52+00:00,42.2.8,1,-1619.9269212962963,True,True,True,Before disclosure
Redis,0.9.0,CVE-2023-42809,2023-10-04 20:15:10.263000+00:00,2023-06-05 08:30:59+00:00,3.22.0,1,-121.48901924768519,True,True,True,Before disclosure
Redis,0.9.0-SNAPSHOT,CVE-2023-42809,2024-08-05 21:29:22+00:00,2023-06-05 08:30:59+00:00,3.22.0,1,-427.5405439814815,True,True,True,Before disclosure
Redis,0.9.1-SNAPSHOT,CVE-2023-42809,2024-08-05 21:29:22+00:00,2023-06-05 08:30:59+00:00,3.22.0,1,-427.5405439814815,True,True,True,Before disclosure
Redis,1.0.0,CVE-2023-42809,2024-08-05 21:29:22+00:00,2023-06-05 08:30:59+00:00,3.22.0,1,-427.5405439814815,True,True,True,Before disclosure
Redis,1.0.0-SNAPSHOT,CVE-2023-42809,2024-08-05 21:29:22+00:00,2023-06-05 08:30:59+00:00,3.22.0,1,-427.5405439814815,True,True,True,Before disclosure
Redis,1.0.1,CVE-2023-42809,2023-10-04 20:15:10.263000+00:00,2023-06-05 08:30:59+00:00,3.22.0,1,-121.48901924768519,True,True,True,Before disclosure
Redis,1.0.1-SNAPSHOT,CVE-2023-42809,2024-08-05 21:29:22+00:00,2023-06-05 08:30:59+00:00,3.22.0,1,-427.5405439814815,True,True,True,Before disclosure
Redis,1.0.2,CVE-2023-42809,2023-10-04 20:15:10.263000+00:00,2023-06-05 08:30:59+00:00,3.22.0,1,-121.48901924768519,True,True,True,Before disclosure
Redis,1.0.2-SNAPSHOT,CVE-2023-42809,2024-08-05 21:29:22+00:00,2023-06-05 08:30:59+00:00,3.22.0,1,-427.5405439814815,True,True,True,Before disclosure
Redis,1.0.3,CVE-2023-42809,2023-10-04 20:15:10.263000+00:00,2023-06-05 08:30:59+00:00,3.22.0,1,-121.48901924768519,True,True,True,Before disclosure
Redis,1.0.3-SNAPSHOT,CVE-2023-42809,2024-08-05 21:29:22+00:00,2023-06-05 08:30:59+00:00,3.22.0,1,-427.5405439814815,True,True,True,Before disclosure
Redis,1.0.4,CVE-2023-42809,2023-10-04 20:15:10.263000+00:00,2023-06-05 08:30:59+00:00,3.22.0,1,-121.48901924768519,True,True,True,Before disclosure
Redis,1.0.4-SNAPSHOT,CVE-2023-42809,2024-08-05 21:29:22+00:00,2023-06-05 08:30:59+00:00,3.22.0,1,-427.5405439814815,True,True,True,Before disclosure
Redis,1.0.5-SNAPSHOT,CVE-2023-42809,2024-08-05 21:29:22+00:00,2023-06-05 08:30:59+00:00,3.22.0,1,-427.5405439814815,True,True,True,Before disclosure
Redis,1.1.0,CVE-2023-42809,2023-10-04 20:15:10.263000+00:00,2023-06-05 08:30:59+00:00,3.22.0,1,-121.48901924768519,True,True,True,Before disclosure
Redis,1.1.0-SNAPSHOT,CVE-2023-42809,2024-08-05 21:29:22+00:00,2023-06-05 08:30:59+00:00,3.22.0,1,-427.5405439814815,True,True,True,Before disclosure
Redis,1.1.1,CVE-2023-42809,2023-10-04 20:15:10.263000+00:00,2023-06-05 08:30:59+00:00,3.22.0,1,-121.48901924768519,True,True,True,Before disclosure
Redis,1.1.1-SNAPSHOT,CVE-2023-42809,2024-08-05 21:29:22+00:00,2023-06-05 08:30:59+00:00,3.22.0,1,-427.5405439814815,True,True,True,Before disclosure
Redis,1.1.2,CVE-2023-42809,2023-10-04 20:15:10.263000+00:00,2023-06-05 08:30:59+00:00,3.22.0,1,-121.48901924768519,True,True,True,Before disclosure
Redis,1.1.2-SNAPSHOT,CVE-2023-42809,2024-08-05 21:29:22+00:00,2023-06-05 08:30:59+00:00,3.22.0,1,-427.5405439814815,True,True,True,Before disclosure
Redis,1.1.3,CVE-2023-42809,2023-10-04 20:15:10.263000+00:00,2023-06-05 08:30:59+00:00,3.22.0,1,-121.48901924768519,True,True,True,Before disclosure
Redis,1.1.3-SNAPSHOT,CVE-2023-42809,2024-08-05 21:29:22+00:00,2023-06-05 08:30:59+00:00,3.22.0,1,-427.5405439814815,True,True,True,Before disclosure
Redis,1.1.4,CVE-2023-42809,2023-10-04 20:15:10.263000+00:00,2023-06-05 08:30:59+00:00,3.22.0,1,-121.48901924768519,True,True,True,Before disclosure
Redis,1.1.4-SNAPSHOT,CVE-2023-42809,2024-08-05 21:29:22+00:00,2023-06-05 08:30:59+00:00,3.22.0,1,-427.5405439814815,True,True,True,Before disclosure
Redis,1.1.5,CVE-2023-42809,2023-10-04 20:15:10.263000+00:00,2023-06-05 08:30:59+00:00,3.22.0,1,-121.48901924768519,True,True,True,Before disclosure
Redis,1.1.5-SNAPSHOT,CVE-2023-42809,2024-08-05 21:29:22+00:00,2023-06-05 08:30:59+00:00,3.22.0,1,-427.5405439814815,True,True,True,Before disclosure
Redis,1.1.6,CVE-2023-42809,2023-10-04 20:15:10.263000+00:00,2023-06-05 08:30:59+00:00,3.22.0,1,-121.48901924768519,True,True,True,Before disclosure
Redis,1.1.6-SNAPSHOT,CVE-2023-42809,2024-08-05 21:29:22+00:00,2023-06-05 08:30:59+00:00,3.22.0,1,-427.5405439814815,True,True,True,Before disclosure
Redis,1.1.7,CVE-2023-42809,2023-10-04 20:15:10.263000+00:00,2023-06-05 08:30:59+00:00,3.22.0,1,-121.48901924768519,True,True,True,Before disclosure
Redis,1.1.7-SNAPSHOT,CVE-2023-42809,2024-08-05 21:29:22+00:00,2023-06-05 08:30:59+00:00,3.22.0,1,-427.5405439814815,True,True,True,Before disclosure
Redis,1.1.8-SNAPSHOT,CVE-2023-42809,2024-08-05 21:29:22+00:00,2023-06-05 08:30:59+00:00,3.22.0,1,-427.5405439814815,True,True,True,Before disclosure
Redis,1.2.0,CVE-2023-42809,2023-10-04 20:15:10.263000+00:00,2023-06-05 08:30:59+00:00,3.22.0,1,-121.48901924768519,True,True,True,Before disclosure
Redis,1.2.0-SNAPSHOT,CVE-2023-42809,2024-08-05 21:29:22+00:00,2023-06-05 08:30:59+00:00,3.22.0,1,-427.5405439814815,True,True,True,Before disclosure
Redis,1.2.1,CVE-2023-42809,2023-10-04 20:15:10.263000+00:00,2023-06-05 08:30:59+00:00,3.22.0,1,-121.48901924768519,True,True,True,Before disclosure
Redis,1.2.1-SNAPSHOT,CVE-2023-42809,2024-08-05 21:29:22+00:00,2023-06-05 08:30:59+00:00,3.22.0,1,-427.5405439814815,True,True,True,Before disclosure
Redis,1.2.2-SNAPSHOT,CVE-2023-42809,2024-08-05 21:29:22+00:00,2023-06-05 08:30:59+00:00,3.22.0,1,-427.5405439814815,True,True,True,Before disclosure
Redis,1.3.0,CVE-2023-42809,2023-10-04 20:15:10.263000+00:00,2023-06-05 08:30:59+00:00,3.22.0,1,-121.48901924768519,True,True,True,Before disclosure
Redis,1.3.0-SNAPSHOT,CVE-2023-42809,2024-08-05 21:29:22+00:00,2023-06-05 08:30:59+00:00,3.22.0,1,-427.5405439814815,True,True,True,Before disclosure
Redis,1.3.1-SNAPSHOT,CVE-2023-42809,2024-08-05 21:29:22+00:00,2023-06-05 08:30:59+00:00,3.22.0,1,-427.5405439814815,True,True,True,Before disclosure
Redis,1.3.2-SNAPSHOT,CVE-2023-42809,2024-08-05 21:29:22+00:00,2023-06-05 08:30:59+00:00,3.22.0,1,-427.5405439814815,True,True,True,Before disclosure
Redis,2.0.0,CVE-2023-42809,2023-10-04 20:15:10.263000+00:00,2023-06-05 08:30:59+00:00,3.22.0,2,-121.48901924768519,True,True,True,Before disclosure
Redis,2.0.1-SNAPSHOT,CVE-2023-42809,2024-08-05 21:29:22+00:00,2023-06-05 08:30:59+00:00,3.22.0,1,-427.5405439814815,True,True,True,Before disclosure
Redis,2.1.0,CVE-2023-42809,2023-10-04 20:15:10.263000+00:00,2023-06-05 08:30:59+00:00,3.22.0,2,-121.48901924768519,True,True,True,Before disclosure
Redis,2.1.1,CVE-2023-42809,2023-10-04 20:15:10.263000+00:00,2023-06-05 08:30:59+00:00,3.22.0,1,-121.48901924768519,True,True,True,Before disclosure
Redis,2.1.1-SNAPSHOT,CVE-2023-42809,2024-08-05 21:29:22+00:00,2023-06-05 08:30:59+00:00,3.22.0,1,-427.5405439814815,True,True,True,Before disclosure
Redis,2.1.2,CVE-2023-42809,2023-10-04 20:15:10.263000+00:00,2023-06-05 08:30:59+00:00,3.22.0,1,-121.48901924768519,True,True,True,Before disclosure
Redis,2.1.2-SNAPSHOT,CVE-2023-42809,2024-08-05 21:29:22+00:00,2023-06-05 08:30:59+00:00,3.22.0,1,-427.5405439814815,True,True,True,Before disclosure
Redis,2.1.3,CVE-2023-42809,2023-10-04 20:15:10.263000+00:00,2023-06-05 08:30:59+00:00,3.22.0,1,-121.48901924768519,True,True,True,Before disclosure
Redis,2.1.3-SNAPSHOT,CVE-2023-42809,2024-08-05 21:29:22+00:00,2023-06-05 08:30:59+00:00,3.22.0,1,-427.5405439814815,True,True,True,Before disclosure
Redis,2.1.4,CVE-2023-42809,2023-10-04 20:15:10.263000+00:00,2023-06-05 08:30:59+00:00,3.22.0,1,-121.48901924768519,True,True,True,Before disclosure
Redis,2.1.4-SNAPSHOT,CVE-2023-42809,2024-08-05 21:29:22+00:00,2023-06-05 08:30:59+00:00,3.22.0,1,-427.5405439814815,True,True,True,Before disclosure
Redis,2.1.5,CVE-2023-42809,2023-10-04 20:15:10.263000+00:00,2023-06-05 08:30:59+00:00,3.22.0,1,-121.48901924768519,True,True,True,Before disclosure
Redis,2.1.5-SNAPSHOT,CVE-2023-42809,2024-08-05 21:29:22+00:00,2023-06-05 08:30:59+00:00,3.22.0,1,-427.5405439814815,True,True,True,Before disclosure
Redis,2.1.6-SNAPSHOT,CVE-2023-42809,2024-08-05 21:29:22+00:00,2023-06-05 08:30:59+00:00,3.22.0,1,-427.5405439814815,True,True,True,Before disclosure
Redis,2.1.7,CVE-2023-42809,2024-08-05 21:29:22+00:00,2023-06-05 08:30:59+00:00,3.22.0,1,-427.5405439814815,True,True,True,Before disclosure
Redis,2.1.7-SNAPSHOT,CVE-2023-42809,2024-08-05 21:29:22+00:00,2023-06-05 08:30:59+00:00,3.22.0,1,-427.5405439814815,True,True,True,Before disclosure
Redis,2.1.8-SNAPSHOT,CVE-2023-42809,2024-08-05 21:29:22+00:00,2023-06-05 08:30:59+00:00,3.22.0,1,-427.5405439814815,True,True,True,Before disclosure
Redis,2.2.0,CVE-2023-42809,2023-10-04 20:15:10.263000+00:00,2023-06-05 08:30:59+00:00,3.22.0,1,-121.48901924768519,True,True,True,Before disclosure
Redis,2.2.0-SNAPSHOT,CVE-2023-42809,2024-08-05 21:29:22+00:00,2023-06-05 08:30:59+00:00,3.22.0,1,-427.5405439814815,True,True,True,Before disclosure
Redis,2.2.1,CVE-2023-42809,2023-10-04 20:15:10.263000+00:00,2023-06-05 08:30:59+00:00,3.22.0,2,-121.48901924768519,True,True,True,Before disclosure
Redis,2.2.1-SNAPSHOT,CVE-2023-42809,2024-08-05 21:29:22+00:00,2023-06-05 08:30:59+00:00,3.22.0,1,-427.5405439814815,True,True,True,Before disclosure
Redis,2.2.10,CVE-2023-42809,2023-10-04 20:15:10.263000+00:00,2023-06-05 08:30:59+00:00,3.22.0,1,-121.48901924768519,True,True,True,Before disclosure
Redis,2.2.10-SNAPSHOT,CVE-2023-42809,2024-08-05 21:29:22+00:00,2023-06-05 08:30:59+00:00,3.22.0,1,-427.5405439814815,True,True,True,Before disclosure
Redis,2.2.11,CVE-2023-42809,2023-10-04 20:15:10.263000+00:00,2023-06-05 08:30:59+00:00,3.22.0,1,-121.48901924768519,True,True,True,Before disclosure
Redis,2.2.11-SNAPSHOT,CVE-2023-42809,2024-08-05 21:29:22+00:00,2023-06-05 08:30:59+00:00,3.22.0,1,-427.5405439814815,True,True,True,Before disclosure
Redis,2.2.12,CVE-2023-42809,2023-10-04 20:15:10.263000+00:00,2023-06-05 08:30:59+00:00,3.22.0,1,-121.48901924768519,True,True,True,Before disclosure
Redis,2.2.12-SNAPSHOT,CVE-2023-42809,2024-08-05 21:29:22+00:00,2023-06-05 08:30:59+00:00,3.22.0,1,-427.5405439814815,True,True,True,Before disclosure
Redis,2.2.13,CVE-2023-42809,2023-10-04 20:15:10.263000+00:00,2023-06-05 08:30:59+00:00,3.22.0,1,-121.48901924768519,True,True,True,Before disclosure
Redis,2.2.13-SNAPSHOT,CVE-2023-42809,2024-08-05 21:29:22+00:00,2023-06-05 08:30:59+00:00,3.22.0,1,-427.5405439814815,True,True,True,Before disclosure
Redis,2.2.14,CVE-2023-42809,2023-10-04 20:15:10.263000+00:00,2023-06-05 08:30:59+00:00,3.22.0,1,-121.48901924768519,True,True,True,Before disclosure
Redis,2.2.14-SNAPSHOT,CVE-2023-42809,2024-08-05 21:29:22+00:00,2023-06-05 08:30:59+00:00,3.22.0,1,-427.5405439814815,True,True,True,Before disclosure
Redis,2.2.15,CVE-2023-42809,2023-10-04 20:15:10.263000+00:00,2023-06-05 08:30:59+00:00,3.22.0,1,-121.48901924768519,True,True,True,Before disclosure
Redis,2.2.15-SNAPSHOT,CVE-2023-42809,2024-08-05 21:29:22+00:00,2023-06-05 08:30:59+00:00,3.22.0,1,-427.5405439814815,True,True,True,Before disclosure
Redis,2.2.16,CVE-2023-42809,2023-10-04 20:15:10.263000+00:00,2023-06-05 08:30:59+00:00,3.22.0,1,-121.48901924768519,True,True,True,Before disclosure
Redis,2.2.16-SNAPSHOT,CVE-2023-42809,2024-08-05 21:29:22+00:00,2023-06-05 08:30:59+00:00,3.22.0,1,-427.5405439814815,True,True,True,Before disclosure
Redis,2.2.17,CVE-2023-42809,2023-10-04 20:15:10.263000+00:00,2023-06-05 08:30:59+00:00,3.22.0,1,-121.48901924768519,True,True,True,Before disclosure
Redis,2.2.17-SNAPSHOT,CVE-2023-42809,2024-08-05 21:29:22+00:00,2023-06-05 08:30:59+00:00,3.22.0,1,-427.5405439814815,True,True,True,Before disclosure
Redis,2.2.18,CVE-2023-42809,2023-10-04 20:15:10.263000+00:00,2023-06-05 08:30:59+00:00,3.22.0,1,-121.48901924768519,True,True,True,Before disclosure
Redis,2.2.18-SNAPSHOT,CVE-2023-42809,2024-08-05 21:29:22+00:00,2023-06-05 08:30:59+00:00,3.22.0,1,-427.5405439814815,True,True,True,Before disclosure
Redis,2.2.19,CVE-2023-42809,2023-10-04 20:15:10.263000+00:00,2023-06-05 08:30:59+00:00,3.22.0,1,-121.48901924768519,True,True,True,Before disclosure
Redis,2.2.19-SNAPSHOT,CVE-2023-42809,2024-08-05 21:29:22+00:00,2023-06-05 08:30:59+00:00,3.22.0,1,-427.5405439814815,True,True,True,Before disclosure
Redis,2.2.2,CVE-2023-42809,2023-10-04 20:15:10.263000+00:00,2023-06-05 08:30:59+00:00,3.22.0,1,-121.48901924768519,True,True,True,Before disclosure
Redis,2.2.2-SNAPSHOT,CVE-2023-42809,2024-08-05 21:29:22+00:00,2023-06-05 08:30:59+00:00,3.22.0,1,-427.5405439814815,True,True,True,Before disclosure
Redis,2.2.20,CVE-2023-42809,2023-10-04 20:15:10.263000+00:00,2023-06-05 08:30:59+00:00,3.22.0,1,-121.48901924768519,True,True,True,Before disclosure
Redis,2.2.20-SNAPSHOT,CVE-2023-42809,2024-08-05 21:29:22+00:00,2023-06-05 08:30:59+00:00,3.22.0,1,-427.5405439814815,True,True,True,Before disclosure
Redis,2.2.21,CVE-2023-42809,2023-10-04 20:15:10.263000+00:00,2023-06-05 08:30:59+00:00,3.22.0,1,-121.48901924768519,True,True,True,Before disclosure
Redis,2.2.21-SNAPSHOT,CVE-2023-42809,2024-08-05 21:29:22+00:00,2023-06-05 08:30:59+00:00,3.22.0,1,-427.5405439814815,True,True,True,Before disclosure
Redis,2.2.22-SNAPSHOT,CVE-2023-42809,2024-08-05 21:29:22+00:00,2023-06-05 08:30:59+00:00,3.22.0,1,-427.5405439814815,True,True,True,Before disclosure
Redis,2.2.23-SNAPSHOT,CVE-2023-42809,2024-08-05 21:29:22+00:00,2023-06-05 08:30:59+00:00,3.22.0,1,-427.5405439814815,True,True,True,Before disclosure
Redis,2.2.24-SNAPSHOT,CVE-2023-42809,2024-08-05 21:29:22+00:00,2023-06-05 08:30:59+00:00,3.22.0,1,-427.5405439814815,True,True,True,Before disclosure
Redis,2.2.3,CVE-2023-42809,2023-10-04 20:15:10.263000+00:00,2023-06-05 08:30:59+00:00,3.22.0,1,-121.48901924768519,True,True,True,Before disclosure
Redis,2.2.3-SNAPSHOT,CVE-2023-42809,2024-08-05 21:29:22+00:00,2023-06-05 08:30:59+00:00,3.22.0,1,-427.5405439814815,True,True,True,Before disclosure
Redis,2.2.4,CVE-2023-42809,2023-10-04 20:15:10.263000+00:00,2023-06-05 08:30:59+00:00,3.22.0,1,-121.48901924768519,True,True,True,Before disclosure
Redis,2.2.4-SNAPSHOT,CVE-2023-42809,2024-08-05 21:29:22+00:00,2023-06-05 08:30:59+00:00,3.22.0,1,-427.5405439814815,True,True,True,Before disclosure
Redis,2.2.5,CVE-2023-42809,2023-10-04 20:15:10.263000+00:00,2023-06-05 08:30:59+00:00,3.22.0,1,-121.48901924768519,True,True,True,Before disclosure
Redis,2.2.5-SNAPSHOT,CVE-2023-42809,2024-08-05 21:29:22+00:00,2023-06-05 08:30:59+00:00,3.22.0,1,-427.5405439814815,True,True,True,Before disclosure
Redis,2.2.6,CVE-2023-42809,2023-10-04 20:15:10.263000+00:00,2023-06-05 08:30:59+00:00,3.22.0,1,-121.48901924768519,True,True,True,Before disclosure
Redis,2.2.6-SNAPSHOT,CVE-2023-42809,2024-08-05 21:29:22+00:00,2023-06-05 08:30:59+00:00,3.22.0,1,-427.5405439814815,True,True,True,Before disclosure
Redis,2.2.7,CVE-2023-42809,2023-10-04 20:15:10.263000+00:00,2023-06-05 08:30:59+00:00,3.22.0,1,-121.48901924768519,True,True,True,Before disclosure
Redis,2.2.7-SNAPSHOT,CVE-2023-42809,2024-08-05 21:29:22+00:00,2023-06-05 08:30:59+00:00,3.22.0,1,-427.5405439814815,True,True,True,Before disclosure
Redis,2.2.8,CVE-2023-42809,2023-10-04 20:15:10.263000+00:00,2023-06-05 08:30:59+00:00,3.22.0,1,-121.48901924768519,True,True,True,Before disclosure
Redis,2.2.8-SNAPSHOT,CVE-2023-42809,2024-08-05 21:29:22+00:00,2023-06-05 08:30:59+00:00,3.22.0,1,-427.5405439814815,True,True,True,Before disclosure
Redis,2.2.9,CVE-2023-42809,2023-10-04 20:15:10.263000+00:00,2023-06-05 08:30:59+00:00,3.22.0,1,-121.48901924768519,True,True,True,Before disclosure
Redis,2.2.9-SNAPSHOT,CVE-2023-42809,2024-08-05 21:29:22+00:00,2023-06-05 08:30:59+00:00,3.22.0,1,-427.5405439814815,True,True,True,Before disclosure
Redis,2.3.0,CVE-2023-42809,2023-10-04 20:15:10.263000+00:00,2023-06-05 08:30:59+00:00,3.22.0,1,-121.48901924768519,True,True,True,Before disclosure
Redis,2.3.0-SNAPSHOT,CVE-2023-42809,2024-08-05 21:29:22+00:00,2023-06-05 08:30:59+00:00,3.22.0,1,-427.5405439814815,True,True,True,Before disclosure
Redis,2.3.1-SNAPSHOT,CVE-2023-42809,2024-08-05 21:29:22+00:00,2023-06-05 08:30:59+00:00,3.22.0,1,-427.5405439814815,True,True,True,Before disclosure
Redis,2.4.1-SNAPSHOT,CVE-2023-42809,2024-08-05 21:29:22+00:00,2023-06-05 08:30:59+00:00,3.22.0,1,-427.5405439814815,True,True,True,Before disclosure
Redis,2.5.0-SNAPSHOT,CVE-2023-42809,2024-08-05 21:29:22+00:00,2023-06-05 08:30:59+00:00,3.22.0,2,-427.5405439814815,True,True,True,Before disclosure
Redis,2.5.1-SNAPSHOT,CVE-2023-42809,2024-08-05 21:29:22+00:00,2023-06-05 08:30:59+00:00,3.22.0,1,-427.5405439814815,True,True,True,Before disclosure
Redis,3.0.0,CVE-2023-42809,2023-10-04 20:15:10.263000+00:00,2023-06-05 08:30:59+00:00,3.22.0,2,-121.48901924768519,True,True,True,Before disclosure
Redis,3.0.0-SNAPSHOT,CVE-2023-42809,2024-08-05 21:29:22+00:00,2023-06-05 08:30:59+00:00,3.22.0,2,-427.5405439814815,True,True,True,Before disclosure
Redis,3.0.1,CVE-2023-42809,2023-10-04 20:15:10.263000+00:00,2023-06-05 08:30:59+00:00,3.22.0,1,-121.48901924768519,True,True,True,Before disclosure
Redis,3.0.1-SNAPSHOT,CVE-2023-42809,2024-08-05 21:29:22+00:00,2023-06-05 08:30:59+00:00,3.22.0,1,-427.5405439814815,True,True,True,Before disclosure
Redis,3.0.2-SNAPSHOT,CVE-2023-42809,2024-08-05 21:29:22+00:00,2023-06-05 08:30:59+00:00,3.22.0,1,-427.5405439814815,True,True,True,Before disclosure
Redis,3.1.0,CVE-2023-42809,2023-10-04 20:15:10.263000+00:00,2023-06-05 08:30:59+00:00,3.22.0,4,-121.48901924768519,True,True,True,Before disclosure
Redis,3.1.1-SNAPSHOT,CVE-2023-42809,2024-08-05 21:29:22+00:00,2023-06-05 08:30:59+00:00,3.22.0,1,-427.5405439814815,True,True,True,Before disclosure
Redis,3.10.0,CVE-2023-42809,2023-10-04 20:15:10.263000+00:00,2023-06-05 08:30:59+00:00,3.22.0,3,-121.48901924768519,True,True,True,Before disclosure
Redis,3.10.1,CVE-2023-42809,2023-10-04 20:15:10.263000+00:00,2023-06-05 08:30:59+00:00,3.22.0,1,-121.48901924768519,True,True,True,Before disclosure
Redis,3.10.1-SNAPSHOT,CVE-2023-42809,2024-08-05 21:29:22+00:00,2023-06-05 08:30:59+00:00,3.22.0,1,-427.5405439814815,True,True,True,Before disclosure
Redis,3.10.2,CVE-2023-42809,2023-10-04 20:15:10.263000+00:00,2023-06-05 08:30:59+00:00,3.22.0,1,-121.48901924768519,True,True,True,Before disclosure
Redis,3.10.2-SNAPSHOT,CVE-2023-42809,2024-08-05 21:29:22+00:00,2023-06-05 08:30:59+00:00,3.22.0,1,-427.5405439814815,True,True,True,Before disclosure
Redis,3.10.3,CVE-2023-42809,2023-10-04 20:15:10.263000+00:00,2023-06-05 08:30:59+00:00,3.22.0,1,-121.48901924768519,True,True,True,Before disclosure
Redis,3.10.3-SNAPSHOT,CVE-2023-42809,2024-08-05 21:29:22+00:00,2023-06-05 08:30:59+00:00,3.22.0,1,-427.5405439814815,True,True,True,Before disclosure
Redis,3.10.4,CVE-2023-42809,2023-10-04 20:15:10.263000+00:00,2023-06-05 08:30:59+00:00,3.22.0,1,-121.48901924768519,True,True,True,Before disclosure
Redis,3.10.4-SNAPSHOT,CVE-2023-42809,2024-08-05 21:29:22+00:00,2023-06-05 08:30:59+00:00,3.22.0,1,-427.5405439814815,True,True,True,Before disclosure
Redis,3.10.5,CVE-2023-42809,2023-10-04 20:15:10.263000+00:00,2023-06-05 08:30:59+00:00,3.22.0,1,-121.48901924768519,True,True,True,Before disclosure
Redis,3.10.5-SNAPSHOT,CVE-2023-42809,2024-08-05 21:29:22+00:00,2023-06-05 08:30:59+00:00,3.22.0,1,-427.5405439814815,True,True,True,Before disclosure
Redis,3.10.6,CVE-2023-42809,2023-10-04 20:15:10.263000+00:00,2023-06-05 08:30:59+00:00,3.22.0,1,-121.48901924768519,True,True,True,Before disclosure
Redis,3.10.6-SNAPSHOT,CVE-2023-42809,2024-08-05 21:29:22+00:00,2023-06-05 08:30:59+00:00,3.22.0,1,-427.5405439814815,True,True,True,Before disclosure
Redis,3.10.7,CVE-2023-42809,2023-10-04 20:15:10.263000+00:00,2023-06-05 08:30:59+00:00,3.22.0,1,-121.48901924768519,True,True,True,Before disclosure
Redis,3.10.7-SNAPSHOT,CVE-2023-42809,2024-08-05 21:29:22+00:00,2023-06-05 08:30:59+00:00,3.22.0,1,-427.5405439814815,True,True,True,Before disclosure
Redis,3.10.8-SNAPSHOT,CVE-2023-42809,2024-08-05 21:29:22+00:00,2023-06-05 08:30:59+00:00,3.22.0,1,-427.5405439814815,True,True,True,Before disclosure
Redis,3.11.0,CVE-2023-42809,2023-10-04 20:15:10.263000+00:00,2023-06-05 08:30:59+00:00,3.22.0,1,-121.48901924768519,True,True,True,Before disclosure
Redis,3.11.1,CVE-2023-42809,2023-10-04 20:15:10.263000+00:00,2023-06-05 08:30:59+00:00,3.22.0,1,-121.48901924768519,True,True,True,Before disclosure
Redis,3.11.1-SNAPSHOT,CVE-2023-42809,2024-08-05 21:29:22+00:00,2023-06-05 08:30:59+00:00,3.22.0,1,-427.5405439814815,True,True,True,Before disclosure
Redis,3.11.2,CVE-2023-42809,2023-10-04 20:15:10.263000+00:00,2023-06-05 08:30:59+00:00,3.22.0,1,-121.48901924768519,True,True,True,Before disclosure
Redis,3.11.2-SNAPSHOT,CVE-2023-42809,2024-08-05 21:29:22+00:00,2023-06-05 08:30:59+00:00,3.22.0,1,-427.5405439814815,True,True,True,Before disclosure
Redis,3.11.3,CVE-2023-42809,2023-10-04 20:15:10.263000+00:00,2023-06-05 08:30:59+00:00,3.22.0,1,-121.48901924768519,True,True,True,Before disclosure
Redis,3.11.3-SNAPSHOT,CVE-2023-42809,2024-08-05 21:29:22+00:00,2023-06-05 08:30:59+00:00,3.22.0,1,-427.5405439814815,True,True,True,Before disclosure
Redis,3.11.4,CVE-2023-42809,2023-10-04 20:15:10.263000+00:00,2023-06-05 08:30:59+00:00,3.22.0,1,-121.48901924768519,True,True,True,Before disclosure
Redis,3.11.4-SNAPSHOT,CVE-2023-42809,2024-08-05 21:29:22+00:00,2023-06-05 08:30:59+00:00,3.22.0,1,-427.5405439814815,True,True,True,Before disclosure
Redis,3.11.5,CVE-2023-42809,2023-10-04 20:15:10.263000+00:00,2023-06-05 08:30:59+00:00,3.22.0,1,-121.48901924768519,True,True,True,Before disclosure
Redis,3.11.5-SNAPSHOT,CVE-2023-42809,2024-08-05 21:29:22+00:00,2023-06-05 08:30:59+00:00,3.22.0,1,-427.5405439814815,True,True,True,Before disclosure
Redis,3.11.6,CVE-2023-42809,2023-10-04 20:15:10.263000+00:00,2023-06-05 08:30:59+00:00,3.22.0,1,-121.48901924768519,True,True,True,Before disclosure
Redis,3.11.6-SNAPSHOT,CVE-2023-42809,2024-08-05 21:29:22+00:00,2023-06-05 08:30:59+00:00,3.22.0,1,-427.5405439814815,True,True,True,Before disclosure
Redis,3.11.7-SNAPSHOT,CVE-2023-42809,2024-08-05 21:29:22+00:00,2023-06-05 08:30:59+00:00,3.22.0,1,-427.5405439814815,True,True,True,Before disclosure
Redis,3.12.0,CVE-2023-42809,2023-10-04 20:15:10.263000+00:00,2023-06-05 08:30:59+00:00,3.22.0,1,-121.48901924768519,True,True,True,Before disclosure
Redis,3.12.1,CVE-2023-42809,2023-10-04 20:15:10.263000+00:00,2023-06-05 08:30:59+00:00,3.22.0,1,-121.48901924768519,True,True,True,Before disclosure
Redis,3.12.1-SNAPSHOT,CVE-2023-42809,2024-08-05 21:29:22+00:00,2023-06-05 08:30:59+00:00,3.22.0,1,-427.5405439814815,True,True,True,Before disclosure
Redis,3.12.2,CVE-2023-42809,2023-10-04 20:15:10.263000+00:00,2023-06-05 08:30:59+00:00,3.22.0,1,-121.48901924768519,True,True,True,Before disclosure
Redis,3.12.2-SNAPSHOT,CVE-2023-42809,2024-08-05 21:29:22+00:00,2023-06-05 08:30:59+00:00,3.22.0,1,-427.5405439814815,True,True,True,Before disclosure
Redis,3.12.3,CVE-2023-42809,2023-10-04 20:15:10.263000+00:00,2023-06-05 08:30:59+00:00,3.22.0,1,-121.48901924768519,True,True,True,Before disclosure
Redis,3.12.3-SNAPSHOT,CVE-2023-42809,2024-08-05 21:29:22+00:00,2023-06-05 08:30:59+00:00,3.22.0,1,-427.5405439814815,True,True,True,Before disclosure
Redis,3.12.4,CVE-2023-42809,2023-10-04 20:15:10.263000+00:00,2023-06-05 08:30:59+00:00,3.22.0,1,-121.48901924768519,True,True,True,Before disclosure
Redis,3.12.4-SNAPSHOT,CVE-2023-42809,2024-08-05 21:29:22+00:00,2023-06-05 08:30:59+00:00,3.22.0,1,-427.5405439814815,True,True,True,Before disclosure
Redis,3.12.5,CVE-2023-42809,2023-10-04 20:15:10.263000+00:00,2023-06-05 08:30:59+00:00,3.22.0,1,-121.48901924768519,True,True,True,Before disclosure
Redis,3.12.5-SNAPSHOT,CVE-2023-42809,2024-08-05 21:29:22+00:00,2023-06-05 08:30:59+00:00,3.22.0,1,-427.5405439814815,True,True,True,Before disclosure
Redis,3.12.6-SNAPSHOT,CVE-2023-42809,2024-08-05 21:29:22+00:00,2023-06-05 08:30:59+00:00,3.22.0,1,-427.5405439814815,True,True,True,Before disclosure
Redis,3.13.0,CVE-2023-42809,2023-10-04 20:15:10.263000+00:00,2023-06-05 08:30:59+00:00,3.22.0,1,-121.48901924768519,True,True,True,Before disclosure
Redis,3.13.1,CVE-2023-42809,2023-10-04 20:15:10.263000+00:00,2023-06-05 08:30:59+00:00,3.22.0,1,-121.48901924768519,True,True,True,Before disclosure
Redis,3.13.1-SNAPSHOT,CVE-2023-42809,2024-08-05 21:29:22+00:00,2023-06-05 08:30:59+00:00,3.22.0,1,-427.5405439814815,True,True,True,Before disclosure
Redis,3.13.2,CVE-2023-42809,2023-10-04 20:15:10.263000+00:00,2023-06-05 08:30:59+00:00,3.22.0,2,-121.48901924768519,True,True,True,Before disclosure
Redis,3.13.2-SNAPSHOT,CVE-2023-42809,2024-08-05 21:29:22+00:00,2023-06-05 08:30:59+00:00,3.22.0,1,-427.5405439814815,True,True,True,Before disclosure
Redis,3.13.3,CVE-2023-42809,2023-10-04 20:15:10.263000+00:00,2023-06-05 08:30:59+00:00,3.22.0,1,-121.48901924768519,True,True,True,Before disclosure
Redis,3.13.3-SNAPSHOT,CVE-2023-42809,2024-08-05 21:29:22+00:00,2023-06-05 08:30:59+00:00,3.22.0,1,-427.5405439814815,True,True,True,Before disclosure
Redis,3.13.4,CVE-2023-42809,2023-10-04 20:15:10.263000+00:00,2023-06-05 08:30:59+00:00,3.22.0,2,-121.48901924768519,True,True,True,Before disclosure
Redis,3.13.4-SNAPSHOT,CVE-2023-42809,2024-08-05 21:29:22+00:00,2023-06-05 08:30:59+00:00,3.22.0,1,-427.5405439814815,True,True,True,Before disclosure
Redis,3.13.5,CVE-2023-42809,2023-10-04 20:15:10.263000+00:00,2023-06-05 08:30:59+00:00,3.22.0,2,-121.48901924768519,True,True,True,Before disclosure
Redis,3.13.5-SNAPSHOT,CVE-2023-42809,2024-08-05 21:29:22+00:00,2023-06-05 08:30:59+00:00,3.22.0,1,-427.5405439814815,True,True,True,Before disclosure
Redis,3.13.6,CVE-2023-42809,2023-10-04 20:15:10.263000+00:00,2023-06-05 08:30:59+00:00,3.22.0,1,-121.48901924768519,True,True,True,Before disclosure
Redis,3.13.6-SNAPSHOT,CVE-2023-42809,2024-08-05 21:29:22+00:00,2023-06-05 08:30:59+00:00,3.22.0,1,-427.5405439814815,True,True,True,Before disclosure
Redis,3.13.7-SNAPSHOT,CVE-2023-42809,2024-08-05 21:29:22+00:00,2023-06-05 08:30:59+00:00,3.22.0,1,-427.5405439814815,True,True,True,Before disclosure
Redis,3.14.0,CVE-2023-42809,2023-10-04 20:15:10.263000+00:00,2023-06-05 08:30:59+00:00,3.22.0,1,-121.48901924768519,True,True,True,Before disclosure
Redis,3.14.1,CVE-2023-42809,2023-10-04 20:15:10.263000+00:00,2023-06-05 08:30:59+00:00,3.22.0,2,-121.48901924768519,True,True,True,Before disclosure
Redis,3.14.1-SNAPSHOT,CVE-2023-42809,2024-08-05 21:29:22+00:00,2023-06-05 08:30:59+00:00,3.22.0,1,-427.5405439814815,True,True,True,Before disclosure
Redis,3.14.2-SNAPSHOT,CVE-2023-42809,2024-08-05 21:29:22+00:00,2023-06-05 08:30:59+00:00,3.22.0,1,-427.5405439814815,True,True,True,Before disclosure
Redis,3.15.0,CVE-2023-42809,2023-10-04 20:15:10.263000+00:00,2023-06-05 08:30:59+00:00,3.22.0,2,-121.48901924768519,True,True,True,Before disclosure
Redis,3.15.1,CVE-2023-42809,2023-10-04 20:15:10.263000+00:00,2023-06-05 08:30:59+00:00,3.22.0,1,-121.48901924768519,True,True,True,Before disclosure
Redis,3.15.1-SNAPSHOT,CVE-2023-42809,2024-08-05 21:29:22+00:00,2023-06-05 08:30:59+00:00,3.22.0,1,-427.5405439814815,True,True,True,Before disclosure
Redis,3.15.2,CVE-2023-42809,2023-10-04 20:15:10.263000+00:00,2023-06-05 08:30:59+00:00,3.22.0,1,-121.48901924768519,True,True,True,Before disclosure
Redis,3.15.2-SNAPSHOT,CVE-2023-42809,2024-08-05 21:29:22+00:00,2023-06-05 08:30:59+00:00,3.22.0,1,-427.5405439814815,True,True,True,Before disclosure
Redis,3.15.3,CVE-2023-42809,2023-10-04 20:15:10.263000+00:00,2023-06-05 08:30:59+00:00,3.22.0,1,-121.48901924768519,True,True,True,Before disclosure
Redis,3.15.3-SNAPSHOT,CVE-2023-42809,2024-08-05 21:29:22+00:00,2023-06-05 08:30:59+00:00,3.22.0,1,-427.5405439814815,True,True,True,Before disclosure
Redis,3.15.4,CVE-2023-42809,2023-10-04 20:15:10.263000+00:00,2023-06-05 08:30:59+00:00,3.22.0,1,-121.48901924768519,True,True,True,Before disclosure
Redis,3.15.4-SNAPSHOT,CVE-2023-42809,2024-08-05 21:29:22+00:00,2023-06-05 08:30:59+00:00,3.22.0,1,-427.5405439814815,True,True,True,Before disclosure
Redis,3.15.5,CVE-2023-42809,2023-10-04 20:15:10.263000+00:00,2023-06-05 08:30:59+00:00,3.22.0,1,-121.48901924768519,True,True,True,Before disclosure
Redis,3.15.5-SNAPSHOT,CVE-2023-42809,2024-08-05 21:29:22+00:00,2023-06-05 08:30:59+00:00,3.22.0,1,-427.5405439814815,True,True,True,Before disclosure
Redis,3.15.6,CVE-2023-42809,2023-10-04 20:15:10.263000+00:00,2023-06-05 08:30:59+00:00,3.22.0,1,-121.48901924768519,True,True,True,Before disclosure
Redis,3.15.6-SNAPSHOT,CVE-2023-42809,2024-08-05 21:29:22+00:00,2023-06-05 08:30:59+00:00,3.22.0,1,-427.5405439814815,True,True,True,Before disclosure
Redis,3.15.7-SNAPSHOT,CVE-2023-42809,2024-08-05 21:29:22+00:00,2023-06-05 08:30:59+00:00,3.22.0,1,-427.5405439814815,True,True,True,Before disclosure
Redis,3.16.0,CVE-2023-42809,2023-10-04 20:15:10.263000+00:00,2023-06-05 08:30:59+00:00,3.22.0,1,-121.48901924768519,True,True,True,Before disclosure
Redis,3.16.1,CVE-2023-42809,2023-10-04 20:15:10.263000+00:00,2023-06-05 08:30:59+00:00,3.22.0,2,-121.48901924768519,True,True,True,Before disclosure
Redis,3.16.1-SNAPSHOT,CVE-2023-42809,2024-08-05 21:29:22+00:00,2023-06-05 08:30:59+00:00,3.22.0,1,-427.5405439814815,True,True,True,Before disclosure
Redis,3.16.2,CVE-2023-42809,2023-10-04 20:15:10.263000+00:00,2023-06-05 08:30:59+00:00,3.22.0,1,-121.48901924768519,True,True,True,Before disclosure
Redis,3.16.2-SNAPSHOT,CVE-2023-42809,2024-08-05 21:29:22+00:00,2023-06-05 08:30:59+00:00,3.22.0,1,-427.5405439814815,True,True,True,Before disclosure
Redis,3.16.3,CVE-2023-42809,2023-10-04 20:15:10.263000+00:00,2023-06-05 08:30:59+00:00,3.22.0,2,-121.48901924768519,True,True,True,Before disclosure
Redis,3.16.3-SNAPSHOT,CVE-2023-42809,2024-08-05 21:29:22+00:00,2023-06-05 08:30:59+00:00,3.22.0,1,-427.5405439814815,True,True,True,Before disclosure
Redis,3.16.4,CVE-2023-42809,2023-10-04 20:15:10.263000+00:00,2023-06-05 08:30:59+00:00,3.22.0,2,-121.48901924768519,True,True,True,Before disclosure
Redis,3.16.4-SNAPSHOT,CVE-2023-42809,2024-08-05 21:29:22+00:00,2023-06-05 08:30:59+00:00,3.22.0,1,-427.5405439814815,True,True,True,Before disclosure
Redis,3.16.5,CVE-2023-42809,2023-10-04 20:15:10.263000+00:00,2023-06-05 08:30:59+00:00,3.22.0,1,-121.48901924768519,True,True,True,Before disclosure
Redis,3.16.5-SNAPSHOT,CVE-2023-42809,2024-08-05 21:29:22+00:00,2023-06-05 08:30:59+00:00,3.22.0,1,-427.5405439814815,True,True,True,Before disclosure
Redis,3.16.6,CVE-2023-42809,2023-10-04 20:15:10.263000+00:00,2023-06-05 08:30:59+00:00,3.22.0,2,-121.48901924768519,True,True,True,Before disclosure
Redis,3.16.6-SNAPSHOT,CVE-2023-42809,2024-08-05 21:29:22+00:00,2023-06-05 08:30:59+00:00,3.22.0,1,-427.5405439814815,True,True,True,Before disclosure
Redis,3.16.7,CVE-2023-42809,2023-10-04 20:15:10.263000+00:00,2023-06-05 08:30:59+00:00,3.22.0,1,-121.48901924768519,True,True,True,Before disclosure
Redis,3.16.7-SNAPSHOT,CVE-2023-42809,2024-08-05 21:29:22+00:00,2023-06-05 08:30:59+00:00,3.22.0,1,-427.5405439814815,True,True,True,Before disclosure
Redis,3.16.8,CVE-2023-42809,2023-10-04 20:15:10.263000+00:00,2023-06-05 08:30:59+00:00,3.22.0,1,-121.48901924768519,True,True,True,Before disclosure
Redis,3.16.8-SNAPSHOT,CVE-2023-42809,2024-08-05 21:29:22+00:00,2023-06-05 08:30:59+00:00,3.22.0,1,-427.5405439814815,True,True,True,Before disclosure
Redis,3.16.9-SNAPSHOT,CVE-2023-42809,2024-08-05 21:29:22+00:00,2023-06-05 08:30:59+00:00,3.22.0,1,-427.5405439814815,True,True,True,Before disclosure
Redis,3.17.0,CVE-2023-42809,2023-10-04 20:15:10.263000+00:00,2023-06-05 08:30:59+00:00,3.22.0,1,-121.48901924768519,True,True,True,Before disclosure
Redis,3.17.1,CVE-2023-42809,2023-10-04 20:15:10.263000+00:00,2023-06-05 08:30:59+00:00,3.22.0,1,-121.48901924768519,True,True,True,Before disclosure
Redis,3.17.1-SNAPSHOT,CVE-2023-42809,2024-08-05 21:29:22+00:00,2023-06-05 08:30:59+00:00,3.22.0,1,-427.5405439814815,True,True,True,Before disclosure
Redis,3.17.2,CVE-2023-42809,2023-10-04 20:15:10.263000+00:00,2023-06-05 08:30:59+00:00,3.22.0,1,-121.48901924768519,True,True,True,Before disclosure
Redis,3.17.2-SNAPSHOT,CVE-2023-42809,2024-08-05 21:29:22+00:00,2023-06-05 08:30:59+00:00,3.22.0,1,-427.5405439814815,True,True,True,Before disclosure
Redis,3.17.3,CVE-2023-42809,2023-10-04 20:15:10.263000+00:00,2023-06-05 08:30:59+00:00,3.22.0,1,-121.48901924768519,True,True,True,Before disclosure
Redis,3.17.3-SNAPSHOT,CVE-2023-42809,2024-08-05 21:29:22+00:00,2023-06-05 08:30:59+00:00,3.22.0,1,-427.5405439814815,True,True,True,Before disclosure
Redis,3.17.4,CVE-2023-42809,2023-10-04 20:15:10.263000+00:00,2023-06-05 08:30:59+00:00,3.22.0,1,-121.48901924768519,True,True,True,Before disclosure
Redis,3.17.4-SNAPSHOT,CVE-2023-42809,2024-08-05 21:29:22+00:00,2023-06-05 08:30:59+00:00,3.22.0,1,-427.5405439814815,True,True,True,Before disclosure
Redis,3.17.5,CVE-2023-42809,2023-10-04 20:15:10.263000+00:00,2023-06-05 08:30:59+00:00,3.22.0,1,-121.48901924768519,True,True,True,Before disclosure
Redis,3.17.5-SNAPSHOT,CVE-2023-42809,2024-08-05 21:29:22+00:00,2023-06-05 08:30:59+00:00,3.22.0,1,-427.5405439814815,True,True,True,Before disclosure
Redis,3.17.6,CVE-2023-42809,2023-10-04 20:15:10.263000+00:00,2023-06-05 08:30:59+00:00,3.22.0,1,-121.48901924768519,True,True,True,Before disclosure
Redis,3.17.6-SNAPSHOT,CVE-2023-42809,2024-08-05 21:29:22+00:00,2023-06-05 08:30:59+00:00,3.22.0,1,-427.5405439814815,True,True,True,Before disclosure
Redis,3.17.7,CVE-2023-42809,2023-10-04 20:15:10.263000+00:00,2023-06-05 08:30:59+00:00,3.22.0,2,-121.48901924768519,True,True,True,Before disclosure
Redis,3.17.7-SNAPSHOT,CVE-2023-42809,2024-08-05 21:29:22+00:00,2023-06-05 08:30:59+00:00,3.22.0,1,-427.5405439814815,True,True,True,Before disclosure
Redis,3.17.8-SNAPSHOT,CVE-2023-42809,2024-08-05 21:29:22+00:00,2023-06-05 08:30:59+00:00,3.22.0,1,-427.5405439814815,True,True,True,Before disclosure
Redis,3.18.0,CVE-2023-42809,2023-10-04 20:15:10.263000+00:00,2023-06-05 08:30:59+00:00,3.22.0,1,-121.48901924768519,True,True,True,Before disclosure
Redis,3.18.1,CVE-2023-42809,2023-10-04 20:15:10.263000+00:00,2023-06-05 08:30:59+00:00,3.22.0,1,-121.48901924768519,True,True,True,Before disclosure
Redis,3.18.1-SNAPSHOT,CVE-2023-42809,2024-08-05 21:29:22+00:00,2023-06-05 08:30:59+00:00,3.22.0,1,-427.5405439814815,True,True,True,Before disclosure
Redis,3.18.2-SNAPSHOT,CVE-2023-42809,2024-08-05 21:29:22+00:00,2023-06-05 08:30:59+00:00,3.22.0,1,-427.5405439814815,True,True,True,Before disclosure
Redis,3.19.0,CVE-2023-42809,2023-10-04 20:15:10.263000+00:00,2023-06-05 08:30:59+00:00,3.22.0,1,-121.48901924768519,True,True,True,Before disclosure
Redis,3.19.1,CVE-2023-42809,2023-10-04 20:15:10.263000+00:00,2023-06-05 08:30:59+00:00,3.22.0,1,-121.48901924768519,True,True,True,Before disclosure
Redis,3.19.1-SNAPSHOT,CVE-2023-42809,2024-08-05 21:29:22+00:00,2023-06-05 08:30:59+00:00,3.22.0,1,-427.5405439814815,True,True,True,Before disclosure
Redis,3.19.2,CVE-2023-42809,2023-10-04 20:15:10.263000+00:00,2023-06-05 08:30:59+00:00,3.22.0,1,-121.48901924768519,True,True,True,Before disclosure
Redis,3.19.2-SNAPSHOT,CVE-2023-42809,2024-08-05 21:29:22+00:00,2023-06-05 08:30:59+00:00,3.22.0,1,-427.5405439814815,True,True,True,Before disclosure
Redis,3.19.3,CVE-2023-42809,2023-10-04 20:15:10.263000+00:00,2023-06-05 08:30:59+00:00,3.22.0,1,-121.48901924768519,True,True,True,Before disclosure
Redis,3.19.3-SNAPSHOT,CVE-2023-42809,2024-08-05 21:29:22+00:00,2023-06-05 08:30:59+00:00,3.22.0,1,-427.5405439814815,True,True,True,Before disclosure
Redis,3.19.4-SNAPSHOT,CVE-2023-42809,2024-08-05 21:29:22+00:00,2023-06-05 08:30:59+00:00,3.22.0,1,-427.5405439814815,True,True,True,Before disclosure
Redis,3.2.0,CVE-2023-42809,2024-08-05 21:29:22+00:00,2023-06-05 08:30:59+00:00,3.22.0,3,-427.5405439814815,True,True,True,Before disclosure
Redis,3.2.1,CVE-2023-42809,2024-08-05 21:29:22+00:00,2023-06-05 08:30:59+00:00,3.22.0,1,-427.5405439814815,True,True,True,Before disclosure
Redis,3.2.2,CVE-2023-42809,2024-08-05 21:29:22+00:00,2023-06-05 08:30:59+00:00,3.22.0,1,-427.5405439814815,True,True,True,Before disclosure
Redis,3.2.3,CVE-2023-42809,2024-08-05 21:29:22+00:00,2023-06-05 08:30:59+00:00,3.22.0,1,-427.5405439814815,True,True,True,Before disclosure
Redis,3.2.4,CVE-2023-42809,2024-08-05 21:29:22+00:00,2023-06-05 08:30:59+00:00,3.22.0,1,-427.5405439814815,True,True,True,Before disclosure
Redis,3.20.0,CVE-2023-42809,2023-10-04 20:15:10.263000+00:00,2023-06-05 08:30:59+00:00,3.22.0,1,-121.48901924768519,True,True,True,Before disclosure
Redis,3.20.1,CVE-2023-42809,2023-10-04 20:15:10.263000+00:00,2023-06-05 08:30:59+00:00,3.22.0,1,-121.48901924768519,True,True,True,Before disclosure
Redis,3.20.1-SNAPSHOT,CVE-2023-42809,2024-08-05 21:29:22+00:00,2023-06-05 08:30:59+00:00,3.22.0,1,-427.5405439814815,True,True,True,Before disclosure
Redis,3.20.2-SNAPSHOT,CVE-2023-42809,2024-08-05 21:29:22+00:00,2023-06-05 08:30:59+00:00,3.22.0,1,-427.5405439814815,True,True,True,Before disclosure
Redis,3.21.0,CVE-2023-42809,2023-10-04 20:15:10.263000+00:00,2023-06-05 08:30:59+00:00,3.22.0,1,-121.48901924768519,True,True,True,Before disclosure
Redis,3.21.1,CVE-2023-42809,2023-10-04 20:15:10.263000+00:00,2023-06-05 08:30:59+00:00,3.22.0,1,-121.48901924768519,True,True,True,Before disclosure
Redis,3.21.1-SNAPSHOT,CVE-2023-42809,2024-08-05 21:29:22+00:00,2023-06-05 08:30:59+00:00,3.22.0,1,-427.5405439814815,True,True,True,Before disclosure
Redis,3.21.2,CVE-2023-42809,2023-10-04 20:15:10.263000+00:00,2023-06-05 08:30:59+00:00,3.22.0,1,-121.48901924768519,True,True,True,Before disclosure
Redis,3.21.2-SNAPSHOT,CVE-2023-42809,2024-08-05 21:29:22+00:00,2023-06-05 08:30:59+00:00,3.22.0,1,-427.5405439814815,True,True,True,Before disclosure
Redis,3.21.3,CVE-2023-42809,2023-10-04 20:15:10.263000+00:00,2023-06-05 08:30:59+00:00,3.22.0,1,-121.48901924768519,True,True,True,Before disclosure
Redis,3.21.3-SNAPSHOT,CVE-2023-42809,2024-08-05 21:29:22+00:00,2023-06-05 08:30:59+00:00,3.22.0,1,-427.5405439814815,True,True,True,Before disclosure
Redis,3.21.4-SNAPSHOT,CVE-2023-42809,2024-08-05 21:29:22+00:00,2023-06-05 08:30:59+00:00,3.22.0,1,-427.5405439814815,True,True,True,Before disclosure
Redis,3.3.0,CVE-2023-42809,2024-08-05 21:29:22+00:00,2023-06-05 08:30:59+00:00,3.22.0,3,-427.5405439814815,True,True,True,Before disclosure
Redis,3.3.1,CVE-2023-42809,2024-08-05 21:29:22+00:00,2023-06-05 08:30:59+00:00,3.22.0,1,-427.5405439814815,True,True,True,Before disclosure
Redis,3.3.2,CVE-2023-42809,2024-08-05 21:29:22+00:00,2023-06-05 08:30:59+00:00,3.22.0,1,-427.5405439814815,True,True,True,Before disclosure
Redis,3.4.0,CVE-2023-42809,2024-08-05 21:29:22+00:00,2023-06-05 08:30:59+00:00,3.22.0,5,-427.5405439814815,True,True,True,Before disclosure
Redis,3.4.1,CVE-2023-42809,2024-08-05 21:29:22+00:00,2023-06-05 08:30:59+00:00,3.22.0,3,-427.5405439814815,True,True,True,Before disclosure
Redis,3.4.2,CVE-2023-42809,2024-08-05 21:29:22+00:00,2023-06-05 08:30:59+00:00,3.22.0,1,-427.5405439814815,True,True,True,Before disclosure
Redis,3.4.3,CVE-2023-42809,2024-08-05 21:29:22+00:00,2023-06-05 08:30:59+00:00,3.22.0,1,-427.5405439814815,True,True,True,Before disclosure
Redis,3.4.4,CVE-2023-42809,2024-08-05 21:29:22+00:00,2023-06-05 08:30:59+00:00,3.22.0,2,-427.5405439814815,True,True,True,Before disclosure
Redis,3.5.0,CVE-2023-42809,2024-08-05 21:29:22+00:00,2023-06-05 08:30:59+00:00,3.22.0,2,-427.5405439814815,True,True,True,Before disclosure
Redis,3.5.1,CVE-2023-42809,2024-08-05 21:29:22+00:00,2023-06-05 08:30:59+00:00,3.22.0,2,-427.5405439814815,True,True,True,Before disclosure
Redis,3.5.2,CVE-2023-42809,2024-08-05 21:29:22+00:00,2023-06-05 08:30:59+00:00,3.22.0,3,-427.5405439814815,True,True,True,Before disclosure
Redis,3.5.3,CVE-2023-42809,2024-08-05 21:29:22+00:00,2023-06-05 08:30:59+00:00,3.22.0,1,-427.5405439814815,True,True,True,Before disclosure
Redis,3.5.4,CVE-2023-42809,2024-08-05 21:29:22+00:00,2023-06-05 08:30:59+00:00,3.22.0,2,-427.5405439814815,True,True,True,Before disclosure
Redis,3.5.5,CVE-2023-42809,2024-08-05 21:29:22+00:00,2023-06-05 08:30:59+00:00,3.22.0,1,-427.5405439814815,True,True,True,Before disclosure
Redis,3.5.6,CVE-2023-42809,2024-08-05 21:29:22+00:00,2023-06-05 08:30:59+00:00,3.22.0,1,-427.5405439814815,True,True,True,Before disclosure
Redis,3.5.7,CVE-2023-42809,2024-08-05 21:29:22+00:00,2023-06-05 08:30:59+00:00,3.22.0,1,-427.5405439814815,True,True,True,Before disclosure
Redis,3.6.0,CVE-2023-42809,2023-10-04 20:15:10.263000+00:00,2023-06-05 08:30:59+00:00,3.22.0,3,-121.48901924768519,True,True,True,Before disclosure
Redis,3.6.1,CVE-2023-42809,2024-08-05 21:29:22+00:00,2023-06-05 08:30:59+00:00,3.22.0,2,-427.5405439814815,True,True,True,Before disclosure
Redis,3.6.2,CVE-2023-42809,2024-08-05 21:29:22+00:00,2023-06-05 08:30:59+00:00,3.22.0,1,-427.5405439814815,True,True,True,Before disclosure
Redis,3.6.3,CVE-2023-42809,2024-08-05 21:29:22+00:00,2023-06-05 08:30:59+00:00,3.22.0,2,-427.5405439814815,True,True,True,Before disclosure
Redis,3.6.4,CVE-2023-42809,2024-08-05 21:29:22+00:00,2023-06-05 08:30:59+00:00,3.22.0,1,-427.5405439814815,True,True,True,Before disclosure
Redis,3.6.5,CVE-2023-42809,2024-08-05 21:29:22+00:00,2023-06-05 08:30:59+00:00,3.22.0,1,-427.5405439814815,True,True,True,Before disclosure
Redis,3.7.0,CVE-2023-42809,2024-08-05 21:29:22+00:00,2023-06-05 08:30:59+00:00,3.22.0,2,-427.5405439814815,True,True,True,Before disclosure
Redis,3.7.1,CVE-2023-42809,2024-08-05 21:29:22+00:00,2023-06-05 08:30:59+00:00,3.22.0,2,-427.5405439814815,True,True,True,Before disclosure
Redis,3.7.2,CVE-2023-42809,2024-08-05 21:29:22+00:00,2023-06-05 08:30:59+00:00,3.22.0,1,-427.5405439814815,True,True,True,Before disclosure
Redis,3.7.3,CVE-2023-42809,2024-08-05 21:29:22+00:00,2023-06-05 08:30:59+00:00,3.22.0,1,-427.5405439814815,True,True,True,Before disclosure
Redis,3.7.4,CVE-2023-42809,2024-08-05 21:29:22+00:00,2023-06-05 08:30:59+00:00,3.22.0,1,-427.5405439814815,True,True,True,Before disclosure
Redis,3.7.5,CVE-2023-42809,2024-08-05 21:29:22+00:00,2023-06-05 08:30:59+00:00,3.22.0,1,-427.5405439814815,True,True,True,Before disclosure
Redis,3.8.0,CVE-2023-42809,2024-08-05 21:29:22+00:00,2023-06-05 08:30:59+00:00,3.22.0,5,-427.5405439814815,True,True,True,Before disclosure
Redis,3.8.1,CVE-2023-42809,2024-08-05 21:29:22+00:00,2023-06-05 08:30:59+00:00,3.22.0,1,-427.5405439814815,True,True,True,Before disclosure
Redis,3.8.2,CVE-2023-42809,2024-08-05 21:29:22+00:00,2023-06-05 08:30:59+00:00,3.22.0,1,-427.5405439814815,True,True,True,Before disclosure
Redis,3.9.0,CVE-2023-42809,2024-08-05 21:29:22+00:00,2023-06-05 08:30:59+00:00,3.22.0,2,-427.5405439814815,True,True,True,Before disclosure
Redis,3.9.1,CVE-2023-42809,2024-08-05 21:29:22+00:00,2023-06-05 08:30:59+00:00,3.22.0,1,-427.5405439814815,True,True,True,Before disclosure
Redis,3.9.2-SNAPSHOT,CVE-2023-42809,2024-08-05 21:29:22+00:00,2023-06-05 08:30:59+00:00,3.22.0,1,-427.5405439814815,True,True,True,Before disclosure
Redis,5.0.0.RELEASE,GHSA-q4h9-7rxj-7gx2,2024-12-02 20:03:03+00:00,2024-12-01 20:35:13+00:00,6.5.1.RELEASE,1,-0.977662037037037,True,True,True,Before disclosure
Redis,5.0.5.RELEASE,GHSA-q4h9-7rxj-7gx2,2024-12-02 20:03:03+00:00,2024-12-01 20:35:13+00:00,6.5.1.RELEASE,1,-0.977662037037037,True,True,True,Before disclosure
Redis,5.1.0.RELEASE,GHSA-q4h9-7rxj-7gx2,2024-12-02 20:03:03+00:00,2024-12-01 20:35:13+00:00,6.5.1.RELEASE,1,-0.977662037037037,True,True,True,Before disclosure
Redis,5.1.3.RELEASE,GHSA-q4h9-7rxj-7gx2,2024-12-02 20:03:03+00:00,2024-12-01 20:35:13+00:00,6.5.1.RELEASE,2,-0.977662037037037,True,True,True,Before disclosure
Redis,5.2.0.RELEASE,GHSA-q4h9-7rxj-7gx2,2024-12-02 20:03:03+00:00,2024-12-01 20:35:13+00:00,6.5.1.RELEASE,1,-0.977662037037037,True,True,True,Before disclosure
Redis,5.3.0.RELEASE,GHSA-q4h9-7rxj-7gx2,2024-12-02 20:03:03+00:00,2024-12-01 20:35:13+00:00,6.5.1.RELEASE,1,-0.977662037037037,True,True,True,Before disclosure
Redis,6.0.1.RELEASE,GHSA-q4h9-7rxj-7gx2,2024-12-02 20:03:03+00:00,2024-12-01 20:35:13+00:00,6.5.1.RELEASE,1,-0.977662037037037,True,True,True,Before disclosure
Redis,6.1.1.RELEASE,GHSA-q4h9-7rxj-7gx2,2024-12-02 20:03:03+00:00,2024-12-01 20:35:13+00:00,6.5.1.RELEASE,2,-0.977662037037037,True,True,True,Before disclosure
Redis,6.1.5.RELEASE,GHSA-q4h9-7rxj-7gx2,2024-12-02 20:03:03+00:00,2024-12-01 20:35:13+00:00,6.5.1.RELEASE,1,-0.977662037037037,True,True,True,Before disclosure
Redis,6.1.6.RELEASE,GHSA-q4h9-7rxj-7gx2,2024-12-02 20:03:03+00:00,2024-12-01 20:35:13+00:00,6.5.1.RELEASE,1,-0.977662037037037,True,True,True,Before disclosure
Redis,6.1.8.RELEASE,GHSA-q4h9-7rxj-7gx2,2024-12-02 20:03:03+00:00,2024-12-01 20:35:13+00:00,6.5.1.RELEASE,1,-0.977662037037037,True,True,True,Before disclosure
Redis,6.2.1.RELEASE,GHSA-q4h9-7rxj-7gx2,2024-12-02 20:03:03+00:00,2024-12-01 20:35:13+00:00,6.5.1.RELEASE,1,-0.977662037037037,True,True,True,Before disclosure
Redis,6.2.2.RELEASE,GHSA-q4h9-7rxj-7gx2,2024-12-02 20:03:03+00:00,2024-12-01 20:35:13+00:00,6.5.1.RELEASE,1,-0.977662037037037,True,True,True,Before disclosure
Redis,6.2.3.RELEASE,GHSA-q4h9-7rxj-7gx2,2024-12-02 20:03:03+00:00,2024-12-01 20:35:13+00:00,6.5.1.RELEASE,1,-0.977662037037037,True,True,True,Before disclosure
Redis,6.2.4.RELEASE,GHSA-q4h9-7rxj-7gx2,2024-12-02 20:03:03+00:00,2024-12-01 20:35:13+00:00,6.5.1.RELEASE,3,-0.977662037037037,True,True,True,Before disclosure
Redis,6.2.5.RELEASE,GHSA-q4h9-7rxj-7gx2,2024-12-02 20:03:03+00:00,2024-12-01 20:35:13+00:00,6.5.1.RELEASE,2,-0.977662037037037,True,True,True,Before disclosure
Redis,6.2.6.RELEASE,GHSA-q4h9-7rxj-7gx2,2024-12-02 20:03:03+00:00,2024-12-01 20:35:13+00:00,6.5.1.RELEASE,2,-0.977662037037037,True,True,True,Before disclosure
Redis,6.3.0.BUILD-SNAPSHOT,GHSA-q4h9-7rxj-7gx2,2024-12-02 20:03:03+00:00,2024-12-01 20:35:13+00:00,6.5.1.RELEASE,1,-0.977662037037037,True,True,True,Before disclosure
Redis,6.3.0.RELEASE,GHSA-q4h9-7rxj-7gx2,2024-12-02 20:03:03+00:00,2024-12-01 20:35:13+00:00,6.5.1.RELEASE,2,-0.977662037037037,True,True,True,Before disclosure
Redis,6.3.1.RELEASE,GHSA-q4h9-7rxj-7gx2,2024-12-02 20:03:03+00:00,2024-12-01 20:35:13+00:00,6.5.1.RELEASE,2,-0.977662037037037,True,True,True,Before disclosure
Redis,6.3.2.RELEASE,GHSA-q4h9-7rxj-7gx2,2024-12-02 20:03:03+00:00,2024-12-01 20:35:13+00:00,6.5.1.RELEASE,3,-0.977662037037037,True,True,True,Before disclosure
Redis,6.4.0.RELEASE,GHSA-q4h9-7rxj-7gx2,2024-12-02 20:03:03+00:00,2024-12-01 20:35:13+00:00,6.5.1.RELEASE,2,-0.977662037037037,True,True,True,Before disclosure
Redis,6.4.1.RELEASE,GHSA-q4h9-7rxj-7gx2,2024-12-02 20:03:03+00:00,2024-12-01 20:35:13+00:00,6.5.1.RELEASE,1,-0.977662037037037,True,True,True,Before disclosure
Redis,6.5.0.RELEASE,GHSA-q4h9-7rxj-7gx2,2024-12-02 20:03:03+00:00,2024-12-01 20:35:13+00:00,6.5.1.RELEASE,1,-0.977662037037037,True,True,True,Before disclosure
SQLite,3.15.1,CVE-2023-32697,2023-05-23 23:15:09.337000+00:00,2023-05-19 10:50:50+00:00,3.41.2.2,1,-4.516890474537037,True,True,True,Before disclosure
SQLite,3.20.1,CVE-2023-32697,2023-05-23 23:15:09.337000+00:00,2023-05-19 10:50:50+00:00,3.41.2.2,1,-4.516890474537037,True,True,True,Before disclosure
SQLite,3.23.1,CVE-2023-32697,2023-05-23 23:15:09.337000+00:00,2023-05-19 10:50:50+00:00,3.41.2.2,2,-4.516890474537037,True,True,True,Before disclosure
SQLite,3.25.2,CVE-2023-32697,2023-05-23 23:15:09.337000+00:00,2023-05-19 10:50:50+00:00,3.41.2.2,1,-4.516890474537037,True,True,True,Before disclosure
SQLite,3.27.2.1,CVE-2023-32697,2023-05-23 23:15:09.337000+00:00,2023-05-19 10:50:50+00:00,3.41.2.2,1,-4.516890474537037,True,True,True,Before disclosure
SQLite,3.30.1,CVE-2023-32697,2023-05-23 23:15:09.337000+00:00,2023-05-19 10:50:50+00:00,3.41.2.2,2,-4.516890474537037,True,True,True,Before disclosure
SQLite,3.31.1,CVE-2023-32697,2023-05-23 23:15:09.337000+00:00,2023-05-19 10:50:50+00:00,3.41.2.2,1,-4.516890474537037,True,True,True,Before disclosure
SQLite,3.32.3.1,CVE-2023-32697,2023-05-23 23:15:09.337000+00:00,2023-05-19 10:50:50+00:00,3.41.2.2,1,-4.516890474537037,True,True,True,Before disclosure
SQLite,3.32.3.2,CVE-2023-32697,2023-05-23 23:15:09.337000+00:00,2023-05-19 10:50:50+00:00,3.41.2.2,2,-4.516890474537037,True,True,True,Before disclosure
SQLite,3.34.0,CVE-2023-32697,2023-05-23 23:15:09.337000+00:00,2023-05-19 10:50:50+00:00,3.41.2.2,3,-4.516890474537037,True,True,True,Before disclosure
SQLite,3.36.0.3,CVE-2023-32697,2023-05-23 23:15:09.337000+00:00,2023-05-19 10:50:50+00:00,3.41.2.2,2,-4.516890474537037,True,True,True,Before disclosure
SQLite,3.39.2.0,CVE-2023-32697,2023-05-23 23:15:09.337000+00:00,2023-05-19 10:50:50+00:00,3.41.2.2,1,-4.516890474537037,True,True,True,Before disclosure
SQLite,3.39.2.1,CVE-2023-32697,2023-05-23 23:15:09.337000+00:00,2023-05-19 10:50:50+00:00,3.41.2.2,1,-4.516890474537037,True,True,True,Before disclosure
SQLite,3.39.3.0,CVE-2023-32697,2023-05-23 23:15:09.337000+00:00,2023-05-19 10:50:50+00:00,3.41.2.2,1,-4.516890474537037,True,True,True,Before disclosure
SQLite,3.39.4.0,CVE-2023-32697,2023-05-23 23:15:09.337000+00:00,2023-05-19 10:50:50+00:00,3.41.2.2,2,-4.516890474537037,True,True,True,Before disclosure
SQLite,3.39.4.1,CVE-2023-32697,2023-05-23 23:15:09.337000+00:00,2023-05-19 10:50:50+00:00,3.41.2.2,1,-4.516890474537037,True,True,True,Before disclosure
SQLite,3.40.0.0,CVE-2023-32697,2023-05-23 23:15:09.337000+00:00,2023-05-19 10:50:50+00:00,3.41.2.2,1,-4.516890474537037,True,True,True,Before disclosure
SQLite,3.40.1.0,CVE-2023-32697,2023-05-23 23:15:09.337000+00:00,2023-05-19 10:50:50+00:00,3.41.2.2,3,-4.516890474537037,True,True,True,Before disclosure
SQLite,3.41.0.0,CVE-2023-32697,2023-05-23 23:15:09.337000+00:00,2023-05-19 10:50:50+00:00,3.41.2.2,1,-4.516890474537037,True,True,True,Before disclosure
SQLite,3.41.2.1,CVE-2023-32697,2023-05-23 23:15:09.337000+00:00,2023-05-19 10:50:50+00:00,3.41.2.2,3,-4.516890474537037,True,True,True,Before disclosure
SQLite,3.7.2,CVE-2023-32697,2023-05-23 23:15:09.337000+00:00,2023-05-19 10:50:50+00:00,3.41.2.2,3,-4.516890474537037,True,True,True,Before disclosure
SQLite,3.8.11.2,CVE-2023-32697,2023-05-23 23:15:09.337000+00:00,2023-05-19 10:50:50+00:00,3.41.2.2,2,-4.516890474537037,True,True,True,Before disclosure
Snowflake,3.10.2,CVE-2023-30535,2023-04-14 18:28:58+00:00,2023-03-17 21:24:53+00:00,3.13.29,1,-27.87783564814815,True,True,True,Before disclosure
Snowflake,3.10.2,CVE-2024-43382,2024-10-30 14:37:53+00:00,2024-10-30 19:01:21+00:00,3.20.0,1,0.182962962962963,True,True,True,0–1 day
Snowflake,3.10.2,CVE-2025-24789,2025-01-29 18:41:57+00:00,2025-01-29 18:31:59+00:00,3.22.0,1,-0.006921296296296296,True,True,True,Before disclosure
Snowflake,3.10.2,CVE-2025-24790,2025-01-29 18:42:07+00:00,2025-01-29 18:31:59+00:00,3.22.0,1,-0.007037037037037037,True,True,True,Before disclosure
Snowflake,3.10.2,CVE-2025-27496,2025-03-13 18:57:46+00:00,2025-03-13 17:46:17+00:00,3.23.1,1,-0.0496412037037037,True,True,True,Before disclosure
Snowflake,3.10.2,CVE-2026-3293,2026-02-27 06:31:28+00:00,2026-02-09 22:45:00+00:00,4.0.1,1,-17.323935185185185,True,True,True,Before disclosure
Snowflake,3.11.1,CVE-2023-30535,2023-04-14 18:28:58+00:00,2023-03-17 21:24:53+00:00,3.13.29,1,-27.87783564814815,True,True,True,Before disclosure
Snowflake,3.11.1,CVE-2024-43382,2024-10-30 14:37:53+00:00,2024-10-30 19:01:21+00:00,3.20.0,1,0.182962962962963,True,True,True,0–1 day
Snowflake,3.11.1,CVE-2025-24789,2025-01-29 18:41:57+00:00,2025-01-29 18:31:59+00:00,3.22.0,1,-0.006921296296296296,True,True,True,Before disclosure
Snowflake,3.11.1,CVE-2025-24790,2025-01-29 18:42:07+00:00,2025-01-29 18:31:59+00:00,3.22.0,1,-0.007037037037037037,True,True,True,Before disclosure
Snowflake,3.11.1,CVE-2025-27496,2025-03-13 18:57:46+00:00,2025-03-13 17:46:17+00:00,3.23.1,1,-0.0496412037037037,True,True,True,Before disclosure
Snowflake,3.11.1,CVE-2026-3293,2026-02-27 06:31:28+00:00,2026-02-09 22:45:00+00:00,4.0.1,1,-17.323935185185185,True,True,True,Before disclosure
Snowflake,3.12.0,CVE-2023-30535,2023-04-14 18:28:58+00:00,2023-03-17 21:24:53+00:00,3.13.29,1,-27.87783564814815,True,True,True,Before disclosure
Snowflake,3.12.0,CVE-2024-43382,2024-10-30 14:37:53+00:00,2024-10-30 19:01:21+00:00,3.20.0,1,0.182962962962963,True,True,True,0–1 day
Snowflake,3.12.0,CVE-2025-24789,2025-01-29 18:41:57+00:00,2025-01-29 18:31:59+00:00,3.22.0,1,-0.006921296296296296,True,True,True,Before disclosure
Snowflake,3.12.0,CVE-2025-24790,2025-01-29 18:42:07+00:00,2025-01-29 18:31:59+00:00,3.22.0,1,-0.007037037037037037,True,True,True,Before disclosure
Snowflake,3.12.0,CVE-2025-27496,2025-03-13 18:57:46+00:00,2025-03-13 17:46:17+00:00,3.23.1,1,-0.0496412037037037,True,True,True,Before disclosure
Snowflake,3.12.0,CVE-2026-3293,2026-02-27 06:31:28+00:00,2026-02-09 22:45:00+00:00,4.0.1,1,-17.323935185185185,True,True,True,Before disclosure
Snowflake,3.12.17,CVE-2023-30535,2023-04-14 18:28:58+00:00,2023-03-17 21:24:53+00:00,3.13.29,1,-27.87783564814815,True,True,True,Before disclosure
Snowflake,3.12.17,CVE-2024-43382,2024-10-30 14:37:53+00:00,2024-10-30 19:01:21+00:00,3.20.0,1,0.182962962962963,True,True,True,0–1 day
Snowflake,3.12.17,CVE-2025-24789,2025-01-29 18:41:57+00:00,2025-01-29 18:31:59+00:00,3.22.0,1,-0.006921296296296296,True,True,True,Before disclosure
Snowflake,3.12.17,CVE-2025-24790,2025-01-29 18:42:07+00:00,2025-01-29 18:31:59+00:00,3.22.0,1,-0.007037037037037037,True,True,True,Before disclosure
Snowflake,3.12.17,CVE-2025-27496,2025-03-13 18:57:46+00:00,2025-03-13 17:46:17+00:00,3.23.1,1,-0.0496412037037037,True,True,True,Before disclosure
Snowflake,3.12.17,CVE-2026-3293,2026-02-27 06:31:28+00:00,2026-02-09 22:45:00+00:00,4.0.1,1,-17.323935185185185,True,True,True,Before disclosure
Snowflake,3.13.1,CVE-2023-30535,2023-04-14 18:28:58+00:00,2023-03-17 21:24:53+00:00,3.13.29,1,-27.87783564814815,True,True,True,Before disclosure
Snowflake,3.13.1,CVE-2024-43382,2024-10-30 14:37:53+00:00,2024-10-30 19:01:21+00:00,3.20.0,1,0.182962962962963,True,True,True,0–1 day
Snowflake,3.13.1,CVE-2025-24789,2025-01-29 18:41:57+00:00,2025-01-29 18:31:59+00:00,3.22.0,1,-0.006921296296296296,True,True,True,Before disclosure
Snowflake,3.13.1,CVE-2025-24790,2025-01-29 18:42:07+00:00,2025-01-29 18:31:59+00:00,3.22.0,1,-0.007037037037037037,True,True,True,Before disclosure
Snowflake,3.13.1,CVE-2025-27496,2025-03-13 18:57:46+00:00,2025-03-13 17:46:17+00:00,3.23.1,1,-0.0496412037037037,True,True,True,Before disclosure
Snowflake,3.13.1,CVE-2026-3293,2026-02-27 06:31:28+00:00,2026-02-09 22:45:00+00:00,4.0.1,1,-17.323935185185185,True,True,True,Before disclosure
Snowflake,3.13.19,CVE-2023-30535,2023-04-14 18:28:58+00:00,2023-03-17 21:24:53+00:00,3.13.29,1,-27.87783564814815,True,True,True,Before disclosure
Snowflake,3.13.19,CVE-2024-43382,2024-10-30 14:37:53+00:00,2024-10-30 19:01:21+00:00,3.20.0,1,0.182962962962963,True,True,True,0–1 day
Snowflake,3.13.19,CVE-2025-24789,2025-01-29 18:41:57+00:00,2025-01-29 18:31:59+00:00,3.22.0,1,-0.006921296296296296,True,True,True,Before disclosure
Snowflake,3.13.19,CVE-2025-24790,2025-01-29 18:42:07+00:00,2025-01-29 18:31:59+00:00,3.22.0,1,-0.007037037037037037,True,True,True,Before disclosure
Snowflake,3.13.19,CVE-2025-27496,2025-03-13 18:57:46+00:00,2025-03-13 17:46:17+00:00,3.23.1,1,-0.0496412037037037,True,True,True,Before disclosure
Snowflake,3.13.19,CVE-2026-3293,2026-02-27 06:31:28+00:00,2026-02-09 22:45:00+00:00,4.0.1,1,-17.323935185185185,True,True,True,Before disclosure
Snowflake,3.13.20,CVE-2023-30535,2023-04-14 18:28:58+00:00,2023-03-17 21:24:53+00:00,3.13.29,1,-27.87783564814815,True,True,True,Before disclosure
Snowflake,3.13.20,CVE-2024-43382,2024-10-30 14:37:53+00:00,2024-10-30 19:01:21+00:00,3.20.0,1,0.182962962962963,True,True,True,0–1 day
Snowflake,3.13.20,CVE-2025-24789,2025-01-29 18:41:57+00:00,2025-01-29 18:31:59+00:00,3.22.0,1,-0.006921296296296296,True,True,True,Before disclosure
Snowflake,3.13.20,CVE-2025-24790,2025-01-29 18:42:07+00:00,2025-01-29 18:31:59+00:00,3.22.0,1,-0.007037037037037037,True,True,True,Before disclosure
Snowflake,3.13.20,CVE-2025-27496,2025-03-13 18:57:46+00:00,2025-03-13 17:46:17+00:00,3.23.1,1,-0.0496412037037037,True,True,True,Before disclosure
Snowflake,3.13.20,CVE-2026-3293,2026-02-27 06:31:28+00:00,2026-02-09 22:45:00+00:00,4.0.1,1,-17.323935185185185,True,True,True,Before disclosure
Snowflake,3.13.21,CVE-2023-30535,2023-04-14 18:28:58+00:00,2023-03-17 21:24:53+00:00,3.13.29,1,-27.87783564814815,True,True,True,Before disclosure
Snowflake,3.13.21,CVE-2024-43382,2024-10-30 14:37:53+00:00,2024-10-30 19:01:21+00:00,3.20.0,1,0.182962962962963,True,True,True,0–1 day
Snowflake,3.13.21,CVE-2025-24789,2025-01-29 18:41:57+00:00,2025-01-29 18:31:59+00:00,3.22.0,1,-0.006921296296296296,True,True,True,Before disclosure
Snowflake,3.13.21,CVE-2025-24790,2025-01-29 18:42:07+00:00,2025-01-29 18:31:59+00:00,3.22.0,1,-0.007037037037037037,True,True,True,Before disclosure
Snowflake,3.13.21,CVE-2025-27496,2025-03-13 18:57:46+00:00,2025-03-13 17:46:17+00:00,3.23.1,1,-0.0496412037037037,True,True,True,Before disclosure
Snowflake,3.13.21,CVE-2026-3293,2026-02-27 06:31:28+00:00,2026-02-09 22:45:00+00:00,4.0.1,1,-17.323935185185185,True,True,True,Before disclosure
Snowflake,3.13.22,CVE-2023-30535,2023-04-14 18:28:58+00:00,2023-03-17 21:24:53+00:00,3.13.29,2,-27.87783564814815,True,True,True,Before disclosure
Snowflake,3.13.22,CVE-2024-43382,2024-10-30 14:37:53+00:00,2024-10-30 19:01:21+00:00,3.20.0,2,0.182962962962963,True,True,True,0–1 day
Snowflake,3.13.22,CVE-2025-24789,2025-01-29 18:41:57+00:00,2025-01-29 18:31:59+00:00,3.22.0,2,-0.006921296296296296,True,True,True,Before disclosure
Snowflake,3.13.22,CVE-2025-24790,2025-01-29 18:42:07+00:00,2025-01-29 18:31:59+00:00,3.22.0,2,-0.007037037037037037,True,True,True,Before disclosure
Snowflake,3.13.22,CVE-2025-27496,2025-03-13 18:57:46+00:00,2025-03-13 17:46:17+00:00,3.23.1,2,-0.0496412037037037,True,True,True,Before disclosure
Snowflake,3.13.22,CVE-2026-3293,2026-02-27 06:31:28+00:00,2026-02-09 22:45:00+00:00,4.0.1,2,-17.323935185185185,True,True,True,Before disclosure
Snowflake,3.13.25,CVE-2023-30535,2023-04-14 18:28:58+00:00,2023-03-17 21:24:53+00:00,3.13.29,1,-27.87783564814815,True,True,True,Before disclosure
Snowflake,3.13.25,CVE-2024-43382,2024-10-30 14:37:53+00:00,2024-10-30 19:01:21+00:00,3.20.0,1,0.182962962962963,True,True,True,0–1 day
Snowflake,3.13.25,CVE-2025-24789,2025-01-29 18:41:57+00:00,2025-01-29 18:31:59+00:00,3.22.0,1,-0.006921296296296296,True,True,True,Before disclosure
Snowflake,3.13.25,CVE-2025-24790,2025-01-29 18:42:07+00:00,2025-01-29 18:31:59+00:00,3.22.0,1,-0.007037037037037037,True,True,True,Before disclosure
Snowflake,3.13.25,CVE-2025-27496,2025-03-13 18:57:46+00:00,2025-03-13 17:46:17+00:00,3.23.1,1,-0.0496412037037037,True,True,True,Before disclosure
Snowflake,3.13.25,CVE-2026-3293,2026-02-27 06:31:28+00:00,2026-02-09 22:45:00+00:00,4.0.1,1,-17.323935185185185,True,True,True,Before disclosure
Snowflake,3.13.26,CVE-2023-30535,2023-04-14 18:28:58+00:00,2023-03-17 21:24:53+00:00,3.13.29,1,-27.87783564814815,True,True,True,Before disclosure
Snowflake,3.13.26,CVE-2024-43382,2024-10-30 14:37:53+00:00,2024-10-30 19:01:21+00:00,3.20.0,1,0.182962962962963,True,True,True,0–1 day
Snowflake,3.13.26,CVE-2025-24789,2025-01-29 18:41:57+00:00,2025-01-29 18:31:59+00:00,3.22.0,1,-0.006921296296296296,True,True,True,Before disclosure
Snowflake,3.13.26,CVE-2025-24790,2025-01-29 18:42:07+00:00,2025-01-29 18:31:59+00:00,3.22.0,1,-0.007037037037037037,True,True,True,Before disclosure
Snowflake,3.13.26,CVE-2025-27496,2025-03-13 18:57:46+00:00,2025-03-13 17:46:17+00:00,3.23.1,1,-0.0496412037037037,True,True,True,Before disclosure
Snowflake,3.13.26,CVE-2026-3293,2026-02-27 06:31:28+00:00,2026-02-09 22:45:00+00:00,4.0.1,1,-17.323935185185185,True,True,True,Before disclosure
Snowflake,3.13.27,CVE-2023-30535,2023-04-14 18:28:58+00:00,2023-03-17 21:24:53+00:00,3.13.29,1,-27.87783564814815,True,True,True,Before disclosure
Snowflake,3.13.27,CVE-2024-43382,2024-10-30 14:37:53+00:00,2024-10-30 19:01:21+00:00,3.20.0,1,0.182962962962963,True,True,True,0–1 day
Snowflake,3.13.27,CVE-2025-24789,2025-01-29 18:41:57+00:00,2025-01-29 18:31:59+00:00,3.22.0,1,-0.006921296296296296,True,True,True,Before disclosure
Snowflake,3.13.27,CVE-2025-24790,2025-01-29 18:42:07+00:00,2025-01-29 18:31:59+00:00,3.22.0,1,-0.007037037037037037,True,True,True,Before disclosure
Snowflake,3.13.27,CVE-2025-27496,2025-03-13 18:57:46+00:00,2025-03-13 17:46:17+00:00,3.23.1,1,-0.0496412037037037,True,True,True,Before disclosure
Snowflake,3.13.27,CVE-2026-3293,2026-02-27 06:31:28+00:00,2026-02-09 22:45:00+00:00,4.0.1,1,-17.323935185185185,True,True,True,Before disclosure
Snowflake,3.13.28,CVE-2023-30535,2023-04-14 18:28:58+00:00,2023-03-17 21:24:53+00:00,3.13.29,1,-27.87783564814815,True,True,True,Before disclosure
Snowflake,3.13.28,CVE-2024-43382,2024-10-30 14:37:53+00:00,2024-10-30 19:01:21+00:00,3.20.0,1,0.182962962962963,True,True,True,0–1 day
Snowflake,3.13.28,CVE-2025-24789,2025-01-29 18:41:57+00:00,2025-01-29 18:31:59+00:00,3.22.0,1,-0.006921296296296296,True,True,True,Before disclosure
Snowflake,3.13.28,CVE-2025-24790,2025-01-29 18:42:07+00:00,2025-01-29 18:31:59+00:00,3.22.0,1,-0.007037037037037037,True,True,True,Before disclosure
Snowflake,3.13.28,CVE-2025-27496,2025-03-13 18:57:46+00:00,2025-03-13 17:46:17+00:00,3.23.1,1,-0.0496412037037037,True,True,True,Before disclosure
Snowflake,3.13.28,CVE-2026-3293,2026-02-27 06:31:28+00:00,2026-02-09 22:45:00+00:00,4.0.1,1,-17.323935185185185,True,True,True,Before disclosure
Snowflake,3.13.29,CVE-2024-43382,2024-10-30 14:37:53+00:00,2024-10-30 19:01:21+00:00,3.20.0,1,0.182962962962963,True,True,True,0–1 day
Snowflake,3.13.29,CVE-2025-24789,2025-01-29 18:41:57+00:00,2025-01-29 18:31:59+00:00,3.22.0,1,-0.006921296296296296,True,True,True,Before disclosure
Snowflake,3.13.29,CVE-2025-24790,2025-01-29 18:42:07+00:00,2025-01-29 18:31:59+00:00,3.22.0,1,-0.007037037037037037,True,True,True,Before disclosure
Snowflake,3.13.29,CVE-2025-27496,2025-03-13 18:57:46+00:00,2025-03-13 17:46:17+00:00,3.23.1,1,-0.0496412037037037,True,True,True,Before disclosure
Snowflake,3.13.29,CVE-2026-3293,2026-02-27 06:31:28+00:00,2026-02-09 22:45:00+00:00,4.0.1,1,-17.323935185185185,True,True,True,Before disclosure
Snowflake,3.13.30,CVE-2024-43382,2024-10-30 14:37:53+00:00,2024-10-30 19:01:21+00:00,3.20.0,1,0.182962962962963,True,True,True,0–1 day
Snowflake,3.13.30,CVE-2025-24789,2025-01-29 18:41:57+00:00,2025-01-29 18:31:59+00:00,3.22.0,1,-0.006921296296296296,True,True,True,Before disclosure
Snowflake,3.13.30,CVE-2025-24790,2025-01-29 18:42:07+00:00,2025-01-29 18:31:59+00:00,3.22.0,1,-0.007037037037037037,True,True,True,Before disclosure
Snowflake,3.13.30,CVE-2025-27496,2025-03-13 18:57:46+00:00,2025-03-13 17:46:17+00:00,3.23.1,1,-0.0496412037037037,True,True,True,Before disclosure
Snowflake,3.13.30,CVE-2026-3293,2026-02-27 06:31:28+00:00,2026-02-09 22:45:00+00:00,4.0.1,1,-17.323935185185185,True,True,True,Before disclosure
Snowflake,3.13.32,CVE-2024-43382,2024-10-30 14:37:53+00:00,2024-10-30 19:01:21+00:00,3.20.0,1,0.182962962962963,True,True,True,0–1 day
Snowflake,3.13.32,CVE-2025-24789,2025-01-29 18:41:57+00:00,2025-01-29 18:31:59+00:00,3.22.0,1,-0.006921296296296296,True,True,True,Before disclosure
Snowflake,3.13.32,CVE-2025-24790,2025-01-29 18:42:07+00:00,2025-01-29 18:31:59+00:00,3.22.0,1,-0.007037037037037037,True,True,True,Before disclosure
Snowflake,3.13.32,CVE-2025-27496,2025-03-13 18:57:46+00:00,2025-03-13 17:46:17+00:00,3.23.1,1,-0.0496412037037037,True,True,True,Before disclosure
Snowflake,3.13.32,CVE-2026-3293,2026-02-27 06:31:28+00:00,2026-02-09 22:45:00+00:00,4.0.1,1,-17.323935185185185,True,True,True,Before disclosure
Snowflake,3.13.33,CVE-2024-43382,2024-10-30 14:37:53+00:00,2024-10-30 19:01:21+00:00,3.20.0,2,0.182962962962963,True,True,True,0–1 day
Snowflake,3.13.33,CVE-2025-24789,2025-01-29 18:41:57+00:00,2025-01-29 18:31:59+00:00,3.22.0,2,-0.006921296296296296,True,True,True,Before disclosure
Snowflake,3.13.33,CVE-2025-24790,2025-01-29 18:42:07+00:00,2025-01-29 18:31:59+00:00,3.22.0,2,-0.007037037037037037,True,True,True,Before disclosure
Snowflake,3.13.33,CVE-2025-27496,2025-03-13 18:57:46+00:00,2025-03-13 17:46:17+00:00,3.23.1,2,-0.0496412037037037,True,True,True,Before disclosure
Snowflake,3.13.33,CVE-2026-3293,2026-02-27 06:31:28+00:00,2026-02-09 22:45:00+00:00,4.0.1,2,-17.323935185185185,True,True,True,Before disclosure
Snowflake,3.14.0,CVE-2024-43382,2024-10-30 14:37:53+00:00,2024-10-30 19:01:21+00:00,3.20.0,2,0.182962962962963,True,True,True,0–1 day
Snowflake,3.14.0,CVE-2025-24789,2025-01-29 18:41:57+00:00,2025-01-29 18:31:59+00:00,3.22.0,2,-0.006921296296296296,True,True,True,Before disclosure
Snowflake,3.14.0,CVE-2025-24790,2025-01-29 18:42:07+00:00,2025-01-29 18:31:59+00:00,3.22.0,2,-0.007037037037037037,True,True,True,Before disclosure
Snowflake,3.14.0,CVE-2025-27496,2025-03-13 18:57:46+00:00,2025-03-13 17:46:17+00:00,3.23.1,2,-0.0496412037037037,True,True,True,Before disclosure
Snowflake,3.14.0,CVE-2026-3293,2026-02-27 06:31:28+00:00,2026-02-09 22:45:00+00:00,4.0.1,2,-17.323935185185185,True,True,True,Before disclosure
Snowflake,3.14.1,CVE-2024-43382,2024-10-30 14:37:53+00:00,2024-10-30 19:01:21+00:00,3.20.0,2,0.182962962962963,True,True,True,0–1 day
Snowflake,3.14.1,CVE-2025-24789,2025-01-29 18:41:57+00:00,2025-01-29 18:31:59+00:00,3.22.0,2,-0.006921296296296296,True,True,True,Before disclosure
Snowflake,3.14.1,CVE-2025-24790,2025-01-29 18:42:07+00:00,2025-01-29 18:31:59+00:00,3.22.0,2,-0.007037037037037037,True,True,True,Before disclosure
Snowflake,3.14.1,CVE-2025-27496,2025-03-13 18:57:46+00:00,2025-03-13 17:46:17+00:00,3.23.1,2,-0.0496412037037037,True,True,True,Before disclosure
Snowflake,3.14.1,CVE-2026-3293,2026-02-27 06:31:28+00:00,2026-02-09 22:45:00+00:00,4.0.1,2,-17.323935185185185,True,True,True,Before disclosure
Snowflake,3.14.3,CVE-2024-43382,2024-10-30 14:37:53+00:00,2024-10-30 19:01:21+00:00,3.20.0,2,0.182962962962963,True,True,True,0–1 day
Snowflake,3.14.3,CVE-2025-24789,2025-01-29 18:41:57+00:00,2025-01-29 18:31:59+00:00,3.22.0,2,-0.006921296296296296,True,True,True,Before disclosure
Snowflake,3.14.3,CVE-2025-24790,2025-01-29 18:42:07+00:00,2025-01-29 18:31:59+00:00,3.22.0,2,-0.007037037037037037,True,True,True,Before disclosure
Snowflake,3.14.3,CVE-2025-27496,2025-03-13 18:57:46+00:00,2025-03-13 17:46:17+00:00,3.23.1,2,-0.0496412037037037,True,True,True,Before disclosure
Snowflake,3.14.3,CVE-2026-3293,2026-02-27 06:31:28+00:00,2026-02-09 22:45:00+00:00,4.0.1,2,-17.323935185185185,True,True,True,Before disclosure
Snowflake,3.14.4,CVE-2024-43382,2024-10-30 14:37:53+00:00,2024-10-30 19:01:21+00:00,3.20.0,2,0.182962962962963,True,True,True,0–1 day
Snowflake,3.14.4,CVE-2025-24789,2025-01-29 18:41:57+00:00,2025-01-29 18:31:59+00:00,3.22.0,2,-0.006921296296296296,True,True,True,Before disclosure
Snowflake,3.14.4,CVE-2025-24790,2025-01-29 18:42:07+00:00,2025-01-29 18:31:59+00:00,3.22.0,2,-0.007037037037037037,True,True,True,Before disclosure
Snowflake,3.14.4,CVE-2025-27496,2025-03-13 18:57:46+00:00,2025-03-13 17:46:17+00:00,3.23.1,2,-0.0496412037037037,True,True,True,Before disclosure
Snowflake,3.14.4,CVE-2026-3293,2026-02-27 06:31:28+00:00,2026-02-09 22:45:00+00:00,4.0.1,2,-17.323935185185185,True,True,True,Before disclosure
Snowflake,3.14.5,CVE-2024-43382,2024-10-30 14:37:53+00:00,2024-10-30 19:01:21+00:00,3.20.0,1,0.182962962962963,True,True,True,0–1 day
Snowflake,3.14.5,CVE-2025-24789,2025-01-29 18:41:57+00:00,2025-01-29 18:31:59+00:00,3.22.0,1,-0.006921296296296296,True,True,True,Before disclosure
Snowflake,3.14.5,CVE-2025-24790,2025-01-29 18:42:07+00:00,2025-01-29 18:31:59+00:00,3.22.0,1,-0.007037037037037037,True,True,True,Before disclosure
Snowflake,3.14.5,CVE-2025-27496,2025-03-13 18:57:46+00:00,2025-03-13 17:46:17+00:00,3.23.1,1,-0.0496412037037037,True,True,True,Before disclosure
Snowflake,3.14.5,CVE-2026-3293,2026-02-27 06:31:28+00:00,2026-02-09 22:45:00+00:00,4.0.1,1,-17.323935185185185,True,True,True,Before disclosure
Snowflake,3.15.0,CVE-2024-43382,2024-10-30 14:37:53+00:00,2024-10-30 19:01:21+00:00,3.20.0,1,0.182962962962963,True,True,True,0–1 day
Snowflake,3.15.0,CVE-2025-24789,2025-01-29 18:41:57+00:00,2025-01-29 18:31:59+00:00,3.22.0,1,-0.006921296296296296,True,True,True,Before disclosure
Snowflake,3.15.0,CVE-2025-24790,2025-01-29 18:42:07+00:00,2025-01-29 18:31:59+00:00,3.22.0,1,-0.007037037037037037,True,True,True,Before disclosure
Snowflake,3.15.0,CVE-2025-27496,2025-03-13 18:57:46+00:00,2025-03-13 17:46:17+00:00,3.23.1,1,-0.0496412037037037,True,True,True,Before disclosure
Snowflake,3.15.0,CVE-2026-3293,2026-02-27 06:31:28+00:00,2026-02-09 22:45:00+00:00,4.0.1,1,-17.323935185185185,True,True,True,Before disclosure
Snowflake,3.15.1,CVE-2024-43382,2024-10-30 14:37:53+00:00,2024-10-30 19:01:21+00:00,3.20.0,1,0.182962962962963,True,True,True,0–1 day
Snowflake,3.15.1,CVE-2025-24789,2025-01-29 18:41:57+00:00,2025-01-29 18:31:59+00:00,3.22.0,1,-0.006921296296296296,True,True,True,Before disclosure
Snowflake,3.15.1,CVE-2025-24790,2025-01-29 18:42:07+00:00,2025-01-29 18:31:59+00:00,3.22.0,1,-0.007037037037037037,True,True,True,Before disclosure
Snowflake,3.15.1,CVE-2025-27496,2025-03-13 18:57:46+00:00,2025-03-13 17:46:17+00:00,3.23.1,1,-0.0496412037037037,True,True,True,Before disclosure
Snowflake,3.15.1,CVE-2026-3293,2026-02-27 06:31:28+00:00,2026-02-09 22:45:00+00:00,4.0.1,1,-17.323935185185185,True,True,True,Before disclosure
Snowflake,3.16.0,CVE-2024-43382,2024-10-30 14:37:53+00:00,2024-10-30 19:01:21+00:00,3.20.0,1,0.182962962962963,True,True,True,0–1 day
Snowflake,3.16.0,CVE-2025-24789,2025-01-29 18:41:57+00:00,2025-01-29 18:31:59+00:00,3.22.0,1,-0.006921296296296296,True,True,True,Before disclosure
Snowflake,3.16.0,CVE-2025-24790,2025-01-29 18:42:07+00:00,2025-01-29 18:31:59+00:00,3.22.0,1,-0.007037037037037037,True,True,True,Before disclosure
Snowflake,3.16.0,CVE-2025-27496,2025-03-13 18:57:46+00:00,2025-03-13 17:46:17+00:00,3.23.1,1,-0.0496412037037037,True,True,True,Before disclosure
Snowflake,3.16.0,CVE-2026-3293,2026-02-27 06:31:28+00:00,2026-02-09 22:45:00+00:00,4.0.1,1,-17.323935185185185,True,True,True,Before disclosure
Snowflake,3.16.1,CVE-2024-43382,2024-10-30 14:37:53+00:00,2024-10-30 19:01:21+00:00,3.20.0,1,0.182962962962963,True,True,True,0–1 day
Snowflake,3.16.1,CVE-2025-24789,2025-01-29 18:41:57+00:00,2025-01-29 18:31:59+00:00,3.22.0,1,-0.006921296296296296,True,True,True,Before disclosure
Snowflake,3.16.1,CVE-2025-24790,2025-01-29 18:42:07+00:00,2025-01-29 18:31:59+00:00,3.22.0,1,-0.007037037037037037,True,True,True,Before disclosure
Snowflake,3.16.1,CVE-2025-27496,2025-03-13 18:57:46+00:00,2025-03-13 17:46:17+00:00,3.23.1,1,-0.0496412037037037,True,True,True,Before disclosure
Snowflake,3.16.1,CVE-2026-3293,2026-02-27 06:31:28+00:00,2026-02-09 22:45:00+00:00,4.0.1,1,-17.323935185185185,True,True,True,Before disclosure
Snowflake,3.18.0,CVE-2024-43382,2024-10-30 14:37:53+00:00,2024-10-30 19:01:21+00:00,3.20.0,1,0.182962962962963,True,True,True,0–1 day
Snowflake,3.18.0,CVE-2025-24789,2025-01-29 18:41:57+00:00,2025-01-29 18:31:59+00:00,3.22.0,1,-0.006921296296296296,True,True,True,Before disclosure
Snowflake,3.18.0,CVE-2025-24790,2025-01-29 18:42:07+00:00,2025-01-29 18:31:59+00:00,3.22.0,1,-0.007037037037037037,True,True,True,Before disclosure
Snowflake,3.18.0,CVE-2025-27496,2025-03-13 18:57:46+00:00,2025-03-13 17:46:17+00:00,3.23.1,1,-0.0496412037037037,True,True,True,Before disclosure
Snowflake,3.18.0,CVE-2026-3293,2026-02-27 06:31:28+00:00,2026-02-09 22:45:00+00:00,4.0.1,1,-17.323935185185185,True,True,True,Before disclosure
Snowflake,3.20.0,CVE-2025-24789,2025-01-29 18:41:57+00:00,2025-01-29 18:31:59+00:00,3.22.0,2,-0.006921296296296296,True,True,True,Before disclosure
Snowflake,3.20.0,CVE-2025-24790,2025-01-29 18:42:07+00:00,2025-01-29 18:31:59+00:00,3.22.0,2,-0.007037037037037037,True,True,True,Before disclosure
Snowflake,3.20.0,CVE-2025-27496,2025-03-13 18:57:46+00:00,2025-03-13 17:46:17+00:00,3.23.1,2,-0.0496412037037037,True,True,True,Before disclosure
Snowflake,3.20.0,CVE-2026-3293,2026-02-27 06:31:28+00:00,2026-02-09 22:45:00+00:00,4.0.1,2,-17.323935185185185,True,True,True,Before disclosure
Snowflake,3.22.0,CVE-2025-27496,2025-03-13 18:57:46+00:00,2025-03-13 17:46:17+00:00,3.23.1,1,-0.0496412037037037,True,True,True,Before disclosure
Snowflake,3.22.0,CVE-2026-3293,2026-02-27 06:31:28+00:00,2026-02-09 22:45:00+00:00,4.0.1,1,-17.323935185185185,True,True,True,Before disclosure
Snowflake,3.23.0,CVE-2025-27496,2025-03-13 18:57:46+00:00,2025-03-13 17:46:17+00:00,3.23.1,1,-0.0496412037037037,True,True,True,Before disclosure
Snowflake,3.23.0,CVE-2026-3293,2026-02-27 06:31:28+00:00,2026-02-09 22:45:00+00:00,4.0.1,1,-17.323935185185185,True,True,True,Before disclosure
Snowflake,3.23.2,CVE-2026-3293,2026-02-27 06:31:28+00:00,2026-02-09 22:45:00+00:00,4.0.1,1,-17.323935185185185,True,True,True,Before disclosure
Snowflake,3.24.0,CVE-2026-3293,2026-02-27 06:31:28+00:00,2026-02-09 22:45:00+00:00,4.0.1,1,-17.323935185185185,True,True,True,Before disclosure
Snowflake,3.24.2,CVE-2026-3293,2026-02-27 06:31:28+00:00,2026-02-09 22:45:00+00:00,4.0.1,1,-17.323935185185185,True,True,True,Before disclosure
Snowflake,3.25.0,CVE-2026-3293,2026-02-27 06:31:28+00:00,2026-02-09 22:45:00+00:00,4.0.1,1,-17.323935185185185,True,True,True,Before disclosure
Snowflake,3.25.1,CVE-2026-3293,2026-02-27 06:31:28+00:00,2026-02-09 22:45:00+00:00,4.0.1,2,-17.323935185185185,True,True,True,Before disclosure
Snowflake,3.26.0,CVE-2026-3293,2026-02-27 06:31:28+00:00,2026-02-09 22:45:00+00:00,4.0.1,1,-17.323935185185185,True,True,True,Before disclosure
Snowflake,3.26.1,CVE-2026-3293,2026-02-27 06:31:28+00:00,2026-02-09 22:45:00+00:00,4.0.1,1,-17.323935185185185,True,True,True,Before disclosure
Snowflake,3.27.0,CVE-2026-3293,2026-02-27 06:31:28+00:00,2026-02-09 22:45:00+00:00,4.0.1,1,-17.323935185185185,True,True,True,Before disclosure
Snowflake,3.27.1,CVE-2026-3293,2026-02-27 06:31:28+00:00,2026-02-09 22:45:00+00:00,4.0.1,2,-17.323935185185185,True,True,True,Before disclosure
Snowflake,3.28.0,CVE-2026-3293,2026-02-27 06:31:28+00:00,2026-02-09 22:45:00+00:00,4.0.1,1,-17.323935185185185,True,True,True,Before disclosure
