project_id,project,db,usage_segment_id,files,n_files,version,interval_start,interval_end,days,period,cves,stop_reason
1,Activiti,H2,1,activiti-engine,1,1.2.132,2010-10-04 00:00:00+00:00,2012-07-24 00:00:00+00:00,659.0,pre_disclosure,CVE-2018-14335; CVE-2021-42392; CVE-2022-23221,version_changed
1,Activiti,H2,2,activiti-bpmn-converter; activiti-engine; activiti-engine,2,1.3.168,2012-07-24 00:00:00+00:00,2013-02-28 00:00:00+00:00,219.0,pre_disclosure,CVE-2018-14335; CVE-2021-42392; CVE-2022-23221,version_changed
1,Activiti,H2,3,activiti-bpmn-converter; activiti-engine,2,1.3.170,2013-02-28 00:00:00+00:00,2014-10-20 00:00:00+00:00,599.0,pre_disclosure,CVE-2018-14335; CVE-2021-42392; CVE-2022-23221,version_changed
1,Activiti,H2,4,activiti-bpmn-converter; activiti-engine,2,1.4.181,2014-10-17 00:00:00+00:00,2014-12-04 00:00:00+00:00,48.0,pre_disclosure,CVE-2018-14335; CVE-2021-42392; CVE-2022-23221,version_changed
1,Activiti,H2,5,activiti-bpmn-converter; activiti-engine,2,1.3.176,2014-12-04 00:00:00+00:00,2017-11-02 00:00:00+00:00,1064.0,pre_disclosure,CVE-2018-14335; CVE-2021-42392; CVE-2022-23221,version_changed
1,Activiti,H2,6,activiti-bpmn-converter; activiti-engine; activiti-image-generator; activiti-spring,4,1.4.193,2017-11-02 00:00:00+00:00,2018-03-16 00:00:00+00:00,134.0,pre_disclosure,CVE-2018-14335; CVE-2021-42392; CVE-2022-23221,version_changed
1,Activiti,H2,7,activiti-bpmn-converter; activiti-engine; activiti-image-generator; activiti-spring,4,1.4.196,2018-03-16 00:00:00+00:00,2018-07-24 13:29:00.603000+00:00,130.56181253472224,pre_disclosure,CVE-2018-14335; CVE-2021-42392; CVE-2022-23221,version_changed
1,Activiti,H2,7,activiti-bpmn-converter; activiti-engine; activiti-image-generator; activiti-spring,4,1.4.196,2018-07-24 13:29:00.603000+00:00,2018-08-09 00:00:00+00:00,15.43818746527778,post_disclosure,CVE-2018-14335; CVE-2021-42392; CVE-2022-23221,version_changed
1,Activiti,H2,8,activiti-bpmn-converter; activiti-engine; activiti-image-generator; activiti-spring; activiti-spring-boot-starter,5,1.4.197,2018-08-09 00:00:00+00:00,2019-02-22 14:41:59+00:00,197.61248842592593,post_disclosure,CVE-2018-14335; CVE-2021-42392; CVE-2022-23221,version_changed
1,Activiti,H2,8,activiti-bpmn-converter; activiti-engine; activiti-image-generator; activiti-spring; activiti-spring-boot-starter,5,1.4.197,2019-02-22 14:41:59+00:00,2019-12-04 00:00:00+00:00,284.3875115740741,post_resolution,CVE-2018-14335; CVE-2021-42392; CVE-2022-23221,version_changed
1,Activiti,H2,9,activiti-api-basic-connector-example; activiti-api-basic-full-example-bean; activiti-api-basic-full-example-nobean; activiti-api-basic-process-example; activiti-api-basic-task-example; activiti-api-spring-integration-example; activiti-api-web-example; activiti-bpmn-converter; activiti-engine; activiti-image-generator; activiti-spring; activiti-spring-boot-starter; activiti-spring-conformance-set0; activiti-spring-conformance-set1; activiti-spring-conformance-set2; activiti-spring-conformance-set3; activiti-spring-conformance-set4; activiti-spring-conformance-set5; activiti-spring-conformance-signals; activiti-spring-conformance-util; activiti-spring-conformance-variables; activiti-api-basic-connector-examples; activiti-api-basic-full-example; activiti-api-basic-full-example-custombean; activiti-api-basic-process-examples; activiti-api-basic-task-examples; activiti-api-spring-integration-example; activiti-api-web-examples; activiti-bpmn-converter; activiti-engine; activiti-image-generator; activiti-spring; activiti-spring-boot-starter; activiti-spring-conformance-set0; activiti-spring-conformance-set1; activiti-spring-conformance-set2; activiti-spring-conformance-set3; activiti-spring-conformance-set4; activiti-spring-conformance-set5; activiti-spring-conformance-signals; activiti-spring-conformance-util; activiti-spring-conformance-variables,21,1.4.200,2019-12-04 00:00:00+00:00,2021-11-29 11:00:04+00:00,726.4583796296296,pre_disclosure,CVE-2021-23463; CVE-2021-42392; CVE-2022-23221; CVE-2022-45868,version_changed
1,Activiti,H2,9,activiti-api-basic-connector-example; activiti-api-basic-full-example-bean; activiti-api-basic-full-example-nobean; activiti-api-basic-process-example; activiti-api-basic-task-example; activiti-api-spring-integration-example; activiti-api-web-example; activiti-bpmn-converter; activiti-engine; activiti-image-generator; activiti-spring; activiti-spring-boot-starter; activiti-spring-conformance-set0; activiti-spring-conformance-set1; activiti-spring-conformance-set2; activiti-spring-conformance-set3; activiti-spring-conformance-set4; activiti-spring-conformance-set5; activiti-spring-conformance-signals; activiti-spring-conformance-util; activiti-spring-conformance-variables; activiti-api-basic-connector-examples; activiti-api-basic-full-example; activiti-api-basic-full-example-custombean; activiti-api-basic-process-examples; activiti-api-basic-task-examples; activiti-api-spring-integration-example; activiti-api-web-examples; activiti-bpmn-converter; activiti-engine; activiti-image-generator; activiti-spring; activiti-spring-boot-starter; activiti-spring-conformance-set0; activiti-spring-conformance-set1; activiti-spring-conformance-set2; activiti-spring-conformance-set3; activiti-spring-conformance-set4; activiti-spring-conformance-set5; activiti-spring-conformance-signals; activiti-spring-conformance-util; activiti-spring-conformance-variables,21,1.4.200,2021-11-29 11:00:04+00:00,2021-12-10 20:15:07.917000+00:00,11.385462002314815,post_resolution,CVE-2021-23463; CVE-2021-42392; CVE-2022-23221; CVE-2022-45868,version_changed
1,Activiti,H2,9,activiti-api-basic-connector-example; activiti-api-basic-full-example-bean; activiti-api-basic-full-example-nobean; activiti-api-basic-process-example; activiti-api-basic-task-example; activiti-api-spring-integration-example; activiti-api-web-example; activiti-bpmn-converter; activiti-engine; activiti-image-generator; activiti-spring; activiti-spring-boot-starter; activiti-spring-conformance-set0; activiti-spring-conformance-set1; activiti-spring-conformance-set2; activiti-spring-conformance-set3; activiti-spring-conformance-set4; activiti-spring-conformance-set5; activiti-spring-conformance-signals; activiti-spring-conformance-util; activiti-spring-conformance-variables; activiti-api-basic-connector-examples; activiti-api-basic-full-example; activiti-api-basic-full-example-custombean; activiti-api-basic-process-examples; activiti-api-basic-task-examples; activiti-api-spring-integration-example; activiti-api-web-examples; activiti-bpmn-converter; activiti-engine; activiti-image-generator; activiti-spring; activiti-spring-boot-starter; activiti-spring-conformance-set0; activiti-spring-conformance-set1; activiti-spring-conformance-set2; activiti-spring-conformance-set3; activiti-spring-conformance-set4; activiti-spring-conformance-set5; activiti-spring-conformance-signals; activiti-spring-conformance-util; activiti-spring-conformance-variables,21,1.4.200,2021-12-10 20:15:07.917000+00:00,2022-01-04 20:53:00+00:00,25.026297256944446,post_resolution,CVE-2021-23463; CVE-2021-42392; CVE-2022-23221; CVE-2022-45868,version_changed
1,Activiti,H2,9,activiti-api-basic-connector-example; activiti-api-basic-full-example-bean; activiti-api-basic-full-example-nobean; activiti-api-basic-process-example; activiti-api-basic-task-example; activiti-api-spring-integration-example; activiti-api-web-example; activiti-bpmn-converter; activiti-engine; activiti-image-generator; activiti-spring; activiti-spring-boot-starter; activiti-spring-conformance-set0; activiti-spring-conformance-set1; activiti-spring-conformance-set2; activiti-spring-conformance-set3; activiti-spring-conformance-set4; activiti-spring-conformance-set5; activiti-spring-conformance-signals; activiti-spring-conformance-util; activiti-spring-conformance-variables; activiti-api-basic-connector-examples; activiti-api-basic-full-example; activiti-api-basic-full-example-custombean; activiti-api-basic-process-examples; activiti-api-basic-task-examples; activiti-api-spring-integration-example; activiti-api-web-examples; activiti-bpmn-converter; activiti-engine; activiti-image-generator; activiti-spring; activiti-spring-boot-starter; activiti-spring-conformance-set0; activiti-spring-conformance-set1; activiti-spring-conformance-set2; activiti-spring-conformance-set3; activiti-spring-conformance-set4; activiti-spring-conformance-set5; activiti-spring-conformance-signals; activiti-spring-conformance-util; activiti-spring-conformance-variables,21,1.4.200,2022-01-04 20:53:00+00:00,2022-01-10 14:10:23.643000+00:00,5.720412534722222,post_resolution,CVE-2021-23463; CVE-2021-42392; CVE-2022-23221; CVE-2022-45868,version_changed
1,Activiti,H2,9,activiti-api-basic-connector-example; activiti-api-basic-full-example-bean; activiti-api-basic-full-example-nobean; activiti-api-basic-process-example; activiti-api-basic-task-example; activiti-api-spring-integration-example; activiti-api-web-example; activiti-bpmn-converter; activiti-engine; activiti-image-generator; activiti-spring; activiti-spring-boot-starter; activiti-spring-conformance-set0; activiti-spring-conformance-set1; activiti-spring-conformance-set2; activiti-spring-conformance-set3; activiti-spring-conformance-set4; activiti-spring-conformance-set5; activiti-spring-conformance-signals; activiti-spring-conformance-util; activiti-spring-conformance-variables; activiti-api-basic-connector-examples; activiti-api-basic-full-example; activiti-api-basic-full-example-custombean; activiti-api-basic-process-examples; activiti-api-basic-task-examples; activiti-api-spring-integration-example; activiti-api-web-examples; activiti-bpmn-converter; activiti-engine; activiti-image-generator; activiti-spring; activiti-spring-boot-starter; activiti-spring-conformance-set0; activiti-spring-conformance-set1; activiti-spring-conformance-set2; activiti-spring-conformance-set3; activiti-spring-conformance-set4; activiti-spring-conformance-set5; activiti-spring-conformance-signals; activiti-spring-conformance-util; activiti-spring-conformance-variables,21,1.4.200,2022-01-10 14:10:23.643000+00:00,2022-01-17 16:18:52+00:00,7.089217094907407,post_resolution,CVE-2021-23463; CVE-2021-42392; CVE-2022-23221; CVE-2022-45868,version_changed
1,Activiti,H2,9,activiti-api-basic-connector-example; activiti-api-basic-full-example-bean; activiti-api-basic-full-example-nobean; activiti-api-basic-process-example; activiti-api-basic-task-example; activiti-api-spring-integration-example; activiti-api-web-example; activiti-bpmn-converter; activiti-engine; activiti-image-generator; activiti-spring; activiti-spring-boot-starter; activiti-spring-conformance-set0; activiti-spring-conformance-set1; activiti-spring-conformance-set2; activiti-spring-conformance-set3; activiti-spring-conformance-set4; activiti-spring-conformance-set5; activiti-spring-conformance-signals; activiti-spring-conformance-util; activiti-spring-conformance-variables; activiti-api-basic-connector-examples; activiti-api-basic-full-example; activiti-api-basic-full-example-custombean; activiti-api-basic-process-examples; activiti-api-basic-task-examples; activiti-api-spring-integration-example; activiti-api-web-examples; activiti-bpmn-converter; activiti-engine; activiti-image-generator; activiti-spring; activiti-spring-boot-starter; activiti-spring-conformance-set0; activiti-spring-conformance-set1; activiti-spring-conformance-set2; activiti-spring-conformance-set3; activiti-spring-conformance-set4; activiti-spring-conformance-set5; activiti-spring-conformance-signals; activiti-spring-conformance-util; activiti-spring-conformance-variables,21,1.4.200,2022-01-17 16:18:52+00:00,2022-01-19 17:15:09+00:00,2.039085648148148,post_resolution,CVE-2021-23463; CVE-2021-42392; CVE-2022-23221; CVE-2022-45868,version_changed
1,Activiti,H2,9,activiti-api-basic-connector-example; activiti-api-basic-full-example-bean; activiti-api-basic-full-example-nobean; activiti-api-basic-process-example; activiti-api-basic-task-example; activiti-api-spring-integration-example; activiti-api-web-example; activiti-bpmn-converter; activiti-engine; activiti-image-generator; activiti-spring; activiti-spring-boot-starter; activiti-spring-conformance-set0; activiti-spring-conformance-set1; activiti-spring-conformance-set2; activiti-spring-conformance-set3; activiti-spring-conformance-set4; activiti-spring-conformance-set5; activiti-spring-conformance-signals; activiti-spring-conformance-util; activiti-spring-conformance-variables; activiti-api-basic-connector-examples; activiti-api-basic-full-example; activiti-api-basic-full-example-custombean; activiti-api-basic-process-examples; activiti-api-basic-task-examples; activiti-api-spring-integration-example; activiti-api-web-examples; activiti-bpmn-converter; activiti-engine; activiti-image-generator; activiti-spring; activiti-spring-boot-starter; activiti-spring-conformance-set0; activiti-spring-conformance-set1; activiti-spring-conformance-set2; activiti-spring-conformance-set3; activiti-spring-conformance-set4; activiti-spring-conformance-set5; activiti-spring-conformance-signals; activiti-spring-conformance-util; activiti-spring-conformance-variables,21,1.4.200,2022-01-19 17:15:09+00:00,2022-11-23 21:15:11.360000+00:00,308.1666939814815,post_resolution,CVE-2021-23463; CVE-2021-42392; CVE-2022-23221; CVE-2022-45868,version_changed
1,Activiti,H2,9,activiti-api-basic-connector-example; activiti-api-basic-full-example-bean; activiti-api-basic-full-example-nobean; activiti-api-basic-process-example; activiti-api-basic-task-example; activiti-api-spring-integration-example; activiti-api-web-example; activiti-bpmn-converter; activiti-engine; activiti-image-generator; activiti-spring; activiti-spring-boot-starter; activiti-spring-conformance-set0; activiti-spring-conformance-set1; activiti-spring-conformance-set2; activiti-spring-conformance-set3; activiti-spring-conformance-set4; activiti-spring-conformance-set5; activiti-spring-conformance-signals; activiti-spring-conformance-util; activiti-spring-conformance-variables; activiti-api-basic-connector-examples; activiti-api-basic-full-example; activiti-api-basic-full-example-custombean; activiti-api-basic-process-examples; activiti-api-basic-task-examples; activiti-api-spring-integration-example; activiti-api-web-examples; activiti-bpmn-converter; activiti-engine; activiti-image-generator; activiti-spring; activiti-spring-boot-starter; activiti-spring-conformance-set0; activiti-spring-conformance-set1; activiti-spring-conformance-set2; activiti-spring-conformance-set3; activiti-spring-conformance-set4; activiti-spring-conformance-set5; activiti-spring-conformance-signals; activiti-spring-conformance-util; activiti-spring-conformance-variables,21,1.4.200,2022-11-23 21:15:11.360000+00:00,2023-07-05 14:57:30+00:00,223.73771574074075,post_resolution,CVE-2021-23463; CVE-2021-42392; CVE-2022-23221; CVE-2022-45868,version_changed
1,Activiti,H2,9,activiti-api-basic-connector-example; activiti-api-basic-full-example-bean; activiti-api-basic-full-example-nobean; activiti-api-basic-process-example; activiti-api-basic-task-example; activiti-api-spring-integration-example; activiti-api-web-example; activiti-bpmn-converter; activiti-engine; activiti-image-generator; activiti-spring; activiti-spring-boot-starter; activiti-spring-conformance-set0; activiti-spring-conformance-set1; activiti-spring-conformance-set2; activiti-spring-conformance-set3; activiti-spring-conformance-set4; activiti-spring-conformance-set5; activiti-spring-conformance-signals; activiti-spring-conformance-util; activiti-spring-conformance-variables; activiti-api-basic-connector-examples; activiti-api-basic-full-example; activiti-api-basic-full-example-custombean; activiti-api-basic-process-examples; activiti-api-basic-task-examples; activiti-api-spring-integration-example; activiti-api-web-examples; activiti-bpmn-converter; activiti-engine; activiti-image-generator; activiti-spring; activiti-spring-boot-starter; activiti-spring-conformance-set0; activiti-spring-conformance-set1; activiti-spring-conformance-set2; activiti-spring-conformance-set3; activiti-spring-conformance-set4; activiti-spring-conformance-set5; activiti-spring-conformance-signals; activiti-spring-conformance-util; activiti-spring-conformance-variables,21,1.4.200,2023-07-05 14:57:30+00:00,2023-10-19 00:00:00+00:00,105.37673611111111,post_resolution,CVE-2021-23463; CVE-2021-42392; CVE-2022-23221; CVE-2022-45868,version_changed
1,Activiti,MySQL,13,activiti-engine,1,5.1.6,2010-11-29 00:00:00+00:00,2012-07-24 00:00:00+00:00,603.0,pre_disclosure,CVE-2015-2575; CVE-2017-3523; CVE-2017-3586; CVE-2017-3589; CVE-2018-3258; CVE-2019-2692; CVE-2020-2934; CVE-2022-21363; CVE-2023-22102,version_changed
1,Activiti,MySQL,14,activiti-engine,1,5.1.21,2012-07-24 00:00:00+00:00,2013-08-23 00:00:00+00:00,395.0,pre_disclosure,CVE-2015-2575; CVE-2017-3523; CVE-2017-3586; CVE-2017-3589; CVE-2018-3258; CVE-2019-2692; CVE-2020-2934; CVE-2022-21363; CVE-2023-22102,version_changed
1,Activiti,MySQL,15,activiti-engine,1,5.1.26,2013-08-23 00:00:00+00:00,2013-12-03 00:00:00+00:00,102.0,pre_disclosure,CVE-2015-2575; CVE-2017-3523; CVE-2017-3586; CVE-2017-3589; CVE-2018-3258; CVE-2019-2692; CVE-2020-2934; CVE-2022-21363; CVE-2023-22102,version_changed
1,Activiti,MySQL,16,activiti-engine,1,5.1.27,2013-12-03 00:00:00+00:00,2015-04-16 17:00:07.253000+00:00,499.7084172800926,pre_disclosure,CVE-2015-2575; CVE-2017-3523; CVE-2017-3586; CVE-2017-3589; CVE-2018-3258; CVE-2019-2692; CVE-2020-2934; CVE-2022-21363; CVE-2023-22102,right_censored_no_later_version
1,Activiti,MySQL,16,activiti-engine,1,5.1.27,2015-04-16 17:00:07.253000+00:00,2015-05-08 10:55:46+00:00,21.746976238425926,post_disclosure,CVE-2015-2575; CVE-2017-3523; CVE-2017-3586; CVE-2017-3589; CVE-2018-3258; CVE-2019-2692; CVE-2020-2934; CVE-2022-21363; CVE-2023-22102,right_censored_no_later_version
1,Activiti,MySQL,16,activiti-engine,1,5.1.27,2015-05-08 10:55:46+00:00,2017-02-14 20:27:59+00:00,648.3973726851851,post_resolution,CVE-2015-2575; CVE-2017-3523; CVE-2017-3586; CVE-2017-3589; CVE-2018-3258; CVE-2019-2692; CVE-2020-2934; CVE-2022-21363; CVE-2023-22102,right_censored_no_later_version
1,Activiti,MySQL,16,activiti-engine,1,5.1.27,2017-02-14 20:27:59+00:00,2017-04-17 18:23:36+00:00,61.91362268518518,post_resolution,CVE-2015-2575; CVE-2017-3523; CVE-2017-3586; CVE-2017-3589; CVE-2018-3258; CVE-2019-2692; CVE-2020-2934; CVE-2022-21363; CVE-2023-22102,right_censored_no_later_version
1,Activiti,MySQL,16,activiti-engine,1,5.1.27,2017-04-17 18:23:36+00:00,2017-04-24 19:59:03.567000+00:00,7.066291284722222,post_resolution,CVE-2015-2575; CVE-2017-3523; CVE-2017-3586; CVE-2017-3589; CVE-2018-3258; CVE-2019-2692; CVE-2020-2934; CVE-2022-21363; CVE-2023-22102,right_censored_no_later_version
1,Activiti,MySQL,16,activiti-engine,1,5.1.27,2017-04-24 19:59:03.567000+00:00,2017-04-24 19:59:05.597000+00:00,2.3495370370370367e-05,post_resolution,CVE-2015-2575; CVE-2017-3523; CVE-2017-3586; CVE-2017-3589; CVE-2018-3258; CVE-2019-2692; CVE-2020-2934; CVE-2022-21363; CVE-2023-22102,right_censored_no_later_version
1,Activiti,MySQL,16,activiti-engine,1,5.1.27,2017-04-24 19:59:05.597000+00:00,2017-04-24 19:59:05.660000+00:00,7.291666666666666e-07,post_resolution,CVE-2015-2575; CVE-2017-3523; CVE-2017-3586; CVE-2017-3589; CVE-2018-3258; CVE-2019-2692; CVE-2020-2934; CVE-2022-21363; CVE-2023-22102,right_censored_no_later_version
1,Activiti,MySQL,16,activiti-engine,1,5.1.27,2017-04-24 19:59:05.660000+00:00,2017-05-30 00:00:00+00:00,35.16729560185185,post_resolution,CVE-2015-2575; CVE-2017-3523; CVE-2017-3586; CVE-2017-3589; CVE-2018-3258; CVE-2019-2692; CVE-2020-2934; CVE-2022-21363; CVE-2023-22102,right_censored_no_later_version
1,Activiti,PostgreSQL,17,activiti-engine,1,8.4-701.jdbc4,2010-11-29 00:00:00+00:00,2013-02-08 00:00:00+00:00,802.0,pre_disclosure,CVE-2018-10936,version_changed
1,Activiti,PostgreSQL,19,activiti-engine,1,9.0-801.jdbc4,2013-11-19 00:00:00+00:00,2015-03-23 00:00:00+00:00,489.0,pre_disclosure,CVE-2018-10936,version_changed
1,Activiti,PostgreSQL,21,activiti-engine,1,9.4-1201-jdbc4,2015-03-23 00:00:00+00:00,2018-08-27 15:43:21+00:00,1253.6551041666667,pre_disclosure,CVE-2018-10936; CVE-2020-13692; CVE-2022-41946,version_changed
1,Activiti,PostgreSQL,21,activiti-engine,1,9.4-1201-jdbc4,2018-08-27 15:43:21+00:00,2018-08-30 13:29:00.377000+00:00,2.906705752314815,post_resolution,CVE-2018-10936; CVE-2020-13692; CVE-2022-41946,version_changed
1,Activiti,PostgreSQL,21,activiti-engine,1,9.4-1201-jdbc4,2018-08-30 13:29:00.377000+00:00,2020-06-04 13:16:11+00:00,643.9910951736111,post_resolution,CVE-2018-10936; CVE-2020-13692; CVE-2022-41946,version_changed
1,Activiti,PostgreSQL,21,activiti-engine,1,9.4-1201-jdbc4,2020-06-04 13:16:11+00:00,2020-06-04 16:15:12.657000+00:00,0.12432473379629629,post_resolution,CVE-2018-10936; CVE-2020-13692; CVE-2022-41946,version_changed
1,Activiti,PostgreSQL,21,activiti-engine,1,9.4-1201-jdbc4,2020-06-04 16:15:12.657000+00:00,2022-11-23 00:00:00+00:00,901.322770173611,post_resolution,CVE-2018-10936; CVE-2020-13692; CVE-2022-41946,version_changed
1,Activiti,PostgreSQL,21,activiti-engine,1,9.4-1201-jdbc4,2022-11-23 00:00:00+00:00,2022-11-23 20:15:10.253000+00:00,0.8438686689814815,post_resolution,CVE-2018-10936; CVE-2020-13692; CVE-2022-41946,version_changed
1,Activiti,PostgreSQL,21,activiti-engine,1,9.4-1201-jdbc4,2022-11-23 20:15:10.253000+00:00,2023-10-13 00:00:00+00:00,323.1561313310185,post_resolution,CVE-2018-10936; CVE-2020-13692; CVE-2022-41946,version_changed
1,Activiti,PostgreSQL,22,activiti-engine,1,42.6.0,2023-10-13 00:00:00+00:00,2024-03-11 00:00:00+00:00,150.0,pre_disclosure,CVE-2026-42198,version_changed
1,Activiti,PostgreSQL,23,activiti-engine,1,42.7.2,2024-03-11 00:00:00+00:00,2024-11-11 00:00:00+00:00,245.0,pre_disclosure,CVE-2026-42198,version_changed
1,Activiti,PostgreSQL,24,activiti-engine,1,42.7.4,2024-11-06 00:00:00+00:00,2025-06-11 09:55:12+00:00,217.41333333333333,pre_disclosure,CVE-2025-49146; CVE-2026-42198,version_changed
1,Activiti,PostgreSQL,24,activiti-engine,1,42.7.4,2025-06-11 09:55:12+00:00,2025-06-11 15:15:42.850000+00:00,0.2225792824074074,post_resolution,CVE-2025-49146; CVE-2026-42198,version_changed
1,Activiti,PostgreSQL,24,activiti-engine,1,42.7.4,2025-06-11 15:15:42.850000+00:00,2025-06-19 00:00:00+00:00,7.36408738425926,post_resolution,CVE-2025-49146; CVE-2026-42198,version_changed
1,Activiti,PostgreSQL,25,activiti-engine,1,42.7.7,2025-06-13 00:00:00+00:00,2025-09-23 00:00:00+00:00,102.0,pre_disclosure,CVE-2026-42198,version_changed
1,Activiti,PostgreSQL,26,activiti-engine,1,42.7.8,2025-09-22 00:00:00+00:00,2026-01-08 00:00:00+00:00,108.0,pre_disclosure,CVE-2026-42198,right_censored_no_later_version
2,nacos,MySQL,27,nacos-address; nacos-config; nacos-console; nacos-distribution; nacos-istio; nacos-naming; nacos-test; nacos-address; nacos-config; nacos-console; nacos-distribution; nacos-naming; nacos-test; nacos-config; nacos-console; nacos-distribution; nacos-naming; nacos-test,7,5.1.34,2018-07-21 00:00:00+00:00,2018-09-27 09:18:47+00:00,68.38804398148149,post_resolution,CVE-2015-2575; CVE-2017-3523; CVE-2017-3586; CVE-2017-3589; CVE-2018-3258; CVE-2019-2692; CVE-2020-2934; CVE-2022-21363; CVE-2023-22102,version_changed
2,nacos,MySQL,27,nacos-address; nacos-config; nacos-console; nacos-distribution; nacos-istio; nacos-naming; nacos-test; nacos-address; nacos-config; nacos-console; nacos-distribution; nacos-naming; nacos-test; nacos-config; nacos-console; nacos-distribution; nacos-naming; nacos-test,7,5.1.34,2018-09-27 09:18:47+00:00,2018-10-17 01:31:27.230000+00:00,19.675465625,post_resolution,CVE-2015-2575; CVE-2017-3523; CVE-2017-3586; CVE-2017-3589; CVE-2018-3258; CVE-2019-2692; CVE-2020-2934; CVE-2022-21363; CVE-2023-22102,version_changed
2,nacos,MySQL,27,nacos-address; nacos-config; nacos-console; nacos-distribution; nacos-istio; nacos-naming; nacos-test; nacos-address; nacos-config; nacos-console; nacos-distribution; nacos-naming; nacos-test; nacos-config; nacos-console; nacos-distribution; nacos-naming; nacos-test,7,5.1.34,2018-10-17 01:31:27.230000+00:00,2019-03-20 19:08:52+00:00,154.73431446759258,post_resolution,CVE-2015-2575; CVE-2017-3523; CVE-2017-3586; CVE-2017-3589; CVE-2018-3258; CVE-2019-2692; CVE-2020-2934; CVE-2022-21363; CVE-2023-22102,version_changed
2,nacos,MySQL,27,nacos-address; nacos-config; nacos-console; nacos-distribution; nacos-istio; nacos-naming; nacos-test; nacos-address; nacos-config; nacos-console; nacos-distribution; nacos-naming; nacos-test; nacos-config; nacos-console; nacos-distribution; nacos-naming; nacos-test,7,5.1.34,2019-03-20 19:08:52+00:00,2019-04-23 19:32:55.880000+00:00,34.01671157407407,post_resolution,CVE-2015-2575; CVE-2017-3523; CVE-2017-3586; CVE-2017-3589; CVE-2018-3258; CVE-2019-2692; CVE-2020-2934; CVE-2022-21363; CVE-2023-22102,version_changed
2,nacos,MySQL,27,nacos-address; nacos-config; nacos-console; nacos-distribution; nacos-istio; nacos-naming; nacos-test; nacos-address; nacos-config; nacos-console; nacos-distribution; nacos-naming; nacos-test; nacos-config; nacos-console; nacos-distribution; nacos-naming; nacos-test,7,5.1.34,2019-04-23 19:32:55.880000+00:00,2020-04-15 14:15:36.453000+00:00,357.77963626157407,post_resolution,CVE-2015-2575; CVE-2017-3523; CVE-2017-3586; CVE-2017-3589; CVE-2018-3258; CVE-2019-2692; CVE-2020-2934; CVE-2022-21363; CVE-2023-22102,version_changed
2,nacos,MySQL,27,nacos-address; nacos-config; nacos-console; nacos-distribution; nacos-istio; nacos-naming; nacos-test; nacos-address; nacos-config; nacos-console; nacos-distribution; nacos-naming; nacos-test; nacos-config; nacos-console; nacos-distribution; nacos-naming; nacos-test,7,5.1.34,2020-04-15 14:15:36.453000+00:00,2020-06-15 00:00:00+00:00,60.40582809027778,post_resolution,CVE-2015-2575; CVE-2017-3523; CVE-2017-3586; CVE-2017-3589; CVE-2018-3258; CVE-2019-2692; CVE-2020-2934; CVE-2022-21363; CVE-2023-22102,version_changed
2,nacos,MySQL,28,nacos-address; nacos-config; nacos-console; nacos-distribution; nacos-istio; nacos-naming; nacos-test,7,8.0.13,2020-06-15 00:00:00+00:00,2020-07-02 00:00:00+00:00,17.0,post_resolution,CVE-2019-2692; CVE-2020-2934; CVE-2021-2471; CVE-2022-21363; CVE-2023-22102,version_changed
2,nacos,MySQL,29,nacos-address; nacos-config; nacos-console; nacos-distribution; nacos-istio; nacos-naming; nacos-test,7,8.0.16,2020-07-02 00:00:00+00:00,2020-07-14 00:00:00+00:00,12.0,post_disclosure,CVE-2020-2934; CVE-2021-2471; CVE-2022-21363; CVE-2023-22102,version_changed
2,nacos,MySQL,29,nacos-address; nacos-config; nacos-console; nacos-distribution; nacos-istio; nacos-naming; nacos-test,7,8.0.16,2020-07-14 00:00:00+00:00,2021-03-17 00:00:00+00:00,246.0,post_resolution,CVE-2020-2934; CVE-2021-2471; CVE-2022-21363; CVE-2023-22102,version_changed
2,nacos,MySQL,30,config-test; core-test; nacos-address; nacos-config; nacos-console; nacos-distribution; nacos-istio; nacos-naming; nacos-plugin-default-impl; nacos-test; naming-test; config-test; core-test; nacos-address; nacos-config; nacos-console; nacos-distribution; nacos-istio; nacos-naming; nacos-test; naming-test; nacos-address; nacos-config; nacos-console; nacos-distribution; nacos-istio; nacos-naming; nacos-test,11,8.0.21,2021-03-17 00:00:00+00:00,2021-09-28 18:17:43+00:00,195.76230324074075,pre_disclosure,CVE-2021-2471; CVE-2022-21363; CVE-2023-22102,version_changed
2,nacos,MySQL,30,config-test; core-test; nacos-address; nacos-config; nacos-console; nacos-distribution; nacos-istio; nacos-naming; nacos-plugin-default-impl; nacos-test; naming-test; config-test; core-test; nacos-address; nacos-config; nacos-console; nacos-distribution; nacos-istio; nacos-naming; nacos-test; naming-test; nacos-address; nacos-config; nacos-console; nacos-distribution; nacos-istio; nacos-naming; nacos-test,11,8.0.21,2021-09-28 18:17:43+00:00,2021-10-20 11:16:17.117000+00:00,21.70733931712963,post_resolution,CVE-2021-2471; CVE-2022-21363; CVE-2023-22102,version_changed
2,nacos,MySQL,30,config-test; core-test; nacos-address; nacos-config; nacos-console; nacos-distribution; nacos-istio; nacos-naming; nacos-plugin-default-impl; nacos-test; naming-test; config-test; core-test; nacos-address; nacos-config; nacos-console; nacos-distribution; nacos-istio; nacos-naming; nacos-test; naming-test; nacos-address; nacos-config; nacos-console; nacos-distribution; nacos-istio; nacos-naming; nacos-test,11,8.0.21,2021-10-20 11:16:17.117000+00:00,2021-12-16 00:25:41+00:00,56.548193090277785,post_resolution,CVE-2021-2471; CVE-2022-21363; CVE-2023-22102,version_changed
2,nacos,MySQL,30,config-test; core-test; nacos-address; nacos-config; nacos-console; nacos-distribution; nacos-istio; nacos-naming; nacos-plugin-default-impl; nacos-test; naming-test; config-test; core-test; nacos-address; nacos-config; nacos-console; nacos-distribution; nacos-istio; nacos-naming; nacos-test; naming-test; nacos-address; nacos-config; nacos-console; nacos-distribution; nacos-istio; nacos-naming; nacos-test,11,8.0.21,2021-12-16 00:25:41+00:00,2022-01-19 12:15:15.680000+00:00,34.492762500000005,post_resolution,CVE-2021-2471; CVE-2022-21363; CVE-2023-22102,version_changed
2,nacos,MySQL,30,config-test; core-test; nacos-address; nacos-config; nacos-console; nacos-distribution; nacos-istio; nacos-naming; nacos-plugin-default-impl; nacos-test; naming-test; config-test; core-test; nacos-address; nacos-config; nacos-console; nacos-distribution; nacos-istio; nacos-naming; nacos-test; naming-test; nacos-address; nacos-config; nacos-console; nacos-distribution; nacos-istio; nacos-naming; nacos-test,11,8.0.21,2022-01-19 12:15:15.680000+00:00,2022-07-07 00:00:00+00:00,168.48940185185185,post_resolution,CVE-2021-2471; CVE-2022-21363; CVE-2023-22102,version_changed
2,nacos,MySQL,31,config-test; core-test; default-auth-plugin; nacos-address; nacos-cmdb; nacos-common; nacos-config; nacos-console; nacos-core; nacos-distribution; nacos-example; nacos-istio; nacos-naming; nacos-persistence; nacos-prometheus; nacos-test; naming-test; config-test; core-test; default-auth-plugin; nacos-address; nacos-cmdb; nacos-config; nacos-console; nacos-core; nacos-distribution; nacos-example; nacos-istio; nacos-naming; nacos-persistence; nacos-prometheus; nacos-test; naming-test; config-test; core-test; nacos-address; nacos-cmdb; nacos-config; nacos-console; nacos-core; nacos-distribution; nacos-example; nacos-istio; nacos-naming; nacos-persistence; nacos-plugin-default-impl; nacos-prometheus; nacos-test; naming-test; config-test; core-test; nacos-address; nacos-config; nacos-console; nacos-distribution; nacos-istio; nacos-naming; nacos-plugin-default-impl; nacos-prometheus; nacos-test; naming-test; config-test; core-test; nacos-address; nacos-config; nacos-console; nacos-distribution; nacos-istio; nacos-naming; nacos-plugin-default-impl; nacos-test; naming-test,17,8.0.28,2022-06-24 00:00:00+00:00,2023-10-17 22:15:15.100000+00:00,480.92725810185186,pre_disclosure,CVE-2023-22102,version_changed
2,nacos,MySQL,31,config-test; core-test; default-auth-plugin; nacos-address; nacos-cmdb; nacos-common; nacos-config; nacos-console; nacos-core; nacos-distribution; nacos-example; nacos-istio; nacos-naming; nacos-persistence; nacos-prometheus; nacos-test; naming-test; config-test; core-test; default-auth-plugin; nacos-address; nacos-cmdb; nacos-config; nacos-console; nacos-core; nacos-distribution; nacos-example; nacos-istio; nacos-naming; nacos-persistence; nacos-prometheus; nacos-test; naming-test; config-test; core-test; nacos-address; nacos-cmdb; nacos-config; nacos-console; nacos-core; nacos-distribution; nacos-example; nacos-istio; nacos-naming; nacos-persistence; nacos-plugin-default-impl; nacos-prometheus; nacos-test; naming-test; config-test; core-test; nacos-address; nacos-config; nacos-console; nacos-distribution; nacos-istio; nacos-naming; nacos-plugin-default-impl; nacos-prometheus; nacos-test; naming-test; config-test; core-test; nacos-address; nacos-config; nacos-console; nacos-distribution; nacos-istio; nacos-naming; nacos-plugin-default-impl; nacos-test; naming-test,17,8.0.28,2023-10-17 22:15:15.100000+00:00,2023-10-25 08:46:05+00:00,7.438077546296297,post_disclosure,CVE-2023-22102,version_changed
2,nacos,MySQL,31,config-test; core-test; default-auth-plugin; nacos-address; nacos-cmdb; nacos-common; nacos-config; nacos-console; nacos-core; nacos-distribution; nacos-example; nacos-istio; nacos-naming; nacos-persistence; nacos-prometheus; nacos-test; naming-test; config-test; core-test; default-auth-plugin; nacos-address; nacos-cmdb; nacos-config; nacos-console; nacos-core; nacos-distribution; nacos-example; nacos-istio; nacos-naming; nacos-persistence; nacos-prometheus; nacos-test; naming-test; config-test; core-test; nacos-address; nacos-cmdb; nacos-config; nacos-console; nacos-core; nacos-distribution; nacos-example; nacos-istio; nacos-naming; nacos-persistence; nacos-plugin-default-impl; nacos-prometheus; nacos-test; naming-test; config-test; core-test; nacos-address; nacos-config; nacos-console; nacos-distribution; nacos-istio; nacos-naming; nacos-plugin-default-impl; nacos-prometheus; nacos-test; naming-test; config-test; core-test; nacos-address; nacos-config; nacos-console; nacos-distribution; nacos-istio; nacos-naming; nacos-plugin-default-impl; nacos-test; naming-test,17,8.0.28,2023-10-25 08:46:05+00:00,2024-03-26 00:00:00+00:00,152.63466435185185,post_resolution,CVE-2023-22102,version_changed
2,nacos,MySQL,32,config-test; core-test; default-auth-plugin; nacos-address; nacos-cmdb; nacos-common; nacos-config; nacos-console; nacos-core; nacos-distribution; nacos-example; nacos-istio; nacos-naming; nacos-persistence; nacos-prometheus; nacos-test; naming-test,17,8.0.33,2024-03-26 00:00:00+00:00,2024-09-02 00:00:00+00:00,160.0,post_resolution,CVE-2023-22102,version_changed
6,shiro,Hazelcast,40,shiro-all; shiro-hazelcast; shiro-test-coverage,3,3.7.2,2016-11-10 00:00:00+00:00,2018-10-23 13:23:32+00:00,712.5580092592593,pre_disclosure,CVE-2016-10750; CVE-2023-33265; CVE-2023-45860,version_changed
6,shiro,Hazelcast,40,shiro-all; shiro-hazelcast; shiro-test-coverage,3,3.7.2,2018-10-23 13:23:32+00:00,2019-05-22 14:29:00.223000+00:00,211.0454655439815,post_resolution,CVE-2016-10750; CVE-2023-33265; CVE-2023-45860,version_changed
6,shiro,Hazelcast,40,shiro-all; shiro-hazelcast; shiro-test-coverage,3,3.7.2,2019-05-22 14:29:00.223000+00:00,2019-06-04 00:00:00+00:00,12.39652519675926,post_resolution,CVE-2016-10750; CVE-2023-33265; CVE-2023-45860,version_changed
6,shiro,Hazelcast,41,shiro-all; shiro-hazelcast; shiro-test-coverage,3,3.12,2019-06-04 00:00:00+00:00,2019-06-19 00:00:00+00:00,15.0,pre_disclosure,CVE-2023-33265; CVE-2023-45860,version_changed
6,shiro,Hazelcast,42,shiro-all; shiro-hazelcast; shiro-test-coverage,3,3.12.1,2019-06-19 00:00:00+00:00,2020-04-16 00:00:00+00:00,302.0,pre_disclosure,CVE-2023-33265; CVE-2023-45860,version_changed
6,shiro,Hazelcast,43,shiro-all; shiro-hazelcast; shiro-test-coverage; shiro-hazelcast; shiro-test-coverage,3,3.12.6,2020-04-16 00:00:00+00:00,2022-10-10 00:00:00+00:00,907.0,pre_disclosure,CVE-2023-33265; CVE-2023-45860,version_changed
6,shiro,Hazelcast,44,shiro-hazelcast; shiro-test-coverage,2,5.1.3,2022-10-06 00:00:00+00:00,2023-01-26 00:00:00+00:00,112.0,pre_disclosure,CVE-2023-45860,version_changed
6,shiro,Hazelcast,48,shiro-hazelcast; shiro-test-coverage,2,5.3.0,2023-05-18 00:00:00+00:00,2023-06-09 00:00:00+00:00,22.0,pre_disclosure,CVE-2023-45859,version_changed
6,shiro,Hazelcast,49,shiro-hazelcast; shiro-test-coverage,2,5.3.1,2023-06-09 00:00:00+00:00,2023-08-22 00:00:00+00:00,74.0,pre_disclosure,CVE-2023-45859,version_changed
6,shiro,Hazelcast,50,shiro-hazelcast; shiro-test-coverage,2,5.3.2,2023-08-21 00:00:00+00:00,2023-10-22 00:00:00+00:00,62.0,pre_disclosure,CVE-2023-45859,version_changed
6,shiro,Hazelcast,51,shiro-hazelcast; shiro-test-coverage,2,5.3.4,2023-10-20 00:00:00+00:00,2023-10-24 00:00:00+00:00,4.0,pre_disclosure,CVE-2023-45859,version_changed
6,shiro,HyperSQL,56,samples-sprhib; samples-spring-mvc; shiro-core,3,2.4.1,2019-06-13 00:00:00+00:00,2019-06-19 00:00:00+00:00,6.0,pre_disclosure,CVE-2022-41853,version_changed
6,shiro,HyperSQL,57,samples-sprhib; samples-spring-mvc; shiro-core,3,2.5.0,2019-06-19 00:00:00+00:00,2022-10-06 18:17:07.190000+00:00,1205.761888773148,pre_disclosure,CVE-2022-41853,version_changed
6,shiro,HyperSQL,57,samples-sprhib; samples-spring-mvc; shiro-core,3,2.5.0,2022-10-06 18:17:07.190000+00:00,2022-10-22 14:19:43+00:00,15.835136689814815,post_disclosure,CVE-2022-41853,version_changed
6,shiro,HyperSQL,57,samples-sprhib; samples-spring-mvc; shiro-core,3,2.5.0,2022-10-22 14:19:43+00:00,2023-01-26 00:00:00+00:00,95.40297453703704,post_resolution,CVE-2022-41853,version_changed
7,shardingsphere-elasticjob,H2,62,elastic-job-cloud-executor; elastic-job-common-core; elastic-job-lite-spring; elastic-job-cloud-executor; elastic-job-core; elastic-job-lite-spring; elastic-job-common; elastic-job-common-core; elastic-job-lite-spring; elastic-job-common; elastic-job-lite-spring; elastic-job-core; elastic-job-lite-spring; elastic-job-example-lite-java; elastic-job-example-lite-spring; elastic-job-example-lite-springboot; elastic-job-lite-console; elastic-job-lite-spring; elastic-job-lite-tracing-rdb; elastic-job-lite-console; elastic-job-lite-spring; elastic-job-lite-tracing-rdb; elastic-job-lite-core; elastic-job-lite-spring; elastic-job-lite-core; elastic-job-lite-spring; elastic-job-lite-tracing-rdb; elastic-job-lite-spring; elastic-job-lite-tracing-rdb; elasticjob-cloud-common; elasticjob-cloud-executor; elasticjob-cloud-scheduler; elasticjob-lite-spring-boot-starter; elasticjob-lite-spring-namespace; elasticjob-tracing-rdb; elasticjob-cloud-common; elasticjob-cloud-executor; elasticjob-lite-console; elasticjob-lite-spring-boot-starter; elasticjob-lite-spring-namespace; elasticjob-tracing-rdb; elasticjob-cloud-common; elasticjob-cloud-executor; elasticjob-lite-console; elasticjob-lite-spring-boot-starter; elasticjob-lite-spring-namespace; elasticjob-tracing-rdb; elasticjob-tracing-spring-boot-starter; elasticjob-cloud-common; elasticjob-cloud-executor; elasticjob-lite-console; elasticjob-lite-spring; elasticjob-lite-spring-boot-starter; elasticjob-tracing-rdb; elasticjob-tracing-spring-boot-starter; elasticjob-cloud-common; elasticjob-cloud-executor; elasticjob-lite-console; elasticjob-lite-spring; elasticjob-lite-tracing-rdb; elasticjob-cloud-common; elasticjob-cloud-executor; elasticjob-lite-console; elasticjob-lite-spring; elasticjob-tracing-rdb; elasticjob-cloud-common; elasticjob-cloud-executor; elasticjob-lite-spring-boot-starter; elasticjob-lite-spring-namespace; elasticjob-tracing-rdb,7,1.4.184,2016-08-12 00:00:00+00:00,2018-07-24 13:29:00.603000+00:00,711.5618125347222,pre_disclosure,CVE-2018-14335; CVE-2021-42392; CVE-2022-23221,version_changed
7,shardingsphere-elasticjob,H2,62,elastic-job-cloud-executor; elastic-job-common-core; elastic-job-lite-spring; elastic-job-cloud-executor; elastic-job-core; elastic-job-lite-spring; elastic-job-common; elastic-job-common-core; elastic-job-lite-spring; elastic-job-common; elastic-job-lite-spring; elastic-job-core; elastic-job-lite-spring; elastic-job-example-lite-java; elastic-job-example-lite-spring; elastic-job-example-lite-springboot; elastic-job-lite-console; elastic-job-lite-spring; elastic-job-lite-tracing-rdb; elastic-job-lite-console; elastic-job-lite-spring; elastic-job-lite-tracing-rdb; elastic-job-lite-core; elastic-job-lite-spring; elastic-job-lite-core; elastic-job-lite-spring; elastic-job-lite-tracing-rdb; elastic-job-lite-spring; elastic-job-lite-tracing-rdb; elasticjob-cloud-common; elasticjob-cloud-executor; elasticjob-cloud-scheduler; elasticjob-lite-spring-boot-starter; elasticjob-lite-spring-namespace; elasticjob-tracing-rdb; elasticjob-cloud-common; elasticjob-cloud-executor; elasticjob-lite-console; elasticjob-lite-spring-boot-starter; elasticjob-lite-spring-namespace; elasticjob-tracing-rdb; elasticjob-cloud-common; elasticjob-cloud-executor; elasticjob-lite-console; elasticjob-lite-spring-boot-starter; elasticjob-lite-spring-namespace; elasticjob-tracing-rdb; elasticjob-tracing-spring-boot-starter; elasticjob-cloud-common; elasticjob-cloud-executor; elasticjob-lite-console; elasticjob-lite-spring; elasticjob-lite-spring-boot-starter; elasticjob-tracing-rdb; elasticjob-tracing-spring-boot-starter; elasticjob-cloud-common; elasticjob-cloud-executor; elasticjob-lite-console; elasticjob-lite-spring; elasticjob-lite-tracing-rdb; elasticjob-cloud-common; elasticjob-cloud-executor; elasticjob-lite-console; elasticjob-lite-spring; elasticjob-tracing-rdb; elasticjob-cloud-common; elasticjob-cloud-executor; elasticjob-lite-spring-boot-starter; elasticjob-lite-spring-namespace; elasticjob-tracing-rdb,7,1.4.184,2018-07-24 13:29:00.603000+00:00,2019-02-22 14:41:59+00:00,213.0506758912037,post_disclosure,CVE-2018-14335; CVE-2021-42392; CVE-2022-23221,version_changed
7,shardingsphere-elasticjob,H2,62,elastic-job-cloud-executor; elastic-job-common-core; elastic-job-lite-spring; elastic-job-cloud-executor; elastic-job-core; elastic-job-lite-spring; elastic-job-common; elastic-job-common-core; elastic-job-lite-spring; elastic-job-common; elastic-job-lite-spring; elastic-job-core; elastic-job-lite-spring; elastic-job-example-lite-java; elastic-job-example-lite-spring; elastic-job-example-lite-springboot; elastic-job-lite-console; elastic-job-lite-spring; elastic-job-lite-tracing-rdb; elastic-job-lite-console; elastic-job-lite-spring; elastic-job-lite-tracing-rdb; elastic-job-lite-core; elastic-job-lite-spring; elastic-job-lite-core; elastic-job-lite-spring; elastic-job-lite-tracing-rdb; elastic-job-lite-spring; elastic-job-lite-tracing-rdb; elasticjob-cloud-common; elasticjob-cloud-executor; elasticjob-cloud-scheduler; elasticjob-lite-spring-boot-starter; elasticjob-lite-spring-namespace; elasticjob-tracing-rdb; elasticjob-cloud-common; elasticjob-cloud-executor; elasticjob-lite-console; elasticjob-lite-spring-boot-starter; elasticjob-lite-spring-namespace; elasticjob-tracing-rdb; elasticjob-cloud-common; elasticjob-cloud-executor; elasticjob-lite-console; elasticjob-lite-spring-boot-starter; elasticjob-lite-spring-namespace; elasticjob-tracing-rdb; elasticjob-tracing-spring-boot-starter; elasticjob-cloud-common; elasticjob-cloud-executor; elasticjob-lite-console; elasticjob-lite-spring; elasticjob-lite-spring-boot-starter; elasticjob-tracing-rdb; elasticjob-tracing-spring-boot-starter; elasticjob-cloud-common; elasticjob-cloud-executor; elasticjob-lite-console; elasticjob-lite-spring; elasticjob-lite-tracing-rdb; elasticjob-cloud-common; elasticjob-cloud-executor; elasticjob-lite-console; elasticjob-lite-spring; elasticjob-tracing-rdb; elasticjob-cloud-common; elasticjob-cloud-executor; elasticjob-lite-spring-boot-starter; elasticjob-lite-spring-namespace; elasticjob-tracing-rdb,7,1.4.184,2019-02-22 14:41:59+00:00,2022-01-04 20:53:00+00:00,1047.257650462963,post_resolution,CVE-2018-14335; CVE-2021-42392; CVE-2022-23221,version_changed
7,shardingsphere-elasticjob,H2,62,elastic-job-cloud-executor; elastic-job-common-core; elastic-job-lite-spring; elastic-job-cloud-executor; elastic-job-core; elastic-job-lite-spring; elastic-job-common; elastic-job-common-core; elastic-job-lite-spring; elastic-job-common; elastic-job-lite-spring; elastic-job-core; elastic-job-lite-spring; elastic-job-example-lite-java; elastic-job-example-lite-spring; elastic-job-example-lite-springboot; elastic-job-lite-console; elastic-job-lite-spring; elastic-job-lite-tracing-rdb; elastic-job-lite-console; elastic-job-lite-spring; elastic-job-lite-tracing-rdb; elastic-job-lite-core; elastic-job-lite-spring; elastic-job-lite-core; elastic-job-lite-spring; elastic-job-lite-tracing-rdb; elastic-job-lite-spring; elastic-job-lite-tracing-rdb; elasticjob-cloud-common; elasticjob-cloud-executor; elasticjob-cloud-scheduler; elasticjob-lite-spring-boot-starter; elasticjob-lite-spring-namespace; elasticjob-tracing-rdb; elasticjob-cloud-common; elasticjob-cloud-executor; elasticjob-lite-console; elasticjob-lite-spring-boot-starter; elasticjob-lite-spring-namespace; elasticjob-tracing-rdb; elasticjob-cloud-common; elasticjob-cloud-executor; elasticjob-lite-console; elasticjob-lite-spring-boot-starter; elasticjob-lite-spring-namespace; elasticjob-tracing-rdb; elasticjob-tracing-spring-boot-starter; elasticjob-cloud-common; elasticjob-cloud-executor; elasticjob-lite-console; elasticjob-lite-spring; elasticjob-lite-spring-boot-starter; elasticjob-tracing-rdb; elasticjob-tracing-spring-boot-starter; elasticjob-cloud-common; elasticjob-cloud-executor; elasticjob-lite-console; elasticjob-lite-spring; elasticjob-lite-tracing-rdb; elasticjob-cloud-common; elasticjob-cloud-executor; elasticjob-lite-console; elasticjob-lite-spring; elasticjob-tracing-rdb; elasticjob-cloud-common; elasticjob-cloud-executor; elasticjob-lite-spring-boot-starter; elasticjob-lite-spring-namespace; elasticjob-tracing-rdb,7,1.4.184,2022-01-04 20:53:00+00:00,2022-01-10 14:10:23.643000+00:00,5.720412534722222,post_resolution,CVE-2018-14335; CVE-2021-42392; CVE-2022-23221,version_changed
7,shardingsphere-elasticjob,H2,62,elastic-job-cloud-executor; elastic-job-common-core; elastic-job-lite-spring; elastic-job-cloud-executor; elastic-job-core; elastic-job-lite-spring; elastic-job-common; elastic-job-common-core; elastic-job-lite-spring; elastic-job-common; elastic-job-lite-spring; elastic-job-core; elastic-job-lite-spring; elastic-job-example-lite-java; elastic-job-example-lite-spring; elastic-job-example-lite-springboot; elastic-job-lite-console; elastic-job-lite-spring; elastic-job-lite-tracing-rdb; elastic-job-lite-console; elastic-job-lite-spring; elastic-job-lite-tracing-rdb; elastic-job-lite-core; elastic-job-lite-spring; elastic-job-lite-core; elastic-job-lite-spring; elastic-job-lite-tracing-rdb; elastic-job-lite-spring; elastic-job-lite-tracing-rdb; elasticjob-cloud-common; elasticjob-cloud-executor; elasticjob-cloud-scheduler; elasticjob-lite-spring-boot-starter; elasticjob-lite-spring-namespace; elasticjob-tracing-rdb; elasticjob-cloud-common; elasticjob-cloud-executor; elasticjob-lite-console; elasticjob-lite-spring-boot-starter; elasticjob-lite-spring-namespace; elasticjob-tracing-rdb; elasticjob-cloud-common; elasticjob-cloud-executor; elasticjob-lite-console; elasticjob-lite-spring-boot-starter; elasticjob-lite-spring-namespace; elasticjob-tracing-rdb; elasticjob-tracing-spring-boot-starter; elasticjob-cloud-common; elasticjob-cloud-executor; elasticjob-lite-console; elasticjob-lite-spring; elasticjob-lite-spring-boot-starter; elasticjob-tracing-rdb; elasticjob-tracing-spring-boot-starter; elasticjob-cloud-common; elasticjob-cloud-executor; elasticjob-lite-console; elasticjob-lite-spring; elasticjob-lite-tracing-rdb; elasticjob-cloud-common; elasticjob-cloud-executor; elasticjob-lite-console; elasticjob-lite-spring; elasticjob-tracing-rdb; elasticjob-cloud-common; elasticjob-cloud-executor; elasticjob-lite-spring-boot-starter; elasticjob-lite-spring-namespace; elasticjob-tracing-rdb,7,1.4.184,2022-01-10 14:10:23.643000+00:00,2022-01-17 16:18:52+00:00,7.089217094907407,post_resolution,CVE-2018-14335; CVE-2021-42392; CVE-2022-23221,version_changed
7,shardingsphere-elasticjob,H2,62,elastic-job-cloud-executor; elastic-job-common-core; elastic-job-lite-spring; elastic-job-cloud-executor; elastic-job-core; elastic-job-lite-spring; elastic-job-common; elastic-job-common-core; elastic-job-lite-spring; elastic-job-common; elastic-job-lite-spring; elastic-job-core; elastic-job-lite-spring; elastic-job-example-lite-java; elastic-job-example-lite-spring; elastic-job-example-lite-springboot; elastic-job-lite-console; elastic-job-lite-spring; elastic-job-lite-tracing-rdb; elastic-job-lite-console; elastic-job-lite-spring; elastic-job-lite-tracing-rdb; elastic-job-lite-core; elastic-job-lite-spring; elastic-job-lite-core; elastic-job-lite-spring; elastic-job-lite-tracing-rdb; elastic-job-lite-spring; elastic-job-lite-tracing-rdb; elasticjob-cloud-common; elasticjob-cloud-executor; elasticjob-cloud-scheduler; elasticjob-lite-spring-boot-starter; elasticjob-lite-spring-namespace; elasticjob-tracing-rdb; elasticjob-cloud-common; elasticjob-cloud-executor; elasticjob-lite-console; elasticjob-lite-spring-boot-starter; elasticjob-lite-spring-namespace; elasticjob-tracing-rdb; elasticjob-cloud-common; elasticjob-cloud-executor; elasticjob-lite-console; elasticjob-lite-spring-boot-starter; elasticjob-lite-spring-namespace; elasticjob-tracing-rdb; elasticjob-tracing-spring-boot-starter; elasticjob-cloud-common; elasticjob-cloud-executor; elasticjob-lite-console; elasticjob-lite-spring; elasticjob-lite-spring-boot-starter; elasticjob-tracing-rdb; elasticjob-tracing-spring-boot-starter; elasticjob-cloud-common; elasticjob-cloud-executor; elasticjob-lite-console; elasticjob-lite-spring; elasticjob-lite-tracing-rdb; elasticjob-cloud-common; elasticjob-cloud-executor; elasticjob-lite-console; elasticjob-lite-spring; elasticjob-tracing-rdb; elasticjob-cloud-common; elasticjob-cloud-executor; elasticjob-lite-spring-boot-starter; elasticjob-lite-spring-namespace; elasticjob-tracing-rdb,7,1.4.184,2022-01-17 16:18:52+00:00,2022-01-19 17:15:09+00:00,2.039085648148148,post_resolution,CVE-2018-14335; CVE-2021-42392; CVE-2022-23221,version_changed
7,shardingsphere-elasticjob,H2,62,elastic-job-cloud-executor; elastic-job-common-core; elastic-job-lite-spring; elastic-job-cloud-executor; elastic-job-core; elastic-job-lite-spring; elastic-job-common; elastic-job-common-core; elastic-job-lite-spring; elastic-job-common; elastic-job-lite-spring; elastic-job-core; elastic-job-lite-spring; elastic-job-example-lite-java; elastic-job-example-lite-spring; elastic-job-example-lite-springboot; elastic-job-lite-console; elastic-job-lite-spring; elastic-job-lite-tracing-rdb; elastic-job-lite-console; elastic-job-lite-spring; elastic-job-lite-tracing-rdb; elastic-job-lite-core; elastic-job-lite-spring; elastic-job-lite-core; elastic-job-lite-spring; elastic-job-lite-tracing-rdb; elastic-job-lite-spring; elastic-job-lite-tracing-rdb; elasticjob-cloud-common; elasticjob-cloud-executor; elasticjob-cloud-scheduler; elasticjob-lite-spring-boot-starter; elasticjob-lite-spring-namespace; elasticjob-tracing-rdb; elasticjob-cloud-common; elasticjob-cloud-executor; elasticjob-lite-console; elasticjob-lite-spring-boot-starter; elasticjob-lite-spring-namespace; elasticjob-tracing-rdb; elasticjob-cloud-common; elasticjob-cloud-executor; elasticjob-lite-console; elasticjob-lite-spring-boot-starter; elasticjob-lite-spring-namespace; elasticjob-tracing-rdb; elasticjob-tracing-spring-boot-starter; elasticjob-cloud-common; elasticjob-cloud-executor; elasticjob-lite-console; elasticjob-lite-spring; elasticjob-lite-spring-boot-starter; elasticjob-tracing-rdb; elasticjob-tracing-spring-boot-starter; elasticjob-cloud-common; elasticjob-cloud-executor; elasticjob-lite-console; elasticjob-lite-spring; elasticjob-lite-tracing-rdb; elasticjob-cloud-common; elasticjob-cloud-executor; elasticjob-lite-console; elasticjob-lite-spring; elasticjob-tracing-rdb; elasticjob-cloud-common; elasticjob-cloud-executor; elasticjob-lite-spring-boot-starter; elasticjob-lite-spring-namespace; elasticjob-tracing-rdb,7,1.4.184,2022-01-19 17:15:09+00:00,2023-10-13 00:00:00+00:00,631.2811458333333,post_resolution,CVE-2018-14335; CVE-2021-42392; CVE-2022-23221,version_changed
7,shardingsphere-elasticjob,MySQL,64,elastic-job-api; elastic-job-cloud-agent; elastic-job-cloud-master; elastic-job-common; elastic-job-lite-console; elastic-job-lite-core; elastic-job-lite-lifecycle; elastic-job-lite-lifecycle-core; elastic-job-lite-spring; elastic-job-cloud-executor; elastic-job-cloud-scheduler; elastic-job-cloud-executor; elastic-job-cloud-scheduler; elastic-job-common; elastic-job-core; elastic-job-lite-console; elastic-job-lite-core; elastic-job-lite-lifecycle; elastic-job-lite-lifecycle-core; elastic-job-lite-spring; elastic-job-cloud-executor; elastic-job-cloud-scheduler; elastic-job-core; elastic-job-lite-console; elastic-job-lite-core; elastic-job-lite-lifecycle; elastic-job-lite-lifecycle-core; elastic-job-lite-spring; elastic-job-cloud-executor; elastic-job-cloud-scheduler; elastic-job-core; elastic-job-lite-console; elastic-job-lite-core; elastic-job-lite-lifecycle; elastic-job-lite-spring; elastic-job-cloud-executor; elastic-job-cloud-scheduler; elastic-job-lite-console; elastic-job-cloud-scheduler; elastic-job-lite-console; elastic-job-lite-console; elastic-job-lite-core; elastic-job-lite-lifecycle; elastic-job-lite-spring; elastic-job-lite-console; elastic-job-lite-core; elastic-job-lite-lifecycle; elastic-job-lite-spring; elastic-job-lite-tracing-rdb,9,5.1.30,2016-08-12 00:00:00+00:00,2017-02-14 20:27:59+00:00,186.8527662037037,post_resolution,CVE-2015-2575; CVE-2017-3523; CVE-2017-3586; CVE-2017-3589; CVE-2018-3258; CVE-2019-2692; CVE-2020-2934; CVE-2022-21363; CVE-2023-22102,version_changed
7,shardingsphere-elasticjob,MySQL,64,elastic-job-api; elastic-job-cloud-agent; elastic-job-cloud-master; elastic-job-common; elastic-job-lite-console; elastic-job-lite-core; elastic-job-lite-lifecycle; elastic-job-lite-lifecycle-core; elastic-job-lite-spring; elastic-job-cloud-executor; elastic-job-cloud-scheduler; elastic-job-cloud-executor; elastic-job-cloud-scheduler; elastic-job-common; elastic-job-core; elastic-job-lite-console; elastic-job-lite-core; elastic-job-lite-lifecycle; elastic-job-lite-lifecycle-core; elastic-job-lite-spring; elastic-job-cloud-executor; elastic-job-cloud-scheduler; elastic-job-core; elastic-job-lite-console; elastic-job-lite-core; elastic-job-lite-lifecycle; elastic-job-lite-lifecycle-core; elastic-job-lite-spring; elastic-job-cloud-executor; elastic-job-cloud-scheduler; elastic-job-core; elastic-job-lite-console; elastic-job-lite-core; elastic-job-lite-lifecycle; elastic-job-lite-spring; elastic-job-cloud-executor; elastic-job-cloud-scheduler; elastic-job-lite-console; elastic-job-cloud-scheduler; elastic-job-lite-console; elastic-job-lite-console; elastic-job-lite-core; elastic-job-lite-lifecycle; elastic-job-lite-spring; elastic-job-lite-console; elastic-job-lite-core; elastic-job-lite-lifecycle; elastic-job-lite-spring; elastic-job-lite-tracing-rdb,9,5.1.30,2017-02-14 20:27:59+00:00,2017-04-17 18:23:36+00:00,61.91362268518518,post_resolution,CVE-2015-2575; CVE-2017-3523; CVE-2017-3586; CVE-2017-3589; CVE-2018-3258; CVE-2019-2692; CVE-2020-2934; CVE-2022-21363; CVE-2023-22102,version_changed
7,shardingsphere-elasticjob,MySQL,64,elastic-job-api; elastic-job-cloud-agent; elastic-job-cloud-master; elastic-job-common; elastic-job-lite-console; elastic-job-lite-core; elastic-job-lite-lifecycle; elastic-job-lite-lifecycle-core; elastic-job-lite-spring; elastic-job-cloud-executor; elastic-job-cloud-scheduler; elastic-job-cloud-executor; elastic-job-cloud-scheduler; elastic-job-common; elastic-job-core; elastic-job-lite-console; elastic-job-lite-core; elastic-job-lite-lifecycle; elastic-job-lite-lifecycle-core; elastic-job-lite-spring; elastic-job-cloud-executor; elastic-job-cloud-scheduler; elastic-job-core; elastic-job-lite-console; elastic-job-lite-core; elastic-job-lite-lifecycle; elastic-job-lite-lifecycle-core; elastic-job-lite-spring; elastic-job-cloud-executor; elastic-job-cloud-scheduler; elastic-job-core; elastic-job-lite-console; elastic-job-lite-core; elastic-job-lite-lifecycle; elastic-job-lite-spring; elastic-job-cloud-executor; elastic-job-cloud-scheduler; elastic-job-lite-console; elastic-job-cloud-scheduler; elastic-job-lite-console; elastic-job-lite-console; elastic-job-lite-core; elastic-job-lite-lifecycle; elastic-job-lite-spring; elastic-job-lite-console; elastic-job-lite-core; elastic-job-lite-lifecycle; elastic-job-lite-spring; elastic-job-lite-tracing-rdb,9,5.1.30,2017-04-17 18:23:36+00:00,2017-04-24 19:59:03.567000+00:00,7.066291284722222,post_resolution,CVE-2015-2575; CVE-2017-3523; CVE-2017-3586; CVE-2017-3589; CVE-2018-3258; CVE-2019-2692; CVE-2020-2934; CVE-2022-21363; CVE-2023-22102,version_changed
7,shardingsphere-elasticjob,MySQL,64,elastic-job-api; elastic-job-cloud-agent; elastic-job-cloud-master; elastic-job-common; elastic-job-lite-console; elastic-job-lite-core; elastic-job-lite-lifecycle; elastic-job-lite-lifecycle-core; elastic-job-lite-spring; elastic-job-cloud-executor; elastic-job-cloud-scheduler; elastic-job-cloud-executor; elastic-job-cloud-scheduler; elastic-job-common; elastic-job-core; elastic-job-lite-console; elastic-job-lite-core; elastic-job-lite-lifecycle; elastic-job-lite-lifecycle-core; elastic-job-lite-spring; elastic-job-cloud-executor; elastic-job-cloud-scheduler; elastic-job-core; elastic-job-lite-console; elastic-job-lite-core; elastic-job-lite-lifecycle; elastic-job-lite-lifecycle-core; elastic-job-lite-spring; elastic-job-cloud-executor; elastic-job-cloud-scheduler; elastic-job-core; elastic-job-lite-console; elastic-job-lite-core; elastic-job-lite-lifecycle; elastic-job-lite-spring; elastic-job-cloud-executor; elastic-job-cloud-scheduler; elastic-job-lite-console; elastic-job-cloud-scheduler; elastic-job-lite-console; elastic-job-lite-console; elastic-job-lite-core; elastic-job-lite-lifecycle; elastic-job-lite-spring; elastic-job-lite-console; elastic-job-lite-core; elastic-job-lite-lifecycle; elastic-job-lite-spring; elastic-job-lite-tracing-rdb,9,5.1.30,2017-04-24 19:59:03.567000+00:00,2017-04-24 19:59:05.597000+00:00,2.3495370370370367e-05,post_resolution,CVE-2015-2575; CVE-2017-3523; CVE-2017-3586; CVE-2017-3589; CVE-2018-3258; CVE-2019-2692; CVE-2020-2934; CVE-2022-21363; CVE-2023-22102,version_changed
7,shardingsphere-elasticjob,MySQL,64,elastic-job-api; elastic-job-cloud-agent; elastic-job-cloud-master; elastic-job-common; elastic-job-lite-console; elastic-job-lite-core; elastic-job-lite-lifecycle; elastic-job-lite-lifecycle-core; elastic-job-lite-spring; elastic-job-cloud-executor; elastic-job-cloud-scheduler; elastic-job-cloud-executor; elastic-job-cloud-scheduler; elastic-job-common; elastic-job-core; elastic-job-lite-console; elastic-job-lite-core; elastic-job-lite-lifecycle; elastic-job-lite-lifecycle-core; elastic-job-lite-spring; elastic-job-cloud-executor; elastic-job-cloud-scheduler; elastic-job-core; elastic-job-lite-console; elastic-job-lite-core; elastic-job-lite-lifecycle; elastic-job-lite-lifecycle-core; elastic-job-lite-spring; elastic-job-cloud-executor; elastic-job-cloud-scheduler; elastic-job-core; elastic-job-lite-console; elastic-job-lite-core; elastic-job-lite-lifecycle; elastic-job-lite-spring; elastic-job-cloud-executor; elastic-job-cloud-scheduler; elastic-job-lite-console; elastic-job-cloud-scheduler; elastic-job-lite-console; elastic-job-lite-console; elastic-job-lite-core; elastic-job-lite-lifecycle; elastic-job-lite-spring; elastic-job-lite-console; elastic-job-lite-core; elastic-job-lite-lifecycle; elastic-job-lite-spring; elastic-job-lite-tracing-rdb,9,5.1.30,2017-04-24 19:59:05.597000+00:00,2017-04-24 19:59:05.660000+00:00,7.291666666666666e-07,post_resolution,CVE-2015-2575; CVE-2017-3523; CVE-2017-3586; CVE-2017-3589; CVE-2018-3258; CVE-2019-2692; CVE-2020-2934; CVE-2022-21363; CVE-2023-22102,version_changed
7,shardingsphere-elasticjob,MySQL,64,elastic-job-api; elastic-job-cloud-agent; elastic-job-cloud-master; elastic-job-common; elastic-job-lite-console; elastic-job-lite-core; elastic-job-lite-lifecycle; elastic-job-lite-lifecycle-core; elastic-job-lite-spring; elastic-job-cloud-executor; elastic-job-cloud-scheduler; elastic-job-cloud-executor; elastic-job-cloud-scheduler; elastic-job-common; elastic-job-core; elastic-job-lite-console; elastic-job-lite-core; elastic-job-lite-lifecycle; elastic-job-lite-lifecycle-core; elastic-job-lite-spring; elastic-job-cloud-executor; elastic-job-cloud-scheduler; elastic-job-core; elastic-job-lite-console; elastic-job-lite-core; elastic-job-lite-lifecycle; elastic-job-lite-lifecycle-core; elastic-job-lite-spring; elastic-job-cloud-executor; elastic-job-cloud-scheduler; elastic-job-core; elastic-job-lite-console; elastic-job-lite-core; elastic-job-lite-lifecycle; elastic-job-lite-spring; elastic-job-cloud-executor; elastic-job-cloud-scheduler; elastic-job-lite-console; elastic-job-cloud-scheduler; elastic-job-lite-console; elastic-job-lite-console; elastic-job-lite-core; elastic-job-lite-lifecycle; elastic-job-lite-spring; elastic-job-lite-console; elastic-job-lite-core; elastic-job-lite-lifecycle; elastic-job-lite-spring; elastic-job-lite-tracing-rdb,9,5.1.30,2017-04-24 19:59:05.660000+00:00,2018-09-27 09:18:47+00:00,520.5553395833334,post_resolution,CVE-2015-2575; CVE-2017-3523; CVE-2017-3586; CVE-2017-3589; CVE-2018-3258; CVE-2019-2692; CVE-2020-2934; CVE-2022-21363; CVE-2023-22102,version_changed
7,shardingsphere-elasticjob,MySQL,64,elastic-job-api; elastic-job-cloud-agent; elastic-job-cloud-master; elastic-job-common; elastic-job-lite-console; elastic-job-lite-core; elastic-job-lite-lifecycle; elastic-job-lite-lifecycle-core; elastic-job-lite-spring; elastic-job-cloud-executor; elastic-job-cloud-scheduler; elastic-job-cloud-executor; elastic-job-cloud-scheduler; elastic-job-common; elastic-job-core; elastic-job-lite-console; elastic-job-lite-core; elastic-job-lite-lifecycle; elastic-job-lite-lifecycle-core; elastic-job-lite-spring; elastic-job-cloud-executor; elastic-job-cloud-scheduler; elastic-job-core; elastic-job-lite-console; elastic-job-lite-core; elastic-job-lite-lifecycle; elastic-job-lite-lifecycle-core; elastic-job-lite-spring; elastic-job-cloud-executor; elastic-job-cloud-scheduler; elastic-job-core; elastic-job-lite-console; elastic-job-lite-core; elastic-job-lite-lifecycle; elastic-job-lite-spring; elastic-job-cloud-executor; elastic-job-cloud-scheduler; elastic-job-lite-console; elastic-job-cloud-scheduler; elastic-job-lite-console; elastic-job-lite-console; elastic-job-lite-core; elastic-job-lite-lifecycle; elastic-job-lite-spring; elastic-job-lite-console; elastic-job-lite-core; elastic-job-lite-lifecycle; elastic-job-lite-spring; elastic-job-lite-tracing-rdb,9,5.1.30,2018-09-27 09:18:47+00:00,2018-10-17 01:31:27.230000+00:00,19.675465625,post_resolution,CVE-2015-2575; CVE-2017-3523; CVE-2017-3586; CVE-2017-3589; CVE-2018-3258; CVE-2019-2692; CVE-2020-2934; CVE-2022-21363; CVE-2023-22102,version_changed
7,shardingsphere-elasticjob,MySQL,64,elastic-job-api; elastic-job-cloud-agent; elastic-job-cloud-master; elastic-job-common; elastic-job-lite-console; elastic-job-lite-core; elastic-job-lite-lifecycle; elastic-job-lite-lifecycle-core; elastic-job-lite-spring; elastic-job-cloud-executor; elastic-job-cloud-scheduler; elastic-job-cloud-executor; elastic-job-cloud-scheduler; elastic-job-common; elastic-job-core; elastic-job-lite-console; elastic-job-lite-core; elastic-job-lite-lifecycle; elastic-job-lite-lifecycle-core; elastic-job-lite-spring; elastic-job-cloud-executor; elastic-job-cloud-scheduler; elastic-job-core; elastic-job-lite-console; elastic-job-lite-core; elastic-job-lite-lifecycle; elastic-job-lite-lifecycle-core; elastic-job-lite-spring; elastic-job-cloud-executor; elastic-job-cloud-scheduler; elastic-job-core; elastic-job-lite-console; elastic-job-lite-core; elastic-job-lite-lifecycle; elastic-job-lite-spring; elastic-job-cloud-executor; elastic-job-cloud-scheduler; elastic-job-lite-console; elastic-job-cloud-scheduler; elastic-job-lite-console; elastic-job-lite-console; elastic-job-lite-core; elastic-job-lite-lifecycle; elastic-job-lite-spring; elastic-job-lite-console; elastic-job-lite-core; elastic-job-lite-lifecycle; elastic-job-lite-spring; elastic-job-lite-tracing-rdb,9,5.1.30,2018-10-17 01:31:27.230000+00:00,2019-03-20 19:08:52+00:00,154.73431446759258,post_resolution,CVE-2015-2575; CVE-2017-3523; CVE-2017-3586; CVE-2017-3589; CVE-2018-3258; CVE-2019-2692; CVE-2020-2934; CVE-2022-21363; CVE-2023-22102,version_changed
7,shardingsphere-elasticjob,MySQL,64,elastic-job-api; elastic-job-cloud-agent; elastic-job-cloud-master; elastic-job-common; elastic-job-lite-console; elastic-job-lite-core; elastic-job-lite-lifecycle; elastic-job-lite-lifecycle-core; elastic-job-lite-spring; elastic-job-cloud-executor; elastic-job-cloud-scheduler; elastic-job-cloud-executor; elastic-job-cloud-scheduler; elastic-job-common; elastic-job-core; elastic-job-lite-console; elastic-job-lite-core; elastic-job-lite-lifecycle; elastic-job-lite-lifecycle-core; elastic-job-lite-spring; elastic-job-cloud-executor; elastic-job-cloud-scheduler; elastic-job-core; elastic-job-lite-console; elastic-job-lite-core; elastic-job-lite-lifecycle; elastic-job-lite-lifecycle-core; elastic-job-lite-spring; elastic-job-cloud-executor; elastic-job-cloud-scheduler; elastic-job-core; elastic-job-lite-console; elastic-job-lite-core; elastic-job-lite-lifecycle; elastic-job-lite-spring; elastic-job-cloud-executor; elastic-job-cloud-scheduler; elastic-job-lite-console; elastic-job-cloud-scheduler; elastic-job-lite-console; elastic-job-lite-console; elastic-job-lite-core; elastic-job-lite-lifecycle; elastic-job-lite-spring; elastic-job-lite-console; elastic-job-lite-core; elastic-job-lite-lifecycle; elastic-job-lite-spring; elastic-job-lite-tracing-rdb,9,5.1.30,2019-03-20 19:08:52+00:00,2019-04-23 19:32:55.880000+00:00,34.01671157407407,post_resolution,CVE-2015-2575; CVE-2017-3523; CVE-2017-3586; CVE-2017-3589; CVE-2018-3258; CVE-2019-2692; CVE-2020-2934; CVE-2022-21363; CVE-2023-22102,version_changed
7,shardingsphere-elasticjob,MySQL,64,elastic-job-api; elastic-job-cloud-agent; elastic-job-cloud-master; elastic-job-common; elastic-job-lite-console; elastic-job-lite-core; elastic-job-lite-lifecycle; elastic-job-lite-lifecycle-core; elastic-job-lite-spring; elastic-job-cloud-executor; elastic-job-cloud-scheduler; elastic-job-cloud-executor; elastic-job-cloud-scheduler; elastic-job-common; elastic-job-core; elastic-job-lite-console; elastic-job-lite-core; elastic-job-lite-lifecycle; elastic-job-lite-lifecycle-core; elastic-job-lite-spring; elastic-job-cloud-executor; elastic-job-cloud-scheduler; elastic-job-core; elastic-job-lite-console; elastic-job-lite-core; elastic-job-lite-lifecycle; elastic-job-lite-lifecycle-core; elastic-job-lite-spring; elastic-job-cloud-executor; elastic-job-cloud-scheduler; elastic-job-core; elastic-job-lite-console; elastic-job-lite-core; elastic-job-lite-lifecycle; elastic-job-lite-spring; elastic-job-cloud-executor; elastic-job-cloud-scheduler; elastic-job-lite-console; elastic-job-cloud-scheduler; elastic-job-lite-console; elastic-job-lite-console; elastic-job-lite-core; elastic-job-lite-lifecycle; elastic-job-lite-spring; elastic-job-lite-console; elastic-job-lite-core; elastic-job-lite-lifecycle; elastic-job-lite-spring; elastic-job-lite-tracing-rdb,9,5.1.30,2019-04-23 19:32:55.880000+00:00,2020-04-15 14:15:36.453000+00:00,357.77963626157407,post_resolution,CVE-2015-2575; CVE-2017-3523; CVE-2017-3586; CVE-2017-3589; CVE-2018-3258; CVE-2019-2692; CVE-2020-2934; CVE-2022-21363; CVE-2023-22102,version_changed
7,shardingsphere-elasticjob,MySQL,64,elastic-job-api; elastic-job-cloud-agent; elastic-job-cloud-master; elastic-job-common; elastic-job-lite-console; elastic-job-lite-core; elastic-job-lite-lifecycle; elastic-job-lite-lifecycle-core; elastic-job-lite-spring; elastic-job-cloud-executor; elastic-job-cloud-scheduler; elastic-job-cloud-executor; elastic-job-cloud-scheduler; elastic-job-common; elastic-job-core; elastic-job-lite-console; elastic-job-lite-core; elastic-job-lite-lifecycle; elastic-job-lite-lifecycle-core; elastic-job-lite-spring; elastic-job-cloud-executor; elastic-job-cloud-scheduler; elastic-job-core; elastic-job-lite-console; elastic-job-lite-core; elastic-job-lite-lifecycle; elastic-job-lite-lifecycle-core; elastic-job-lite-spring; elastic-job-cloud-executor; elastic-job-cloud-scheduler; elastic-job-core; elastic-job-lite-console; elastic-job-lite-core; elastic-job-lite-lifecycle; elastic-job-lite-spring; elastic-job-cloud-executor; elastic-job-cloud-scheduler; elastic-job-lite-console; elastic-job-cloud-scheduler; elastic-job-lite-console; elastic-job-lite-console; elastic-job-lite-core; elastic-job-lite-lifecycle; elastic-job-lite-spring; elastic-job-lite-console; elastic-job-lite-core; elastic-job-lite-lifecycle; elastic-job-lite-spring; elastic-job-lite-tracing-rdb,9,5.1.30,2020-04-15 14:15:36.453000+00:00,2020-07-06 00:00:00+00:00,81.40582809027778,post_resolution,CVE-2015-2575; CVE-2017-3523; CVE-2017-3586; CVE-2017-3589; CVE-2018-3258; CVE-2019-2692; CVE-2020-2934; CVE-2022-21363; CVE-2023-22102,version_changed
7,shardingsphere-elasticjob,MySQL,65,elastic-job-example-lite-java; elastic-job-example-lite-spring; elastic-job-example-lite-springboot; elasticjob-cloud-executor; elasticjob-cloud-scheduler; elasticjob-cloud-executor; elasticjob-cloud-scheduler; elasticjob-cloud-scheduler-distribution,3,8.0.16,2020-07-06 00:00:00+00:00,2020-07-14 00:00:00+00:00,8.0,post_disclosure,CVE-2020-2934; CVE-2021-2471; CVE-2022-21363; CVE-2023-22102,right_censored_no_later_version
7,shardingsphere-elasticjob,MySQL,65,elastic-job-example-lite-java; elastic-job-example-lite-spring; elastic-job-example-lite-springboot; elasticjob-cloud-executor; elasticjob-cloud-scheduler; elasticjob-cloud-executor; elasticjob-cloud-scheduler; elasticjob-cloud-scheduler-distribution,3,8.0.16,2020-07-14 00:00:00+00:00,2020-07-31 00:00:00+00:00,17.0,post_resolution,CVE-2020-2934; CVE-2021-2471; CVE-2022-21363; CVE-2023-22102,right_censored_no_later_version
8,drill,MS SQL Server_Microsoft Azure SQL Database,79,drill-jdbc-storage,1,9.2.0.jre8,2023-10-21 00:00:00+00:00,2025-10-13 00:00:00+00:00,723.0,pre_disclosure,CVE-2025-59250,version_changed
8,drill,MS SQL Server_Microsoft Azure SQL Database,79,drill-jdbc-storage,1,9.2.0.jre8,2025-10-13 00:00:00+00:00,2025-10-14 17:16:07.240000+00:00,1.7195282407407406,post_resolution,CVE-2025-59250,version_changed
8,drill,MS SQL Server_Microsoft Azure SQL Database,79,drill-jdbc-storage,1,9.2.0.jre8,2025-10-14 17:16:07.240000+00:00,2025-11-06 00:00:00+00:00,22.28047175925926,post_resolution,CVE-2025-59250,version_changed
8,drill,MySQL,85,drill-jdbc-storage,1,8.0.28,2023-10-21 00:00:00+00:00,2023-10-25 08:46:05+00:00,4.3653356481481485,post_disclosure,CVE-2023-22102,version_changed
8,drill,MySQL,85,drill-jdbc-storage,1,8.0.28,2023-10-25 08:46:05+00:00,2025-08-07 00:00:00+00:00,651.6346643518518,post_resolution,CVE-2023-22102,version_changed
8,drill,PostgreSQL,87,drill-jdbc-storage,1,42.4.3,2023-10-21 00:00:00+00:00,2024-05-06 00:00:00+00:00,198.0,pre_disclosure,CVE-2026-42198,version_changed
8,drill,PostgreSQL,88,drill-jdbc-storage,1,42.4.4,2024-05-06 00:00:00+00:00,2025-11-06 00:00:00+00:00,549.0,pre_disclosure,CVE-2026-42198,right_censored_no_later_version
9,iotdb,H2,90,cross-tests; customize-mqtt-example; influxdb-protocol; influxdb-protocol-example; integration; integration-test; iotdb-cli; iotdb-confignode; iotdb-distribution; iotdb-server; library-udf; rewrite-tsfile-tool; schema-engine-rocksdb; schema-engine-tag; spark-iotdb-connector; testcontainer; trigger-example; udf-example; cross-tests; customize-mqtt-example; influxdb-protocol; influxdb-protocol-example; integration; integration-test; iotdb-cli; iotdb-confignode; iotdb-distribution; iotdb-server; library-udf; rewrite-tsfile-tool; schema-engine-rocksdb; schema-engine-tag; spark-iotdb-connector; testcontainer; trigger-example; udf-example; zeppelin-iotdb; cross-tests; customize-mqtt-example; influxdb-protocol; influxdb-protocol-example; integration; integration-test; iotdb-cli; iotdb-confignode; iotdb-distribution; iotdb-server; library-udf; rewrite-tsfile-tool; schema-engine-rocksdb; spark-iotdb-connector; testcontainer; trigger-example; udf-example; zeppelin-iotdb; cross-tests; customize-mqtt-example; influxdb-protocol; integration; integration-test; iotdb-cli; iotdb-cluster; iotdb-confignode; iotdb-distribution; iotdb-server; library-udf; schema-engine-rocksdb; spark-iotdb-connector; testcontainer; trigger-example; udf-example; zeppelin-iotdb; cross-tests; customize-mqtt-example; influxdb-protocol; integration; integration-test; iotdb-cli; iotdb-confignode; iotdb-distribution; iotdb-server; library-udf; load-tsfile-tool; schema-engine-rocksdb; spark-iotdb-connector; testcontainer; trigger-example; udf-example; zeppelin-iotdb; cross-tests; customize-mqtt-example; influxdb-protocol; integration; integration-test; iotdb-cli; iotdb-confignode; iotdb-distribution; iotdb-server; library-udf; rewrite-tsfile-tool; schema-engine-rocksdb; spark-iotdb-connector; testcontainer; trigger-example; udf-example; zeppelin-iotdb; cross-tests; customize-mqtt-example; influxdb-protocol; integration; integration-test; iotdb-cli; iotdb-confignode; iotdb-distribution; iotdb-server; library-udf; schema-engine-rocksdb; spark-iotdb-connector; testcontainer; trigger-example; udf-example; zeppelin-iotdb; cross-tests; customize-mqtt-example; influxdb-protocol; integration; iotdb-cli; iotdb-cluster; iotdb-confignode; iotdb-distribution; iotdb-server; library-udf; schema-engine-rocksdb; spark-iotdb-connector; testcontainer; trigger-example; udf-example; zeppelin-iotdb; cross-tests; customize-mqtt-example; influxdb-protocol; integration; iotdb-cli; iotdb-cluster; iotdb-confignode; iotdb-distribution; iotdb-server; schema-engine-rocksdb; spark-iotdb-connector; testcontainer; trigger-example; udf-example; zeppelin-iotdb; cross-tests; customize-mqtt-example; influxdb-protocol; integration; iotdb-cli; iotdb-cluster; iotdb-confignode; iotdb-distribution; iotdb-server; spark-iotdb-connector; testcontainer; trigger-example; udf-example; zeppelin-iotdb; cross-tests; customize-mqtt-example; integration; iotdb-cli; iotdb-cluster; iotdb-confignode; iotdb-distribution; iotdb-server; spark-iotdb-connector; testcontainer; trigger-example; udf-example; zeppelin-iotdb; cross-tests; customize-mqtt-example; integration; iotdb-cli; iotdb-cluster; iotdb-distribution; iotdb-server; iotdb-session; library-udf; spark-iotdb-connector; testcontainer; trigger-example; udf-example; zeppelin-iotdb; cross-tests; customize-mqtt-example; integration; iotdb-cli; iotdb-cluster; iotdb-distribution; iotdb-server; iotdb-session; spark-iotdb-connector; testcontainer; trigger-example; udf-example; zeppelin-iotdb; cross-tests; customize-mqtt-example; integration; iotdb-cli; iotdb-cluster; iotdb-distribution; iotdb-server; spark-iotdb-connector; testcontainer; trigger-example; udf-example; zeppelin-iotdb; cross-tests; customize-mqtt-example; iotdb-cli; iotdb-cluster; iotdb-distribution; iotdb-server; iotdb-session; spark-iotdb-connector; testcontainer; trigger-example; udf-example; zeppelin-iotdb; cross-tests; iotdb-cli; iotdb-cluster; iotdb-distribution; iotdb-server; iotdb-session; spark-iotdb-connector; testcontainer; trigger-example; udf-example; zeppelin-iotdb; cross-tests; iotdb-cli; iotdb-cluster; iotdb-distribution; iotdb-server; iotdb-session; spark-iotdb-connector; trigger-example; udf-example; zeppelin-iotdb; customize-mqtt-example; influxdb-protocol-example; integration-test; iotdb-cli; iotdb-confignode; iotdb-distribution; iotdb-server; testcontainer; trigger-example; udf-example; customize-mqtt-example; influxdb-protocol; influxdb-protocol-example; integration; integration-test; iotdb-cli; iotdb-confignode; iotdb-distribution; iotdb-server; library-udf; rewrite-tsfile-tool; schema-engine-rocksdb; schema-engine-tag; spark-iotdb-connector; testcontainer; trigger-example; udf-example; customize-mqtt-example; influxdb-protocol; influxdb-protocol-example; integration; integration-test; iotdb-cli; iotdb-confignode; iotdb-distribution; iotdb-server; rewrite-tsfile-tool; schema-engine-rocksdb; schema-engine-tag; spark-iotdb-connector; testcontainer; trigger-example; udf-example; customize-mqtt-example; influxdb-protocol; influxdb-protocol-example; integration; integration-test; iotdb-cli; iotdb-confignode; iotdb-distribution; iotdb-server; rewrite-tsfile-tool; schema-engine-rocksdb; schema-engine-tag; testcontainer; trigger-example; udf-example; customize-mqtt-example; integration-test; iotdb-cli; iotdb-confignode; iotdb-distribution; iotdb-server; testcontainer; trigger-example; udf-example; customize-mqtt-example; integration-test; iotdb-cli; iotdb-confignode; iotdb-distribution; iotdb-server; trigger-example; udf-example; customize-mqtt-example; iotdb-cli; iotdb-confignode; iotdb-distribution; iotdb-server; trigger-example; udf-example,19,1.4.199,2021-06-05 00:00:00+00:00,2021-11-29 11:00:04+00:00,177.45837962962963,pre_disclosure,CVE-2021-23463; CVE-2021-42392; CVE-2022-23221; CVE-2022-45868,version_changed
9,iotdb,H2,90,cross-tests; customize-mqtt-example; influxdb-protocol; influxdb-protocol-example; integration; integration-test; iotdb-cli; iotdb-confignode; iotdb-distribution; iotdb-server; library-udf; rewrite-tsfile-tool; schema-engine-rocksdb; schema-engine-tag; spark-iotdb-connector; testcontainer; trigger-example; udf-example; cross-tests; customize-mqtt-example; influxdb-protocol; influxdb-protocol-example; integration; integration-test; iotdb-cli; iotdb-confignode; iotdb-distribution; iotdb-server; library-udf; rewrite-tsfile-tool; schema-engine-rocksdb; schema-engine-tag; spark-iotdb-connector; testcontainer; trigger-example; udf-example; zeppelin-iotdb; cross-tests; customize-mqtt-example; influxdb-protocol; influxdb-protocol-example; integration; integration-test; iotdb-cli; iotdb-confignode; iotdb-distribution; iotdb-server; library-udf; rewrite-tsfile-tool; schema-engine-rocksdb; spark-iotdb-connector; testcontainer; trigger-example; udf-example; zeppelin-iotdb; cross-tests; customize-mqtt-example; influxdb-protocol; integration; integration-test; iotdb-cli; iotdb-cluster; iotdb-confignode; iotdb-distribution; iotdb-server; library-udf; schema-engine-rocksdb; spark-iotdb-connector; testcontainer; trigger-example; udf-example; zeppelin-iotdb; cross-tests; customize-mqtt-example; influxdb-protocol; integration; integration-test; iotdb-cli; iotdb-confignode; iotdb-distribution; iotdb-server; library-udf; load-tsfile-tool; schema-engine-rocksdb; spark-iotdb-connector; testcontainer; trigger-example; udf-example; zeppelin-iotdb; cross-tests; customize-mqtt-example; influxdb-protocol; integration; integration-test; iotdb-cli; iotdb-confignode; iotdb-distribution; iotdb-server; library-udf; rewrite-tsfile-tool; schema-engine-rocksdb; spark-iotdb-connector; testcontainer; trigger-example; udf-example; zeppelin-iotdb; cross-tests; customize-mqtt-example; influxdb-protocol; integration; integration-test; iotdb-cli; iotdb-confignode; iotdb-distribution; iotdb-server; library-udf; schema-engine-rocksdb; spark-iotdb-connector; testcontainer; trigger-example; udf-example; zeppelin-iotdb; cross-tests; customize-mqtt-example; influxdb-protocol; integration; iotdb-cli; iotdb-cluster; iotdb-confignode; iotdb-distribution; iotdb-server; library-udf; schema-engine-rocksdb; spark-iotdb-connector; testcontainer; trigger-example; udf-example; zeppelin-iotdb; cross-tests; customize-mqtt-example; influxdb-protocol; integration; iotdb-cli; iotdb-cluster; iotdb-confignode; iotdb-distribution; iotdb-server; schema-engine-rocksdb; spark-iotdb-connector; testcontainer; trigger-example; udf-example; zeppelin-iotdb; cross-tests; customize-mqtt-example; influxdb-protocol; integration; iotdb-cli; iotdb-cluster; iotdb-confignode; iotdb-distribution; iotdb-server; spark-iotdb-connector; testcontainer; trigger-example; udf-example; zeppelin-iotdb; cross-tests; customize-mqtt-example; integration; iotdb-cli; iotdb-cluster; iotdb-confignode; iotdb-distribution; iotdb-server; spark-iotdb-connector; testcontainer; trigger-example; udf-example; zeppelin-iotdb; cross-tests; customize-mqtt-example; integration; iotdb-cli; iotdb-cluster; iotdb-distribution; iotdb-server; iotdb-session; library-udf; spark-iotdb-connector; testcontainer; trigger-example; udf-example; zeppelin-iotdb; cross-tests; customize-mqtt-example; integration; iotdb-cli; iotdb-cluster; iotdb-distribution; iotdb-server; iotdb-session; spark-iotdb-connector; testcontainer; trigger-example; udf-example; zeppelin-iotdb; cross-tests; customize-mqtt-example; integration; iotdb-cli; iotdb-cluster; iotdb-distribution; iotdb-server; spark-iotdb-connector; testcontainer; trigger-example; udf-example; zeppelin-iotdb; cross-tests; customize-mqtt-example; iotdb-cli; iotdb-cluster; iotdb-distribution; iotdb-server; iotdb-session; spark-iotdb-connector; testcontainer; trigger-example; udf-example; zeppelin-iotdb; cross-tests; iotdb-cli; iotdb-cluster; iotdb-distribution; iotdb-server; iotdb-session; spark-iotdb-connector; testcontainer; trigger-example; udf-example; zeppelin-iotdb; cross-tests; iotdb-cli; iotdb-cluster; iotdb-distribution; iotdb-server; iotdb-session; spark-iotdb-connector; trigger-example; udf-example; zeppelin-iotdb; customize-mqtt-example; influxdb-protocol-example; integration-test; iotdb-cli; iotdb-confignode; iotdb-distribution; iotdb-server; testcontainer; trigger-example; udf-example; customize-mqtt-example; influxdb-protocol; influxdb-protocol-example; integration; integration-test; iotdb-cli; iotdb-confignode; iotdb-distribution; iotdb-server; library-udf; rewrite-tsfile-tool; schema-engine-rocksdb; schema-engine-tag; spark-iotdb-connector; testcontainer; trigger-example; udf-example; customize-mqtt-example; influxdb-protocol; influxdb-protocol-example; integration; integration-test; iotdb-cli; iotdb-confignode; iotdb-distribution; iotdb-server; rewrite-tsfile-tool; schema-engine-rocksdb; schema-engine-tag; spark-iotdb-connector; testcontainer; trigger-example; udf-example; customize-mqtt-example; influxdb-protocol; influxdb-protocol-example; integration; integration-test; iotdb-cli; iotdb-confignode; iotdb-distribution; iotdb-server; rewrite-tsfile-tool; schema-engine-rocksdb; schema-engine-tag; testcontainer; trigger-example; udf-example; customize-mqtt-example; integration-test; iotdb-cli; iotdb-confignode; iotdb-distribution; iotdb-server; testcontainer; trigger-example; udf-example; customize-mqtt-example; integration-test; iotdb-cli; iotdb-confignode; iotdb-distribution; iotdb-server; trigger-example; udf-example; customize-mqtt-example; iotdb-cli; iotdb-confignode; iotdb-distribution; iotdb-server; trigger-example; udf-example,19,1.4.199,2021-11-29 11:00:04+00:00,2021-12-10 20:15:07.917000+00:00,11.385462002314815,post_resolution,CVE-2021-23463; CVE-2021-42392; CVE-2022-23221; CVE-2022-45868,version_changed
9,iotdb,H2,90,cross-tests; customize-mqtt-example; influxdb-protocol; influxdb-protocol-example; integration; integration-test; iotdb-cli; iotdb-confignode; iotdb-distribution; iotdb-server; library-udf; rewrite-tsfile-tool; schema-engine-rocksdb; schema-engine-tag; spark-iotdb-connector; testcontainer; trigger-example; udf-example; cross-tests; customize-mqtt-example; influxdb-protocol; influxdb-protocol-example; integration; integration-test; iotdb-cli; iotdb-confignode; iotdb-distribution; iotdb-server; library-udf; rewrite-tsfile-tool; schema-engine-rocksdb; schema-engine-tag; spark-iotdb-connector; testcontainer; trigger-example; udf-example; zeppelin-iotdb; cross-tests; customize-mqtt-example; influxdb-protocol; influxdb-protocol-example; integration; integration-test; iotdb-cli; iotdb-confignode; iotdb-distribution; iotdb-server; library-udf; rewrite-tsfile-tool; schema-engine-rocksdb; spark-iotdb-connector; testcontainer; trigger-example; udf-example; zeppelin-iotdb; cross-tests; customize-mqtt-example; influxdb-protocol; integration; integration-test; iotdb-cli; iotdb-cluster; iotdb-confignode; iotdb-distribution; iotdb-server; library-udf; schema-engine-rocksdb; spark-iotdb-connector; testcontainer; trigger-example; udf-example; zeppelin-iotdb; cross-tests; customize-mqtt-example; influxdb-protocol; integration; integration-test; iotdb-cli; iotdb-confignode; iotdb-distribution; iotdb-server; library-udf; load-tsfile-tool; schema-engine-rocksdb; spark-iotdb-connector; testcontainer; trigger-example; udf-example; zeppelin-iotdb; cross-tests; customize-mqtt-example; influxdb-protocol; integration; integration-test; iotdb-cli; iotdb-confignode; iotdb-distribution; iotdb-server; library-udf; rewrite-tsfile-tool; schema-engine-rocksdb; spark-iotdb-connector; testcontainer; trigger-example; udf-example; zeppelin-iotdb; cross-tests; customize-mqtt-example; influxdb-protocol; integration; integration-test; iotdb-cli; iotdb-confignode; iotdb-distribution; iotdb-server; library-udf; schema-engine-rocksdb; spark-iotdb-connector; testcontainer; trigger-example; udf-example; zeppelin-iotdb; cross-tests; customize-mqtt-example; influxdb-protocol; integration; iotdb-cli; iotdb-cluster; iotdb-confignode; iotdb-distribution; iotdb-server; library-udf; schema-engine-rocksdb; spark-iotdb-connector; testcontainer; trigger-example; udf-example; zeppelin-iotdb; cross-tests; customize-mqtt-example; influxdb-protocol; integration; iotdb-cli; iotdb-cluster; iotdb-confignode; iotdb-distribution; iotdb-server; schema-engine-rocksdb; spark-iotdb-connector; testcontainer; trigger-example; udf-example; zeppelin-iotdb; cross-tests; customize-mqtt-example; influxdb-protocol; integration; iotdb-cli; iotdb-cluster; iotdb-confignode; iotdb-distribution; iotdb-server; spark-iotdb-connector; testcontainer; trigger-example; udf-example; zeppelin-iotdb; cross-tests; customize-mqtt-example; integration; iotdb-cli; iotdb-cluster; iotdb-confignode; iotdb-distribution; iotdb-server; spark-iotdb-connector; testcontainer; trigger-example; udf-example; zeppelin-iotdb; cross-tests; customize-mqtt-example; integration; iotdb-cli; iotdb-cluster; iotdb-distribution; iotdb-server; iotdb-session; library-udf; spark-iotdb-connector; testcontainer; trigger-example; udf-example; zeppelin-iotdb; cross-tests; customize-mqtt-example; integration; iotdb-cli; iotdb-cluster; iotdb-distribution; iotdb-server; iotdb-session; spark-iotdb-connector; testcontainer; trigger-example; udf-example; zeppelin-iotdb; cross-tests; customize-mqtt-example; integration; iotdb-cli; iotdb-cluster; iotdb-distribution; iotdb-server; spark-iotdb-connector; testcontainer; trigger-example; udf-example; zeppelin-iotdb; cross-tests; customize-mqtt-example; iotdb-cli; iotdb-cluster; iotdb-distribution; iotdb-server; iotdb-session; spark-iotdb-connector; testcontainer; trigger-example; udf-example; zeppelin-iotdb; cross-tests; iotdb-cli; iotdb-cluster; iotdb-distribution; iotdb-server; iotdb-session; spark-iotdb-connector; testcontainer; trigger-example; udf-example; zeppelin-iotdb; cross-tests; iotdb-cli; iotdb-cluster; iotdb-distribution; iotdb-server; iotdb-session; spark-iotdb-connector; trigger-example; udf-example; zeppelin-iotdb; customize-mqtt-example; influxdb-protocol-example; integration-test; iotdb-cli; iotdb-confignode; iotdb-distribution; iotdb-server; testcontainer; trigger-example; udf-example; customize-mqtt-example; influxdb-protocol; influxdb-protocol-example; integration; integration-test; iotdb-cli; iotdb-confignode; iotdb-distribution; iotdb-server; library-udf; rewrite-tsfile-tool; schema-engine-rocksdb; schema-engine-tag; spark-iotdb-connector; testcontainer; trigger-example; udf-example; customize-mqtt-example; influxdb-protocol; influxdb-protocol-example; integration; integration-test; iotdb-cli; iotdb-confignode; iotdb-distribution; iotdb-server; rewrite-tsfile-tool; schema-engine-rocksdb; schema-engine-tag; spark-iotdb-connector; testcontainer; trigger-example; udf-example; customize-mqtt-example; influxdb-protocol; influxdb-protocol-example; integration; integration-test; iotdb-cli; iotdb-confignode; iotdb-distribution; iotdb-server; rewrite-tsfile-tool; schema-engine-rocksdb; schema-engine-tag; testcontainer; trigger-example; udf-example; customize-mqtt-example; integration-test; iotdb-cli; iotdb-confignode; iotdb-distribution; iotdb-server; testcontainer; trigger-example; udf-example; customize-mqtt-example; integration-test; iotdb-cli; iotdb-confignode; iotdb-distribution; iotdb-server; trigger-example; udf-example; customize-mqtt-example; iotdb-cli; iotdb-confignode; iotdb-distribution; iotdb-server; trigger-example; udf-example,19,1.4.199,2021-12-10 20:15:07.917000+00:00,2022-01-04 20:53:00+00:00,25.026297256944446,post_resolution,CVE-2021-23463; CVE-2021-42392; CVE-2022-23221; CVE-2022-45868,version_changed
9,iotdb,H2,90,cross-tests; customize-mqtt-example; influxdb-protocol; influxdb-protocol-example; integration; integration-test; iotdb-cli; iotdb-confignode; iotdb-distribution; iotdb-server; library-udf; rewrite-tsfile-tool; schema-engine-rocksdb; schema-engine-tag; spark-iotdb-connector; testcontainer; trigger-example; udf-example; cross-tests; customize-mqtt-example; influxdb-protocol; influxdb-protocol-example; integration; integration-test; iotdb-cli; iotdb-confignode; iotdb-distribution; iotdb-server; library-udf; rewrite-tsfile-tool; schema-engine-rocksdb; schema-engine-tag; spark-iotdb-connector; testcontainer; trigger-example; udf-example; zeppelin-iotdb; cross-tests; customize-mqtt-example; influxdb-protocol; influxdb-protocol-example; integration; integration-test; iotdb-cli; iotdb-confignode; iotdb-distribution; iotdb-server; library-udf; rewrite-tsfile-tool; schema-engine-rocksdb; spark-iotdb-connector; testcontainer; trigger-example; udf-example; zeppelin-iotdb; cross-tests; customize-mqtt-example; influxdb-protocol; integration; integration-test; iotdb-cli; iotdb-cluster; iotdb-confignode; iotdb-distribution; iotdb-server; library-udf; schema-engine-rocksdb; spark-iotdb-connector; testcontainer; trigger-example; udf-example; zeppelin-iotdb; cross-tests; customize-mqtt-example; influxdb-protocol; integration; integration-test; iotdb-cli; iotdb-confignode; iotdb-distribution; iotdb-server; library-udf; load-tsfile-tool; schema-engine-rocksdb; spark-iotdb-connector; testcontainer; trigger-example; udf-example; zeppelin-iotdb; cross-tests; customize-mqtt-example; influxdb-protocol; integration; integration-test; iotdb-cli; iotdb-confignode; iotdb-distribution; iotdb-server; library-udf; rewrite-tsfile-tool; schema-engine-rocksdb; spark-iotdb-connector; testcontainer; trigger-example; udf-example; zeppelin-iotdb; cross-tests; customize-mqtt-example; influxdb-protocol; integration; integration-test; iotdb-cli; iotdb-confignode; iotdb-distribution; iotdb-server; library-udf; schema-engine-rocksdb; spark-iotdb-connector; testcontainer; trigger-example; udf-example; zeppelin-iotdb; cross-tests; customize-mqtt-example; influxdb-protocol; integration; iotdb-cli; iotdb-cluster; iotdb-confignode; iotdb-distribution; iotdb-server; library-udf; schema-engine-rocksdb; spark-iotdb-connector; testcontainer; trigger-example; udf-example; zeppelin-iotdb; cross-tests; customize-mqtt-example; influxdb-protocol; integration; iotdb-cli; iotdb-cluster; iotdb-confignode; iotdb-distribution; iotdb-server; schema-engine-rocksdb; spark-iotdb-connector; testcontainer; trigger-example; udf-example; zeppelin-iotdb; cross-tests; customize-mqtt-example; influxdb-protocol; integration; iotdb-cli; iotdb-cluster; iotdb-confignode; iotdb-distribution; iotdb-server; spark-iotdb-connector; testcontainer; trigger-example; udf-example; zeppelin-iotdb; cross-tests; customize-mqtt-example; integration; iotdb-cli; iotdb-cluster; iotdb-confignode; iotdb-distribution; iotdb-server; spark-iotdb-connector; testcontainer; trigger-example; udf-example; zeppelin-iotdb; cross-tests; customize-mqtt-example; integration; iotdb-cli; iotdb-cluster; iotdb-distribution; iotdb-server; iotdb-session; library-udf; spark-iotdb-connector; testcontainer; trigger-example; udf-example; zeppelin-iotdb; cross-tests; customize-mqtt-example; integration; iotdb-cli; iotdb-cluster; iotdb-distribution; iotdb-server; iotdb-session; spark-iotdb-connector; testcontainer; trigger-example; udf-example; zeppelin-iotdb; cross-tests; customize-mqtt-example; integration; iotdb-cli; iotdb-cluster; iotdb-distribution; iotdb-server; spark-iotdb-connector; testcontainer; trigger-example; udf-example; zeppelin-iotdb; cross-tests; customize-mqtt-example; iotdb-cli; iotdb-cluster; iotdb-distribution; iotdb-server; iotdb-session; spark-iotdb-connector; testcontainer; trigger-example; udf-example; zeppelin-iotdb; cross-tests; iotdb-cli; iotdb-cluster; iotdb-distribution; iotdb-server; iotdb-session; spark-iotdb-connector; testcontainer; trigger-example; udf-example; zeppelin-iotdb; cross-tests; iotdb-cli; iotdb-cluster; iotdb-distribution; iotdb-server; iotdb-session; spark-iotdb-connector; trigger-example; udf-example; zeppelin-iotdb; customize-mqtt-example; influxdb-protocol-example; integration-test; iotdb-cli; iotdb-confignode; iotdb-distribution; iotdb-server; testcontainer; trigger-example; udf-example; customize-mqtt-example; influxdb-protocol; influxdb-protocol-example; integration; integration-test; iotdb-cli; iotdb-confignode; iotdb-distribution; iotdb-server; library-udf; rewrite-tsfile-tool; schema-engine-rocksdb; schema-engine-tag; spark-iotdb-connector; testcontainer; trigger-example; udf-example; customize-mqtt-example; influxdb-protocol; influxdb-protocol-example; integration; integration-test; iotdb-cli; iotdb-confignode; iotdb-distribution; iotdb-server; rewrite-tsfile-tool; schema-engine-rocksdb; schema-engine-tag; spark-iotdb-connector; testcontainer; trigger-example; udf-example; customize-mqtt-example; influxdb-protocol; influxdb-protocol-example; integration; integration-test; iotdb-cli; iotdb-confignode; iotdb-distribution; iotdb-server; rewrite-tsfile-tool; schema-engine-rocksdb; schema-engine-tag; testcontainer; trigger-example; udf-example; customize-mqtt-example; integration-test; iotdb-cli; iotdb-confignode; iotdb-distribution; iotdb-server; testcontainer; trigger-example; udf-example; customize-mqtt-example; integration-test; iotdb-cli; iotdb-confignode; iotdb-distribution; iotdb-server; trigger-example; udf-example; customize-mqtt-example; iotdb-cli; iotdb-confignode; iotdb-distribution; iotdb-server; trigger-example; udf-example,19,1.4.199,2022-01-04 20:53:00+00:00,2022-01-10 14:10:23.643000+00:00,5.720412534722222,post_resolution,CVE-2021-23463; CVE-2021-42392; CVE-2022-23221; CVE-2022-45868,version_changed
9,iotdb,H2,90,cross-tests; customize-mqtt-example; influxdb-protocol; influxdb-protocol-example; integration; integration-test; iotdb-cli; iotdb-confignode; iotdb-distribution; iotdb-server; library-udf; rewrite-tsfile-tool; schema-engine-rocksdb; schema-engine-tag; spark-iotdb-connector; testcontainer; trigger-example; udf-example; cross-tests; customize-mqtt-example; influxdb-protocol; influxdb-protocol-example; integration; integration-test; iotdb-cli; iotdb-confignode; iotdb-distribution; iotdb-server; library-udf; rewrite-tsfile-tool; schema-engine-rocksdb; schema-engine-tag; spark-iotdb-connector; testcontainer; trigger-example; udf-example; zeppelin-iotdb; cross-tests; customize-mqtt-example; influxdb-protocol; influxdb-protocol-example; integration; integration-test; iotdb-cli; iotdb-confignode; iotdb-distribution; iotdb-server; library-udf; rewrite-tsfile-tool; schema-engine-rocksdb; spark-iotdb-connector; testcontainer; trigger-example; udf-example; zeppelin-iotdb; cross-tests; customize-mqtt-example; influxdb-protocol; integration; integration-test; iotdb-cli; iotdb-cluster; iotdb-confignode; iotdb-distribution; iotdb-server; library-udf; schema-engine-rocksdb; spark-iotdb-connector; testcontainer; trigger-example; udf-example; zeppelin-iotdb; cross-tests; customize-mqtt-example; influxdb-protocol; integration; integration-test; iotdb-cli; iotdb-confignode; iotdb-distribution; iotdb-server; library-udf; load-tsfile-tool; schema-engine-rocksdb; spark-iotdb-connector; testcontainer; trigger-example; udf-example; zeppelin-iotdb; cross-tests; customize-mqtt-example; influxdb-protocol; integration; integration-test; iotdb-cli; iotdb-confignode; iotdb-distribution; iotdb-server; library-udf; rewrite-tsfile-tool; schema-engine-rocksdb; spark-iotdb-connector; testcontainer; trigger-example; udf-example; zeppelin-iotdb; cross-tests; customize-mqtt-example; influxdb-protocol; integration; integration-test; iotdb-cli; iotdb-confignode; iotdb-distribution; iotdb-server; library-udf; schema-engine-rocksdb; spark-iotdb-connector; testcontainer; trigger-example; udf-example; zeppelin-iotdb; cross-tests; customize-mqtt-example; influxdb-protocol; integration; iotdb-cli; iotdb-cluster; iotdb-confignode; iotdb-distribution; iotdb-server; library-udf; schema-engine-rocksdb; spark-iotdb-connector; testcontainer; trigger-example; udf-example; zeppelin-iotdb; cross-tests; customize-mqtt-example; influxdb-protocol; integration; iotdb-cli; iotdb-cluster; iotdb-confignode; iotdb-distribution; iotdb-server; schema-engine-rocksdb; spark-iotdb-connector; testcontainer; trigger-example; udf-example; zeppelin-iotdb; cross-tests; customize-mqtt-example; influxdb-protocol; integration; iotdb-cli; iotdb-cluster; iotdb-confignode; iotdb-distribution; iotdb-server; spark-iotdb-connector; testcontainer; trigger-example; udf-example; zeppelin-iotdb; cross-tests; customize-mqtt-example; integration; iotdb-cli; iotdb-cluster; iotdb-confignode; iotdb-distribution; iotdb-server; spark-iotdb-connector; testcontainer; trigger-example; udf-example; zeppelin-iotdb; cross-tests; customize-mqtt-example; integration; iotdb-cli; iotdb-cluster; iotdb-distribution; iotdb-server; iotdb-session; library-udf; spark-iotdb-connector; testcontainer; trigger-example; udf-example; zeppelin-iotdb; cross-tests; customize-mqtt-example; integration; iotdb-cli; iotdb-cluster; iotdb-distribution; iotdb-server; iotdb-session; spark-iotdb-connector; testcontainer; trigger-example; udf-example; zeppelin-iotdb; cross-tests; customize-mqtt-example; integration; iotdb-cli; iotdb-cluster; iotdb-distribution; iotdb-server; spark-iotdb-connector; testcontainer; trigger-example; udf-example; zeppelin-iotdb; cross-tests; customize-mqtt-example; iotdb-cli; iotdb-cluster; iotdb-distribution; iotdb-server; iotdb-session; spark-iotdb-connector; testcontainer; trigger-example; udf-example; zeppelin-iotdb; cross-tests; iotdb-cli; iotdb-cluster; iotdb-distribution; iotdb-server; iotdb-session; spark-iotdb-connector; testcontainer; trigger-example; udf-example; zeppelin-iotdb; cross-tests; iotdb-cli; iotdb-cluster; iotdb-distribution; iotdb-server; iotdb-session; spark-iotdb-connector; trigger-example; udf-example; zeppelin-iotdb; customize-mqtt-example; influxdb-protocol-example; integration-test; iotdb-cli; iotdb-confignode; iotdb-distribution; iotdb-server; testcontainer; trigger-example; udf-example; customize-mqtt-example; influxdb-protocol; influxdb-protocol-example; integration; integration-test; iotdb-cli; iotdb-confignode; iotdb-distribution; iotdb-server; library-udf; rewrite-tsfile-tool; schema-engine-rocksdb; schema-engine-tag; spark-iotdb-connector; testcontainer; trigger-example; udf-example; customize-mqtt-example; influxdb-protocol; influxdb-protocol-example; integration; integration-test; iotdb-cli; iotdb-confignode; iotdb-distribution; iotdb-server; rewrite-tsfile-tool; schema-engine-rocksdb; schema-engine-tag; spark-iotdb-connector; testcontainer; trigger-example; udf-example; customize-mqtt-example; influxdb-protocol; influxdb-protocol-example; integration; integration-test; iotdb-cli; iotdb-confignode; iotdb-distribution; iotdb-server; rewrite-tsfile-tool; schema-engine-rocksdb; schema-engine-tag; testcontainer; trigger-example; udf-example; customize-mqtt-example; integration-test; iotdb-cli; iotdb-confignode; iotdb-distribution; iotdb-server; testcontainer; trigger-example; udf-example; customize-mqtt-example; integration-test; iotdb-cli; iotdb-confignode; iotdb-distribution; iotdb-server; trigger-example; udf-example; customize-mqtt-example; iotdb-cli; iotdb-confignode; iotdb-distribution; iotdb-server; trigger-example; udf-example,19,1.4.199,2022-01-10 14:10:23.643000+00:00,2022-01-17 16:18:52+00:00,7.089217094907407,post_resolution,CVE-2021-23463; CVE-2021-42392; CVE-2022-23221; CVE-2022-45868,version_changed
9,iotdb,H2,90,cross-tests; customize-mqtt-example; influxdb-protocol; influxdb-protocol-example; integration; integration-test; iotdb-cli; iotdb-confignode; iotdb-distribution; iotdb-server; library-udf; rewrite-tsfile-tool; schema-engine-rocksdb; schema-engine-tag; spark-iotdb-connector; testcontainer; trigger-example; udf-example; cross-tests; customize-mqtt-example; influxdb-protocol; influxdb-protocol-example; integration; integration-test; iotdb-cli; iotdb-confignode; iotdb-distribution; iotdb-server; library-udf; rewrite-tsfile-tool; schema-engine-rocksdb; schema-engine-tag; spark-iotdb-connector; testcontainer; trigger-example; udf-example; zeppelin-iotdb; cross-tests; customize-mqtt-example; influxdb-protocol; influxdb-protocol-example; integration; integration-test; iotdb-cli; iotdb-confignode; iotdb-distribution; iotdb-server; library-udf; rewrite-tsfile-tool; schema-engine-rocksdb; spark-iotdb-connector; testcontainer; trigger-example; udf-example; zeppelin-iotdb; cross-tests; customize-mqtt-example; influxdb-protocol; integration; integration-test; iotdb-cli; iotdb-cluster; iotdb-confignode; iotdb-distribution; iotdb-server; library-udf; schema-engine-rocksdb; spark-iotdb-connector; testcontainer; trigger-example; udf-example; zeppelin-iotdb; cross-tests; customize-mqtt-example; influxdb-protocol; integration; integration-test; iotdb-cli; iotdb-confignode; iotdb-distribution; iotdb-server; library-udf; load-tsfile-tool; schema-engine-rocksdb; spark-iotdb-connector; testcontainer; trigger-example; udf-example; zeppelin-iotdb; cross-tests; customize-mqtt-example; influxdb-protocol; integration; integration-test; iotdb-cli; iotdb-confignode; iotdb-distribution; iotdb-server; library-udf; rewrite-tsfile-tool; schema-engine-rocksdb; spark-iotdb-connector; testcontainer; trigger-example; udf-example; zeppelin-iotdb; cross-tests; customize-mqtt-example; influxdb-protocol; integration; integration-test; iotdb-cli; iotdb-confignode; iotdb-distribution; iotdb-server; library-udf; schema-engine-rocksdb; spark-iotdb-connector; testcontainer; trigger-example; udf-example; zeppelin-iotdb; cross-tests; customize-mqtt-example; influxdb-protocol; integration; iotdb-cli; iotdb-cluster; iotdb-confignode; iotdb-distribution; iotdb-server; library-udf; schema-engine-rocksdb; spark-iotdb-connector; testcontainer; trigger-example; udf-example; zeppelin-iotdb; cross-tests; customize-mqtt-example; influxdb-protocol; integration; iotdb-cli; iotdb-cluster; iotdb-confignode; iotdb-distribution; iotdb-server; schema-engine-rocksdb; spark-iotdb-connector; testcontainer; trigger-example; udf-example; zeppelin-iotdb; cross-tests; customize-mqtt-example; influxdb-protocol; integration; iotdb-cli; iotdb-cluster; iotdb-confignode; iotdb-distribution; iotdb-server; spark-iotdb-connector; testcontainer; trigger-example; udf-example; zeppelin-iotdb; cross-tests; customize-mqtt-example; integration; iotdb-cli; iotdb-cluster; iotdb-confignode; iotdb-distribution; iotdb-server; spark-iotdb-connector; testcontainer; trigger-example; udf-example; zeppelin-iotdb; cross-tests; customize-mqtt-example; integration; iotdb-cli; iotdb-cluster; iotdb-distribution; iotdb-server; iotdb-session; library-udf; spark-iotdb-connector; testcontainer; trigger-example; udf-example; zeppelin-iotdb; cross-tests; customize-mqtt-example; integration; iotdb-cli; iotdb-cluster; iotdb-distribution; iotdb-server; iotdb-session; spark-iotdb-connector; testcontainer; trigger-example; udf-example; zeppelin-iotdb; cross-tests; customize-mqtt-example; integration; iotdb-cli; iotdb-cluster; iotdb-distribution; iotdb-server; spark-iotdb-connector; testcontainer; trigger-example; udf-example; zeppelin-iotdb; cross-tests; customize-mqtt-example; iotdb-cli; iotdb-cluster; iotdb-distribution; iotdb-server; iotdb-session; spark-iotdb-connector; testcontainer; trigger-example; udf-example; zeppelin-iotdb; cross-tests; iotdb-cli; iotdb-cluster; iotdb-distribution; iotdb-server; iotdb-session; spark-iotdb-connector; testcontainer; trigger-example; udf-example; zeppelin-iotdb; cross-tests; iotdb-cli; iotdb-cluster; iotdb-distribution; iotdb-server; iotdb-session; spark-iotdb-connector; trigger-example; udf-example; zeppelin-iotdb; customize-mqtt-example; influxdb-protocol-example; integration-test; iotdb-cli; iotdb-confignode; iotdb-distribution; iotdb-server; testcontainer; trigger-example; udf-example; customize-mqtt-example; influxdb-protocol; influxdb-protocol-example; integration; integration-test; iotdb-cli; iotdb-confignode; iotdb-distribution; iotdb-server; library-udf; rewrite-tsfile-tool; schema-engine-rocksdb; schema-engine-tag; spark-iotdb-connector; testcontainer; trigger-example; udf-example; customize-mqtt-example; influxdb-protocol; influxdb-protocol-example; integration; integration-test; iotdb-cli; iotdb-confignode; iotdb-distribution; iotdb-server; rewrite-tsfile-tool; schema-engine-rocksdb; schema-engine-tag; spark-iotdb-connector; testcontainer; trigger-example; udf-example; customize-mqtt-example; influxdb-protocol; influxdb-protocol-example; integration; integration-test; iotdb-cli; iotdb-confignode; iotdb-distribution; iotdb-server; rewrite-tsfile-tool; schema-engine-rocksdb; schema-engine-tag; testcontainer; trigger-example; udf-example; customize-mqtt-example; integration-test; iotdb-cli; iotdb-confignode; iotdb-distribution; iotdb-server; testcontainer; trigger-example; udf-example; customize-mqtt-example; integration-test; iotdb-cli; iotdb-confignode; iotdb-distribution; iotdb-server; trigger-example; udf-example; customize-mqtt-example; iotdb-cli; iotdb-confignode; iotdb-distribution; iotdb-server; trigger-example; udf-example,19,1.4.199,2022-01-17 16:18:52+00:00,2022-01-19 17:15:09+00:00,2.039085648148148,post_resolution,CVE-2021-23463; CVE-2021-42392; CVE-2022-23221; CVE-2022-45868,version_changed
9,iotdb,H2,90,cross-tests; customize-mqtt-example; influxdb-protocol; influxdb-protocol-example; integration; integration-test; iotdb-cli; iotdb-confignode; iotdb-distribution; iotdb-server; library-udf; rewrite-tsfile-tool; schema-engine-rocksdb; schema-engine-tag; spark-iotdb-connector; testcontainer; trigger-example; udf-example; cross-tests; customize-mqtt-example; influxdb-protocol; influxdb-protocol-example; integration; integration-test; iotdb-cli; iotdb-confignode; iotdb-distribution; iotdb-server; library-udf; rewrite-tsfile-tool; schema-engine-rocksdb; schema-engine-tag; spark-iotdb-connector; testcontainer; trigger-example; udf-example; zeppelin-iotdb; cross-tests; customize-mqtt-example; influxdb-protocol; influxdb-protocol-example; integration; integration-test; iotdb-cli; iotdb-confignode; iotdb-distribution; iotdb-server; library-udf; rewrite-tsfile-tool; schema-engine-rocksdb; spark-iotdb-connector; testcontainer; trigger-example; udf-example; zeppelin-iotdb; cross-tests; customize-mqtt-example; influxdb-protocol; integration; integration-test; iotdb-cli; iotdb-cluster; iotdb-confignode; iotdb-distribution; iotdb-server; library-udf; schema-engine-rocksdb; spark-iotdb-connector; testcontainer; trigger-example; udf-example; zeppelin-iotdb; cross-tests; customize-mqtt-example; influxdb-protocol; integration; integration-test; iotdb-cli; iotdb-confignode; iotdb-distribution; iotdb-server; library-udf; load-tsfile-tool; schema-engine-rocksdb; spark-iotdb-connector; testcontainer; trigger-example; udf-example; zeppelin-iotdb; cross-tests; customize-mqtt-example; influxdb-protocol; integration; integration-test; iotdb-cli; iotdb-confignode; iotdb-distribution; iotdb-server; library-udf; rewrite-tsfile-tool; schema-engine-rocksdb; spark-iotdb-connector; testcontainer; trigger-example; udf-example; zeppelin-iotdb; cross-tests; customize-mqtt-example; influxdb-protocol; integration; integration-test; iotdb-cli; iotdb-confignode; iotdb-distribution; iotdb-server; library-udf; schema-engine-rocksdb; spark-iotdb-connector; testcontainer; trigger-example; udf-example; zeppelin-iotdb; cross-tests; customize-mqtt-example; influxdb-protocol; integration; iotdb-cli; iotdb-cluster; iotdb-confignode; iotdb-distribution; iotdb-server; library-udf; schema-engine-rocksdb; spark-iotdb-connector; testcontainer; trigger-example; udf-example; zeppelin-iotdb; cross-tests; customize-mqtt-example; influxdb-protocol; integration; iotdb-cli; iotdb-cluster; iotdb-confignode; iotdb-distribution; iotdb-server; schema-engine-rocksdb; spark-iotdb-connector; testcontainer; trigger-example; udf-example; zeppelin-iotdb; cross-tests; customize-mqtt-example; influxdb-protocol; integration; iotdb-cli; iotdb-cluster; iotdb-confignode; iotdb-distribution; iotdb-server; spark-iotdb-connector; testcontainer; trigger-example; udf-example; zeppelin-iotdb; cross-tests; customize-mqtt-example; integration; iotdb-cli; iotdb-cluster; iotdb-confignode; iotdb-distribution; iotdb-server; spark-iotdb-connector; testcontainer; trigger-example; udf-example; zeppelin-iotdb; cross-tests; customize-mqtt-example; integration; iotdb-cli; iotdb-cluster; iotdb-distribution; iotdb-server; iotdb-session; library-udf; spark-iotdb-connector; testcontainer; trigger-example; udf-example; zeppelin-iotdb; cross-tests; customize-mqtt-example; integration; iotdb-cli; iotdb-cluster; iotdb-distribution; iotdb-server; iotdb-session; spark-iotdb-connector; testcontainer; trigger-example; udf-example; zeppelin-iotdb; cross-tests; customize-mqtt-example; integration; iotdb-cli; iotdb-cluster; iotdb-distribution; iotdb-server; spark-iotdb-connector; testcontainer; trigger-example; udf-example; zeppelin-iotdb; cross-tests; customize-mqtt-example; iotdb-cli; iotdb-cluster; iotdb-distribution; iotdb-server; iotdb-session; spark-iotdb-connector; testcontainer; trigger-example; udf-example; zeppelin-iotdb; cross-tests; iotdb-cli; iotdb-cluster; iotdb-distribution; iotdb-server; iotdb-session; spark-iotdb-connector; testcontainer; trigger-example; udf-example; zeppelin-iotdb; cross-tests; iotdb-cli; iotdb-cluster; iotdb-distribution; iotdb-server; iotdb-session; spark-iotdb-connector; trigger-example; udf-example; zeppelin-iotdb; customize-mqtt-example; influxdb-protocol-example; integration-test; iotdb-cli; iotdb-confignode; iotdb-distribution; iotdb-server; testcontainer; trigger-example; udf-example; customize-mqtt-example; influxdb-protocol; influxdb-protocol-example; integration; integration-test; iotdb-cli; iotdb-confignode; iotdb-distribution; iotdb-server; library-udf; rewrite-tsfile-tool; schema-engine-rocksdb; schema-engine-tag; spark-iotdb-connector; testcontainer; trigger-example; udf-example; customize-mqtt-example; influxdb-protocol; influxdb-protocol-example; integration; integration-test; iotdb-cli; iotdb-confignode; iotdb-distribution; iotdb-server; rewrite-tsfile-tool; schema-engine-rocksdb; schema-engine-tag; spark-iotdb-connector; testcontainer; trigger-example; udf-example; customize-mqtt-example; influxdb-protocol; influxdb-protocol-example; integration; integration-test; iotdb-cli; iotdb-confignode; iotdb-distribution; iotdb-server; rewrite-tsfile-tool; schema-engine-rocksdb; schema-engine-tag; testcontainer; trigger-example; udf-example; customize-mqtt-example; integration-test; iotdb-cli; iotdb-confignode; iotdb-distribution; iotdb-server; testcontainer; trigger-example; udf-example; customize-mqtt-example; integration-test; iotdb-cli; iotdb-confignode; iotdb-distribution; iotdb-server; trigger-example; udf-example; customize-mqtt-example; iotdb-cli; iotdb-confignode; iotdb-distribution; iotdb-server; trigger-example; udf-example,19,1.4.199,2022-01-19 17:15:09+00:00,2022-11-23 21:15:11.360000+00:00,308.1666939814815,post_resolution,CVE-2021-23463; CVE-2021-42392; CVE-2022-23221; CVE-2022-45868,version_changed
9,iotdb,H2,90,cross-tests; customize-mqtt-example; influxdb-protocol; influxdb-protocol-example; integration; integration-test; iotdb-cli; iotdb-confignode; iotdb-distribution; iotdb-server; library-udf; rewrite-tsfile-tool; schema-engine-rocksdb; schema-engine-tag; spark-iotdb-connector; testcontainer; trigger-example; udf-example; cross-tests; customize-mqtt-example; influxdb-protocol; influxdb-protocol-example; integration; integration-test; iotdb-cli; iotdb-confignode; iotdb-distribution; iotdb-server; library-udf; rewrite-tsfile-tool; schema-engine-rocksdb; schema-engine-tag; spark-iotdb-connector; testcontainer; trigger-example; udf-example; zeppelin-iotdb; cross-tests; customize-mqtt-example; influxdb-protocol; influxdb-protocol-example; integration; integration-test; iotdb-cli; iotdb-confignode; iotdb-distribution; iotdb-server; library-udf; rewrite-tsfile-tool; schema-engine-rocksdb; spark-iotdb-connector; testcontainer; trigger-example; udf-example; zeppelin-iotdb; cross-tests; customize-mqtt-example; influxdb-protocol; integration; integration-test; iotdb-cli; iotdb-cluster; iotdb-confignode; iotdb-distribution; iotdb-server; library-udf; schema-engine-rocksdb; spark-iotdb-connector; testcontainer; trigger-example; udf-example; zeppelin-iotdb; cross-tests; customize-mqtt-example; influxdb-protocol; integration; integration-test; iotdb-cli; iotdb-confignode; iotdb-distribution; iotdb-server; library-udf; load-tsfile-tool; schema-engine-rocksdb; spark-iotdb-connector; testcontainer; trigger-example; udf-example; zeppelin-iotdb; cross-tests; customize-mqtt-example; influxdb-protocol; integration; integration-test; iotdb-cli; iotdb-confignode; iotdb-distribution; iotdb-server; library-udf; rewrite-tsfile-tool; schema-engine-rocksdb; spark-iotdb-connector; testcontainer; trigger-example; udf-example; zeppelin-iotdb; cross-tests; customize-mqtt-example; influxdb-protocol; integration; integration-test; iotdb-cli; iotdb-confignode; iotdb-distribution; iotdb-server; library-udf; schema-engine-rocksdb; spark-iotdb-connector; testcontainer; trigger-example; udf-example; zeppelin-iotdb; cross-tests; customize-mqtt-example; influxdb-protocol; integration; iotdb-cli; iotdb-cluster; iotdb-confignode; iotdb-distribution; iotdb-server; library-udf; schema-engine-rocksdb; spark-iotdb-connector; testcontainer; trigger-example; udf-example; zeppelin-iotdb; cross-tests; customize-mqtt-example; influxdb-protocol; integration; iotdb-cli; iotdb-cluster; iotdb-confignode; iotdb-distribution; iotdb-server; schema-engine-rocksdb; spark-iotdb-connector; testcontainer; trigger-example; udf-example; zeppelin-iotdb; cross-tests; customize-mqtt-example; influxdb-protocol; integration; iotdb-cli; iotdb-cluster; iotdb-confignode; iotdb-distribution; iotdb-server; spark-iotdb-connector; testcontainer; trigger-example; udf-example; zeppelin-iotdb; cross-tests; customize-mqtt-example; integration; iotdb-cli; iotdb-cluster; iotdb-confignode; iotdb-distribution; iotdb-server; spark-iotdb-connector; testcontainer; trigger-example; udf-example; zeppelin-iotdb; cross-tests; customize-mqtt-example; integration; iotdb-cli; iotdb-cluster; iotdb-distribution; iotdb-server; iotdb-session; library-udf; spark-iotdb-connector; testcontainer; trigger-example; udf-example; zeppelin-iotdb; cross-tests; customize-mqtt-example; integration; iotdb-cli; iotdb-cluster; iotdb-distribution; iotdb-server; iotdb-session; spark-iotdb-connector; testcontainer; trigger-example; udf-example; zeppelin-iotdb; cross-tests; customize-mqtt-example; integration; iotdb-cli; iotdb-cluster; iotdb-distribution; iotdb-server; spark-iotdb-connector; testcontainer; trigger-example; udf-example; zeppelin-iotdb; cross-tests; customize-mqtt-example; iotdb-cli; iotdb-cluster; iotdb-distribution; iotdb-server; iotdb-session; spark-iotdb-connector; testcontainer; trigger-example; udf-example; zeppelin-iotdb; cross-tests; iotdb-cli; iotdb-cluster; iotdb-distribution; iotdb-server; iotdb-session; spark-iotdb-connector; testcontainer; trigger-example; udf-example; zeppelin-iotdb; cross-tests; iotdb-cli; iotdb-cluster; iotdb-distribution; iotdb-server; iotdb-session; spark-iotdb-connector; trigger-example; udf-example; zeppelin-iotdb; customize-mqtt-example; influxdb-protocol-example; integration-test; iotdb-cli; iotdb-confignode; iotdb-distribution; iotdb-server; testcontainer; trigger-example; udf-example; customize-mqtt-example; influxdb-protocol; influxdb-protocol-example; integration; integration-test; iotdb-cli; iotdb-confignode; iotdb-distribution; iotdb-server; library-udf; rewrite-tsfile-tool; schema-engine-rocksdb; schema-engine-tag; spark-iotdb-connector; testcontainer; trigger-example; udf-example; customize-mqtt-example; influxdb-protocol; influxdb-protocol-example; integration; integration-test; iotdb-cli; iotdb-confignode; iotdb-distribution; iotdb-server; rewrite-tsfile-tool; schema-engine-rocksdb; schema-engine-tag; spark-iotdb-connector; testcontainer; trigger-example; udf-example; customize-mqtt-example; influxdb-protocol; influxdb-protocol-example; integration; integration-test; iotdb-cli; iotdb-confignode; iotdb-distribution; iotdb-server; rewrite-tsfile-tool; schema-engine-rocksdb; schema-engine-tag; testcontainer; trigger-example; udf-example; customize-mqtt-example; integration-test; iotdb-cli; iotdb-confignode; iotdb-distribution; iotdb-server; testcontainer; trigger-example; udf-example; customize-mqtt-example; integration-test; iotdb-cli; iotdb-confignode; iotdb-distribution; iotdb-server; trigger-example; udf-example; customize-mqtt-example; iotdb-cli; iotdb-confignode; iotdb-distribution; iotdb-server; trigger-example; udf-example,19,1.4.199,2022-11-23 21:15:11.360000+00:00,2023-07-05 14:57:30+00:00,223.73771574074075,post_resolution,CVE-2021-23463; CVE-2021-42392; CVE-2022-23221; CVE-2022-45868,version_changed
9,iotdb,H2,90,cross-tests; customize-mqtt-example; influxdb-protocol; influxdb-protocol-example; integration; integration-test; iotdb-cli; iotdb-confignode; iotdb-distribution; iotdb-server; library-udf; rewrite-tsfile-tool; schema-engine-rocksdb; schema-engine-tag; spark-iotdb-connector; testcontainer; trigger-example; udf-example; cross-tests; customize-mqtt-example; influxdb-protocol; influxdb-protocol-example; integration; integration-test; iotdb-cli; iotdb-confignode; iotdb-distribution; iotdb-server; library-udf; rewrite-tsfile-tool; schema-engine-rocksdb; schema-engine-tag; spark-iotdb-connector; testcontainer; trigger-example; udf-example; zeppelin-iotdb; cross-tests; customize-mqtt-example; influxdb-protocol; influxdb-protocol-example; integration; integration-test; iotdb-cli; iotdb-confignode; iotdb-distribution; iotdb-server; library-udf; rewrite-tsfile-tool; schema-engine-rocksdb; spark-iotdb-connector; testcontainer; trigger-example; udf-example; zeppelin-iotdb; cross-tests; customize-mqtt-example; influxdb-protocol; integration; integration-test; iotdb-cli; iotdb-cluster; iotdb-confignode; iotdb-distribution; iotdb-server; library-udf; schema-engine-rocksdb; spark-iotdb-connector; testcontainer; trigger-example; udf-example; zeppelin-iotdb; cross-tests; customize-mqtt-example; influxdb-protocol; integration; integration-test; iotdb-cli; iotdb-confignode; iotdb-distribution; iotdb-server; library-udf; load-tsfile-tool; schema-engine-rocksdb; spark-iotdb-connector; testcontainer; trigger-example; udf-example; zeppelin-iotdb; cross-tests; customize-mqtt-example; influxdb-protocol; integration; integration-test; iotdb-cli; iotdb-confignode; iotdb-distribution; iotdb-server; library-udf; rewrite-tsfile-tool; schema-engine-rocksdb; spark-iotdb-connector; testcontainer; trigger-example; udf-example; zeppelin-iotdb; cross-tests; customize-mqtt-example; influxdb-protocol; integration; integration-test; iotdb-cli; iotdb-confignode; iotdb-distribution; iotdb-server; library-udf; schema-engine-rocksdb; spark-iotdb-connector; testcontainer; trigger-example; udf-example; zeppelin-iotdb; cross-tests; customize-mqtt-example; influxdb-protocol; integration; iotdb-cli; iotdb-cluster; iotdb-confignode; iotdb-distribution; iotdb-server; library-udf; schema-engine-rocksdb; spark-iotdb-connector; testcontainer; trigger-example; udf-example; zeppelin-iotdb; cross-tests; customize-mqtt-example; influxdb-protocol; integration; iotdb-cli; iotdb-cluster; iotdb-confignode; iotdb-distribution; iotdb-server; schema-engine-rocksdb; spark-iotdb-connector; testcontainer; trigger-example; udf-example; zeppelin-iotdb; cross-tests; customize-mqtt-example; influxdb-protocol; integration; iotdb-cli; iotdb-cluster; iotdb-confignode; iotdb-distribution; iotdb-server; spark-iotdb-connector; testcontainer; trigger-example; udf-example; zeppelin-iotdb; cross-tests; customize-mqtt-example; integration; iotdb-cli; iotdb-cluster; iotdb-confignode; iotdb-distribution; iotdb-server; spark-iotdb-connector; testcontainer; trigger-example; udf-example; zeppelin-iotdb; cross-tests; customize-mqtt-example; integration; iotdb-cli; iotdb-cluster; iotdb-distribution; iotdb-server; iotdb-session; library-udf; spark-iotdb-connector; testcontainer; trigger-example; udf-example; zeppelin-iotdb; cross-tests; customize-mqtt-example; integration; iotdb-cli; iotdb-cluster; iotdb-distribution; iotdb-server; iotdb-session; spark-iotdb-connector; testcontainer; trigger-example; udf-example; zeppelin-iotdb; cross-tests; customize-mqtt-example; integration; iotdb-cli; iotdb-cluster; iotdb-distribution; iotdb-server; spark-iotdb-connector; testcontainer; trigger-example; udf-example; zeppelin-iotdb; cross-tests; customize-mqtt-example; iotdb-cli; iotdb-cluster; iotdb-distribution; iotdb-server; iotdb-session; spark-iotdb-connector; testcontainer; trigger-example; udf-example; zeppelin-iotdb; cross-tests; iotdb-cli; iotdb-cluster; iotdb-distribution; iotdb-server; iotdb-session; spark-iotdb-connector; testcontainer; trigger-example; udf-example; zeppelin-iotdb; cross-tests; iotdb-cli; iotdb-cluster; iotdb-distribution; iotdb-server; iotdb-session; spark-iotdb-connector; trigger-example; udf-example; zeppelin-iotdb; customize-mqtt-example; influxdb-protocol-example; integration-test; iotdb-cli; iotdb-confignode; iotdb-distribution; iotdb-server; testcontainer; trigger-example; udf-example; customize-mqtt-example; influxdb-protocol; influxdb-protocol-example; integration; integration-test; iotdb-cli; iotdb-confignode; iotdb-distribution; iotdb-server; library-udf; rewrite-tsfile-tool; schema-engine-rocksdb; schema-engine-tag; spark-iotdb-connector; testcontainer; trigger-example; udf-example; customize-mqtt-example; influxdb-protocol; influxdb-protocol-example; integration; integration-test; iotdb-cli; iotdb-confignode; iotdb-distribution; iotdb-server; rewrite-tsfile-tool; schema-engine-rocksdb; schema-engine-tag; spark-iotdb-connector; testcontainer; trigger-example; udf-example; customize-mqtt-example; influxdb-protocol; influxdb-protocol-example; integration; integration-test; iotdb-cli; iotdb-confignode; iotdb-distribution; iotdb-server; rewrite-tsfile-tool; schema-engine-rocksdb; schema-engine-tag; testcontainer; trigger-example; udf-example; customize-mqtt-example; integration-test; iotdb-cli; iotdb-confignode; iotdb-distribution; iotdb-server; testcontainer; trigger-example; udf-example; customize-mqtt-example; integration-test; iotdb-cli; iotdb-confignode; iotdb-distribution; iotdb-server; trigger-example; udf-example; customize-mqtt-example; iotdb-cli; iotdb-confignode; iotdb-distribution; iotdb-server; trigger-example; udf-example,19,1.4.199,2023-07-05 14:57:30+00:00,2023-10-17 00:00:00+00:00,103.37673611111111,post_resolution,CVE-2021-23463; CVE-2021-42392; CVE-2022-23221; CVE-2022-45868,version_changed
9,iotdb,H2,91,customize-mqtt-example; integration-test; iotdb-cli; iotdb-confignode; iotdb-distribution; iotdb-server; trigger-example; udf-example,8,2.1.214,2023-07-04 00:00:00+00:00,2023-07-05 14:57:30+00:00,1.6232638888888888,post_disclosure,CVE-2022-45868,version_changed
9,iotdb,H2,91,customize-mqtt-example; integration-test; iotdb-cli; iotdb-confignode; iotdb-distribution; iotdb-server; trigger-example; udf-example,8,2.1.214,2023-07-05 14:57:30+00:00,2023-07-25 00:00:00+00:00,19.37673611111111,post_resolution,CVE-2022-45868,version_changed
9,iotdb,H2,92,customize-mqtt-example; integration-test; iotdb-cli; iotdb-confignode; iotdb-distribution; iotdb-server; pipe-count-point-processor-example; trigger-example; udf-example; customize-mqtt-example; iotdb-cli; iotdb-confignode; iotdb-distribution; iotdb-server; pipe-count-point-processor-example; trigger-example; udf-example; customize-mqtt-example; iotdb-cli; iotdb-confignode; iotdb-distribution; iotdb-server; trigger-example; udf-example,9,2.1.212,2023-10-17 00:00:00+00:00,2024-12-17 00:00:00+00:00,427.0,post_resolution,CVE-2022-45868,version_changed
10,skywalking,H2,99,apm-h2-1.x-plugin; apm-jdbc-plugin; dubbo-impl; example-dubbox-rest; skywalking-jdbc-plugin; dubbo-impl; skywalking-jdbc-plugin; skywalking-jdbc-plugin,3,1.4.192,2016-07-22 00:00:00+00:00,2018-07-24 13:29:00.603000+00:00,732.5618125347222,pre_disclosure,CVE-2018-14335; CVE-2021-42392; CVE-2022-23221,version_changed
10,skywalking,H2,99,apm-h2-1.x-plugin; apm-jdbc-plugin; dubbo-impl; example-dubbox-rest; skywalking-jdbc-plugin; dubbo-impl; skywalking-jdbc-plugin; skywalking-jdbc-plugin,3,1.4.192,2018-07-24 13:29:00.603000+00:00,2019-02-22 14:41:59+00:00,213.0506758912037,post_disclosure,CVE-2018-14335; CVE-2021-42392; CVE-2022-23221,version_changed
10,skywalking,H2,99,apm-h2-1.x-plugin; apm-jdbc-plugin; dubbo-impl; example-dubbox-rest; skywalking-jdbc-plugin; dubbo-impl; skywalking-jdbc-plugin; skywalking-jdbc-plugin,3,1.4.192,2019-02-22 14:41:59+00:00,2022-01-04 20:53:00+00:00,1047.257650462963,post_resolution,CVE-2018-14335; CVE-2021-42392; CVE-2022-23221,version_changed
10,skywalking,H2,99,apm-h2-1.x-plugin; apm-jdbc-plugin; dubbo-impl; example-dubbox-rest; skywalking-jdbc-plugin; dubbo-impl; skywalking-jdbc-plugin; skywalking-jdbc-plugin,3,1.4.192,2022-01-04 20:53:00+00:00,2022-01-10 14:10:23.643000+00:00,5.720412534722222,post_resolution,CVE-2018-14335; CVE-2021-42392; CVE-2022-23221,version_changed
10,skywalking,H2,99,apm-h2-1.x-plugin; apm-jdbc-plugin; dubbo-impl; example-dubbox-rest; skywalking-jdbc-plugin; dubbo-impl; skywalking-jdbc-plugin; skywalking-jdbc-plugin,3,1.4.192,2022-01-10 14:10:23.643000+00:00,2022-01-17 16:18:52+00:00,7.089217094907407,post_resolution,CVE-2018-14335; CVE-2021-42392; CVE-2022-23221,version_changed
10,skywalking,H2,99,apm-h2-1.x-plugin; apm-jdbc-plugin; dubbo-impl; example-dubbox-rest; skywalking-jdbc-plugin; dubbo-impl; skywalking-jdbc-plugin; skywalking-jdbc-plugin,3,1.4.192,2022-01-17 16:18:52+00:00,2022-01-19 17:15:09+00:00,2.039085648148148,post_resolution,CVE-2018-14335; CVE-2021-42392; CVE-2022-23221,version_changed
10,skywalking,H2,99,apm-h2-1.x-plugin; apm-jdbc-plugin; dubbo-impl; example-dubbox-rest; skywalking-jdbc-plugin; dubbo-impl; skywalking-jdbc-plugin; skywalking-jdbc-plugin,3,1.4.192,2022-01-19 17:15:09+00:00,2022-03-02 00:00:00+00:00,41.28114583333333,post_resolution,CVE-2018-14335; CVE-2021-42392; CVE-2022-23221,version_changed
10,skywalking,H2,100,agent-grpc-provider; agent-jetty-provider; alarm-provider; analysis-worker-model; apm-collector-boot; apm-collector-cache; apm-collector-cluster; apm-collector-naming; apm-collector-remote; apm-collector-storage; client-component; collector-cache-define; collector-cache-guava-provider; collector-cluster-define; collector-cluster-redis-provider; collector-cluster-standalone-provider; collector-cluster-zookeeper-provider; collector-naming-define; collector-naming-jetty-provider; collector-remote-define; collector-remote-grpc-provider; collector-remote-kafka-provider; collector-storage-define; collector-storage-es-provider; collector-storage-h2-provider; collector-ui-jetty-provider; jvm-provider; metric-provider; register-provider; segment-parser-provider; apache-skywalking-apm-incubating; cluster-kubernetes-plugin; cluster-standalone-plugin; cluster-zookeeper-plugin; library-client; mesh-receiver-module; mesh-receiver-provider; query-graphql-plugin; server-alarm-plugin; server-core; server-receiver-plugin; server-starter; skywalking-istio-telemetry-receiver-plugin; skywalking-jvm-receiver-plugin; skywalking-mesh-receiver-plugin; skywalking-register-receiver-plugin; skywalking-trace-receiver-plugin; storage-elasticsearch-plugin; zipkin-receiver-plugin; apache-skywalking-apm-incubating; cluster-kubernetes-plugin; cluster-standalone-plugin; cluster-zookeeper-plugin; library-client; query-graphql-plugin; server-alarm-plugin; server-core; server-receiver-plugin; server-starter; skywalking-istio-telemetry-receiver-plugin; skywalking-jvm-receiver-plugin; skywalking-mesh-receiver-plugin; skywalking-register-receiver-plugin; skywalking-trace-receiver-plugin; storage-elasticsearch-plugin; zipkin-receiver-plugin; apache-skywalking-apm-incubating; server-starter; storage-jdbc-hikaricp-plugin; apache-skywalking-apm; apache-skywalking-apm-es7; server-bootstrap; server-starter; server-starter-es7; storage-influxdb-plugin; storage-jdbc-hikaricp-plugin; apache-skywalking-apm; apache-skywalking-apm-es7; server-bootstrap; server-starter; server-starter-es7; storage-influxdb-plugin; storage-jdbc-hikaricp-plugin; tool-profile-snapshot-bootstrap; tool-profile-snapshot-exporter; tool-profile-snapshot-exporter-es7; apache-skywalking-apm; apache-skywalking-apm-es7; server-bootstrap; server-starter; server-starter-es7; storage-jdbc-hikaricp-plugin; apache-skywalking-apm; apache-skywalking-apm-es7; server-bootstrap; server-starter; server-starter-es7; storage-jdbc-hikaricp-plugin; tool-profile-snapshot-bootstrap; tool-profile-snapshot-exporter; tool-profile-snapshot-exporter-es7; apache-skywalking-apm; server-bootstrap; server-starter; server-starter-es7; storage-jdbc-hikaricp-plugin; apache-skywalking-apm; server-starter; storage-jdbc-hikaricp-plugin; apm-collector-agent; apm-collector-boot; apm-collector-cache; apm-collector-cluster; apm-collector-naming; apm-collector-remote; apm-collector-storage; apm-collector-stream; client-component; collector-agent-define; collector-agent-grpc-provider; collector-agent-jetty-provider; collector-agent-stream; collector-cache-define; collector-cache-guava-provider; collector-cluster-define; collector-cluster-redis-provider; collector-cluster-standalone-provider; collector-cluster-zookeeper-provider; collector-naming-define; collector-naming-jetty-provider; collector-remote-define; collector-remote-grpc-provider; collector-remote-kafka-provider; collector-storage-define; collector-storage-es-provider; collector-storage-h2-provider; collector-stream-define; collector-stream-provider; collector-ui-jetty-provider; apm-collector-agentjvm; apm-collector-agentregister; apm-collector-agentserver; apm-collector-agentstream; apm-collector-boot; apm-collector-cache; apm-collector-client; apm-collector-cluster; apm-collector-storage; apm-collector-stream; apm-collector-ui; apm-collector-agentjvm; apm-collector-agentregister; apm-collector-agentserver; apm-collector-agentstream; apm-collector-boot; apm-collector-client; apm-collector-cluster; apm-collector-storage; apm-collector-stream; apm-collector-ui; apm-collector-boot; apm-collector-cache; apm-collector-cluster; apm-collector-naming; apm-collector-remote; apm-collector-storage; apm-collector-stream; client-component; collector-agent-grpc-provider; collector-agent-jetty-provider; collector-agent-stream-provider; collector-alerting-provider; collector-cache-define; collector-cache-guava-provider; collector-cluster-define; collector-cluster-redis-provider; collector-cluster-standalone-provider; collector-cluster-zookeeper-provider; collector-naming-define; collector-naming-jetty-provider; collector-remote-define; collector-remote-grpc-provider; collector-remote-kafka-provider; collector-storage-define; collector-storage-es-provider; collector-storage-h2-provider; collector-ui-jetty-provider; apm-collector-boot; apm-collector-cache; apm-collector-cluster; apm-collector-naming; apm-collector-remote; apm-collector-storage; apm-collector-stream; client-component; collector-agent-grpc-provider; collector-agent-jetty-provider; collector-agent-stream-provider; collector-cache-define; collector-cache-guava-provider; collector-cluster-define; collector-cluster-redis-provider; collector-cluster-standalone-provider; collector-cluster-zookeeper-provider; collector-naming-define; collector-naming-jetty-provider; collector-remote-define; collector-remote-grpc-provider; collector-remote-kafka-provider; collector-storage-define; collector-storage-es-provider; collector-storage-h2-provider; collector-ui-jetty-provider; apm-collector-boot; apm-collector-client; apm-collector-cluster,30,1.4.196,2017-07-17 00:00:00+00:00,2018-07-24 13:29:00.603000+00:00,372.5618125347222,pre_disclosure,CVE-2018-14335; CVE-2021-42392; CVE-2022-23221,version_changed
10,skywalking,H2,100,agent-grpc-provider; agent-jetty-provider; alarm-provider; analysis-worker-model; apm-collector-boot; apm-collector-cache; apm-collector-cluster; apm-collector-naming; apm-collector-remote; apm-collector-storage; client-component; collector-cache-define; collector-cache-guava-provider; collector-cluster-define; collector-cluster-redis-provider; collector-cluster-standalone-provider; collector-cluster-zookeeper-provider; collector-naming-define; collector-naming-jetty-provider; collector-remote-define; collector-remote-grpc-provider; collector-remote-kafka-provider; collector-storage-define; collector-storage-es-provider; collector-storage-h2-provider; collector-ui-jetty-provider; jvm-provider; metric-provider; register-provider; segment-parser-provider; apache-skywalking-apm-incubating; cluster-kubernetes-plugin; cluster-standalone-plugin; cluster-zookeeper-plugin; library-client; mesh-receiver-module; mesh-receiver-provider; query-graphql-plugin; server-alarm-plugin; server-core; server-receiver-plugin; server-starter; skywalking-istio-telemetry-receiver-plugin; skywalking-jvm-receiver-plugin; skywalking-mesh-receiver-plugin; skywalking-register-receiver-plugin; skywalking-trace-receiver-plugin; storage-elasticsearch-plugin; zipkin-receiver-plugin; apache-skywalking-apm-incubating; cluster-kubernetes-plugin; cluster-standalone-plugin; cluster-zookeeper-plugin; library-client; query-graphql-plugin; server-alarm-plugin; server-core; server-receiver-plugin; server-starter; skywalking-istio-telemetry-receiver-plugin; skywalking-jvm-receiver-plugin; skywalking-mesh-receiver-plugin; skywalking-register-receiver-plugin; skywalking-trace-receiver-plugin; storage-elasticsearch-plugin; zipkin-receiver-plugin; apache-skywalking-apm-incubating; server-starter; storage-jdbc-hikaricp-plugin; apache-skywalking-apm; apache-skywalking-apm-es7; server-bootstrap; server-starter; server-starter-es7; storage-influxdb-plugin; storage-jdbc-hikaricp-plugin; apache-skywalking-apm; apache-skywalking-apm-es7; server-bootstrap; server-starter; server-starter-es7; storage-influxdb-plugin; storage-jdbc-hikaricp-plugin; tool-profile-snapshot-bootstrap; tool-profile-snapshot-exporter; tool-profile-snapshot-exporter-es7; apache-skywalking-apm; apache-skywalking-apm-es7; server-bootstrap; server-starter; server-starter-es7; storage-jdbc-hikaricp-plugin; apache-skywalking-apm; apache-skywalking-apm-es7; server-bootstrap; server-starter; server-starter-es7; storage-jdbc-hikaricp-plugin; tool-profile-snapshot-bootstrap; tool-profile-snapshot-exporter; tool-profile-snapshot-exporter-es7; apache-skywalking-apm; server-bootstrap; server-starter; server-starter-es7; storage-jdbc-hikaricp-plugin; apache-skywalking-apm; server-starter; storage-jdbc-hikaricp-plugin; apm-collector-agent; apm-collector-boot; apm-collector-cache; apm-collector-cluster; apm-collector-naming; apm-collector-remote; apm-collector-storage; apm-collector-stream; client-component; collector-agent-define; collector-agent-grpc-provider; collector-agent-jetty-provider; collector-agent-stream; collector-cache-define; collector-cache-guava-provider; collector-cluster-define; collector-cluster-redis-provider; collector-cluster-standalone-provider; collector-cluster-zookeeper-provider; collector-naming-define; collector-naming-jetty-provider; collector-remote-define; collector-remote-grpc-provider; collector-remote-kafka-provider; collector-storage-define; collector-storage-es-provider; collector-storage-h2-provider; collector-stream-define; collector-stream-provider; collector-ui-jetty-provider; apm-collector-agentjvm; apm-collector-agentregister; apm-collector-agentserver; apm-collector-agentstream; apm-collector-boot; apm-collector-cache; apm-collector-client; apm-collector-cluster; apm-collector-storage; apm-collector-stream; apm-collector-ui; apm-collector-agentjvm; apm-collector-agentregister; apm-collector-agentserver; apm-collector-agentstream; apm-collector-boot; apm-collector-client; apm-collector-cluster; apm-collector-storage; apm-collector-stream; apm-collector-ui; apm-collector-boot; apm-collector-cache; apm-collector-cluster; apm-collector-naming; apm-collector-remote; apm-collector-storage; apm-collector-stream; client-component; collector-agent-grpc-provider; collector-agent-jetty-provider; collector-agent-stream-provider; collector-alerting-provider; collector-cache-define; collector-cache-guava-provider; collector-cluster-define; collector-cluster-redis-provider; collector-cluster-standalone-provider; collector-cluster-zookeeper-provider; collector-naming-define; collector-naming-jetty-provider; collector-remote-define; collector-remote-grpc-provider; collector-remote-kafka-provider; collector-storage-define; collector-storage-es-provider; collector-storage-h2-provider; collector-ui-jetty-provider; apm-collector-boot; apm-collector-cache; apm-collector-cluster; apm-collector-naming; apm-collector-remote; apm-collector-storage; apm-collector-stream; client-component; collector-agent-grpc-provider; collector-agent-jetty-provider; collector-agent-stream-provider; collector-cache-define; collector-cache-guava-provider; collector-cluster-define; collector-cluster-redis-provider; collector-cluster-standalone-provider; collector-cluster-zookeeper-provider; collector-naming-define; collector-naming-jetty-provider; collector-remote-define; collector-remote-grpc-provider; collector-remote-kafka-provider; collector-storage-define; collector-storage-es-provider; collector-storage-h2-provider; collector-ui-jetty-provider; apm-collector-boot; apm-collector-client; apm-collector-cluster,30,1.4.196,2018-07-24 13:29:00.603000+00:00,2019-02-22 14:41:59+00:00,213.0506758912037,post_disclosure,CVE-2018-14335; CVE-2021-42392; CVE-2022-23221,version_changed
10,skywalking,H2,100,agent-grpc-provider; agent-jetty-provider; alarm-provider; analysis-worker-model; apm-collector-boot; apm-collector-cache; apm-collector-cluster; apm-collector-naming; apm-collector-remote; apm-collector-storage; client-component; collector-cache-define; collector-cache-guava-provider; collector-cluster-define; collector-cluster-redis-provider; collector-cluster-standalone-provider; collector-cluster-zookeeper-provider; collector-naming-define; collector-naming-jetty-provider; collector-remote-define; collector-remote-grpc-provider; collector-remote-kafka-provider; collector-storage-define; collector-storage-es-provider; collector-storage-h2-provider; collector-ui-jetty-provider; jvm-provider; metric-provider; register-provider; segment-parser-provider; apache-skywalking-apm-incubating; cluster-kubernetes-plugin; cluster-standalone-plugin; cluster-zookeeper-plugin; library-client; mesh-receiver-module; mesh-receiver-provider; query-graphql-plugin; server-alarm-plugin; server-core; server-receiver-plugin; server-starter; skywalking-istio-telemetry-receiver-plugin; skywalking-jvm-receiver-plugin; skywalking-mesh-receiver-plugin; skywalking-register-receiver-plugin; skywalking-trace-receiver-plugin; storage-elasticsearch-plugin; zipkin-receiver-plugin; apache-skywalking-apm-incubating; cluster-kubernetes-plugin; cluster-standalone-plugin; cluster-zookeeper-plugin; library-client; query-graphql-plugin; server-alarm-plugin; server-core; server-receiver-plugin; server-starter; skywalking-istio-telemetry-receiver-plugin; skywalking-jvm-receiver-plugin; skywalking-mesh-receiver-plugin; skywalking-register-receiver-plugin; skywalking-trace-receiver-plugin; storage-elasticsearch-plugin; zipkin-receiver-plugin; apache-skywalking-apm-incubating; server-starter; storage-jdbc-hikaricp-plugin; apache-skywalking-apm; apache-skywalking-apm-es7; server-bootstrap; server-starter; server-starter-es7; storage-influxdb-plugin; storage-jdbc-hikaricp-plugin; apache-skywalking-apm; apache-skywalking-apm-es7; server-bootstrap; server-starter; server-starter-es7; storage-influxdb-plugin; storage-jdbc-hikaricp-plugin; tool-profile-snapshot-bootstrap; tool-profile-snapshot-exporter; tool-profile-snapshot-exporter-es7; apache-skywalking-apm; apache-skywalking-apm-es7; server-bootstrap; server-starter; server-starter-es7; storage-jdbc-hikaricp-plugin; apache-skywalking-apm; apache-skywalking-apm-es7; server-bootstrap; server-starter; server-starter-es7; storage-jdbc-hikaricp-plugin; tool-profile-snapshot-bootstrap; tool-profile-snapshot-exporter; tool-profile-snapshot-exporter-es7; apache-skywalking-apm; server-bootstrap; server-starter; server-starter-es7; storage-jdbc-hikaricp-plugin; apache-skywalking-apm; server-starter; storage-jdbc-hikaricp-plugin; apm-collector-agent; apm-collector-boot; apm-collector-cache; apm-collector-cluster; apm-collector-naming; apm-collector-remote; apm-collector-storage; apm-collector-stream; client-component; collector-agent-define; collector-agent-grpc-provider; collector-agent-jetty-provider; collector-agent-stream; collector-cache-define; collector-cache-guava-provider; collector-cluster-define; collector-cluster-redis-provider; collector-cluster-standalone-provider; collector-cluster-zookeeper-provider; collector-naming-define; collector-naming-jetty-provider; collector-remote-define; collector-remote-grpc-provider; collector-remote-kafka-provider; collector-storage-define; collector-storage-es-provider; collector-storage-h2-provider; collector-stream-define; collector-stream-provider; collector-ui-jetty-provider; apm-collector-agentjvm; apm-collector-agentregister; apm-collector-agentserver; apm-collector-agentstream; apm-collector-boot; apm-collector-cache; apm-collector-client; apm-collector-cluster; apm-collector-storage; apm-collector-stream; apm-collector-ui; apm-collector-agentjvm; apm-collector-agentregister; apm-collector-agentserver; apm-collector-agentstream; apm-collector-boot; apm-collector-client; apm-collector-cluster; apm-collector-storage; apm-collector-stream; apm-collector-ui; apm-collector-boot; apm-collector-cache; apm-collector-cluster; apm-collector-naming; apm-collector-remote; apm-collector-storage; apm-collector-stream; client-component; collector-agent-grpc-provider; collector-agent-jetty-provider; collector-agent-stream-provider; collector-alerting-provider; collector-cache-define; collector-cache-guava-provider; collector-cluster-define; collector-cluster-redis-provider; collector-cluster-standalone-provider; collector-cluster-zookeeper-provider; collector-naming-define; collector-naming-jetty-provider; collector-remote-define; collector-remote-grpc-provider; collector-remote-kafka-provider; collector-storage-define; collector-storage-es-provider; collector-storage-h2-provider; collector-ui-jetty-provider; apm-collector-boot; apm-collector-cache; apm-collector-cluster; apm-collector-naming; apm-collector-remote; apm-collector-storage; apm-collector-stream; client-component; collector-agent-grpc-provider; collector-agent-jetty-provider; collector-agent-stream-provider; collector-cache-define; collector-cache-guava-provider; collector-cluster-define; collector-cluster-redis-provider; collector-cluster-standalone-provider; collector-cluster-zookeeper-provider; collector-naming-define; collector-naming-jetty-provider; collector-remote-define; collector-remote-grpc-provider; collector-remote-kafka-provider; collector-storage-define; collector-storage-es-provider; collector-storage-h2-provider; collector-ui-jetty-provider; apm-collector-boot; apm-collector-client; apm-collector-cluster,30,1.4.196,2019-02-22 14:41:59+00:00,2022-01-04 20:53:00+00:00,1047.257650462963,post_resolution,CVE-2018-14335; CVE-2021-42392; CVE-2022-23221,version_changed
10,skywalking,H2,100,agent-grpc-provider; agent-jetty-provider; alarm-provider; analysis-worker-model; apm-collector-boot; apm-collector-cache; apm-collector-cluster; apm-collector-naming; apm-collector-remote; apm-collector-storage; client-component; collector-cache-define; collector-cache-guava-provider; collector-cluster-define; collector-cluster-redis-provider; collector-cluster-standalone-provider; collector-cluster-zookeeper-provider; collector-naming-define; collector-naming-jetty-provider; collector-remote-define; collector-remote-grpc-provider; collector-remote-kafka-provider; collector-storage-define; collector-storage-es-provider; collector-storage-h2-provider; collector-ui-jetty-provider; jvm-provider; metric-provider; register-provider; segment-parser-provider; apache-skywalking-apm-incubating; cluster-kubernetes-plugin; cluster-standalone-plugin; cluster-zookeeper-plugin; library-client; mesh-receiver-module; mesh-receiver-provider; query-graphql-plugin; server-alarm-plugin; server-core; server-receiver-plugin; server-starter; skywalking-istio-telemetry-receiver-plugin; skywalking-jvm-receiver-plugin; skywalking-mesh-receiver-plugin; skywalking-register-receiver-plugin; skywalking-trace-receiver-plugin; storage-elasticsearch-plugin; zipkin-receiver-plugin; apache-skywalking-apm-incubating; cluster-kubernetes-plugin; cluster-standalone-plugin; cluster-zookeeper-plugin; library-client; query-graphql-plugin; server-alarm-plugin; server-core; server-receiver-plugin; server-starter; skywalking-istio-telemetry-receiver-plugin; skywalking-jvm-receiver-plugin; skywalking-mesh-receiver-plugin; skywalking-register-receiver-plugin; skywalking-trace-receiver-plugin; storage-elasticsearch-plugin; zipkin-receiver-plugin; apache-skywalking-apm-incubating; server-starter; storage-jdbc-hikaricp-plugin; apache-skywalking-apm; apache-skywalking-apm-es7; server-bootstrap; server-starter; server-starter-es7; storage-influxdb-plugin; storage-jdbc-hikaricp-plugin; apache-skywalking-apm; apache-skywalking-apm-es7; server-bootstrap; server-starter; server-starter-es7; storage-influxdb-plugin; storage-jdbc-hikaricp-plugin; tool-profile-snapshot-bootstrap; tool-profile-snapshot-exporter; tool-profile-snapshot-exporter-es7; apache-skywalking-apm; apache-skywalking-apm-es7; server-bootstrap; server-starter; server-starter-es7; storage-jdbc-hikaricp-plugin; apache-skywalking-apm; apache-skywalking-apm-es7; server-bootstrap; server-starter; server-starter-es7; storage-jdbc-hikaricp-plugin; tool-profile-snapshot-bootstrap; tool-profile-snapshot-exporter; tool-profile-snapshot-exporter-es7; apache-skywalking-apm; server-bootstrap; server-starter; server-starter-es7; storage-jdbc-hikaricp-plugin; apache-skywalking-apm; server-starter; storage-jdbc-hikaricp-plugin; apm-collector-agent; apm-collector-boot; apm-collector-cache; apm-collector-cluster; apm-collector-naming; apm-collector-remote; apm-collector-storage; apm-collector-stream; client-component; collector-agent-define; collector-agent-grpc-provider; collector-agent-jetty-provider; collector-agent-stream; collector-cache-define; collector-cache-guava-provider; collector-cluster-define; collector-cluster-redis-provider; collector-cluster-standalone-provider; collector-cluster-zookeeper-provider; collector-naming-define; collector-naming-jetty-provider; collector-remote-define; collector-remote-grpc-provider; collector-remote-kafka-provider; collector-storage-define; collector-storage-es-provider; collector-storage-h2-provider; collector-stream-define; collector-stream-provider; collector-ui-jetty-provider; apm-collector-agentjvm; apm-collector-agentregister; apm-collector-agentserver; apm-collector-agentstream; apm-collector-boot; apm-collector-cache; apm-collector-client; apm-collector-cluster; apm-collector-storage; apm-collector-stream; apm-collector-ui; apm-collector-agentjvm; apm-collector-agentregister; apm-collector-agentserver; apm-collector-agentstream; apm-collector-boot; apm-collector-client; apm-collector-cluster; apm-collector-storage; apm-collector-stream; apm-collector-ui; apm-collector-boot; apm-collector-cache; apm-collector-cluster; apm-collector-naming; apm-collector-remote; apm-collector-storage; apm-collector-stream; client-component; collector-agent-grpc-provider; collector-agent-jetty-provider; collector-agent-stream-provider; collector-alerting-provider; collector-cache-define; collector-cache-guava-provider; collector-cluster-define; collector-cluster-redis-provider; collector-cluster-standalone-provider; collector-cluster-zookeeper-provider; collector-naming-define; collector-naming-jetty-provider; collector-remote-define; collector-remote-grpc-provider; collector-remote-kafka-provider; collector-storage-define; collector-storage-es-provider; collector-storage-h2-provider; collector-ui-jetty-provider; apm-collector-boot; apm-collector-cache; apm-collector-cluster; apm-collector-naming; apm-collector-remote; apm-collector-storage; apm-collector-stream; client-component; collector-agent-grpc-provider; collector-agent-jetty-provider; collector-agent-stream-provider; collector-cache-define; collector-cache-guava-provider; collector-cluster-define; collector-cluster-redis-provider; collector-cluster-standalone-provider; collector-cluster-zookeeper-provider; collector-naming-define; collector-naming-jetty-provider; collector-remote-define; collector-remote-grpc-provider; collector-remote-kafka-provider; collector-storage-define; collector-storage-es-provider; collector-storage-h2-provider; collector-ui-jetty-provider; apm-collector-boot; apm-collector-client; apm-collector-cluster,30,1.4.196,2022-01-04 20:53:00+00:00,2022-01-10 14:10:23.643000+00:00,5.720412534722222,post_resolution,CVE-2018-14335; CVE-2021-42392; CVE-2022-23221,version_changed
10,skywalking,H2,100,agent-grpc-provider; agent-jetty-provider; alarm-provider; analysis-worker-model; apm-collector-boot; apm-collector-cache; apm-collector-cluster; apm-collector-naming; apm-collector-remote; apm-collector-storage; client-component; collector-cache-define; collector-cache-guava-provider; collector-cluster-define; collector-cluster-redis-provider; collector-cluster-standalone-provider; collector-cluster-zookeeper-provider; collector-naming-define; collector-naming-jetty-provider; collector-remote-define; collector-remote-grpc-provider; collector-remote-kafka-provider; collector-storage-define; collector-storage-es-provider; collector-storage-h2-provider; collector-ui-jetty-provider; jvm-provider; metric-provider; register-provider; segment-parser-provider; apache-skywalking-apm-incubating; cluster-kubernetes-plugin; cluster-standalone-plugin; cluster-zookeeper-plugin; library-client; mesh-receiver-module; mesh-receiver-provider; query-graphql-plugin; server-alarm-plugin; server-core; server-receiver-plugin; server-starter; skywalking-istio-telemetry-receiver-plugin; skywalking-jvm-receiver-plugin; skywalking-mesh-receiver-plugin; skywalking-register-receiver-plugin; skywalking-trace-receiver-plugin; storage-elasticsearch-plugin; zipkin-receiver-plugin; apache-skywalking-apm-incubating; cluster-kubernetes-plugin; cluster-standalone-plugin; cluster-zookeeper-plugin; library-client; query-graphql-plugin; server-alarm-plugin; server-core; server-receiver-plugin; server-starter; skywalking-istio-telemetry-receiver-plugin; skywalking-jvm-receiver-plugin; skywalking-mesh-receiver-plugin; skywalking-register-receiver-plugin; skywalking-trace-receiver-plugin; storage-elasticsearch-plugin; zipkin-receiver-plugin; apache-skywalking-apm-incubating; server-starter; storage-jdbc-hikaricp-plugin; apache-skywalking-apm; apache-skywalking-apm-es7; server-bootstrap; server-starter; server-starter-es7; storage-influxdb-plugin; storage-jdbc-hikaricp-plugin; apache-skywalking-apm; apache-skywalking-apm-es7; server-bootstrap; server-starter; server-starter-es7; storage-influxdb-plugin; storage-jdbc-hikaricp-plugin; tool-profile-snapshot-bootstrap; tool-profile-snapshot-exporter; tool-profile-snapshot-exporter-es7; apache-skywalking-apm; apache-skywalking-apm-es7; server-bootstrap; server-starter; server-starter-es7; storage-jdbc-hikaricp-plugin; apache-skywalking-apm; apache-skywalking-apm-es7; server-bootstrap; server-starter; server-starter-es7; storage-jdbc-hikaricp-plugin; tool-profile-snapshot-bootstrap; tool-profile-snapshot-exporter; tool-profile-snapshot-exporter-es7; apache-skywalking-apm; server-bootstrap; server-starter; server-starter-es7; storage-jdbc-hikaricp-plugin; apache-skywalking-apm; server-starter; storage-jdbc-hikaricp-plugin; apm-collector-agent; apm-collector-boot; apm-collector-cache; apm-collector-cluster; apm-collector-naming; apm-collector-remote; apm-collector-storage; apm-collector-stream; client-component; collector-agent-define; collector-agent-grpc-provider; collector-agent-jetty-provider; collector-agent-stream; collector-cache-define; collector-cache-guava-provider; collector-cluster-define; collector-cluster-redis-provider; collector-cluster-standalone-provider; collector-cluster-zookeeper-provider; collector-naming-define; collector-naming-jetty-provider; collector-remote-define; collector-remote-grpc-provider; collector-remote-kafka-provider; collector-storage-define; collector-storage-es-provider; collector-storage-h2-provider; collector-stream-define; collector-stream-provider; collector-ui-jetty-provider; apm-collector-agentjvm; apm-collector-agentregister; apm-collector-agentserver; apm-collector-agentstream; apm-collector-boot; apm-collector-cache; apm-collector-client; apm-collector-cluster; apm-collector-storage; apm-collector-stream; apm-collector-ui; apm-collector-agentjvm; apm-collector-agentregister; apm-collector-agentserver; apm-collector-agentstream; apm-collector-boot; apm-collector-client; apm-collector-cluster; apm-collector-storage; apm-collector-stream; apm-collector-ui; apm-collector-boot; apm-collector-cache; apm-collector-cluster; apm-collector-naming; apm-collector-remote; apm-collector-storage; apm-collector-stream; client-component; collector-agent-grpc-provider; collector-agent-jetty-provider; collector-agent-stream-provider; collector-alerting-provider; collector-cache-define; collector-cache-guava-provider; collector-cluster-define; collector-cluster-redis-provider; collector-cluster-standalone-provider; collector-cluster-zookeeper-provider; collector-naming-define; collector-naming-jetty-provider; collector-remote-define; collector-remote-grpc-provider; collector-remote-kafka-provider; collector-storage-define; collector-storage-es-provider; collector-storage-h2-provider; collector-ui-jetty-provider; apm-collector-boot; apm-collector-cache; apm-collector-cluster; apm-collector-naming; apm-collector-remote; apm-collector-storage; apm-collector-stream; client-component; collector-agent-grpc-provider; collector-agent-jetty-provider; collector-agent-stream-provider; collector-cache-define; collector-cache-guava-provider; collector-cluster-define; collector-cluster-redis-provider; collector-cluster-standalone-provider; collector-cluster-zookeeper-provider; collector-naming-define; collector-naming-jetty-provider; collector-remote-define; collector-remote-grpc-provider; collector-remote-kafka-provider; collector-storage-define; collector-storage-es-provider; collector-storage-h2-provider; collector-ui-jetty-provider; apm-collector-boot; apm-collector-client; apm-collector-cluster,30,1.4.196,2022-01-10 14:10:23.643000+00:00,2022-01-17 16:18:52+00:00,7.089217094907407,post_resolution,CVE-2018-14335; CVE-2021-42392; CVE-2022-23221,version_changed
10,skywalking,H2,100,agent-grpc-provider; agent-jetty-provider; alarm-provider; analysis-worker-model; apm-collector-boot; apm-collector-cache; apm-collector-cluster; apm-collector-naming; apm-collector-remote; apm-collector-storage; client-component; collector-cache-define; collector-cache-guava-provider; collector-cluster-define; collector-cluster-redis-provider; collector-cluster-standalone-provider; collector-cluster-zookeeper-provider; collector-naming-define; collector-naming-jetty-provider; collector-remote-define; collector-remote-grpc-provider; collector-remote-kafka-provider; collector-storage-define; collector-storage-es-provider; collector-storage-h2-provider; collector-ui-jetty-provider; jvm-provider; metric-provider; register-provider; segment-parser-provider; apache-skywalking-apm-incubating; cluster-kubernetes-plugin; cluster-standalone-plugin; cluster-zookeeper-plugin; library-client; mesh-receiver-module; mesh-receiver-provider; query-graphql-plugin; server-alarm-plugin; server-core; server-receiver-plugin; server-starter; skywalking-istio-telemetry-receiver-plugin; skywalking-jvm-receiver-plugin; skywalking-mesh-receiver-plugin; skywalking-register-receiver-plugin; skywalking-trace-receiver-plugin; storage-elasticsearch-plugin; zipkin-receiver-plugin; apache-skywalking-apm-incubating; cluster-kubernetes-plugin; cluster-standalone-plugin; cluster-zookeeper-plugin; library-client; query-graphql-plugin; server-alarm-plugin; server-core; server-receiver-plugin; server-starter; skywalking-istio-telemetry-receiver-plugin; skywalking-jvm-receiver-plugin; skywalking-mesh-receiver-plugin; skywalking-register-receiver-plugin; skywalking-trace-receiver-plugin; storage-elasticsearch-plugin; zipkin-receiver-plugin; apache-skywalking-apm-incubating; server-starter; storage-jdbc-hikaricp-plugin; apache-skywalking-apm; apache-skywalking-apm-es7; server-bootstrap; server-starter; server-starter-es7; storage-influxdb-plugin; storage-jdbc-hikaricp-plugin; apache-skywalking-apm; apache-skywalking-apm-es7; server-bootstrap; server-starter; server-starter-es7; storage-influxdb-plugin; storage-jdbc-hikaricp-plugin; tool-profile-snapshot-bootstrap; tool-profile-snapshot-exporter; tool-profile-snapshot-exporter-es7; apache-skywalking-apm; apache-skywalking-apm-es7; server-bootstrap; server-starter; server-starter-es7; storage-jdbc-hikaricp-plugin; apache-skywalking-apm; apache-skywalking-apm-es7; server-bootstrap; server-starter; server-starter-es7; storage-jdbc-hikaricp-plugin; tool-profile-snapshot-bootstrap; tool-profile-snapshot-exporter; tool-profile-snapshot-exporter-es7; apache-skywalking-apm; server-bootstrap; server-starter; server-starter-es7; storage-jdbc-hikaricp-plugin; apache-skywalking-apm; server-starter; storage-jdbc-hikaricp-plugin; apm-collector-agent; apm-collector-boot; apm-collector-cache; apm-collector-cluster; apm-collector-naming; apm-collector-remote; apm-collector-storage; apm-collector-stream; client-component; collector-agent-define; collector-agent-grpc-provider; collector-agent-jetty-provider; collector-agent-stream; collector-cache-define; collector-cache-guava-provider; collector-cluster-define; collector-cluster-redis-provider; collector-cluster-standalone-provider; collector-cluster-zookeeper-provider; collector-naming-define; collector-naming-jetty-provider; collector-remote-define; collector-remote-grpc-provider; collector-remote-kafka-provider; collector-storage-define; collector-storage-es-provider; collector-storage-h2-provider; collector-stream-define; collector-stream-provider; collector-ui-jetty-provider; apm-collector-agentjvm; apm-collector-agentregister; apm-collector-agentserver; apm-collector-agentstream; apm-collector-boot; apm-collector-cache; apm-collector-client; apm-collector-cluster; apm-collector-storage; apm-collector-stream; apm-collector-ui; apm-collector-agentjvm; apm-collector-agentregister; apm-collector-agentserver; apm-collector-agentstream; apm-collector-boot; apm-collector-client; apm-collector-cluster; apm-collector-storage; apm-collector-stream; apm-collector-ui; apm-collector-boot; apm-collector-cache; apm-collector-cluster; apm-collector-naming; apm-collector-remote; apm-collector-storage; apm-collector-stream; client-component; collector-agent-grpc-provider; collector-agent-jetty-provider; collector-agent-stream-provider; collector-alerting-provider; collector-cache-define; collector-cache-guava-provider; collector-cluster-define; collector-cluster-redis-provider; collector-cluster-standalone-provider; collector-cluster-zookeeper-provider; collector-naming-define; collector-naming-jetty-provider; collector-remote-define; collector-remote-grpc-provider; collector-remote-kafka-provider; collector-storage-define; collector-storage-es-provider; collector-storage-h2-provider; collector-ui-jetty-provider; apm-collector-boot; apm-collector-cache; apm-collector-cluster; apm-collector-naming; apm-collector-remote; apm-collector-storage; apm-collector-stream; client-component; collector-agent-grpc-provider; collector-agent-jetty-provider; collector-agent-stream-provider; collector-cache-define; collector-cache-guava-provider; collector-cluster-define; collector-cluster-redis-provider; collector-cluster-standalone-provider; collector-cluster-zookeeper-provider; collector-naming-define; collector-naming-jetty-provider; collector-remote-define; collector-remote-grpc-provider; collector-remote-kafka-provider; collector-storage-define; collector-storage-es-provider; collector-storage-h2-provider; collector-ui-jetty-provider; apm-collector-boot; apm-collector-client; apm-collector-cluster,30,1.4.196,2022-01-17 16:18:52+00:00,2022-01-19 17:15:09+00:00,2.039085648148148,post_resolution,CVE-2018-14335; CVE-2021-42392; CVE-2022-23221,version_changed
10,skywalking,H2,100,agent-grpc-provider; agent-jetty-provider; alarm-provider; analysis-worker-model; apm-collector-boot; apm-collector-cache; apm-collector-cluster; apm-collector-naming; apm-collector-remote; apm-collector-storage; client-component; collector-cache-define; collector-cache-guava-provider; collector-cluster-define; collector-cluster-redis-provider; collector-cluster-standalone-provider; collector-cluster-zookeeper-provider; collector-naming-define; collector-naming-jetty-provider; collector-remote-define; collector-remote-grpc-provider; collector-remote-kafka-provider; collector-storage-define; collector-storage-es-provider; collector-storage-h2-provider; collector-ui-jetty-provider; jvm-provider; metric-provider; register-provider; segment-parser-provider; apache-skywalking-apm-incubating; cluster-kubernetes-plugin; cluster-standalone-plugin; cluster-zookeeper-plugin; library-client; mesh-receiver-module; mesh-receiver-provider; query-graphql-plugin; server-alarm-plugin; server-core; server-receiver-plugin; server-starter; skywalking-istio-telemetry-receiver-plugin; skywalking-jvm-receiver-plugin; skywalking-mesh-receiver-plugin; skywalking-register-receiver-plugin; skywalking-trace-receiver-plugin; storage-elasticsearch-plugin; zipkin-receiver-plugin; apache-skywalking-apm-incubating; cluster-kubernetes-plugin; cluster-standalone-plugin; cluster-zookeeper-plugin; library-client; query-graphql-plugin; server-alarm-plugin; server-core; server-receiver-plugin; server-starter; skywalking-istio-telemetry-receiver-plugin; skywalking-jvm-receiver-plugin; skywalking-mesh-receiver-plugin; skywalking-register-receiver-plugin; skywalking-trace-receiver-plugin; storage-elasticsearch-plugin; zipkin-receiver-plugin; apache-skywalking-apm-incubating; server-starter; storage-jdbc-hikaricp-plugin; apache-skywalking-apm; apache-skywalking-apm-es7; server-bootstrap; server-starter; server-starter-es7; storage-influxdb-plugin; storage-jdbc-hikaricp-plugin; apache-skywalking-apm; apache-skywalking-apm-es7; server-bootstrap; server-starter; server-starter-es7; storage-influxdb-plugin; storage-jdbc-hikaricp-plugin; tool-profile-snapshot-bootstrap; tool-profile-snapshot-exporter; tool-profile-snapshot-exporter-es7; apache-skywalking-apm; apache-skywalking-apm-es7; server-bootstrap; server-starter; server-starter-es7; storage-jdbc-hikaricp-plugin; apache-skywalking-apm; apache-skywalking-apm-es7; server-bootstrap; server-starter; server-starter-es7; storage-jdbc-hikaricp-plugin; tool-profile-snapshot-bootstrap; tool-profile-snapshot-exporter; tool-profile-snapshot-exporter-es7; apache-skywalking-apm; server-bootstrap; server-starter; server-starter-es7; storage-jdbc-hikaricp-plugin; apache-skywalking-apm; server-starter; storage-jdbc-hikaricp-plugin; apm-collector-agent; apm-collector-boot; apm-collector-cache; apm-collector-cluster; apm-collector-naming; apm-collector-remote; apm-collector-storage; apm-collector-stream; client-component; collector-agent-define; collector-agent-grpc-provider; collector-agent-jetty-provider; collector-agent-stream; collector-cache-define; collector-cache-guava-provider; collector-cluster-define; collector-cluster-redis-provider; collector-cluster-standalone-provider; collector-cluster-zookeeper-provider; collector-naming-define; collector-naming-jetty-provider; collector-remote-define; collector-remote-grpc-provider; collector-remote-kafka-provider; collector-storage-define; collector-storage-es-provider; collector-storage-h2-provider; collector-stream-define; collector-stream-provider; collector-ui-jetty-provider; apm-collector-agentjvm; apm-collector-agentregister; apm-collector-agentserver; apm-collector-agentstream; apm-collector-boot; apm-collector-cache; apm-collector-client; apm-collector-cluster; apm-collector-storage; apm-collector-stream; apm-collector-ui; apm-collector-agentjvm; apm-collector-agentregister; apm-collector-agentserver; apm-collector-agentstream; apm-collector-boot; apm-collector-client; apm-collector-cluster; apm-collector-storage; apm-collector-stream; apm-collector-ui; apm-collector-boot; apm-collector-cache; apm-collector-cluster; apm-collector-naming; apm-collector-remote; apm-collector-storage; apm-collector-stream; client-component; collector-agent-grpc-provider; collector-agent-jetty-provider; collector-agent-stream-provider; collector-alerting-provider; collector-cache-define; collector-cache-guava-provider; collector-cluster-define; collector-cluster-redis-provider; collector-cluster-standalone-provider; collector-cluster-zookeeper-provider; collector-naming-define; collector-naming-jetty-provider; collector-remote-define; collector-remote-grpc-provider; collector-remote-kafka-provider; collector-storage-define; collector-storage-es-provider; collector-storage-h2-provider; collector-ui-jetty-provider; apm-collector-boot; apm-collector-cache; apm-collector-cluster; apm-collector-naming; apm-collector-remote; apm-collector-storage; apm-collector-stream; client-component; collector-agent-grpc-provider; collector-agent-jetty-provider; collector-agent-stream-provider; collector-cache-define; collector-cache-guava-provider; collector-cluster-define; collector-cluster-redis-provider; collector-cluster-standalone-provider; collector-cluster-zookeeper-provider; collector-naming-define; collector-naming-jetty-provider; collector-remote-define; collector-remote-grpc-provider; collector-remote-kafka-provider; collector-storage-define; collector-storage-es-provider; collector-storage-h2-provider; collector-ui-jetty-provider; apm-collector-boot; apm-collector-client; apm-collector-cluster,30,1.4.196,2022-01-19 17:15:09+00:00,2022-03-02 00:00:00+00:00,41.28114583333333,post_resolution,CVE-2018-14335; CVE-2021-42392; CVE-2022-23221,version_changed
10,skywalking,H2,101,apache-skywalking-apm; data-generator; server-starter; storage-jdbc-hikaricp-plugin; storage-tidb-plugin; tool-profile-snapshot-bootstrap; tool-profile-snapshot-exporter; apache-skywalking-apm; server-starter; storage-jdbc-hikaricp-plugin; storage-tidb-plugin; tool-profile-snapshot-bootstrap; tool-profile-snapshot-exporter,7,2.1.210,2022-03-02 00:00:00+00:00,2022-05-04 00:00:00+00:00,63.0,pre_disclosure,CVE-2022-45868,version_changed
10,skywalking,H2,102,apache-skywalking-apm; data-generator; server-starter; storage-jdbc-hikaricp-plugin; storage-shardingsphere-plugin; storage-tidb-plugin; tool-profile-snapshot-bootstrap; tool-profile-snapshot-exporter; apache-skywalking-apm; data-generator; server-starter; storage-jdbc-hikaricp-plugin; storage-tidb-plugin; tool-profile-snapshot-bootstrap; tool-profile-snapshot-exporter; apache-skywalking-apm; data-generator; server-starter; storage-jdbc-hikaricp-plugin; tool-profile-snapshot-bootstrap; tool-profile-snapshot-exporter,8,2.1.212,2022-05-04 00:00:00+00:00,2022-11-23 21:15:11.360000+00:00,203.88554814814813,pre_disclosure,CVE-2022-45868,right_censored_no_later_version
10,skywalking,H2,102,apache-skywalking-apm; data-generator; server-starter; storage-jdbc-hikaricp-plugin; storage-shardingsphere-plugin; storage-tidb-plugin; tool-profile-snapshot-bootstrap; tool-profile-snapshot-exporter; apache-skywalking-apm; data-generator; server-starter; storage-jdbc-hikaricp-plugin; storage-tidb-plugin; tool-profile-snapshot-bootstrap; tool-profile-snapshot-exporter; apache-skywalking-apm; data-generator; server-starter; storage-jdbc-hikaricp-plugin; tool-profile-snapshot-bootstrap; tool-profile-snapshot-exporter,8,2.1.212,2022-11-23 21:15:11.360000+00:00,2023-07-05 14:57:30+00:00,223.73771574074075,post_disclosure,CVE-2022-45868,right_censored_no_later_version
10,skywalking,H2,102,apache-skywalking-apm; data-generator; server-starter; storage-jdbc-hikaricp-plugin; storage-shardingsphere-plugin; storage-tidb-plugin; tool-profile-snapshot-bootstrap; tool-profile-snapshot-exporter; apache-skywalking-apm; data-generator; server-starter; storage-jdbc-hikaricp-plugin; storage-tidb-plugin; tool-profile-snapshot-bootstrap; tool-profile-snapshot-exporter; apache-skywalking-apm; data-generator; server-starter; storage-jdbc-hikaricp-plugin; tool-profile-snapshot-bootstrap; tool-profile-snapshot-exporter,8,2.1.212,2023-07-05 14:57:30+00:00,2024-12-23 00:00:00+00:00,536.3767361111111,post_resolution,CVE-2022-45868,right_censored_no_later_version
10,skywalking,MySQL,109,skywalking-analysis; skywalking-analysis; skywalking-spring-plugin,2,5.1.38,2016-04-03 00:00:00+00:00,2016-11-30 00:00:00+00:00,241.0,pre_disclosure,CVE-2017-3523; CVE-2017-3586; CVE-2017-3589; CVE-2018-3258; CVE-2019-2692; CVE-2020-2934; CVE-2022-21363; CVE-2023-22102,version_changed
10,skywalking,MySQL,110,skywalking-alarm,1,5.1.37,2016-04-03 00:00:00+00:00,2017-02-14 20:27:59+00:00,317.8527662037037,pre_disclosure,CVE-2017-3523; CVE-2017-3586; CVE-2017-3589; CVE-2018-3258; CVE-2019-2692; CVE-2020-2934; CVE-2022-21363; CVE-2023-22102,version_changed
10,skywalking,MySQL,110,skywalking-alarm,1,5.1.37,2017-02-14 20:27:59+00:00,2017-02-17 00:00:00+00:00,2.1472337962962964,post_resolution,CVE-2017-3523; CVE-2017-3586; CVE-2017-3589; CVE-2018-3258; CVE-2019-2692; CVE-2020-2934; CVE-2022-21363; CVE-2023-22102,version_changed
10,skywalking,MySQL,111,skywalking-agent; skywalking-jdbc-plugin; skywalking-mysql-plugin; skywalking-webui; skywalking-jdbc-plugin; skywalking-jdbc-plugin; skywalking-mysql-plugin; skywalking-webui; skywalking-jdbc-plugin; skywalking-webui,4,5.1.36,2016-04-03 00:00:00+00:00,2017-02-14 20:27:59+00:00,317.8527662037037,pre_disclosure,CVE-2017-3523; CVE-2017-3586; CVE-2017-3589; CVE-2018-3258; CVE-2019-2692; CVE-2020-2934; CVE-2022-21363; CVE-2023-22102,version_changed
10,skywalking,MySQL,111,skywalking-agent; skywalking-jdbc-plugin; skywalking-mysql-plugin; skywalking-webui; skywalking-jdbc-plugin; skywalking-jdbc-plugin; skywalking-mysql-plugin; skywalking-webui; skywalking-jdbc-plugin; skywalking-webui,4,5.1.36,2017-02-14 20:27:59+00:00,2017-02-26 00:00:00+00:00,11.147233796296296,post_resolution,CVE-2017-3523; CVE-2017-3586; CVE-2017-3589; CVE-2018-3258; CVE-2019-2692; CVE-2020-2934; CVE-2022-21363; CVE-2023-22102,version_changed
10,skywalking,MySQL,112,apm-jdbc-plugin; skywalking-jdbc-plugin,1,8.0.31,2017-02-25 00:00:00+00:00,2017-07-17 00:00:00+00:00,142.0,pre_disclosure,CVE-2023-22102,version_changed
10,skywalking,MySQL,113,apm-jdbc-commons; apm-mysql-2.x-plugin; apm-sharding-jdbc-1.5.x-plugin; apm-jdbc-commons; apm-mysql-5.x-plugin; apm-sharding-jdbc-1.5.x-plugin; apm-jdbc-commons; apm-mysql-6.x-plugin; apm-sharding-jdbc-1.5.x-plugin; apm-jdbc-commons; apm-mysql-6.x-plugin; apm-sharding-jdbc-1.5.x-plugin; apm-sharding-sphere-3.x-plugin; apm-jdbc-commons; apm-mysql-6.x-plugin; apm-sharding-jdbc-1.5.x-plugin; apm-sharding-sphere-3.x-plugin; apm-sharding-sphere-4.1.0-plugin; apm-sharding-sphere-4.x-plugin; apm-sharding-sphere-4.x-rc3-plugin; apm-jdbc-commons; apm-mysql-6.x-plugin; apm-sharding-jdbc-1.5.x-plugin; apm-sharding-sphere-3.x-plugin; apm-sharding-sphere-4.1.0-plugin; apm-sharding-sphere-4.x-plugin; apm-sharding-sphere-4.x-rc3-plugin; apm-shardingsphere-4.0.x-plugin; apm-jdbc-commons; apm-mysql-6.x-plugin; apm-sharding-jdbc-1.5.x-plugin; apm-sharding-sphere-3.x-plugin; apm-sharding-sphere-4.x-plugin; apm-jdbc-commons; apm-mysql-6.x-plugin; apm-sharding-jdbc-1.5.x-plugin; apm-sharding-sphere-3.x-plugin; apm-sharding-sphere-4.x-plugin; apm-sharding-sphere-4.x-rc3-plugin; apm-jdbc-plugin; apm-jdbc-plugin; apm-sharding-jdbc-1.5.x-plugin,8,6.0.6,2017-07-17 00:00:00+00:00,2018-09-27 09:18:47+00:00,437.3880439814815,pre_disclosure,CVE-2018-3258; CVE-2019-2692; CVE-2021-2471; CVE-2022-21363; CVE-2023-22102,version_changed
10,skywalking,MySQL,113,apm-jdbc-commons; apm-mysql-2.x-plugin; apm-sharding-jdbc-1.5.x-plugin; apm-jdbc-commons; apm-mysql-5.x-plugin; apm-sharding-jdbc-1.5.x-plugin; apm-jdbc-commons; apm-mysql-6.x-plugin; apm-sharding-jdbc-1.5.x-plugin; apm-jdbc-commons; apm-mysql-6.x-plugin; apm-sharding-jdbc-1.5.x-plugin; apm-sharding-sphere-3.x-plugin; apm-jdbc-commons; apm-mysql-6.x-plugin; apm-sharding-jdbc-1.5.x-plugin; apm-sharding-sphere-3.x-plugin; apm-sharding-sphere-4.1.0-plugin; apm-sharding-sphere-4.x-plugin; apm-sharding-sphere-4.x-rc3-plugin; apm-jdbc-commons; apm-mysql-6.x-plugin; apm-sharding-jdbc-1.5.x-plugin; apm-sharding-sphere-3.x-plugin; apm-sharding-sphere-4.1.0-plugin; apm-sharding-sphere-4.x-plugin; apm-sharding-sphere-4.x-rc3-plugin; apm-shardingsphere-4.0.x-plugin; apm-jdbc-commons; apm-mysql-6.x-plugin; apm-sharding-jdbc-1.5.x-plugin; apm-sharding-sphere-3.x-plugin; apm-sharding-sphere-4.x-plugin; apm-jdbc-commons; apm-mysql-6.x-plugin; apm-sharding-jdbc-1.5.x-plugin; apm-sharding-sphere-3.x-plugin; apm-sharding-sphere-4.x-plugin; apm-sharding-sphere-4.x-rc3-plugin; apm-jdbc-plugin; apm-jdbc-plugin; apm-sharding-jdbc-1.5.x-plugin,8,6.0.6,2018-09-27 09:18:47+00:00,2018-10-17 01:31:27.230000+00:00,19.675465625,post_resolution,CVE-2018-3258; CVE-2019-2692; CVE-2021-2471; CVE-2022-21363; CVE-2023-22102,version_changed
10,skywalking,MySQL,113,apm-jdbc-commons; apm-mysql-2.x-plugin; apm-sharding-jdbc-1.5.x-plugin; apm-jdbc-commons; apm-mysql-5.x-plugin; apm-sharding-jdbc-1.5.x-plugin; apm-jdbc-commons; apm-mysql-6.x-plugin; apm-sharding-jdbc-1.5.x-plugin; apm-jdbc-commons; apm-mysql-6.x-plugin; apm-sharding-jdbc-1.5.x-plugin; apm-sharding-sphere-3.x-plugin; apm-jdbc-commons; apm-mysql-6.x-plugin; apm-sharding-jdbc-1.5.x-plugin; apm-sharding-sphere-3.x-plugin; apm-sharding-sphere-4.1.0-plugin; apm-sharding-sphere-4.x-plugin; apm-sharding-sphere-4.x-rc3-plugin; apm-jdbc-commons; apm-mysql-6.x-plugin; apm-sharding-jdbc-1.5.x-plugin; apm-sharding-sphere-3.x-plugin; apm-sharding-sphere-4.1.0-plugin; apm-sharding-sphere-4.x-plugin; apm-sharding-sphere-4.x-rc3-plugin; apm-shardingsphere-4.0.x-plugin; apm-jdbc-commons; apm-mysql-6.x-plugin; apm-sharding-jdbc-1.5.x-plugin; apm-sharding-sphere-3.x-plugin; apm-sharding-sphere-4.x-plugin; apm-jdbc-commons; apm-mysql-6.x-plugin; apm-sharding-jdbc-1.5.x-plugin; apm-sharding-sphere-3.x-plugin; apm-sharding-sphere-4.x-plugin; apm-sharding-sphere-4.x-rc3-plugin; apm-jdbc-plugin; apm-jdbc-plugin; apm-sharding-jdbc-1.5.x-plugin,8,6.0.6,2018-10-17 01:31:27.230000+00:00,2019-03-20 19:08:52+00:00,154.73431446759258,post_resolution,CVE-2018-3258; CVE-2019-2692; CVE-2021-2471; CVE-2022-21363; CVE-2023-22102,version_changed
10,skywalking,MySQL,113,apm-jdbc-commons; apm-mysql-2.x-plugin; apm-sharding-jdbc-1.5.x-plugin; apm-jdbc-commons; apm-mysql-5.x-plugin; apm-sharding-jdbc-1.5.x-plugin; apm-jdbc-commons; apm-mysql-6.x-plugin; apm-sharding-jdbc-1.5.x-plugin; apm-jdbc-commons; apm-mysql-6.x-plugin; apm-sharding-jdbc-1.5.x-plugin; apm-sharding-sphere-3.x-plugin; apm-jdbc-commons; apm-mysql-6.x-plugin; apm-sharding-jdbc-1.5.x-plugin; apm-sharding-sphere-3.x-plugin; apm-sharding-sphere-4.1.0-plugin; apm-sharding-sphere-4.x-plugin; apm-sharding-sphere-4.x-rc3-plugin; apm-jdbc-commons; apm-mysql-6.x-plugin; apm-sharding-jdbc-1.5.x-plugin; apm-sharding-sphere-3.x-plugin; apm-sharding-sphere-4.1.0-plugin; apm-sharding-sphere-4.x-plugin; apm-sharding-sphere-4.x-rc3-plugin; apm-shardingsphere-4.0.x-plugin; apm-jdbc-commons; apm-mysql-6.x-plugin; apm-sharding-jdbc-1.5.x-plugin; apm-sharding-sphere-3.x-plugin; apm-sharding-sphere-4.x-plugin; apm-jdbc-commons; apm-mysql-6.x-plugin; apm-sharding-jdbc-1.5.x-plugin; apm-sharding-sphere-3.x-plugin; apm-sharding-sphere-4.x-plugin; apm-sharding-sphere-4.x-rc3-plugin; apm-jdbc-plugin; apm-jdbc-plugin; apm-sharding-jdbc-1.5.x-plugin,8,6.0.6,2019-03-20 19:08:52+00:00,2019-04-23 19:32:55.880000+00:00,34.01671157407407,post_resolution,CVE-2018-3258; CVE-2019-2692; CVE-2021-2471; CVE-2022-21363; CVE-2023-22102,version_changed
10,skywalking,MySQL,113,apm-jdbc-commons; apm-mysql-2.x-plugin; apm-sharding-jdbc-1.5.x-plugin; apm-jdbc-commons; apm-mysql-5.x-plugin; apm-sharding-jdbc-1.5.x-plugin; apm-jdbc-commons; apm-mysql-6.x-plugin; apm-sharding-jdbc-1.5.x-plugin; apm-jdbc-commons; apm-mysql-6.x-plugin; apm-sharding-jdbc-1.5.x-plugin; apm-sharding-sphere-3.x-plugin; apm-jdbc-commons; apm-mysql-6.x-plugin; apm-sharding-jdbc-1.5.x-plugin; apm-sharding-sphere-3.x-plugin; apm-sharding-sphere-4.1.0-plugin; apm-sharding-sphere-4.x-plugin; apm-sharding-sphere-4.x-rc3-plugin; apm-jdbc-commons; apm-mysql-6.x-plugin; apm-sharding-jdbc-1.5.x-plugin; apm-sharding-sphere-3.x-plugin; apm-sharding-sphere-4.1.0-plugin; apm-sharding-sphere-4.x-plugin; apm-sharding-sphere-4.x-rc3-plugin; apm-shardingsphere-4.0.x-plugin; apm-jdbc-commons; apm-mysql-6.x-plugin; apm-sharding-jdbc-1.5.x-plugin; apm-sharding-sphere-3.x-plugin; apm-sharding-sphere-4.x-plugin; apm-jdbc-commons; apm-mysql-6.x-plugin; apm-sharding-jdbc-1.5.x-plugin; apm-sharding-sphere-3.x-plugin; apm-sharding-sphere-4.x-plugin; apm-sharding-sphere-4.x-rc3-plugin; apm-jdbc-plugin; apm-jdbc-plugin; apm-sharding-jdbc-1.5.x-plugin,8,6.0.6,2019-04-23 19:32:55.880000+00:00,2021-09-28 18:17:43+00:00,888.9477675925926,post_resolution,CVE-2018-3258; CVE-2019-2692; CVE-2021-2471; CVE-2022-21363; CVE-2023-22102,version_changed
10,skywalking,MySQL,113,apm-jdbc-commons; apm-mysql-2.x-plugin; apm-sharding-jdbc-1.5.x-plugin; apm-jdbc-commons; apm-mysql-5.x-plugin; apm-sharding-jdbc-1.5.x-plugin; apm-jdbc-commons; apm-mysql-6.x-plugin; apm-sharding-jdbc-1.5.x-plugin; apm-jdbc-commons; apm-mysql-6.x-plugin; apm-sharding-jdbc-1.5.x-plugin; apm-sharding-sphere-3.x-plugin; apm-jdbc-commons; apm-mysql-6.x-plugin; apm-sharding-jdbc-1.5.x-plugin; apm-sharding-sphere-3.x-plugin; apm-sharding-sphere-4.1.0-plugin; apm-sharding-sphere-4.x-plugin; apm-sharding-sphere-4.x-rc3-plugin; apm-jdbc-commons; apm-mysql-6.x-plugin; apm-sharding-jdbc-1.5.x-plugin; apm-sharding-sphere-3.x-plugin; apm-sharding-sphere-4.1.0-plugin; apm-sharding-sphere-4.x-plugin; apm-sharding-sphere-4.x-rc3-plugin; apm-shardingsphere-4.0.x-plugin; apm-jdbc-commons; apm-mysql-6.x-plugin; apm-sharding-jdbc-1.5.x-plugin; apm-sharding-sphere-3.x-plugin; apm-sharding-sphere-4.x-plugin; apm-jdbc-commons; apm-mysql-6.x-plugin; apm-sharding-jdbc-1.5.x-plugin; apm-sharding-sphere-3.x-plugin; apm-sharding-sphere-4.x-plugin; apm-sharding-sphere-4.x-rc3-plugin; apm-jdbc-plugin; apm-jdbc-plugin; apm-sharding-jdbc-1.5.x-plugin,8,6.0.6,2021-09-28 18:17:43+00:00,2021-10-20 11:16:17.117000+00:00,21.70733931712963,post_resolution,CVE-2018-3258; CVE-2019-2692; CVE-2021-2471; CVE-2022-21363; CVE-2023-22102,version_changed
10,skywalking,MySQL,113,apm-jdbc-commons; apm-mysql-2.x-plugin; apm-sharding-jdbc-1.5.x-plugin; apm-jdbc-commons; apm-mysql-5.x-plugin; apm-sharding-jdbc-1.5.x-plugin; apm-jdbc-commons; apm-mysql-6.x-plugin; apm-sharding-jdbc-1.5.x-plugin; apm-jdbc-commons; apm-mysql-6.x-plugin; apm-sharding-jdbc-1.5.x-plugin; apm-sharding-sphere-3.x-plugin; apm-jdbc-commons; apm-mysql-6.x-plugin; apm-sharding-jdbc-1.5.x-plugin; apm-sharding-sphere-3.x-plugin; apm-sharding-sphere-4.1.0-plugin; apm-sharding-sphere-4.x-plugin; apm-sharding-sphere-4.x-rc3-plugin; apm-jdbc-commons; apm-mysql-6.x-plugin; apm-sharding-jdbc-1.5.x-plugin; apm-sharding-sphere-3.x-plugin; apm-sharding-sphere-4.1.0-plugin; apm-sharding-sphere-4.x-plugin; apm-sharding-sphere-4.x-rc3-plugin; apm-shardingsphere-4.0.x-plugin; apm-jdbc-commons; apm-mysql-6.x-plugin; apm-sharding-jdbc-1.5.x-plugin; apm-sharding-sphere-3.x-plugin; apm-sharding-sphere-4.x-plugin; apm-jdbc-commons; apm-mysql-6.x-plugin; apm-sharding-jdbc-1.5.x-plugin; apm-sharding-sphere-3.x-plugin; apm-sharding-sphere-4.x-plugin; apm-sharding-sphere-4.x-rc3-plugin; apm-jdbc-plugin; apm-jdbc-plugin; apm-sharding-jdbc-1.5.x-plugin,8,6.0.6,2021-10-20 11:16:17.117000+00:00,2021-12-16 00:25:41+00:00,56.548193090277785,post_resolution,CVE-2018-3258; CVE-2019-2692; CVE-2021-2471; CVE-2022-21363; CVE-2023-22102,version_changed
10,skywalking,MySQL,113,apm-jdbc-commons; apm-mysql-2.x-plugin; apm-sharding-jdbc-1.5.x-plugin; apm-jdbc-commons; apm-mysql-5.x-plugin; apm-sharding-jdbc-1.5.x-plugin; apm-jdbc-commons; apm-mysql-6.x-plugin; apm-sharding-jdbc-1.5.x-plugin; apm-jdbc-commons; apm-mysql-6.x-plugin; apm-sharding-jdbc-1.5.x-plugin; apm-sharding-sphere-3.x-plugin; apm-jdbc-commons; apm-mysql-6.x-plugin; apm-sharding-jdbc-1.5.x-plugin; apm-sharding-sphere-3.x-plugin; apm-sharding-sphere-4.1.0-plugin; apm-sharding-sphere-4.x-plugin; apm-sharding-sphere-4.x-rc3-plugin; apm-jdbc-commons; apm-mysql-6.x-plugin; apm-sharding-jdbc-1.5.x-plugin; apm-sharding-sphere-3.x-plugin; apm-sharding-sphere-4.1.0-plugin; apm-sharding-sphere-4.x-plugin; apm-sharding-sphere-4.x-rc3-plugin; apm-shardingsphere-4.0.x-plugin; apm-jdbc-commons; apm-mysql-6.x-plugin; apm-sharding-jdbc-1.5.x-plugin; apm-sharding-sphere-3.x-plugin; apm-sharding-sphere-4.x-plugin; apm-jdbc-commons; apm-mysql-6.x-plugin; apm-sharding-jdbc-1.5.x-plugin; apm-sharding-sphere-3.x-plugin; apm-sharding-sphere-4.x-plugin; apm-sharding-sphere-4.x-rc3-plugin; apm-jdbc-plugin; apm-jdbc-plugin; apm-sharding-jdbc-1.5.x-plugin,8,6.0.6,2021-12-16 00:25:41+00:00,2022-01-19 12:15:15.680000+00:00,34.492762500000005,post_resolution,CVE-2018-3258; CVE-2019-2692; CVE-2021-2471; CVE-2022-21363; CVE-2023-22102,version_changed
10,skywalking,MySQL,113,apm-jdbc-commons; apm-mysql-2.x-plugin; apm-sharding-jdbc-1.5.x-plugin; apm-jdbc-commons; apm-mysql-5.x-plugin; apm-sharding-jdbc-1.5.x-plugin; apm-jdbc-commons; apm-mysql-6.x-plugin; apm-sharding-jdbc-1.5.x-plugin; apm-jdbc-commons; apm-mysql-6.x-plugin; apm-sharding-jdbc-1.5.x-plugin; apm-sharding-sphere-3.x-plugin; apm-jdbc-commons; apm-mysql-6.x-plugin; apm-sharding-jdbc-1.5.x-plugin; apm-sharding-sphere-3.x-plugin; apm-sharding-sphere-4.1.0-plugin; apm-sharding-sphere-4.x-plugin; apm-sharding-sphere-4.x-rc3-plugin; apm-jdbc-commons; apm-mysql-6.x-plugin; apm-sharding-jdbc-1.5.x-plugin; apm-sharding-sphere-3.x-plugin; apm-sharding-sphere-4.1.0-plugin; apm-sharding-sphere-4.x-plugin; apm-sharding-sphere-4.x-rc3-plugin; apm-shardingsphere-4.0.x-plugin; apm-jdbc-commons; apm-mysql-6.x-plugin; apm-sharding-jdbc-1.5.x-plugin; apm-sharding-sphere-3.x-plugin; apm-sharding-sphere-4.x-plugin; apm-jdbc-commons; apm-mysql-6.x-plugin; apm-sharding-jdbc-1.5.x-plugin; apm-sharding-sphere-3.x-plugin; apm-sharding-sphere-4.x-plugin; apm-sharding-sphere-4.x-rc3-plugin; apm-jdbc-plugin; apm-jdbc-plugin; apm-sharding-jdbc-1.5.x-plugin,8,6.0.6,2022-01-19 12:15:15.680000+00:00,2022-11-17 00:00:00+00:00,301.4894018518519,post_resolution,CVE-2018-3258; CVE-2019-2692; CVE-2021-2471; CVE-2022-21363; CVE-2023-22102,version_changed
10,skywalking,MySQL,114,apm-mysql-5.x-plugin,1,5.1.44,2019-03-13 00:00:00+00:00,2019-03-20 19:08:52+00:00,7.797824074074074,post_resolution,CVE-2018-3258; CVE-2019-2692; CVE-2020-2934; CVE-2022-21363; CVE-2023-22102,version_changed
10,skywalking,MySQL,114,apm-mysql-5.x-plugin,1,5.1.44,2019-03-20 19:08:52+00:00,2019-04-23 19:32:55.880000+00:00,34.01671157407407,post_resolution,CVE-2018-3258; CVE-2019-2692; CVE-2020-2934; CVE-2022-21363; CVE-2023-22102,version_changed
10,skywalking,MySQL,114,apm-mysql-5.x-plugin,1,5.1.44,2019-04-23 19:32:55.880000+00:00,2020-04-15 14:15:36.453000+00:00,357.77963626157407,post_resolution,CVE-2018-3258; CVE-2019-2692; CVE-2020-2934; CVE-2022-21363; CVE-2023-22102,version_changed
10,skywalking,MySQL,114,apm-mysql-5.x-plugin,1,5.1.44,2020-04-15 14:15:36.453000+00:00,2020-07-14 00:00:00+00:00,89.40582809027778,post_resolution,CVE-2018-3258; CVE-2019-2692; CVE-2020-2934; CVE-2022-21363; CVE-2023-22102,version_changed
10,skywalking,MySQL,114,apm-mysql-5.x-plugin,1,5.1.44,2020-07-14 00:00:00+00:00,2021-12-16 00:25:41+00:00,520.0178356481481,post_resolution,CVE-2018-3258; CVE-2019-2692; CVE-2020-2934; CVE-2022-21363; CVE-2023-22102,version_changed
10,skywalking,MySQL,114,apm-mysql-5.x-plugin,1,5.1.44,2021-12-16 00:25:41+00:00,2022-01-19 12:15:15.680000+00:00,34.492762500000005,post_resolution,CVE-2018-3258; CVE-2019-2692; CVE-2020-2934; CVE-2022-21363; CVE-2023-22102,version_changed
10,skywalking,MySQL,114,apm-mysql-5.x-plugin,1,5.1.44,2022-01-19 12:15:15.680000+00:00,2022-11-17 00:00:00+00:00,301.4894018518519,post_resolution,CVE-2018-3258; CVE-2019-2692; CVE-2020-2934; CVE-2022-21363; CVE-2023-22102,version_changed
10,skywalking,MySQL,115,apm-mysql-8.x-plugin; apm-mysql-commons; storage-shardingsphere-plugin,2,8.0.13,2019-03-13 00:00:00+00:00,2019-03-20 19:08:52+00:00,7.797824074074074,pre_disclosure,CVE-2019-2692; CVE-2020-2934; CVE-2021-2471; CVE-2022-21363; CVE-2023-22102,right_censored_no_later_version
10,skywalking,MySQL,115,apm-mysql-8.x-plugin; apm-mysql-commons; storage-shardingsphere-plugin,2,8.0.13,2019-03-20 19:08:52+00:00,2019-04-23 19:32:55.880000+00:00,34.01671157407407,post_resolution,CVE-2019-2692; CVE-2020-2934; CVE-2021-2471; CVE-2022-21363; CVE-2023-22102,right_censored_no_later_version
10,skywalking,MySQL,115,apm-mysql-8.x-plugin; apm-mysql-commons; storage-shardingsphere-plugin,2,8.0.13,2019-04-23 19:32:55.880000+00:00,2020-04-15 14:15:36.453000+00:00,357.77963626157407,post_resolution,CVE-2019-2692; CVE-2020-2934; CVE-2021-2471; CVE-2022-21363; CVE-2023-22102,right_censored_no_later_version
10,skywalking,MySQL,115,apm-mysql-8.x-plugin; apm-mysql-commons; storage-shardingsphere-plugin,2,8.0.13,2020-04-15 14:15:36.453000+00:00,2020-07-14 00:00:00+00:00,89.40582809027778,post_resolution,CVE-2019-2692; CVE-2020-2934; CVE-2021-2471; CVE-2022-21363; CVE-2023-22102,right_censored_no_later_version
10,skywalking,MySQL,115,apm-mysql-8.x-plugin; apm-mysql-commons; storage-shardingsphere-plugin,2,8.0.13,2020-07-14 00:00:00+00:00,2021-09-28 18:17:43+00:00,441.7623032407407,post_resolution,CVE-2019-2692; CVE-2020-2934; CVE-2021-2471; CVE-2022-21363; CVE-2023-22102,right_censored_no_later_version
10,skywalking,MySQL,115,apm-mysql-8.x-plugin; apm-mysql-commons; storage-shardingsphere-plugin,2,8.0.13,2021-09-28 18:17:43+00:00,2021-10-20 11:16:17.117000+00:00,21.70733931712963,post_resolution,CVE-2019-2692; CVE-2020-2934; CVE-2021-2471; CVE-2022-21363; CVE-2023-22102,right_censored_no_later_version
10,skywalking,MySQL,115,apm-mysql-8.x-plugin; apm-mysql-commons; storage-shardingsphere-plugin,2,8.0.13,2021-10-20 11:16:17.117000+00:00,2021-12-16 00:25:41+00:00,56.548193090277785,post_resolution,CVE-2019-2692; CVE-2020-2934; CVE-2021-2471; CVE-2022-21363; CVE-2023-22102,right_censored_no_later_version
10,skywalking,MySQL,115,apm-mysql-8.x-plugin; apm-mysql-commons; storage-shardingsphere-plugin,2,8.0.13,2021-12-16 00:25:41+00:00,2022-01-19 12:15:15.680000+00:00,34.492762500000005,post_resolution,CVE-2019-2692; CVE-2020-2934; CVE-2021-2471; CVE-2022-21363; CVE-2023-22102,right_censored_no_later_version
10,skywalking,MySQL,115,apm-mysql-8.x-plugin; apm-mysql-commons; storage-shardingsphere-plugin,2,8.0.13,2022-01-19 12:15:15.680000+00:00,2023-03-14 00:00:00+00:00,418.4894018518519,post_resolution,CVE-2019-2692; CVE-2020-2934; CVE-2021-2471; CVE-2022-21363; CVE-2023-22102,right_censored_no_later_version
10,skywalking,PostgreSQL,118,apm-jdbc-plugin; apm-postgresql-8.x-plugin; apm-postgresql-8.x-plugin; apm-postgresql-commons,2,42.0.0,2017-10-18 00:00:00+00:00,2018-08-27 15:43:21+00:00,313.65510416666666,pre_disclosure,CVE-2018-10936; CVE-2020-13692; CVE-2022-26520; CVE-2022-41946,version_changed
10,skywalking,PostgreSQL,118,apm-jdbc-plugin; apm-postgresql-8.x-plugin; apm-postgresql-8.x-plugin; apm-postgresql-commons,2,42.0.0,2018-08-27 15:43:21+00:00,2018-08-30 13:29:00.377000+00:00,2.906705752314815,post_resolution,CVE-2018-10936; CVE-2020-13692; CVE-2022-26520; CVE-2022-41946,version_changed
10,skywalking,PostgreSQL,118,apm-jdbc-plugin; apm-postgresql-8.x-plugin; apm-postgresql-8.x-plugin; apm-postgresql-commons,2,42.0.0,2018-08-30 13:29:00.377000+00:00,2020-06-04 13:16:11+00:00,643.9910951736111,post_resolution,CVE-2018-10936; CVE-2020-13692; CVE-2022-26520; CVE-2022-41946,version_changed
10,skywalking,PostgreSQL,118,apm-jdbc-plugin; apm-postgresql-8.x-plugin; apm-postgresql-8.x-plugin; apm-postgresql-commons,2,42.0.0,2020-06-04 13:16:11+00:00,2020-06-04 16:15:12.657000+00:00,0.12432473379629629,post_resolution,CVE-2018-10936; CVE-2020-13692; CVE-2022-26520; CVE-2022-41946,version_changed
10,skywalking,PostgreSQL,118,apm-jdbc-plugin; apm-postgresql-8.x-plugin; apm-postgresql-8.x-plugin; apm-postgresql-commons,2,42.0.0,2020-06-04 16:15:12.657000+00:00,2022-02-15 19:06:43+00:00,621.1191011921296,post_resolution,CVE-2018-10936; CVE-2020-13692; CVE-2022-26520; CVE-2022-41946,version_changed
10,skywalking,PostgreSQL,118,apm-jdbc-plugin; apm-postgresql-8.x-plugin; apm-postgresql-8.x-plugin; apm-postgresql-commons,2,42.0.0,2022-02-15 19:06:43+00:00,2022-03-02 00:00:00+00:00,14.203668981481481,post_resolution,CVE-2018-10936; CVE-2020-13692; CVE-2022-26520; CVE-2022-41946,version_changed
10,skywalking,PostgreSQL,119,apm-sharding-sphere-4.x-plugin,1,42.2.5.jre7,2019-06-02 00:00:00+00:00,2019-11-03 00:00:00+00:00,154.0,pre_disclosure,CVE-2020-13692; CVE-2022-26520; CVE-2026-42198; GHSA-673j-qm5f-xpv8,version_changed
10,skywalking,PostgreSQL,120,apm-sharding-sphere-4.x-plugin; apm-sharding-sphere-4.x-plugin; apm-sharding-sphere-4.x-rc3-plugin,2,42.2.5,2019-11-03 00:00:00+00:00,2020-06-04 13:16:11+00:00,214.5529050925926,pre_disclosure,CVE-2020-13692; CVE-2022-26520; CVE-2026-42198; GHSA-673j-qm5f-xpv8,version_changed
10,skywalking,PostgreSQL,120,apm-sharding-sphere-4.x-plugin; apm-sharding-sphere-4.x-plugin; apm-sharding-sphere-4.x-rc3-plugin,2,42.2.5,2020-06-04 13:16:11+00:00,2020-06-04 16:15:12.657000+00:00,0.12432473379629629,post_resolution,CVE-2020-13692; CVE-2022-26520; CVE-2026-42198; GHSA-673j-qm5f-xpv8,version_changed
10,skywalking,PostgreSQL,120,apm-sharding-sphere-4.x-plugin; apm-sharding-sphere-4.x-plugin; apm-sharding-sphere-4.x-rc3-plugin,2,42.2.5,2020-06-04 16:15:12.657000+00:00,2022-02-15 19:06:43+00:00,621.1191011921296,post_resolution,CVE-2020-13692; CVE-2022-26520; CVE-2026-42198; GHSA-673j-qm5f-xpv8,version_changed
10,skywalking,PostgreSQL,120,apm-sharding-sphere-4.x-plugin; apm-sharding-sphere-4.x-plugin; apm-sharding-sphere-4.x-rc3-plugin,2,42.2.5,2022-02-15 19:06:43+00:00,2022-02-16 00:08:18+00:00,0.20943287037037037,post_resolution,CVE-2020-13692; CVE-2022-26520; CVE-2026-42198; GHSA-673j-qm5f-xpv8,version_changed
10,skywalking,PostgreSQL,120,apm-sharding-sphere-4.x-plugin; apm-sharding-sphere-4.x-plugin; apm-sharding-sphere-4.x-rc3-plugin,2,42.2.5,2022-02-16 00:08:18+00:00,2022-03-02 00:00:00+00:00,13.99423611111111,post_resolution,CVE-2020-13692; CVE-2022-26520; CVE-2026-42198; GHSA-673j-qm5f-xpv8,version_changed
10,skywalking,PostgreSQL,121,apache-skywalking-apm; server-starter; storage-jdbc-hikaricp-plugin; storage-tidb-plugin; tool-profile-snapshot-bootstrap; tool-profile-snapshot-exporter,6,42.3.2,2022-03-02 00:00:00+00:00,2022-03-10 17:47:45.810000+00:00,8.741502430555556,post_resolution,CVE-2022-26520; CVE-2022-31197; CVE-2022-41946; CVE-2026-42198; GHSA-673j-qm5f-xpv8,version_changed
10,skywalking,PostgreSQL,121,apache-skywalking-apm; server-starter; storage-jdbc-hikaricp-plugin; storage-tidb-plugin; tool-profile-snapshot-bootstrap; tool-profile-snapshot-exporter,6,42.3.2,2022-03-10 17:47:45.810000+00:00,2022-04-06 00:00:00+00:00,26.258497569444444,post_resolution,CVE-2022-26520; CVE-2022-31197; CVE-2022-41946; CVE-2026-42198; GHSA-673j-qm5f-xpv8,version_changed
10,skywalking,PostgreSQL,122,apache-skywalking-apm; data-generator; server-starter; storage-jdbc-hikaricp-plugin; storage-tidb-plugin; tool-profile-snapshot-bootstrap; tool-profile-snapshot-exporter; apache-skywalking-apm; server-starter; storage-jdbc-hikaricp-plugin; storage-tidb-plugin; tool-profile-snapshot-bootstrap; tool-profile-snapshot-exporter,7,42.3.3,2022-04-05 00:00:00+00:00,2022-08-03 19:15:08.630000+00:00,120.8021832175926,pre_disclosure,CVE-2022-31197; CVE-2022-41946; CVE-2026-42198,version_changed
10,skywalking,PostgreSQL,122,apache-skywalking-apm; data-generator; server-starter; storage-jdbc-hikaricp-plugin; storage-tidb-plugin; tool-profile-snapshot-bootstrap; tool-profile-snapshot-exporter; apache-skywalking-apm; server-starter; storage-jdbc-hikaricp-plugin; storage-tidb-plugin; tool-profile-snapshot-bootstrap; tool-profile-snapshot-exporter,7,42.3.3,2022-08-03 19:15:08.630000+00:00,2022-08-15 00:00:00+00:00,11.197816782407408,post_disclosure,CVE-2022-31197; CVE-2022-41946; CVE-2026-42198,version_changed
10,skywalking,PostgreSQL,122,apache-skywalking-apm; data-generator; server-starter; storage-jdbc-hikaricp-plugin; storage-tidb-plugin; tool-profile-snapshot-bootstrap; tool-profile-snapshot-exporter; apache-skywalking-apm; server-starter; storage-jdbc-hikaricp-plugin; storage-tidb-plugin; tool-profile-snapshot-bootstrap; tool-profile-snapshot-exporter,7,42.3.3,2022-08-15 00:00:00+00:00,2022-09-06 00:00:00+00:00,22.0,post_resolution,CVE-2022-31197; CVE-2022-41946; CVE-2026-42198,version_changed
10,skywalking,PostgreSQL,123,apache-skywalking-apm; data-generator; server-starter; storage-jdbc-hikaricp-plugin; storage-shardingsphere-plugin; storage-tidb-plugin; tool-profile-snapshot-bootstrap; tool-profile-snapshot-exporter; apache-skywalking-apm; data-generator; server-starter; storage-jdbc-hikaricp-plugin; storage-tidb-plugin; tool-profile-snapshot-bootstrap; tool-profile-snapshot-exporter; apache-skywalking-apm; data-generator; server-starter; storage-jdbc-hikaricp-plugin; tool-profile-snapshot-bootstrap; tool-profile-snapshot-exporter,8,42.4.1,2022-08-31 00:00:00+00:00,2024-02-24 00:00:00+00:00,542.0,pre_disclosure,CVE-2026-42198,version_changed
10,skywalking,PostgreSQL,124,apache-skywalking-apm; data-generator; server-starter; storage-jdbc-hikaricp-plugin; tool-profile-snapshot-bootstrap; tool-profile-snapshot-exporter,6,42.4.4,2024-02-24 00:00:00+00:00,2026-01-05 00:00:00+00:00,681.0,pre_disclosure,CVE-2026-42198,right_censored_no_later_version
10,skywalking,Redis,128,apm-redisson-3.x-plugin,1,3.6.0,2019-01-11 00:00:00+00:00,2020-11-08 00:00:00+00:00,667.0,pre_disclosure,CVE-2023-42809,right_censored_no_later_version
10,skywalking,Redis,129,apm-lettuce-5.x-plugin,1,5.1.3.RELEASE,2019-01-26 00:00:00+00:00,2020-11-08 00:00:00+00:00,652.0,pre_disclosure,GHSA-q4h9-7rxj-7gx2,right_censored_no_later_version
11,nifi,Couchbase,130,nifi-couchbase-processors; nifi-couchbase-services-api; nifi-couchbase-services-api-nar,3,1.5.8,2023-02-03 00:00:00+00:00,2023-03-29 00:00:00+00:00,54.0,post_resolution,CVE-2019-20444; CVE-2019-20445; CVE-2020-11612,version_changed
11,nifi,Couchbase,132,nifi-code-coverage; nifi-couchbase-processors; nifi-couchbase-services-api; nifi-couchbase-services-api-nar; nifi-couchbase-processors; nifi-couchbase-services-api; nifi-couchbase-services-api-nar,4,1.7.24,2023-03-28 00:00:00+00:00,2025-12-09 00:00:00+00:00,987.0,post_resolution,CVE-2020-9040,version_changed
11,nifi,Couchbase,134,nifi-code-coverage,1,1.7.23,2023-11-08 00:00:00+00:00,2023-11-21 00:00:00+00:00,13.0,post_resolution,CVE-2020-9040,version_changed
11,nifi,H2,176,nifi-h2-database,1,1.4.200,2023-02-03 00:00:00+00:00,2023-03-07 00:00:00+00:00,32.0,post_resolution,CVE-2021-23463; CVE-2021-42392; CVE-2022-23221; CVE-2022-45868,version_changed
11,nifi,H2,177,minifi-c2-assembly; minifi-c2-provider-nifi-rest; minifi-framework-core; minifi-framework-nar; minifi-integration-tests; minifi-server; minifi-toolkit-assembly; minifi-toolkit-configuration; nifi-administration; nifi-database-utils; nifi-dbcp-service; nifi-file-authorizer; nifi-framework-cluster; nifi-framework-core; nifi-framework-nar; nifi-h2-database-migrator; nifi-headless-server; nifi-headless-server-nar; nifi-jetty; nifi-registry-framework; nifi-registry-revision-spring-jdbc; nifi-registry-toolkit-assembly; nifi-registry-toolkit-persistence; nifi-registry-web-api; nifi-rocksdb-repository; nifi-server-nar; nifi-standard-processors; nifi-system-test-suite; nifi-toolkit-admin; nifi-toolkit-assembly; nifi-toolkit-cli; nifi-toolkit-encrypt-config; nifi-web-api; nifi-web-optimistic-locking; nifi-web-security; minifi-c2-assembly; minifi-c2-provider-nifi-rest; minifi-framework-core; minifi-framework-nar; minifi-integration-tests; minifi-server; minifi-toolkit-assembly; minifi-toolkit-configuration; nifi-administration; nifi-database-utils; nifi-dbcp-service; nifi-file-authorizer; nifi-framework-cluster; nifi-framework-core; nifi-framework-nar; nifi-h2-database-migrator; nifi-headless-server; nifi-headless-server-nar; nifi-jetty; nifi-registry-framework; nifi-registry-revision-spring-jdbc; nifi-registry-toolkit-assembly; nifi-registry-toolkit-persistence; nifi-registry-web-api; nifi-server-nar; nifi-standard-processors; nifi-system-test-suite; nifi-toolkit-admin; nifi-toolkit-assembly; nifi-toolkit-cli; nifi-toolkit-encrypt-config; nifi-web-api; nifi-web-optimistic-locking; nifi-web-security; minifi-c2-assembly; minifi-c2-provider-nifi-rest; minifi-framework-core; minifi-framework-nar; minifi-integration-tests; minifi-server; minifi-toolkit-assembly; minifi-toolkit-configuration; nifi-administration; nifi-database-utils; nifi-dbcp-service; nifi-file-authorizer; nifi-framework-cluster; nifi-framework-core; nifi-framework-nar; nifi-headless-server; nifi-headless-server-nar; nifi-jetty; nifi-poi-nar; nifi-poi-processors; nifi-poi-services; nifi-registry-framework; nifi-registry-revision-spring-jdbc; nifi-registry-toolkit-assembly; nifi-registry-toolkit-persistence; nifi-registry-web-api; nifi-server-nar; nifi-standard-processors; nifi-system-test-suite; nifi-toolkit-assembly; nifi-toolkit-cli; nifi-toolkit-encrypt-config; nifi-web-api; nifi-web-optimistic-locking; nifi-web-security; minifi-c2-assembly; minifi-c2-provider-nifi-rest; minifi-framework-core; minifi-framework-nar; minifi-integration-tests; minifi-server; minifi-toolkit-assembly; minifi-toolkit-configuration; nifi-administration; nifi-database-utils; nifi-dbcp-service; nifi-file-authorizer; nifi-framework-cluster; nifi-framework-core; nifi-framework-nar; nifi-headless-server; nifi-headless-server-nar; nifi-jetty; nifi-poi-nar; nifi-poi-processors; nifi-registry-framework; nifi-registry-revision-spring-jdbc; nifi-registry-toolkit-assembly; nifi-registry-toolkit-persistence; nifi-registry-web-api; nifi-server-nar; nifi-standard-processors; nifi-system-test-suite; nifi-toolkit-admin; nifi-toolkit-assembly; nifi-toolkit-cli; nifi-toolkit-encrypt-config; nifi-web-api; nifi-web-optimistic-locking; nifi-web-security; minifi-c2-assembly; minifi-c2-provider-nifi-rest; minifi-framework-core; minifi-framework-nar; minifi-integration-tests; minifi-server; minifi-toolkit-assembly; minifi-toolkit-configuration; nifi-administration; nifi-database-utils; nifi-dbcp-service; nifi-file-authorizer; nifi-framework-cluster; nifi-framework-core; nifi-framework-nar; nifi-headless-server; nifi-headless-server-nar; nifi-jetty; nifi-poi-nar; nifi-poi-processors; nifi-registry-framework; nifi-registry-revision-spring-jdbc; nifi-registry-toolkit-assembly; nifi-registry-toolkit-persistence; nifi-registry-web-api; nifi-server-nar; nifi-standard-processors; nifi-system-test-suite; nifi-toolkit-assembly; nifi-toolkit-cli; nifi-toolkit-encrypt-config; nifi-web-api; nifi-web-optimistic-locking; nifi-web-security; minifi-c2-assembly; minifi-c2-provider-nifi-rest; minifi-framework-core; minifi-framework-nar; minifi-integration-tests; minifi-server; minifi-toolkit-assembly; minifi-toolkit-configuration; nifi-administration; nifi-database-utils; nifi-dbcp-service; nifi-file-authorizer; nifi-framework-cluster; nifi-framework-core; nifi-framework-nar; nifi-headless-server; nifi-headless-server-nar; nifi-jetty; nifi-registry-framework; nifi-registry-revision-spring-jdbc; nifi-registry-toolkit-assembly; nifi-registry-toolkit-persistence; nifi-registry-web-api; nifi-server-nar; nifi-standard-processors; nifi-system-test-suite; nifi-toolkit-admin; nifi-toolkit-assembly; nifi-toolkit-cli; nifi-toolkit-encrypt-config; nifi-web-api; nifi-web-optimistic-locking; nifi-web-security; nifi-poi-nar; nifi-poi-processors; nifi-poi-services,35,2.1.214,2023-02-03 00:00:00+00:00,2023-07-05 14:57:30+00:00,152.62326388888889,post_disclosure,CVE-2022-45868,version_changed
11,nifi,H2,177,minifi-c2-assembly; minifi-c2-provider-nifi-rest; minifi-framework-core; minifi-framework-nar; minifi-integration-tests; minifi-server; minifi-toolkit-assembly; minifi-toolkit-configuration; nifi-administration; nifi-database-utils; nifi-dbcp-service; nifi-file-authorizer; nifi-framework-cluster; nifi-framework-core; nifi-framework-nar; nifi-h2-database-migrator; nifi-headless-server; nifi-headless-server-nar; nifi-jetty; nifi-registry-framework; nifi-registry-revision-spring-jdbc; nifi-registry-toolkit-assembly; nifi-registry-toolkit-persistence; nifi-registry-web-api; nifi-rocksdb-repository; nifi-server-nar; nifi-standard-processors; nifi-system-test-suite; nifi-toolkit-admin; nifi-toolkit-assembly; nifi-toolkit-cli; nifi-toolkit-encrypt-config; nifi-web-api; nifi-web-optimistic-locking; nifi-web-security; minifi-c2-assembly; minifi-c2-provider-nifi-rest; minifi-framework-core; minifi-framework-nar; minifi-integration-tests; minifi-server; minifi-toolkit-assembly; minifi-toolkit-configuration; nifi-administration; nifi-database-utils; nifi-dbcp-service; nifi-file-authorizer; nifi-framework-cluster; nifi-framework-core; nifi-framework-nar; nifi-h2-database-migrator; nifi-headless-server; nifi-headless-server-nar; nifi-jetty; nifi-registry-framework; nifi-registry-revision-spring-jdbc; nifi-registry-toolkit-assembly; nifi-registry-toolkit-persistence; nifi-registry-web-api; nifi-server-nar; nifi-standard-processors; nifi-system-test-suite; nifi-toolkit-admin; nifi-toolkit-assembly; nifi-toolkit-cli; nifi-toolkit-encrypt-config; nifi-web-api; nifi-web-optimistic-locking; nifi-web-security; minifi-c2-assembly; minifi-c2-provider-nifi-rest; minifi-framework-core; minifi-framework-nar; minifi-integration-tests; minifi-server; minifi-toolkit-assembly; minifi-toolkit-configuration; nifi-administration; nifi-database-utils; nifi-dbcp-service; nifi-file-authorizer; nifi-framework-cluster; nifi-framework-core; nifi-framework-nar; nifi-headless-server; nifi-headless-server-nar; nifi-jetty; nifi-poi-nar; nifi-poi-processors; nifi-poi-services; nifi-registry-framework; nifi-registry-revision-spring-jdbc; nifi-registry-toolkit-assembly; nifi-registry-toolkit-persistence; nifi-registry-web-api; nifi-server-nar; nifi-standard-processors; nifi-system-test-suite; nifi-toolkit-assembly; nifi-toolkit-cli; nifi-toolkit-encrypt-config; nifi-web-api; nifi-web-optimistic-locking; nifi-web-security; minifi-c2-assembly; minifi-c2-provider-nifi-rest; minifi-framework-core; minifi-framework-nar; minifi-integration-tests; minifi-server; minifi-toolkit-assembly; minifi-toolkit-configuration; nifi-administration; nifi-database-utils; nifi-dbcp-service; nifi-file-authorizer; nifi-framework-cluster; nifi-framework-core; nifi-framework-nar; nifi-headless-server; nifi-headless-server-nar; nifi-jetty; nifi-poi-nar; nifi-poi-processors; nifi-registry-framework; nifi-registry-revision-spring-jdbc; nifi-registry-toolkit-assembly; nifi-registry-toolkit-persistence; nifi-registry-web-api; nifi-server-nar; nifi-standard-processors; nifi-system-test-suite; nifi-toolkit-admin; nifi-toolkit-assembly; nifi-toolkit-cli; nifi-toolkit-encrypt-config; nifi-web-api; nifi-web-optimistic-locking; nifi-web-security; minifi-c2-assembly; minifi-c2-provider-nifi-rest; minifi-framework-core; minifi-framework-nar; minifi-integration-tests; minifi-server; minifi-toolkit-assembly; minifi-toolkit-configuration; nifi-administration; nifi-database-utils; nifi-dbcp-service; nifi-file-authorizer; nifi-framework-cluster; nifi-framework-core; nifi-framework-nar; nifi-headless-server; nifi-headless-server-nar; nifi-jetty; nifi-poi-nar; nifi-poi-processors; nifi-registry-framework; nifi-registry-revision-spring-jdbc; nifi-registry-toolkit-assembly; nifi-registry-toolkit-persistence; nifi-registry-web-api; nifi-server-nar; nifi-standard-processors; nifi-system-test-suite; nifi-toolkit-assembly; nifi-toolkit-cli; nifi-toolkit-encrypt-config; nifi-web-api; nifi-web-optimistic-locking; nifi-web-security; minifi-c2-assembly; minifi-c2-provider-nifi-rest; minifi-framework-core; minifi-framework-nar; minifi-integration-tests; minifi-server; minifi-toolkit-assembly; minifi-toolkit-configuration; nifi-administration; nifi-database-utils; nifi-dbcp-service; nifi-file-authorizer; nifi-framework-cluster; nifi-framework-core; nifi-framework-nar; nifi-headless-server; nifi-headless-server-nar; nifi-jetty; nifi-registry-framework; nifi-registry-revision-spring-jdbc; nifi-registry-toolkit-assembly; nifi-registry-toolkit-persistence; nifi-registry-web-api; nifi-server-nar; nifi-standard-processors; nifi-system-test-suite; nifi-toolkit-admin; nifi-toolkit-assembly; nifi-toolkit-cli; nifi-toolkit-encrypt-config; nifi-web-api; nifi-web-optimistic-locking; nifi-web-security; nifi-poi-nar; nifi-poi-processors; nifi-poi-services,35,2.1.214,2023-07-05 14:57:30+00:00,2023-07-14 00:00:00+00:00,8.37673611111111,post_resolution,CVE-2022-45868,version_changed
11,nifi,H2,178,nifi-iotdb-processors,1,1.4.199,2023-02-03 00:00:00+00:00,2023-07-05 14:57:30+00:00,152.62326388888889,post_resolution,CVE-2021-23463; CVE-2021-42392; CVE-2022-23221; CVE-2022-45868,version_changed
11,nifi,H2,178,nifi-iotdb-processors,1,1.4.199,2023-07-05 14:57:30+00:00,2024-01-06 00:00:00+00:00,184.37673611111111,post_resolution,CVE-2021-23463; CVE-2021-42392; CVE-2022-23221; CVE-2022-45868,version_changed
11,nifi,Hazelcast,193,nifi-hazelcast-services; nifi-hazelcast-services-nar,2,4.2.6,2023-02-03 00:00:00+00:00,2023-04-10 00:00:00+00:00,66.0,pre_disclosure,CVE-2023-33265; CVE-2023-45860,version_changed
11,nifi,Hazelcast,194,nifi-hazelcast-services; nifi-hazelcast-services-nar,2,4.2.7,2023-04-07 00:00:00+00:00,2023-06-06 00:00:00+00:00,60.0,pre_disclosure,CVE-2023-33265; CVE-2023-45860,version_changed
11,nifi,Hazelcast,195,nifi-hazelcast-services; nifi-hazelcast-services-nar,2,5.3.0,2023-06-05 00:00:00+00:00,2023-06-15 00:00:00+00:00,10.0,pre_disclosure,CVE-2023-45859,version_changed
11,nifi,Hazelcast,196,nifi-hazelcast-services; nifi-hazelcast-services-nar,2,5.3.1,2023-06-14 00:00:00+00:00,2023-08-29 00:00:00+00:00,76.0,pre_disclosure,CVE-2023-45859,version_changed
11,nifi,Hazelcast,197,nifi-hazelcast-services; nifi-hazelcast-services-nar,2,5.3.2,2023-08-28 00:00:00+00:00,2023-10-24 14:31:02+00:00,57.60488425925926,pre_disclosure,CVE-2023-45859,version_changed
11,nifi,Hazelcast,197,nifi-hazelcast-services; nifi-hazelcast-services-nar,2,5.3.2,2023-10-24 14:31:02+00:00,2023-10-28 00:00:00+00:00,3.395115740740741,post_resolution,CVE-2023-45859,version_changed
11,nifi,Ignite,203,nifi-ignite-nar; nifi-ignite-processors,2,1.6.0,2023-02-03 00:00:00+00:00,2023-05-23 00:00:00+00:00,109.0,post_resolution,CVE-2016-6805; CVE-2017-7686; CVE-2018-1295; CVE-2018-8018; CVE-2020-1963,right_censored_no_later_version
11,nifi,MySQL,270,nifi-registry-framework; nifi-registry-revision-spring-jdbc; nifi-registry-test; nifi-registry-web-api,4,8.0.32,2023-02-03 00:00:00+00:00,2023-05-29 00:00:00+00:00,115.0,pre_disclosure,CVE-2023-22102,version_changed
11,nifi,MySQL,271,nifi-registry-framework; nifi-registry-revision-spring-jdbc; nifi-registry-test; nifi-registry-web-api,4,8.0.33,2023-05-29 00:00:00+00:00,2023-07-31 00:00:00+00:00,63.0,pre_disclosure,CVE-2023-22102,version_changed
11,nifi,MySQL,272,nifi-registry-framework; nifi-registry-revision-spring-jdbc; nifi-registry-test; nifi-registry-web-api,4,8.1.0,2023-07-27 00:00:00+00:00,2023-10-17 22:15:15.100000+00:00,82.92725810185185,pre_disclosure,CVE-2023-22102,version_changed
11,nifi,MySQL,272,nifi-registry-framework; nifi-registry-revision-spring-jdbc; nifi-registry-test; nifi-registry-web-api,4,8.1.0,2023-10-17 22:15:15.100000+00:00,2023-10-25 08:46:05+00:00,7.438077546296297,post_disclosure,CVE-2023-22102,version_changed
11,nifi,MySQL,272,nifi-registry-framework; nifi-registry-revision-spring-jdbc; nifi-registry-test; nifi-registry-web-api,4,8.1.0,2023-10-25 08:46:05+00:00,2023-11-06 00:00:00+00:00,11.634664351851852,post_resolution,CVE-2023-22102,version_changed
11,nifi,PostgreSQL,301,nifi-registry-framework; nifi-registry-revision-spring-jdbc; nifi-registry-test; nifi-registry-web-api,4,42.4.3,2023-02-03 00:00:00+00:00,2023-02-08 00:00:00+00:00,5.0,pre_disclosure,CVE-2026-42198,version_changed
11,nifi,PostgreSQL,302,nifi-registry-framework; nifi-registry-revision-spring-jdbc; nifi-registry-test; nifi-registry-web-api,4,42.5.3,2023-02-06 00:00:00+00:00,2023-04-03 00:00:00+00:00,56.0,pre_disclosure,CVE-2026-42198,version_changed
11,nifi,PostgreSQL,303,nifi-registry-framework; nifi-registry-revision-spring-jdbc; nifi-registry-test; nifi-registry-web-api,4,42.6.0,2023-04-03 00:00:00+00:00,2024-02-23 00:00:00+00:00,326.0,pre_disclosure,CVE-2026-42198,version_changed
11,nifi,PostgreSQL,304,nifi-standard-processors,1,42.7.1,2024-02-09 00:00:00+00:00,2024-02-19 13:15:07.740000+00:00,10.552172916666667,pre_disclosure,CVE-2024-1597; CVE-2026-42198,version_changed
11,nifi,PostgreSQL,304,nifi-standard-processors,1,42.7.1,2024-02-19 13:15:07.740000+00:00,2024-02-21 00:00:00+00:00,1.4478270833333333,post_disclosure,CVE-2024-1597; CVE-2026-42198,version_changed
11,nifi,PostgreSQL,304,nifi-standard-processors,1,42.7.1,2024-02-21 00:00:00+00:00,2024-02-23 00:00:00+00:00,2.0,post_resolution,CVE-2024-1597; CVE-2026-42198,version_changed
11,nifi,PostgreSQL,305,nifi-registry-framework; nifi-registry-revision-spring-jdbc; nifi-registry-test; nifi-registry-web-api; nifi-standard-processors; nifi-standard-processors,5,42.7.2,2024-02-20 00:00:00+00:00,2024-05-07 00:00:00+00:00,77.0,pre_disclosure,CVE-2026-42198,version_changed
11,nifi,PostgreSQL,306,nifi-registry-framework; nifi-registry-revision-spring-jdbc; nifi-registry-test; nifi-registry-web-api; nifi-standard-processors; nifi-standard-processors,5,42.7.3,2024-05-06 00:00:00+00:00,2024-09-20 00:00:00+00:00,137.0,pre_disclosure,CVE-2026-42198,version_changed
11,nifi,PostgreSQL,307,nifi-registry-framework; nifi-registry-revision-spring-jdbc; nifi-registry-test; nifi-registry-web-api; nifi-registry-framework; nifi-registry-revision-spring-jdbc; nifi-registry-test; nifi-registry-web-api; nifi-standard-processors,5,42.7.4,2024-08-28 00:00:00+00:00,2025-01-27 00:00:00+00:00,152.0,pre_disclosure,CVE-2025-49146; CVE-2026-42198,version_changed
11,nifi,PostgreSQL,308,nifi-registry-framework; nifi-registry-revision-spring-jdbc; nifi-registry-test; nifi-registry-web-api; nifi-standard-processors,5,42.7.5,2025-01-27 00:00:00+00:00,2025-06-11 09:55:12+00:00,135.41333333333333,pre_disclosure,CVE-2025-49146; CVE-2026-42198,version_changed
11,nifi,PostgreSQL,308,nifi-registry-framework; nifi-registry-revision-spring-jdbc; nifi-registry-test; nifi-registry-web-api; nifi-standard-processors,5,42.7.5,2025-06-11 09:55:12+00:00,2025-06-11 15:15:42.850000+00:00,0.2225792824074074,post_resolution,CVE-2025-49146; CVE-2026-42198,version_changed
11,nifi,PostgreSQL,308,nifi-registry-framework; nifi-registry-revision-spring-jdbc; nifi-registry-test; nifi-registry-web-api; nifi-standard-processors,5,42.7.5,2025-06-11 15:15:42.850000+00:00,2025-07-22 00:00:00+00:00,40.36408738425926,post_resolution,CVE-2025-49146; CVE-2026-42198,version_changed
11,nifi,PostgreSQL,309,nifi-registry-framework; nifi-registry-revision-spring-jdbc; nifi-registry-test; nifi-registry-web-api; nifi-standard-processors,5,42.7.7,2025-07-22 00:00:00+00:00,2025-12-09 00:00:00+00:00,140.0,pre_disclosure,CVE-2026-42198,version_changed
11,nifi,Redis,312,nifi-redis-extensions; nifi-redis-service-api; nifi-redis-service-api-nar,3,3.8.0,2023-02-03 00:00:00+00:00,2023-04-10 00:00:00+00:00,66.0,pre_disclosure,CVE-2023-42809,version_changed
11,nifi,Redis,313,nifi-redis-extensions; nifi-redis-service-api; nifi-redis-service-api-nar,3,3.9.0,2023-04-07 00:00:00+00:00,2023-06-05 08:30:59+00:00,59.35484953703704,pre_disclosure,CVE-2023-42809,version_changed
11,nifi,Redis,313,nifi-redis-extensions; nifi-redis-service-api; nifi-redis-service-api-nar,3,3.9.0,2023-06-05 08:30:59+00:00,2023-06-20 00:00:00+00:00,14.645150462962963,post_resolution,CVE-2023-42809,version_changed
11,nifi,Redis,316,nifi-code-coverage; nifi-redis-extensions; nifi-redis-service-api; nifi-redis-service-api-nar; nifi-redis-utils; nifi-redis-extensions; nifi-redis-service-api; nifi-redis-service-api-nar; nifi-redis-extensions; nifi-redis-service-api; nifi-redis-service-api-nar; nifi-redis-utils,5,3.10.0,2023-06-19 00:00:00+00:00,2023-10-04 20:15:10.263000+00:00,107.84386878472222,post_resolution,CVE-2023-42809,version_changed
11,nifi,Redis,316,nifi-code-coverage; nifi-redis-extensions; nifi-redis-service-api; nifi-redis-service-api-nar; nifi-redis-utils; nifi-redis-extensions; nifi-redis-service-api; nifi-redis-service-api-nar; nifi-redis-extensions; nifi-redis-service-api; nifi-redis-service-api-nar; nifi-redis-utils,5,3.10.0,2023-10-04 20:15:10.263000+00:00,2024-11-01 00:00:00+00:00,393.1561312152778,post_resolution,CVE-2023-42809,version_changed
11,nifi,Redis,322,nifi-code-coverage; nifi-redis-extensions; nifi-redis-service-api; nifi-redis-service-api-nar; nifi-redis-utils,5,3.4.0,2024-12-01 00:00:00+00:00,2025-01-27 00:00:00+00:00,57.0,post_resolution,CVE-2023-42809,version_changed
11,nifi,Redis,323,nifi-code-coverage; nifi-redis-extensions; nifi-redis-service-api; nifi-redis-service-api-nar; nifi-redis-utils,5,3.4.1,2025-01-27 00:00:00+00:00,2025-07-22 00:00:00+00:00,176.0,post_resolution,CVE-2023-42809,version_changed
11,nifi,Redis,324,nifi-code-coverage; nifi-redis-extensions; nifi-redis-service-api; nifi-redis-service-api-nar; nifi-redis-utils,5,3.5.2,2025-07-22 00:00:00+00:00,2025-09-21 00:00:00+00:00,61.0,post_resolution,CVE-2023-42809,version_changed
11,nifi,Redis,326,nifi-code-coverage; nifi-redis-extensions; nifi-redis-service-api; nifi-redis-service-api-nar; nifi-redis-utils,5,3.5.4,2025-09-21 00:00:00+00:00,2025-12-09 00:00:00+00:00,79.0,post_resolution,CVE-2023-42809,version_changed
11,nifi,Snowflake,330,nifi-code-coverage; nifi-snowflake-processors; nifi-snowflake-services; nifi-snowflake-services-api; nifi-snowflake-services-api-nar; nifi-snowflake-processors; nifi-snowflake-services; nifi-snowflake-services-api; nifi-snowflake-services-api-nar,5,3.13.33,2023-06-20 00:00:00+00:00,2023-11-14 00:00:00+00:00,147.0,pre_disclosure,CVE-2024-43382; CVE-2025-24789; CVE-2025-24790; CVE-2025-27496; CVE-2026-3293,version_changed
11,nifi,Snowflake,331,nifi-snowflake-processors; nifi-snowflake-services; nifi-snowflake-services-api; nifi-snowflake-services-api-nar,4,3.14.0,2023-08-03 00:00:00+00:00,2023-09-21 00:00:00+00:00,49.0,pre_disclosure,CVE-2024-43382; CVE-2025-24789; CVE-2025-24790; CVE-2025-27496; CVE-2026-3293,version_changed
11,nifi,Snowflake,332,nifi-snowflake-processors; nifi-snowflake-services; nifi-snowflake-services-api; nifi-snowflake-services-api-nar,4,3.14.1,2023-09-20 00:00:00+00:00,2023-09-26 00:00:00+00:00,6.0,pre_disclosure,CVE-2024-43382; CVE-2025-24789; CVE-2025-24790; CVE-2025-27496; CVE-2026-3293,version_changed
11,nifi,Snowflake,333,nifi-code-coverage; nifi-snowflake-processors; nifi-snowflake-services; nifi-snowflake-services-api; nifi-snowflake-services-api-nar,5,3.14.3,2023-11-14 00:00:00+00:00,2023-12-11 00:00:00+00:00,27.0,pre_disclosure,CVE-2024-43382; CVE-2025-24789; CVE-2025-24790; CVE-2025-27496; CVE-2026-3293,version_changed
11,nifi,Snowflake,334,nifi-code-coverage; nifi-snowflake-processors; nifi-snowflake-services; nifi-snowflake-services-api; nifi-snowflake-services-api-nar,5,3.14.4,2023-12-11 00:00:00+00:00,2024-02-02 00:00:00+00:00,53.0,pre_disclosure,CVE-2024-43382; CVE-2025-24789; CVE-2025-24790; CVE-2025-27496; CVE-2026-3293,version_changed
11,nifi,Snowflake,335,nifi-code-coverage; nifi-snowflake-processors; nifi-snowflake-services; nifi-snowflake-services-api; nifi-snowflake-services-api-nar,5,3.14.5,2024-02-01 00:00:00+00:00,2024-10-30 19:01:21+00:00,272.79260416666665,pre_disclosure,CVE-2024-43382; CVE-2025-24789; CVE-2025-24790; CVE-2025-27496; CVE-2026-3293,version_changed
11,nifi,Snowflake,335,nifi-code-coverage; nifi-snowflake-processors; nifi-snowflake-services; nifi-snowflake-services-api; nifi-snowflake-services-api-nar,5,3.14.5,2024-10-30 19:01:21+00:00,2024-10-30 21:15:14.160000+00:00,0.09297638888888889,post_resolution,CVE-2024-43382; CVE-2025-24789; CVE-2025-24790; CVE-2025-27496; CVE-2026-3293,version_changed
11,nifi,Snowflake,335,nifi-code-coverage; nifi-snowflake-processors; nifi-snowflake-services; nifi-snowflake-services-api; nifi-snowflake-services-api-nar,5,3.14.5,2024-10-30 21:15:14.160000+00:00,2024-11-02 00:00:00+00:00,2.114419444444444,post_resolution,CVE-2024-43382; CVE-2025-24789; CVE-2025-24790; CVE-2025-27496; CVE-2026-3293,version_changed
11,nifi,Snowflake,336,nifi-code-coverage; nifi-snowflake-processors; nifi-snowflake-services; nifi-snowflake-services-api; nifi-snowflake-services-api-nar,5,3.20.0,2024-11-02 00:00:00+00:00,2025-01-29 18:15:47.030000+00:00,88.76096099537037,pre_disclosure,CVE-2025-24789; CVE-2025-24790; CVE-2025-27496; CVE-2026-3293,version_changed
11,nifi,Snowflake,336,nifi-code-coverage; nifi-snowflake-processors; nifi-snowflake-services; nifi-snowflake-services-api; nifi-snowflake-services-api-nar,5,3.20.0,2025-01-29 18:15:47.030000+00:00,2025-01-29 18:15:47.207000+00:00,2.048611111111111e-06,post_disclosure,CVE-2025-24789; CVE-2025-24790; CVE-2025-27496; CVE-2026-3293,version_changed
11,nifi,Snowflake,336,nifi-code-coverage; nifi-snowflake-processors; nifi-snowflake-services; nifi-snowflake-services-api; nifi-snowflake-services-api-nar,5,3.20.0,2025-01-29 18:15:47.207000+00:00,2025-01-29 18:31:59+00:00,0.011247604166666666,post_disclosure,CVE-2025-24789; CVE-2025-24790; CVE-2025-27496; CVE-2026-3293,version_changed
11,nifi,Snowflake,336,nifi-code-coverage; nifi-snowflake-processors; nifi-snowflake-services; nifi-snowflake-services-api; nifi-snowflake-services-api-nar,5,3.20.0,2025-01-29 18:31:59+00:00,2025-03-11 00:00:00+00:00,40.227789351851854,post_resolution,CVE-2025-24789; CVE-2025-24790; CVE-2025-27496; CVE-2026-3293,version_changed
11,nifi,Snowflake,337,nifi-code-coverage; nifi-snowflake-processors; nifi-snowflake-services; nifi-snowflake-services-api; nifi-snowflake-services-api-nar,5,3.23.0,2025-03-11 00:00:00+00:00,2025-03-13 17:46:17+00:00,2.740474537037037,pre_disclosure,CVE-2025-27496; CVE-2026-3293,version_changed
11,nifi,Snowflake,337,nifi-code-coverage; nifi-snowflake-processors; nifi-snowflake-services; nifi-snowflake-services-api; nifi-snowflake-services-api-nar,5,3.23.0,2025-03-13 17:46:17+00:00,2025-03-13 19:15:52.050000+00:00,0.062211226851851854,post_resolution,CVE-2025-27496; CVE-2026-3293,version_changed
11,nifi,Snowflake,337,nifi-code-coverage; nifi-snowflake-processors; nifi-snowflake-services; nifi-snowflake-services-api; nifi-snowflake-services-api-nar,5,3.23.0,2025-03-13 19:15:52.050000+00:00,2025-05-01 00:00:00+00:00,48.19731423611111,post_resolution,CVE-2025-27496; CVE-2026-3293,version_changed
11,nifi,Snowflake,338,nifi-code-coverage; nifi-snowflake-processors; nifi-snowflake-services; nifi-snowflake-services-api; nifi-snowflake-services-api-nar,5,3.23.2,2025-05-01 00:00:00+00:00,2025-09-21 00:00:00+00:00,143.0,pre_disclosure,CVE-2026-3293,version_changed
11,nifi,Snowflake,339,nifi-code-coverage; nifi-snowflake-processors; nifi-snowflake-services; nifi-snowflake-services-api; nifi-snowflake-services-api-nar,5,3.25.1,2025-09-21 00:00:00+00:00,2025-12-09 00:00:00+00:00,79.0,pre_disclosure,CVE-2026-3293,version_changed
14,tinkerpop,H2,341,blueprints-neo4j-graph; blueprints-test; blueprints-tinkergraph; gremlin-server; giraph-gremlin; gremlin-benchmark; gremlin-console; gremlin-groovy; gremlin-groovy-test; gremlin-python; gremlin-server; gremlin-test; hadoop-gremlin; neo4j-gremlin; spark-gremlin; tinkergraph-gremlin; giraph-gremlin; gremlin-benchmark; gremlin-console; gremlin-groovy; gremlin-groovy-test; gremlin-server; gremlin-test; hadoop-gremlin; neo4j-gremlin; spark-gremlin; tinkergraph-gremlin; gremlin-groovy; gremlin-java; gremlin-server; gremlin-test; tinkergraph; gremlin-groovy; gremlin-server; gremlin-test; tinkergraph; gremlin-server,12,1.3.171,2013-11-07 00:00:00+00:00,2018-07-24 13:29:00.603000+00:00,1720.561812534722,pre_disclosure,CVE-2018-14335; CVE-2021-42392; CVE-2022-23221,right_censored_no_later_version
14,tinkerpop,H2,341,blueprints-neo4j-graph; blueprints-test; blueprints-tinkergraph; gremlin-server; giraph-gremlin; gremlin-benchmark; gremlin-console; gremlin-groovy; gremlin-groovy-test; gremlin-python; gremlin-server; gremlin-test; hadoop-gremlin; neo4j-gremlin; spark-gremlin; tinkergraph-gremlin; giraph-gremlin; gremlin-benchmark; gremlin-console; gremlin-groovy; gremlin-groovy-test; gremlin-server; gremlin-test; hadoop-gremlin; neo4j-gremlin; spark-gremlin; tinkergraph-gremlin; gremlin-groovy; gremlin-java; gremlin-server; gremlin-test; tinkergraph; gremlin-groovy; gremlin-server; gremlin-test; tinkergraph; gremlin-server,12,1.3.171,2018-07-24 13:29:00.603000+00:00,2019-02-22 14:41:59+00:00,213.0506758912037,post_disclosure,CVE-2018-14335; CVE-2021-42392; CVE-2022-23221,right_censored_no_later_version
14,tinkerpop,H2,341,blueprints-neo4j-graph; blueprints-test; blueprints-tinkergraph; gremlin-server; giraph-gremlin; gremlin-benchmark; gremlin-console; gremlin-groovy; gremlin-groovy-test; gremlin-python; gremlin-server; gremlin-test; hadoop-gremlin; neo4j-gremlin; spark-gremlin; tinkergraph-gremlin; giraph-gremlin; gremlin-benchmark; gremlin-console; gremlin-groovy; gremlin-groovy-test; gremlin-server; gremlin-test; hadoop-gremlin; neo4j-gremlin; spark-gremlin; tinkergraph-gremlin; gremlin-groovy; gremlin-java; gremlin-server; gremlin-test; tinkergraph; gremlin-groovy; gremlin-server; gremlin-test; tinkergraph; gremlin-server,12,1.3.171,2019-02-22 14:41:59+00:00,2022-01-04 20:53:00+00:00,1047.257650462963,post_resolution,CVE-2018-14335; CVE-2021-42392; CVE-2022-23221,right_censored_no_later_version
14,tinkerpop,H2,341,blueprints-neo4j-graph; blueprints-test; blueprints-tinkergraph; gremlin-server; giraph-gremlin; gremlin-benchmark; gremlin-console; gremlin-groovy; gremlin-groovy-test; gremlin-python; gremlin-server; gremlin-test; hadoop-gremlin; neo4j-gremlin; spark-gremlin; tinkergraph-gremlin; giraph-gremlin; gremlin-benchmark; gremlin-console; gremlin-groovy; gremlin-groovy-test; gremlin-server; gremlin-test; hadoop-gremlin; neo4j-gremlin; spark-gremlin; tinkergraph-gremlin; gremlin-groovy; gremlin-java; gremlin-server; gremlin-test; tinkergraph; gremlin-groovy; gremlin-server; gremlin-test; tinkergraph; gremlin-server,12,1.3.171,2022-01-04 20:53:00+00:00,2022-01-10 14:10:23.643000+00:00,5.720412534722222,post_resolution,CVE-2018-14335; CVE-2021-42392; CVE-2022-23221,right_censored_no_later_version
14,tinkerpop,H2,341,blueprints-neo4j-graph; blueprints-test; blueprints-tinkergraph; gremlin-server; giraph-gremlin; gremlin-benchmark; gremlin-console; gremlin-groovy; gremlin-groovy-test; gremlin-python; gremlin-server; gremlin-test; hadoop-gremlin; neo4j-gremlin; spark-gremlin; tinkergraph-gremlin; giraph-gremlin; gremlin-benchmark; gremlin-console; gremlin-groovy; gremlin-groovy-test; gremlin-server; gremlin-test; hadoop-gremlin; neo4j-gremlin; spark-gremlin; tinkergraph-gremlin; gremlin-groovy; gremlin-java; gremlin-server; gremlin-test; tinkergraph; gremlin-groovy; gremlin-server; gremlin-test; tinkergraph; gremlin-server,12,1.3.171,2022-01-10 14:10:23.643000+00:00,2022-01-17 16:18:52+00:00,7.089217094907407,post_resolution,CVE-2018-14335; CVE-2021-42392; CVE-2022-23221,right_censored_no_later_version
14,tinkerpop,H2,341,blueprints-neo4j-graph; blueprints-test; blueprints-tinkergraph; gremlin-server; giraph-gremlin; gremlin-benchmark; gremlin-console; gremlin-groovy; gremlin-groovy-test; gremlin-python; gremlin-server; gremlin-test; hadoop-gremlin; neo4j-gremlin; spark-gremlin; tinkergraph-gremlin; giraph-gremlin; gremlin-benchmark; gremlin-console; gremlin-groovy; gremlin-groovy-test; gremlin-server; gremlin-test; hadoop-gremlin; neo4j-gremlin; spark-gremlin; tinkergraph-gremlin; gremlin-groovy; gremlin-java; gremlin-server; gremlin-test; tinkergraph; gremlin-groovy; gremlin-server; gremlin-test; tinkergraph; gremlin-server,12,1.3.171,2022-01-17 16:18:52+00:00,2022-01-19 17:15:09+00:00,2.039085648148148,post_resolution,CVE-2018-14335; CVE-2021-42392; CVE-2022-23221,right_censored_no_later_version
14,tinkerpop,H2,341,blueprints-neo4j-graph; blueprints-test; blueprints-tinkergraph; gremlin-server; giraph-gremlin; gremlin-benchmark; gremlin-console; gremlin-groovy; gremlin-groovy-test; gremlin-python; gremlin-server; gremlin-test; hadoop-gremlin; neo4j-gremlin; spark-gremlin; tinkergraph-gremlin; giraph-gremlin; gremlin-benchmark; gremlin-console; gremlin-groovy; gremlin-groovy-test; gremlin-server; gremlin-test; hadoop-gremlin; neo4j-gremlin; spark-gremlin; tinkergraph-gremlin; gremlin-groovy; gremlin-java; gremlin-server; gremlin-test; tinkergraph; gremlin-groovy; gremlin-server; gremlin-test; tinkergraph; gremlin-server,12,1.3.171,2022-01-19 17:15:09+00:00,2022-04-12 00:00:00+00:00,82.28114583333333,post_resolution,CVE-2018-14335; CVE-2021-42392; CVE-2022-23221,right_censored_no_later_version
14,tinkerpop,Neo4j,342,blueprints-neo4j-graph,1,1.9.2,2013-09-10 00:00:00+00:00,2014-04-29 14:38:47.797000+00:00,231.61027542824073,pre_disclosure,CVE-2013-7259; CVE-2021-34371; CVE-2026-1337,version_changed
14,tinkerpop,Neo4j,342,blueprints-neo4j-graph,1,1.9.2,2014-04-29 14:38:47.797000+00:00,2014-12-02 19:10:17+00:00,217.18853244212966,post_disclosure,CVE-2013-7259; CVE-2021-34371; CVE-2026-1337,version_changed
14,tinkerpop,Neo4j,342,blueprints-neo4j-graph,1,1.9.2,2014-12-02 19:10:17+00:00,2016-04-08 00:00:00+00:00,492.20119212962965,post_resolution,CVE-2013-7259; CVE-2021-34371; CVE-2026-1337,version_changed
17,commafeed,H2,345,commafeed,1,1.4.181,2014-08-11 00:00:00+00:00,2014-10-28 00:00:00+00:00,78.0,pre_disclosure,CVE-2018-14335; CVE-2021-42392; CVE-2022-23221,version_changed
17,commafeed,H2,346,commafeed,1,1.4.182,2014-10-28 00:00:00+00:00,2014-12-15 00:00:00+00:00,48.0,pre_disclosure,CVE-2018-14335; CVE-2021-42392; CVE-2022-23221,version_changed
17,commafeed,H2,347,commafeed,1,1.4.183,2014-12-15 00:00:00+00:00,2015-01-05 00:00:00+00:00,21.0,pre_disclosure,CVE-2018-14335; CVE-2021-42392; CVE-2022-23221,version_changed
17,commafeed,H2,348,commafeed,1,1.4.184,2015-01-04 00:00:00+00:00,2015-01-18 00:00:00+00:00,14.0,pre_disclosure,CVE-2018-14335; CVE-2021-42392; CVE-2022-23221,version_changed
17,commafeed,H2,349,commafeed,1,1.4.185,2015-01-18 00:00:00+00:00,2015-03-19 00:00:00+00:00,60.0,pre_disclosure,CVE-2018-14335; CVE-2021-42392; CVE-2022-23221,version_changed
17,commafeed,H2,350,commafeed,1,1.4.186,2015-03-06 00:00:00+00:00,2015-04-29 00:00:00+00:00,54.0,pre_disclosure,CVE-2018-14335; CVE-2021-42392; CVE-2022-23221,version_changed
17,commafeed,H2,351,commafeed,1,1.4.187,2015-04-29 00:00:00+00:00,2016-01-08 00:00:00+00:00,254.0,pre_disclosure,CVE-2018-14335; CVE-2021-42392; CVE-2022-23221,version_changed
17,commafeed,H2,352,commafeed,1,1.4.190,2015-11-25 00:00:00+00:00,2016-04-11 00:00:00+00:00,138.0,pre_disclosure,CVE-2018-14335; CVE-2021-42392; CVE-2022-23221,version_changed
17,commafeed,H2,353,commafeed,1,1.3.176,2016-04-07 00:00:00+00:00,2018-06-23 00:00:00+00:00,807.0,pre_disclosure,CVE-2018-14335; CVE-2021-42392; CVE-2022-23221,version_changed
17,commafeed,H2,354,commafeed,1,1.4.197,2018-06-23 00:00:00+00:00,2018-07-24 13:29:00.603000+00:00,31.561812534722225,pre_disclosure,CVE-2018-14335; CVE-2021-42392; CVE-2022-23221,version_changed
17,commafeed,H2,354,commafeed,1,1.4.197,2018-07-24 13:29:00.603000+00:00,2019-02-22 14:41:59+00:00,213.0506758912037,post_disclosure,CVE-2018-14335; CVE-2021-42392; CVE-2022-23221,version_changed
17,commafeed,H2,354,commafeed,1,1.4.197,2019-02-22 14:41:59+00:00,2022-01-02 00:00:00+00:00,1044.387511574074,post_resolution,CVE-2018-14335; CVE-2021-42392; CVE-2022-23221,version_changed
17,commafeed,H2,355,commafeed,1,2.0.204,2022-01-02 00:00:00+00:00,2022-01-04 20:53:00+00:00,2.870138888888889,pre_disclosure,CVE-2021-42392; CVE-2022-23221; CVE-2022-45868,version_changed
17,commafeed,H2,355,commafeed,1,2.0.204,2022-01-04 20:53:00+00:00,2022-01-07 00:00:00+00:00,2.129861111111111,post_resolution,CVE-2021-42392; CVE-2022-23221; CVE-2022-45868,version_changed
17,commafeed,H2,356,commafeed,1,2.0.206,2022-01-07 00:00:00+00:00,2022-01-17 16:18:52+00:00,10.679768518518518,pre_disclosure,CVE-2022-23221; CVE-2022-45868,version_changed
17,commafeed,H2,356,commafeed,1,2.0.206,2022-01-17 16:18:52+00:00,2022-01-19 17:15:09+00:00,2.039085648148148,post_resolution,CVE-2022-23221; CVE-2022-45868,version_changed
17,commafeed,H2,356,commafeed,1,2.0.206,2022-01-19 17:15:09+00:00,2022-07-13 00:00:00+00:00,174.28114583333334,post_resolution,CVE-2022-23221; CVE-2022-45868,version_changed
17,commafeed,H2,357,commafeed,1,2.1.210,2022-03-22 00:00:00+00:00,2022-07-14 00:00:00+00:00,114.0,pre_disclosure,CVE-2022-45868,version_changed
17,commafeed,H2,358,commafeed; commafeed-server,1,2.1.214,2022-07-14 00:00:00+00:00,2022-11-23 21:15:11.360000+00:00,132.88554814814813,pre_disclosure,CVE-2022-45868,version_changed
17,commafeed,H2,358,commafeed; commafeed-server,1,2.1.214,2022-11-23 21:15:11.360000+00:00,2023-07-05 14:57:30+00:00,223.73771574074075,post_disclosure,CVE-2022-45868,version_changed
17,commafeed,H2,358,commafeed; commafeed-server,1,2.1.214,2023-07-05 14:57:30+00:00,2024-02-04 00:00:00+00:00,213.37673611111111,post_resolution,CVE-2022-45868,version_changed
17,commafeed,MySQL,369,commafeed,1,5.1.31,2014-08-11 00:00:00+00:00,2014-08-12 00:00:00+00:00,1.0,pre_disclosure,CVE-2015-2575; CVE-2017-3523; CVE-2017-3586; CVE-2017-3589; CVE-2018-3258; CVE-2019-2692; CVE-2020-2934; CVE-2022-21363; CVE-2023-22102,version_changed
17,commafeed,MySQL,370,commafeed,1,5.1.32,2014-08-12 00:00:00+00:00,2014-09-26 00:00:00+00:00,45.0,pre_disclosure,CVE-2015-2575; CVE-2017-3523; CVE-2017-3586; CVE-2017-3589; CVE-2018-3258; CVE-2019-2692; CVE-2020-2934; CVE-2022-21363; CVE-2023-22102,version_changed
17,commafeed,MySQL,371,commafeed,1,5.1.33,2014-09-26 00:00:00+00:00,2014-11-07 00:00:00+00:00,42.0,pre_disclosure,CVE-2015-2575; CVE-2017-3523; CVE-2017-3586; CVE-2017-3589; CVE-2018-3258; CVE-2019-2692; CVE-2020-2934; CVE-2022-21363; CVE-2023-22102,version_changed
17,commafeed,MySQL,372,commafeed,1,5.1.34,2014-11-07 00:00:00+00:00,2015-04-01 00:00:00+00:00,145.0,pre_disclosure,CVE-2015-2575; CVE-2017-3523; CVE-2017-3586; CVE-2017-3589; CVE-2018-3258; CVE-2019-2692; CVE-2020-2934; CVE-2022-21363; CVE-2023-22102,version_changed
17,commafeed,MySQL,373,commafeed,1,5.1.35,2015-04-01 00:00:00+00:00,2016-01-08 00:00:00+00:00,282.0,pre_disclosure,CVE-2017-3523; CVE-2017-3586; CVE-2017-3589; CVE-2018-3258; CVE-2019-2692; CVE-2020-2934; CVE-2022-21363; CVE-2023-22102,version_changed
17,commafeed,MySQL,374,commafeed,1,5.1.37,2015-11-25 00:00:00+00:00,2017-02-14 20:27:59+00:00,447.8527662037037,pre_disclosure,CVE-2017-3523; CVE-2017-3586; CVE-2017-3589; CVE-2018-3258; CVE-2019-2692; CVE-2020-2934; CVE-2022-21363; CVE-2023-22102,version_changed
17,commafeed,MySQL,374,commafeed,1,5.1.37,2017-02-14 20:27:59+00:00,2017-04-17 18:23:36+00:00,61.91362268518518,post_resolution,CVE-2017-3523; CVE-2017-3586; CVE-2017-3589; CVE-2018-3258; CVE-2019-2692; CVE-2020-2934; CVE-2022-21363; CVE-2023-22102,version_changed
17,commafeed,MySQL,374,commafeed,1,5.1.37,2017-04-17 18:23:36+00:00,2017-04-24 19:59:03.567000+00:00,7.066291284722222,post_resolution,CVE-2017-3523; CVE-2017-3586; CVE-2017-3589; CVE-2018-3258; CVE-2019-2692; CVE-2020-2934; CVE-2022-21363; CVE-2023-22102,version_changed
17,commafeed,MySQL,374,commafeed,1,5.1.37,2017-04-24 19:59:03.567000+00:00,2017-04-24 19:59:05.597000+00:00,2.3495370370370367e-05,post_resolution,CVE-2017-3523; CVE-2017-3586; CVE-2017-3589; CVE-2018-3258; CVE-2019-2692; CVE-2020-2934; CVE-2022-21363; CVE-2023-22102,version_changed
17,commafeed,MySQL,374,commafeed,1,5.1.37,2017-04-24 19:59:05.597000+00:00,2017-04-24 19:59:05.660000+00:00,7.291666666666666e-07,post_resolution,CVE-2017-3523; CVE-2017-3586; CVE-2017-3589; CVE-2018-3258; CVE-2019-2692; CVE-2020-2934; CVE-2022-21363; CVE-2023-22102,version_changed
17,commafeed,MySQL,374,commafeed,1,5.1.37,2017-04-24 19:59:05.660000+00:00,2018-06-23 00:00:00+00:00,424.1672956018519,post_resolution,CVE-2017-3523; CVE-2017-3586; CVE-2017-3589; CVE-2018-3258; CVE-2019-2692; CVE-2020-2934; CVE-2022-21363; CVE-2023-22102,version_changed
17,commafeed,MySQL,375,commafeed,1,5.1.42,2018-06-23 00:00:00+00:00,2018-09-27 09:18:47+00:00,96.38804398148149,pre_disclosure,CVE-2018-3258; CVE-2019-2692; CVE-2020-2934; CVE-2022-21363; CVE-2023-22102,version_changed
17,commafeed,MySQL,375,commafeed,1,5.1.42,2018-09-27 09:18:47+00:00,2018-10-17 01:31:27.230000+00:00,19.675465625,post_resolution,CVE-2018-3258; CVE-2019-2692; CVE-2020-2934; CVE-2022-21363; CVE-2023-22102,version_changed
17,commafeed,MySQL,375,commafeed,1,5.1.42,2018-10-17 01:31:27.230000+00:00,2019-03-20 19:08:52+00:00,154.73431446759258,post_resolution,CVE-2018-3258; CVE-2019-2692; CVE-2020-2934; CVE-2022-21363; CVE-2023-22102,version_changed
17,commafeed,MySQL,375,commafeed,1,5.1.42,2019-03-20 19:08:52+00:00,2019-04-23 19:32:55.880000+00:00,34.01671157407407,post_resolution,CVE-2018-3258; CVE-2019-2692; CVE-2020-2934; CVE-2022-21363; CVE-2023-22102,version_changed
17,commafeed,MySQL,375,commafeed,1,5.1.42,2019-04-23 19:32:55.880000+00:00,2020-04-15 14:15:36.453000+00:00,357.77963626157407,post_resolution,CVE-2018-3258; CVE-2019-2692; CVE-2020-2934; CVE-2022-21363; CVE-2023-22102,version_changed
17,commafeed,MySQL,375,commafeed,1,5.1.42,2020-04-15 14:15:36.453000+00:00,2020-07-14 00:00:00+00:00,89.40582809027778,post_resolution,CVE-2018-3258; CVE-2019-2692; CVE-2020-2934; CVE-2022-21363; CVE-2023-22102,version_changed
17,commafeed,MySQL,375,commafeed,1,5.1.42,2020-07-14 00:00:00+00:00,2021-12-16 00:25:41+00:00,520.0178356481481,post_resolution,CVE-2018-3258; CVE-2019-2692; CVE-2020-2934; CVE-2022-21363; CVE-2023-22102,version_changed
17,commafeed,MySQL,375,commafeed,1,5.1.42,2021-12-16 00:25:41+00:00,2022-01-02 00:00:00+00:00,16.982164351851853,post_resolution,CVE-2018-3258; CVE-2019-2692; CVE-2020-2934; CVE-2022-21363; CVE-2023-22102,version_changed
17,commafeed,MySQL,376,commafeed,1,8.0.27,2022-01-02 00:00:00+00:00,2022-01-19 12:15:15.680000+00:00,17.510598148148148,post_resolution,CVE-2022-21363; CVE-2023-22102,version_changed
17,commafeed,MySQL,376,commafeed,1,8.0.27,2022-01-19 12:15:15.680000+00:00,2022-07-13 00:00:00+00:00,174.48940185185185,post_resolution,CVE-2022-21363; CVE-2023-22102,version_changed
17,commafeed,MySQL,377,commafeed,1,8.0.22,2022-03-22 00:00:00+00:00,2022-07-13 00:00:00+00:00,113.0,post_resolution,CVE-2021-2471; CVE-2022-21363; CVE-2023-22102,version_changed
17,commafeed,MySQL,378,commafeed; commafeed-server,1,8.0.28,2022-03-22 00:00:00+00:00,2023-04-29 00:00:00+00:00,403.0,pre_disclosure,CVE-2023-22102,version_changed
17,commafeed,MySQL,379,commafeed-server,1,8.0.33,2023-04-29 00:00:00+00:00,2023-10-17 22:15:15.100000+00:00,171.92725810185183,pre_disclosure,CVE-2023-22102,version_changed
17,commafeed,MySQL,379,commafeed-server,1,8.0.33,2023-10-17 22:15:15.100000+00:00,2023-10-25 08:46:05+00:00,7.438077546296297,post_disclosure,CVE-2023-22102,version_changed
17,commafeed,MySQL,379,commafeed-server,1,8.0.33,2023-10-25 08:46:05+00:00,2023-12-18 00:00:00+00:00,53.63466435185185,post_resolution,CVE-2023-22102,version_changed
17,commafeed,PostgreSQL,384,commafeed,1,9.1-901-1.jdbc4,2014-08-11 00:00:00+00:00,2014-09-26 00:00:00+00:00,46.0,pre_disclosure,CVE-2018-10936,version_changed
17,commafeed,PostgreSQL,385,commafeed,1,9.3-1102-jdbc41,2014-09-26 00:00:00+00:00,2015-02-11 00:00:00+00:00,138.0,pre_disclosure,CVE-2018-10936; CVE-2020-13692,version_changed
17,commafeed,PostgreSQL,386,commafeed,1,9.4-1200-jdbc41,2015-02-11 00:00:00+00:00,2015-03-01 00:00:00+00:00,18.0,pre_disclosure,CVE-2018-10936; CVE-2020-13692; CVE-2022-41946,version_changed
17,commafeed,PostgreSQL,387,commafeed,1,9.4-1201-jdbc41,2015-02-26 00:00:00+00:00,2016-01-08 00:00:00+00:00,316.0,pre_disclosure,CVE-2018-10936; CVE-2020-13692; CVE-2022-41946,version_changed
17,commafeed,PostgreSQL,388,commafeed,1,9.4-1205-jdbc42,2015-11-25 00:00:00+00:00,2016-11-17 00:00:00+00:00,358.0,pre_disclosure,CVE-2018-10936; CVE-2020-13692; CVE-2022-41946,version_changed
17,commafeed,PostgreSQL,389,commafeed,1,9.4-1212,2016-11-17 00:00:00+00:00,2017-07-11 00:00:00+00:00,236.0,pre_disclosure,CVE-2022-31197; CVE-2024-1597,version_changed
17,commafeed,PostgreSQL,390,commafeed,1,9.4.1212,2016-11-17 00:00:00+00:00,2018-08-27 15:43:21+00:00,648.6551041666667,pre_disclosure,CVE-2018-10936; CVE-2022-41946,version_changed
17,commafeed,PostgreSQL,390,commafeed,1,9.4.1212,2018-08-27 15:43:21+00:00,2018-08-30 13:29:00.377000+00:00,2.906705752314815,post_resolution,CVE-2018-10936; CVE-2022-41946,version_changed
17,commafeed,PostgreSQL,390,commafeed,1,9.4.1212,2018-08-30 13:29:00.377000+00:00,2022-01-01 00:00:00+00:00,1219.4381900810185,post_resolution,CVE-2018-10936; CVE-2022-41946,version_changed
17,commafeed,PostgreSQL,391,commafeed,1,42.3.1,2021-12-23 00:00:00+00:00,2022-02-01 14:51:15+00:00,40.618923611111114,pre_disclosure,CVE-2022-21724; CVE-2022-26520; CVE-2022-31197; CVE-2022-41946; CVE-2026-42198; GHSA-673j-qm5f-xpv8,version_changed
17,commafeed,PostgreSQL,391,commafeed,1,42.3.1,2022-02-01 14:51:15+00:00,2022-02-02 00:00:00+00:00,0.3810763888888889,post_resolution,CVE-2022-21724; CVE-2022-26520; CVE-2022-31197; CVE-2022-41946; CVE-2026-42198; GHSA-673j-qm5f-xpv8,version_changed
17,commafeed,PostgreSQL,392,commafeed,1,42.3.2,2022-02-02 00:00:00+00:00,2022-02-15 19:06:43+00:00,13.796331018518519,pre_disclosure,CVE-2022-26520; CVE-2022-31197; CVE-2022-41946; CVE-2026-42198; GHSA-673j-qm5f-xpv8,version_changed
17,commafeed,PostgreSQL,392,commafeed,1,42.3.2,2022-02-15 19:06:43+00:00,2022-02-16 00:08:18+00:00,0.20943287037037037,post_resolution,CVE-2022-26520; CVE-2022-31197; CVE-2022-41946; CVE-2026-42198; GHSA-673j-qm5f-xpv8,version_changed
17,commafeed,PostgreSQL,392,commafeed,1,42.3.2,2022-02-16 00:08:18+00:00,2022-03-10 17:47:45.810000+00:00,22.735738541666667,post_resolution,CVE-2022-26520; CVE-2022-31197; CVE-2022-41946; CVE-2026-42198; GHSA-673j-qm5f-xpv8,version_changed
17,commafeed,PostgreSQL,392,commafeed,1,42.3.2,2022-03-10 17:47:45.810000+00:00,2022-03-22 00:00:00+00:00,11.258497569444444,post_resolution,CVE-2022-26520; CVE-2022-31197; CVE-2022-41946; CVE-2026-42198; GHSA-673j-qm5f-xpv8,version_changed
17,commafeed,PostgreSQL,393,commafeed,1,42.3.3,2022-03-22 00:00:00+00:00,2022-08-03 19:15:08.630000+00:00,134.8021832175926,pre_disclosure,CVE-2022-31197; CVE-2022-41946; CVE-2026-42198,version_changed
17,commafeed,PostgreSQL,393,commafeed,1,42.3.3,2022-08-03 19:15:08.630000+00:00,2022-08-06 00:00:00+00:00,2.1978167824074073,post_disclosure,CVE-2022-31197; CVE-2022-41946; CVE-2026-42198,version_changed
17,commafeed,PostgreSQL,394,commafeed; commafeed-server,1,42.4.1,2022-08-06 00:00:00+00:00,2023-04-29 00:00:00+00:00,266.0,pre_disclosure,CVE-2026-42198,version_changed
17,commafeed,PostgreSQL,395,commafeed-server,1,42.6.0,2023-04-29 00:00:00+00:00,2023-12-18 00:00:00+00:00,233.0,pre_disclosure,CVE-2026-42198,version_changed
17,commafeed,PostgreSQL,396,commafeed-server,1,42.7.1,2023-12-17 00:00:00+00:00,2024-02-19 13:15:07.740000+00:00,64.55217291666666,pre_disclosure,CVE-2024-1597; CVE-2026-42198,version_changed
17,commafeed,PostgreSQL,396,commafeed-server,1,42.7.1,2024-02-19 13:15:07.740000+00:00,2024-02-21 00:00:00+00:00,1.4478270833333333,post_disclosure,CVE-2024-1597; CVE-2026-42198,version_changed
17,commafeed,PostgreSQL,397,commafeed-server,1,42.7.2,2024-02-21 00:00:00+00:00,2024-04-14 00:00:00+00:00,53.0,pre_disclosure,CVE-2026-42198,version_changed
17,commafeed,PostgreSQL,398,commafeed-server,1,42.7.3,2024-04-01 00:00:00+00:00,2024-08-30 00:00:00+00:00,151.0,pre_disclosure,CVE-2026-42198,version_changed
17,commafeed,PostgreSQL,399,commafeed-server,1,42.7.4,2024-08-28 00:00:00+00:00,2024-09-13 00:00:00+00:00,16.0,pre_disclosure,CVE-2025-49146; CVE-2026-42198,right_censored_no_later_version
17,commafeed,Redis,400,commafeed,1,2.0.0,2013-06-29 00:00:00+00:00,2013-07-07 00:00:00+00:00,8.0,pre_disclosure,CVE-2023-42809,version_changed
17,commafeed,Redis,401,commafeed,1,2.1.0,2013-07-02 00:00:00+00:00,2013-10-10 00:00:00+00:00,100.0,pre_disclosure,CVE-2023-42809,version_changed
17,commafeed,Redis,402,commafeed,1,2.2.1,2013-09-25 00:00:00+00:00,2014-08-12 00:00:00+00:00,321.0,pre_disclosure,CVE-2023-42809,version_changed
19,AxonFramework,HyperSQL,4137,axon-core; axon-core; axon-integrationtests; axon-jpa,2,1.8.0.10,2010-03-09 00:00:00+00:00,2012-11-20 00:00:00+00:00,987.0,pre_disclosure,CVE-2022-41853,version_changed
19,AxonFramework,HyperSQL,4138,axon-core; axon-integrationtests; axon-integrationtests,2,2.2.8,2012-11-20 00:00:00+00:00,2016-11-11 00:00:00+00:00,1452.0,pre_disclosure,CVE-2022-41853,version_changed
19,AxonFramework,HyperSQL,4139,axon-core,1,2.2.9,2014-01-17 00:00:00+00:00,2014-03-02 00:00:00+00:00,44.0,pre_disclosure,CVE-2022-41853,version_changed
19,AxonFramework,HyperSQL,4140,axon-core; axon-core; axon-spring,2,2.3.1,2014-03-02 00:00:00+00:00,2016-06-21 00:00:00+00:00,842.0,pre_disclosure,CVE-2022-41853,version_changed
19,AxonFramework,HyperSQL,4141,axon-quickstart; axon-spring-boot-autoconfigure,1,2.3.3,2016-05-30 00:00:00+00:00,2019-03-05 00:00:00+00:00,1009.0,pre_disclosure,CVE-2022-41853,version_changed
19,AxonFramework,HyperSQL,4142,axon-configuration; axon-eventsourcing; axon-integrationtests; axon-messaging; axon-modelling; axon-spring; axon-configuration; axon-eventsourcing; axon-integrationtests; axon-messaging; axon-modelling; axon-spring; axon-spring-boot-autoconfigure; axon-core; axon-integrationtests; axon-quickstart; axon-spring; axon-core; axon-integrationtests; axon-spring; axon-core; axon-spring,7,2.3.4,2016-06-10 00:00:00+00:00,2019-10-02 00:00:00+00:00,1209.0,pre_disclosure,CVE-2022-41853,version_changed
19,AxonFramework,HyperSQL,4143,axon-configuration; axon-eventsourcing; axon-integrationtests; axon-messaging; axon-modelling; axon-spring; axon-spring-boot-autoconfigure,7,2.5.0,2019-10-02 00:00:00+00:00,2021-10-04 00:00:00+00:00,733.0,pre_disclosure,CVE-2022-41853,version_changed
19,AxonFramework,HyperSQL,4144,axon-configuration; axon-configuration-jakarta; axon-eventsourcing; axon-eventsourcing-jakarta; axon-integrationtests; axon-integrationtests-jakarta; axon-messaging; axon-messaging-jakarta; axon-modelling; axon-modelling-jakarta; axon-spring; axon-spring-boot-autoconfigure; axon-configuration; axon-eventsourcing; axon-hibernate-6-integrationtests; axon-integrationtests; axon-messaging; axon-modelling; axon-spring; axon-spring-boot-autoconfigure; axon-configuration; axon-eventsourcing; axon-integrationtests; axon-messaging; axon-modelling; axon-spring; axon-spring-boot-autoconfigure,12,2.5.2,2021-10-01 00:00:00+00:00,2022-10-06 18:17:07.190000+00:00,370.76188877314814,pre_disclosure,CVE-2022-41853,version_changed
19,AxonFramework,HyperSQL,4144,axon-configuration; axon-configuration-jakarta; axon-eventsourcing; axon-eventsourcing-jakarta; axon-integrationtests; axon-integrationtests-jakarta; axon-messaging; axon-messaging-jakarta; axon-modelling; axon-modelling-jakarta; axon-spring; axon-spring-boot-autoconfigure; axon-configuration; axon-eventsourcing; axon-hibernate-6-integrationtests; axon-integrationtests; axon-messaging; axon-modelling; axon-spring; axon-spring-boot-autoconfigure; axon-configuration; axon-eventsourcing; axon-integrationtests; axon-messaging; axon-modelling; axon-spring; axon-spring-boot-autoconfigure,12,2.5.2,2022-10-06 18:17:07.190000+00:00,2022-10-22 14:19:43+00:00,15.835136689814815,post_disclosure,CVE-2022-41853,version_changed
19,AxonFramework,HyperSQL,4144,axon-configuration; axon-configuration-jakarta; axon-eventsourcing; axon-eventsourcing-jakarta; axon-integrationtests; axon-integrationtests-jakarta; axon-messaging; axon-messaging-jakarta; axon-modelling; axon-modelling-jakarta; axon-spring; axon-spring-boot-autoconfigure; axon-configuration; axon-eventsourcing; axon-hibernate-6-integrationtests; axon-integrationtests; axon-messaging; axon-modelling; axon-spring; axon-spring-boot-autoconfigure; axon-configuration; axon-eventsourcing; axon-integrationtests; axon-messaging; axon-modelling; axon-spring; axon-spring-boot-autoconfigure,12,2.5.2,2022-10-22 14:19:43+00:00,2023-11-13 00:00:00+00:00,386.40297453703704,post_resolution,CVE-2022-41853,version_changed
19,AxonFramework,MySQL,4150,axon-core; axon-core; axon-integrationtests; axon-integrationtests; axon-jpa,2,5.1.10,2010-03-09 00:00:00+00:00,2012-11-20 00:00:00+00:00,987.0,pre_disclosure,CVE-2015-2575; CVE-2017-3523; CVE-2017-3586; CVE-2017-3589; CVE-2018-3258; CVE-2019-2692; CVE-2020-2934; CVE-2022-21363; CVE-2023-22102,version_changed
19,AxonFramework,MySQL,4151,axon-core,1,5.1.13,2010-10-25 00:00:00+00:00,2012-11-20 00:00:00+00:00,757.0,pre_disclosure,CVE-2015-2575; CVE-2017-3523; CVE-2017-3586; CVE-2017-3589; CVE-2018-3258; CVE-2019-2692; CVE-2020-2934; CVE-2022-21363; CVE-2023-22102,version_changed
19,AxonFramework,MySQL,4152,axon-core; axon-integrationtests; axon-integrationtests,2,5.1.21,2012-11-20 00:00:00+00:00,2015-04-16 17:00:07.253000+00:00,877.7084172800927,pre_disclosure,CVE-2015-2575; CVE-2017-3523; CVE-2017-3586; CVE-2017-3589; CVE-2018-3258; CVE-2019-2692; CVE-2020-2934; CVE-2022-21363; CVE-2023-22102,version_changed
19,AxonFramework,MySQL,4152,axon-core; axon-integrationtests; axon-integrationtests,2,5.1.21,2015-04-16 17:00:07.253000+00:00,2015-05-08 10:55:46+00:00,21.746976238425926,post_disclosure,CVE-2015-2575; CVE-2017-3523; CVE-2017-3586; CVE-2017-3589; CVE-2018-3258; CVE-2019-2692; CVE-2020-2934; CVE-2022-21363; CVE-2023-22102,version_changed
19,AxonFramework,MySQL,4152,axon-core; axon-integrationtests; axon-integrationtests,2,5.1.21,2015-05-08 10:55:46+00:00,2016-01-08 00:00:00+00:00,244.54460648148148,post_resolution,CVE-2015-2575; CVE-2017-3523; CVE-2017-3586; CVE-2017-3589; CVE-2018-3258; CVE-2019-2692; CVE-2020-2934; CVE-2022-21363; CVE-2023-22102,version_changed
19,AxonFramework,MySQL,4153,axon-core,1,5.1.28,2014-01-17 00:00:00+00:00,2015-04-16 17:00:07.253000+00:00,454.7084172800926,pre_disclosure,CVE-2015-2575; CVE-2017-3523; CVE-2017-3586; CVE-2017-3589; CVE-2018-3258; CVE-2019-2692; CVE-2020-2934; CVE-2022-21363; CVE-2023-22102,version_changed
19,AxonFramework,MySQL,4153,axon-core,1,5.1.28,2015-04-16 17:00:07.253000+00:00,2015-05-08 10:55:46+00:00,21.746976238425926,post_disclosure,CVE-2015-2575; CVE-2017-3523; CVE-2017-3586; CVE-2017-3589; CVE-2018-3258; CVE-2019-2692; CVE-2020-2934; CVE-2022-21363; CVE-2023-22102,version_changed
19,AxonFramework,MySQL,4153,axon-core,1,5.1.28,2015-05-08 10:55:46+00:00,2016-01-08 00:00:00+00:00,244.54460648148148,post_resolution,CVE-2015-2575; CVE-2017-3523; CVE-2017-3586; CVE-2017-3589; CVE-2018-3258; CVE-2019-2692; CVE-2020-2934; CVE-2022-21363; CVE-2023-22102,version_changed
19,AxonFramework,MySQL,4154,axon-core; axon-integrationtests; axon-eventsourcing; axon-integrationtests; axon-modelling,3,5.1.31,2016-01-08 00:00:00+00:00,2017-02-14 20:27:59+00:00,403.8527662037037,post_resolution,CVE-2015-2575; CVE-2017-3523; CVE-2017-3586; CVE-2017-3589; CVE-2018-3258; CVE-2019-2692; CVE-2020-2934; CVE-2022-21363; CVE-2023-22102,version_changed
19,AxonFramework,MySQL,4154,axon-core; axon-integrationtests; axon-eventsourcing; axon-integrationtests; axon-modelling,3,5.1.31,2017-02-14 20:27:59+00:00,2017-04-17 18:23:36+00:00,61.91362268518518,post_resolution,CVE-2015-2575; CVE-2017-3523; CVE-2017-3586; CVE-2017-3589; CVE-2018-3258; CVE-2019-2692; CVE-2020-2934; CVE-2022-21363; CVE-2023-22102,version_changed
19,AxonFramework,MySQL,4154,axon-core; axon-integrationtests; axon-eventsourcing; axon-integrationtests; axon-modelling,3,5.1.31,2017-04-17 18:23:36+00:00,2017-04-24 19:59:03.567000+00:00,7.066291284722222,post_resolution,CVE-2015-2575; CVE-2017-3523; CVE-2017-3586; CVE-2017-3589; CVE-2018-3258; CVE-2019-2692; CVE-2020-2934; CVE-2022-21363; CVE-2023-22102,version_changed
19,AxonFramework,MySQL,4154,axon-core; axon-integrationtests; axon-eventsourcing; axon-integrationtests; axon-modelling,3,5.1.31,2017-04-24 19:59:03.567000+00:00,2017-04-24 19:59:05.597000+00:00,2.3495370370370367e-05,post_resolution,CVE-2015-2575; CVE-2017-3523; CVE-2017-3586; CVE-2017-3589; CVE-2018-3258; CVE-2019-2692; CVE-2020-2934; CVE-2022-21363; CVE-2023-22102,version_changed
19,AxonFramework,MySQL,4154,axon-core; axon-integrationtests; axon-eventsourcing; axon-integrationtests; axon-modelling,3,5.1.31,2017-04-24 19:59:05.597000+00:00,2017-04-24 19:59:05.660000+00:00,7.291666666666666e-07,post_resolution,CVE-2015-2575; CVE-2017-3523; CVE-2017-3586; CVE-2017-3589; CVE-2018-3258; CVE-2019-2692; CVE-2020-2934; CVE-2022-21363; CVE-2023-22102,version_changed
19,AxonFramework,MySQL,4154,axon-core; axon-integrationtests; axon-eventsourcing; axon-integrationtests; axon-modelling,3,5.1.31,2017-04-24 19:59:05.660000+00:00,2018-09-27 09:18:47+00:00,520.5553395833334,post_resolution,CVE-2015-2575; CVE-2017-3523; CVE-2017-3586; CVE-2017-3589; CVE-2018-3258; CVE-2019-2692; CVE-2020-2934; CVE-2022-21363; CVE-2023-22102,version_changed
19,AxonFramework,MySQL,4154,axon-core; axon-integrationtests; axon-eventsourcing; axon-integrationtests; axon-modelling,3,5.1.31,2018-09-27 09:18:47+00:00,2018-10-17 01:31:27.230000+00:00,19.675465625,post_resolution,CVE-2015-2575; CVE-2017-3523; CVE-2017-3586; CVE-2017-3589; CVE-2018-3258; CVE-2019-2692; CVE-2020-2934; CVE-2022-21363; CVE-2023-22102,version_changed
19,AxonFramework,MySQL,4154,axon-core; axon-integrationtests; axon-eventsourcing; axon-integrationtests; axon-modelling,3,5.1.31,2018-10-17 01:31:27.230000+00:00,2019-03-20 19:08:52+00:00,154.73431446759258,post_resolution,CVE-2015-2575; CVE-2017-3523; CVE-2017-3586; CVE-2017-3589; CVE-2018-3258; CVE-2019-2692; CVE-2020-2934; CVE-2022-21363; CVE-2023-22102,version_changed
19,AxonFramework,MySQL,4154,axon-core; axon-integrationtests; axon-eventsourcing; axon-integrationtests; axon-modelling,3,5.1.31,2019-03-20 19:08:52+00:00,2019-04-23 19:32:55.880000+00:00,34.01671157407407,post_resolution,CVE-2015-2575; CVE-2017-3523; CVE-2017-3586; CVE-2017-3589; CVE-2018-3258; CVE-2019-2692; CVE-2020-2934; CVE-2022-21363; CVE-2023-22102,version_changed
19,AxonFramework,MySQL,4154,axon-core; axon-integrationtests; axon-eventsourcing; axon-integrationtests; axon-modelling,3,5.1.31,2019-04-23 19:32:55.880000+00:00,2020-03-16 00:00:00+00:00,327.18546435185186,post_resolution,CVE-2015-2575; CVE-2017-3523; CVE-2017-3586; CVE-2017-3589; CVE-2018-3258; CVE-2019-2692; CVE-2020-2934; CVE-2022-21363; CVE-2023-22102,version_changed
19,AxonFramework,MySQL,4155,axon-eventsourcing; axon-integrationtests; axon-modelling,3,8.0.19,2020-03-16 00:00:00+00:00,2020-04-15 14:15:36.453000+00:00,30.594171909722224,pre_disclosure,CVE-2020-2934; CVE-2021-2471; CVE-2022-21363; CVE-2023-22102,version_changed
19,AxonFramework,MySQL,4155,axon-eventsourcing; axon-integrationtests; axon-modelling,3,8.0.19,2020-04-15 14:15:36.453000+00:00,2020-07-14 00:00:00+00:00,89.40582809027778,post_disclosure,CVE-2020-2934; CVE-2021-2471; CVE-2022-21363; CVE-2023-22102,version_changed
19,AxonFramework,MySQL,4155,axon-eventsourcing; axon-integrationtests; axon-modelling,3,8.0.19,2020-07-14 00:00:00+00:00,2020-10-14 00:00:00+00:00,92.0,post_resolution,CVE-2020-2934; CVE-2021-2471; CVE-2022-21363; CVE-2023-22102,version_changed
19,AxonFramework,MySQL,4156,axon-eventsourcing; axon-integrationtests; axon-modelling,3,8.0.21,2020-10-13 00:00:00+00:00,2020-10-20 00:00:00+00:00,7.0,pre_disclosure,CVE-2021-2471; CVE-2022-21363; CVE-2023-22102,version_changed
19,AxonFramework,MySQL,4157,axon-eventsourcing; axon-integrationtests; axon-modelling,3,8.0.22,2020-10-20 00:00:00+00:00,2021-01-19 00:00:00+00:00,91.0,pre_disclosure,CVE-2021-2471; CVE-2022-21363; CVE-2023-22102,version_changed
19,AxonFramework,MySQL,4158,axon-eventsourcing; axon-integrationtests; axon-modelling,3,8.0.23,2021-01-18 00:00:00+00:00,2021-04-26 00:00:00+00:00,98.0,pre_disclosure,CVE-2021-2471; CVE-2022-21363; CVE-2023-22102,version_changed
19,AxonFramework,MySQL,4159,axon-eventsourcing; axon-integrationtests; axon-modelling,3,8.0.24,2021-04-26 00:00:00+00:00,2021-05-11 00:00:00+00:00,15.0,pre_disclosure,CVE-2021-2471; CVE-2022-21363; CVE-2023-22102,version_changed
19,AxonFramework,MySQL,4160,axon-eventsourcing; axon-integrationtests; axon-modelling,3,8.0.25,2021-05-11 00:00:00+00:00,2021-09-28 00:00:00+00:00,140.0,pre_disclosure,CVE-2021-2471; CVE-2022-21363; CVE-2023-22102,version_changed
19,AxonFramework,MySQL,4161,axon-eventsourcing; axon-integrationtests; axon-modelling,3,8.0.26,2021-09-27 00:00:00+00:00,2021-09-28 18:17:43+00:00,1.7623032407407409,pre_disclosure,CVE-2021-2471; CVE-2022-21363; CVE-2023-22102,version_changed
19,AxonFramework,MySQL,4161,axon-eventsourcing; axon-integrationtests; axon-modelling,3,8.0.26,2021-09-28 18:17:43+00:00,2021-10-19 00:00:00+00:00,20.237696759259258,post_resolution,CVE-2021-2471; CVE-2022-21363; CVE-2023-22102,version_changed
19,AxonFramework,MySQL,4162,axon-eventsourcing; axon-integrationtests; axon-modelling,3,8.0.27,2021-10-19 00:00:00+00:00,2021-12-16 00:25:41+00:00,58.01783564814815,pre_disclosure,CVE-2022-21363; CVE-2023-22102,version_changed
19,AxonFramework,MySQL,4162,axon-eventsourcing; axon-integrationtests; axon-modelling,3,8.0.27,2021-12-16 00:25:41+00:00,2022-01-18 00:00:00+00:00,32.98216435185185,post_resolution,CVE-2022-21363; CVE-2023-22102,version_changed
19,AxonFramework,MySQL,4163,axon-eventsourcing; axon-integrationtests; axon-modelling,3,8.0.28,2022-01-18 00:00:00+00:00,2022-07-22 00:00:00+00:00,185.0,pre_disclosure,CVE-2023-22102,version_changed
19,AxonFramework,MySQL,4164,axon-eventsourcing; axon-integrationtests; axon-modelling,3,8.0.29,2022-07-22 00:00:00+00:00,2022-08-03 00:00:00+00:00,12.0,pre_disclosure,CVE-2023-22102,version_changed
19,AxonFramework,MySQL,4165,axon-eventsourcing; axon-eventsourcing-jakarta; axon-integrationtests; axon-integrationtests-jakarta; axon-modelling; axon-modelling-jakarta; axon-eventsourcing; axon-integrationtests; axon-modelling; axon-eventsourcing; axon-integrationtests; axon-modelling; axon-spring,6,8.0.30,2022-08-03 00:00:00+00:00,2023-10-17 22:15:15.100000+00:00,440.92725810185186,pre_disclosure,CVE-2023-22102,version_changed
19,AxonFramework,MySQL,4165,axon-eventsourcing; axon-eventsourcing-jakarta; axon-integrationtests; axon-integrationtests-jakarta; axon-modelling; axon-modelling-jakarta; axon-eventsourcing; axon-integrationtests; axon-modelling; axon-eventsourcing; axon-integrationtests; axon-modelling; axon-spring,6,8.0.30,2023-10-17 22:15:15.100000+00:00,2023-10-25 08:46:05+00:00,7.438077546296297,post_disclosure,CVE-2023-22102,version_changed
19,AxonFramework,MySQL,4165,axon-eventsourcing; axon-eventsourcing-jakarta; axon-integrationtests; axon-integrationtests-jakarta; axon-modelling; axon-modelling-jakarta; axon-eventsourcing; axon-integrationtests; axon-modelling; axon-eventsourcing; axon-integrationtests; axon-modelling; axon-spring,6,8.0.30,2023-10-25 08:46:05+00:00,2023-11-01 00:00:00+00:00,6.6346643518518515,post_resolution,CVE-2023-22102,version_changed
19,AxonFramework,MySQL,4166,axon-spring-boot-3-integrationtests,1,8.0.32,2023-01-27 00:00:00+00:00,2023-10-17 22:15:15.100000+00:00,263.92725810185186,pre_disclosure,CVE-2023-22102,version_changed
19,AxonFramework,MySQL,4166,axon-spring-boot-3-integrationtests,1,8.0.32,2023-10-17 22:15:15.100000+00:00,2023-10-25 08:46:05+00:00,7.438077546296297,post_disclosure,CVE-2023-22102,version_changed
19,AxonFramework,MySQL,4166,axon-spring-boot-3-integrationtests,1,8.0.32,2023-10-25 08:46:05+00:00,2023-11-01 00:00:00+00:00,6.6346643518518515,post_resolution,CVE-2023-22102,version_changed
19,AxonFramework,MySQL,4167,axon-eventsourcing; axon-integrationtests; axon-modelling; axon-spring; axon-eventsourcing; axon-integrationtests; axon-modelling; axon-spring; axon-spring-boot-3-integrationtests,5,8.0.33,2023-11-01 00:00:00+00:00,2024-01-04 00:00:00+00:00,64.0,post_resolution,CVE-2023-22102,version_changed
19,AxonFramework,PostgreSQL,4188,axon-core; axon-modelling,1,9.3-1102-jdbc41,2014-11-07 00:00:00+00:00,2018-08-27 15:43:21+00:00,1389.6551041666667,pre_disclosure,CVE-2018-10936; CVE-2020-13692,version_changed
19,AxonFramework,PostgreSQL,4188,axon-core; axon-modelling,1,9.3-1102-jdbc41,2018-08-27 15:43:21+00:00,2018-08-30 13:29:00.377000+00:00,2.906705752314815,post_resolution,CVE-2018-10936; CVE-2020-13692,version_changed
19,AxonFramework,PostgreSQL,4188,axon-core; axon-modelling,1,9.3-1102-jdbc41,2018-08-30 13:29:00.377000+00:00,2019-03-20 00:00:00+00:00,201.43819008101852,post_resolution,CVE-2018-10936; CVE-2020-13692,version_changed
19,AxonFramework,PostgreSQL,4189,axon-modelling,1,42.2.5,2019-03-20 00:00:00+00:00,2019-10-02 00:00:00+00:00,196.0,pre_disclosure,CVE-2020-13692; CVE-2022-26520; CVE-2026-42198; GHSA-673j-qm5f-xpv8,version_changed
19,AxonFramework,PostgreSQL,4190,axon-modelling,1,42.2.8,2019-10-02 00:00:00+00:00,2020-06-04 13:16:11+00:00,246.5529050925926,pre_disclosure,CVE-2020-13692; CVE-2022-26520; CVE-2026-42198; GHSA-673j-qm5f-xpv8,version_changed
19,AxonFramework,PostgreSQL,4190,axon-modelling,1,42.2.8,2020-06-04 13:16:11+00:00,2020-06-04 16:15:12.657000+00:00,0.12432473379629629,post_resolution,CVE-2020-13692; CVE-2022-26520; CVE-2026-42198; GHSA-673j-qm5f-xpv8,version_changed
19,AxonFramework,PostgreSQL,4190,axon-modelling,1,42.2.8,2020-06-04 16:15:12.657000+00:00,2020-10-14 00:00:00+00:00,131.3227701736111,post_resolution,CVE-2020-13692; CVE-2022-26520; CVE-2026-42198; GHSA-673j-qm5f-xpv8,version_changed
19,AxonFramework,PostgreSQL,4191,axon-modelling,1,42.2.17,2020-10-14 00:00:00+00:00,2020-10-23 00:00:00+00:00,9.0,pre_disclosure,CVE-2022-26520; CVE-2026-42198; GHSA-673j-qm5f-xpv8,version_changed
19,AxonFramework,PostgreSQL,4192,axon-modelling,1,42.2.18,2020-10-22 00:00:00+00:00,2021-02-19 00:00:00+00:00,120.0,pre_disclosure,CVE-2022-26520; CVE-2026-42198; GHSA-673j-qm5f-xpv8,version_changed
19,AxonFramework,PostgreSQL,4193,axon-modelling,1,42.2.19,2021-02-19 00:00:00+00:00,2021-04-26 00:00:00+00:00,66.0,pre_disclosure,CVE-2022-26520; CVE-2026-42198; GHSA-673j-qm5f-xpv8,version_changed
19,AxonFramework,PostgreSQL,4194,axon-modelling,1,42.2.20,2021-04-26 00:00:00+00:00,2021-06-14 00:00:00+00:00,49.0,pre_disclosure,CVE-2022-26520; CVE-2026-42198; GHSA-673j-qm5f-xpv8,version_changed
19,AxonFramework,PostgreSQL,4195,axon-modelling,1,42.2.21,2021-06-11 00:00:00+00:00,2021-06-17 00:00:00+00:00,6.0,pre_disclosure,CVE-2022-26520; CVE-2026-42198; GHSA-673j-qm5f-xpv8,version_changed
19,AxonFramework,PostgreSQL,4196,axon-modelling,1,42.2.22,2021-06-17 00:00:00+00:00,2021-07-07 00:00:00+00:00,20.0,pre_disclosure,CVE-2022-26520; CVE-2026-42198; GHSA-673j-qm5f-xpv8,version_changed
19,AxonFramework,PostgreSQL,4197,axon-modelling,1,42.2.23,2021-07-07 00:00:00+00:00,2021-09-27 00:00:00+00:00,82.0,pre_disclosure,CVE-2022-26520; CVE-2026-42198; GHSA-673j-qm5f-xpv8,version_changed
19,AxonFramework,PostgreSQL,4198,axon-modelling,1,42.2.24,2021-09-24 00:00:00+00:00,2021-10-22 00:00:00+00:00,28.0,pre_disclosure,CVE-2022-26520; CVE-2026-42198; GHSA-673j-qm5f-xpv8,version_changed
19,AxonFramework,PostgreSQL,4199,axon-modelling,1,42.3.0,2021-10-19 00:00:00+00:00,2021-11-02 00:00:00+00:00,14.0,pre_disclosure,CVE-2022-21724; CVE-2022-26520; CVE-2022-31197; CVE-2022-41946; CVE-2026-42198; GHSA-673j-qm5f-xpv8,version_changed
19,AxonFramework,PostgreSQL,4200,axon-modelling,1,42.3.1,2021-11-01 00:00:00+00:00,2022-02-01 14:51:15+00:00,92.61892361111111,pre_disclosure,CVE-2022-21724; CVE-2022-26520; CVE-2022-31197; CVE-2022-41946; CVE-2026-42198; GHSA-673j-qm5f-xpv8,version_changed
19,AxonFramework,PostgreSQL,4200,axon-modelling,1,42.3.1,2022-02-01 14:51:15+00:00,2022-02-02 00:00:00+00:00,0.3810763888888889,post_resolution,CVE-2022-21724; CVE-2022-26520; CVE-2022-31197; CVE-2022-41946; CVE-2026-42198; GHSA-673j-qm5f-xpv8,version_changed
19,AxonFramework,PostgreSQL,4201,axon-modelling,1,42.3.2,2022-02-02 00:00:00+00:00,2022-02-15 19:06:43+00:00,13.796331018518519,pre_disclosure,CVE-2022-26520; CVE-2022-31197; CVE-2022-41946; CVE-2026-42198; GHSA-673j-qm5f-xpv8,version_changed
19,AxonFramework,PostgreSQL,4201,axon-modelling,1,42.3.2,2022-02-15 19:06:43+00:00,2022-02-16 00:08:18+00:00,0.20943287037037037,post_resolution,CVE-2022-26520; CVE-2022-31197; CVE-2022-41946; CVE-2026-42198; GHSA-673j-qm5f-xpv8,version_changed
19,AxonFramework,PostgreSQL,4201,axon-modelling,1,42.3.2,2022-02-16 00:08:18+00:00,2022-02-21 00:00:00+00:00,4.994236111111111,post_resolution,CVE-2022-26520; CVE-2022-31197; CVE-2022-41946; CVE-2026-42198; GHSA-673j-qm5f-xpv8,version_changed
19,AxonFramework,PostgreSQL,4202,axon-modelling,1,42.3.3,2022-02-21 00:00:00+00:00,2022-07-22 00:00:00+00:00,151.0,pre_disclosure,CVE-2022-31197; CVE-2022-41946; CVE-2026-42198,version_changed
19,AxonFramework,PostgreSQL,4203,axon-modelling,1,42.4.0,2022-07-22 00:00:00+00:00,2022-08-08 00:00:00+00:00,17.0,pre_disclosure,CVE-2026-42198,version_changed
19,AxonFramework,PostgreSQL,4204,axon-modelling; axon-modelling; axon-modelling-jakarta,2,42.4.1,2022-08-08 00:00:00+00:00,2022-08-25 00:00:00+00:00,17.0,pre_disclosure,CVE-2026-42198,version_changed
19,AxonFramework,PostgreSQL,4205,axon-modelling; axon-modelling-jakarta,2,42.5.0,2022-08-25 00:00:00+00:00,2023-01-27 00:00:00+00:00,155.0,pre_disclosure,CVE-2026-42198,version_changed
19,AxonFramework,PostgreSQL,4206,axon-modelling,1,42.5.1,2023-01-27 00:00:00+00:00,2023-11-01 00:00:00+00:00,278.0,pre_disclosure,CVE-2026-42198,version_changed
19,AxonFramework,PostgreSQL,4207,axon-modelling,1,42.6.0,2023-11-01 00:00:00+00:00,2024-01-04 00:00:00+00:00,64.0,pre_disclosure,CVE-2026-42198,version_changed
19,AxonFramework,PostgreSQL,4208,axon-modelling,1,42.7.1,2024-01-04 00:00:00+00:00,2024-02-19 13:15:07.740000+00:00,46.55217291666667,pre_disclosure,CVE-2024-1597; CVE-2026-42198,version_changed
19,AxonFramework,PostgreSQL,4208,axon-modelling,1,42.7.1,2024-02-19 13:15:07.740000+00:00,2024-02-21 00:00:00+00:00,1.4478270833333333,post_disclosure,CVE-2024-1597; CVE-2026-42198,version_changed
19,AxonFramework,PostgreSQL,4208,axon-modelling,1,42.7.1,2024-02-21 00:00:00+00:00,2024-07-31 00:00:00+00:00,161.0,post_resolution,CVE-2024-1597; CVE-2026-42198,version_changed
19,AxonFramework,PostgreSQL,4209,axon-modelling,1,42.7.3,2024-07-31 00:00:00+00:00,2024-09-02 00:00:00+00:00,33.0,pre_disclosure,CVE-2026-42198,version_changed
19,AxonFramework,PostgreSQL,4210,axon-modelling,1,42.7.4,2024-09-02 00:00:00+00:00,2025-03-13 00:00:00+00:00,192.0,pre_disclosure,CVE-2025-49146; CVE-2026-42198,version_changed
19,AxonFramework,PostgreSQL,4211,axon-modelling,1,42.7.5,2025-02-24 00:00:00+00:00,2025-06-11 09:55:12+00:00,107.41333333333333,pre_disclosure,CVE-2025-49146; CVE-2026-42198,version_changed
19,AxonFramework,PostgreSQL,4211,axon-modelling,1,42.7.5,2025-06-11 09:55:12+00:00,2025-06-11 15:15:42.850000+00:00,0.2225792824074074,post_resolution,CVE-2025-49146; CVE-2026-42198,version_changed
19,AxonFramework,PostgreSQL,4211,axon-modelling,1,42.7.5,2025-06-11 15:15:42.850000+00:00,2025-06-16 00:00:00+00:00,4.36408738425926,post_resolution,CVE-2025-49146; CVE-2026-42198,version_changed
19,AxonFramework,PostgreSQL,4212,axon-modelling,1,42.7.7,2025-06-16 00:00:00+00:00,2025-09-21 00:00:00+00:00,97.0,pre_disclosure,CVE-2026-42198,version_changed
19,AxonFramework,PostgreSQL,4213,axon-legacy-aggregate; axon-legacy-saga; axon-modelling; axon-legacy-aggregate; axon-modelling; axon-modelling,3,42.7.8,2025-09-21 00:00:00+00:00,2026-01-07 00:00:00+00:00,108.0,pre_disclosure,CVE-2026-42198,right_censored_no_later_version
21,HikariCP,H2,4214,HikariCP,1,1.4.191,2016-04-14 00:00:00+00:00,2016-06-12 00:00:00+00:00,59.0,pre_disclosure,CVE-2018-14335; CVE-2021-42392; CVE-2022-23221,version_changed
21,HikariCP,H2,4215,HikariCP,1,1.4.192,2016-06-11 00:00:00+00:00,2016-12-19 00:00:00+00:00,191.0,pre_disclosure,CVE-2018-14335; CVE-2021-42392; CVE-2022-23221,version_changed
21,HikariCP,H2,4216,HikariCP,1,1.4.193,2016-12-19 00:00:00+00:00,2017-04-18 00:00:00+00:00,120.0,pre_disclosure,CVE-2018-14335; CVE-2021-42392; CVE-2022-23221,version_changed
21,HikariCP,H2,4217,HikariCP,1,1.4.194,2017-04-13 00:00:00+00:00,2017-06-13 00:00:00+00:00,61.0,pre_disclosure,CVE-2018-14335; CVE-2021-42392; CVE-2022-23221,version_changed
21,HikariCP,H2,4218,HikariCP,1,1.4.195,2017-05-24 00:00:00+00:00,2017-09-17 00:00:00+00:00,116.0,pre_disclosure,CVE-2018-14335; CVE-2021-42392; CVE-2022-23221,version_changed
21,HikariCP,H2,4219,HikariCP,1,1.4.196,2017-09-17 00:00:00+00:00,2018-07-24 13:29:00.603000+00:00,310.5618125347222,pre_disclosure,CVE-2018-14335; CVE-2021-42392; CVE-2022-23221,version_changed
21,HikariCP,H2,4219,HikariCP,1,1.4.196,2018-07-24 13:29:00.603000+00:00,2019-02-22 14:41:59+00:00,213.0506758912037,post_disclosure,CVE-2018-14335; CVE-2021-42392; CVE-2022-23221,version_changed
21,HikariCP,H2,4219,HikariCP,1,1.4.196,2019-02-22 14:41:59+00:00,2022-01-04 20:53:00+00:00,1047.257650462963,post_resolution,CVE-2018-14335; CVE-2021-42392; CVE-2022-23221,version_changed
21,HikariCP,H2,4219,HikariCP,1,1.4.196,2022-01-04 20:53:00+00:00,2022-01-09 00:00:00+00:00,4.129861111111111,post_resolution,CVE-2018-14335; CVE-2021-42392; CVE-2022-23221,version_changed
21,HikariCP,H2,4221,HikariCP,1,2.1.212,2022-05-21 00:00:00+00:00,2022-11-23 21:15:11.360000+00:00,186.88554814814813,pre_disclosure,CVE-2022-45868,version_changed
21,HikariCP,H2,4221,HikariCP,1,2.1.212,2022-11-23 21:15:11.360000+00:00,2023-07-05 14:57:30+00:00,223.73771574074075,post_disclosure,CVE-2022-45868,version_changed
21,HikariCP,H2,4221,HikariCP,1,2.1.212,2023-07-05 14:57:30+00:00,2024-11-09 00:00:00+00:00,492.3767361111111,post_resolution,CVE-2022-45868,version_changed
21,HikariCP,HyperSQL,4223,HikariCP,1,2.3.0,2013-10-17 00:00:00+00:00,2014-02-18 00:00:00+00:00,124.0,pre_disclosure,CVE-2022-41853,right_censored_no_later_version
21,HikariCP,PostgreSQL,4224,HikariCP,1,42.1.4.jre7,2017-09-02 00:00:00+00:00,2017-09-17 00:00:00+00:00,15.0,pre_disclosure,CVE-2018-10936; CVE-2020-13692; CVE-2022-26520; CVE-2022-41946; GHSA-673j-qm5f-xpv8,version_changed
21,HikariCP,PostgreSQL,4225,HikariCP,1,42.1.4,2017-09-17 00:00:00+00:00,2018-08-27 15:43:21+00:00,344.65510416666666,pre_disclosure,CVE-2018-10936; CVE-2020-13692; CVE-2022-26520; CVE-2022-41946; GHSA-673j-qm5f-xpv8,version_changed
21,HikariCP,PostgreSQL,4225,HikariCP,1,42.1.4,2018-08-27 15:43:21+00:00,2018-08-30 13:29:00.377000+00:00,2.906705752314815,post_resolution,CVE-2018-10936; CVE-2020-13692; CVE-2022-26520; CVE-2022-41946; GHSA-673j-qm5f-xpv8,version_changed
21,HikariCP,PostgreSQL,4225,HikariCP,1,42.1.4,2018-08-30 13:29:00.377000+00:00,2020-06-04 13:16:11+00:00,643.9910951736111,post_resolution,CVE-2018-10936; CVE-2020-13692; CVE-2022-26520; CVE-2022-41946; GHSA-673j-qm5f-xpv8,version_changed
21,HikariCP,PostgreSQL,4225,HikariCP,1,42.1.4,2020-06-04 13:16:11+00:00,2020-06-04 16:15:12.657000+00:00,0.12432473379629629,post_resolution,CVE-2018-10936; CVE-2020-13692; CVE-2022-26520; CVE-2022-41946; GHSA-673j-qm5f-xpv8,version_changed
21,HikariCP,PostgreSQL,4225,HikariCP,1,42.1.4,2020-06-04 16:15:12.657000+00:00,2021-07-14 00:00:00+00:00,404.32277017361116,post_resolution,CVE-2018-10936; CVE-2020-13692; CVE-2022-26520; CVE-2022-41946; GHSA-673j-qm5f-xpv8,version_changed
21,HikariCP,PostgreSQL,4226,HikariCP,1,42.2.20,2021-07-14 00:00:00+00:00,2022-02-15 19:06:43+00:00,216.79633101851852,pre_disclosure,CVE-2022-26520; CVE-2026-42198; GHSA-673j-qm5f-xpv8,version_changed
21,HikariCP,PostgreSQL,4226,HikariCP,1,42.2.20,2022-02-15 19:06:43+00:00,2022-02-16 00:08:18+00:00,0.20943287037037037,post_resolution,CVE-2022-26520; CVE-2026-42198; GHSA-673j-qm5f-xpv8,version_changed
21,HikariCP,PostgreSQL,4226,HikariCP,1,42.2.20,2022-02-16 00:08:18+00:00,2022-03-10 17:47:45.810000+00:00,22.735738541666667,post_resolution,CVE-2022-26520; CVE-2026-42198; GHSA-673j-qm5f-xpv8,version_changed
21,HikariCP,PostgreSQL,4226,HikariCP,1,42.2.20,2022-03-10 17:47:45.810000+00:00,2022-05-22 00:00:00+00:00,72.25849756944444,post_resolution,CVE-2022-26520; CVE-2026-42198; GHSA-673j-qm5f-xpv8,version_changed
21,HikariCP,PostgreSQL,4227,HikariCP,1,42.3.3,2022-05-21 00:00:00+00:00,2022-08-03 19:15:08.630000+00:00,74.80218321759259,pre_disclosure,CVE-2022-31197; CVE-2022-41946; CVE-2026-42198,version_changed
21,HikariCP,PostgreSQL,4227,HikariCP,1,42.3.3,2022-08-03 19:15:08.630000+00:00,2022-08-15 00:00:00+00:00,11.197816782407408,post_disclosure,CVE-2022-31197; CVE-2022-41946; CVE-2026-42198,version_changed
21,HikariCP,PostgreSQL,4227,HikariCP,1,42.3.3,2022-08-15 00:00:00+00:00,2022-11-23 00:00:00+00:00,100.0,post_resolution,CVE-2022-31197; CVE-2022-41946; CVE-2026-42198,version_changed
21,HikariCP,PostgreSQL,4227,HikariCP,1,42.3.3,2022-11-23 00:00:00+00:00,2022-11-23 20:15:10.253000+00:00,0.8438686689814815,post_resolution,CVE-2022-31197; CVE-2022-41946; CVE-2026-42198,version_changed
21,HikariCP,PostgreSQL,4227,HikariCP,1,42.3.3,2022-11-23 20:15:10.253000+00:00,2023-02-01 00:00:00+00:00,69.15613133101853,post_resolution,CVE-2022-31197; CVE-2022-41946; CVE-2026-42198,version_changed
21,HikariCP,PostgreSQL,4228,HikariCP,1,42.5.1,2023-02-01 00:00:00+00:00,2024-11-09 00:00:00+00:00,647.0,pre_disclosure,CVE-2026-42198,version_changed
21,HikariCP,PostgreSQL,4229,HikariCP,1,42.7.4,2024-11-09 00:00:00+00:00,2025-06-11 09:55:12+00:00,214.41333333333333,pre_disclosure,CVE-2025-49146; CVE-2026-42198,version_changed
21,HikariCP,PostgreSQL,4229,HikariCP,1,42.7.4,2025-06-11 09:55:12+00:00,2025-06-11 15:15:42.850000+00:00,0.2225792824074074,post_resolution,CVE-2025-49146; CVE-2026-42198,version_changed
21,HikariCP,PostgreSQL,4229,HikariCP,1,42.7.4,2025-06-11 15:15:42.850000+00:00,2025-07-24 00:00:00+00:00,42.36408738425926,post_resolution,CVE-2025-49146; CVE-2026-42198,version_changed
21,HikariCP,PostgreSQL,4230,HikariCP,1,42.7.7,2025-07-21 00:00:00+00:00,2025-09-13 00:00:00+00:00,54.0,pre_disclosure,CVE-2026-42198,right_censored_no_later_version
22,BroadleafCommerce,HyperSQL,4231,broadleaf-open-admin-platform; integration,2,2.2.9,2013-08-14 00:00:00+00:00,2022-07-12 00:00:00+00:00,3254.0,pre_disclosure,CVE-2022-41853,version_changed
22,BroadleafCommerce,HyperSQL,4232,broadleaf-common; broadleaf-open-admin-platform; integration,3,2.4.0,2022-07-12 00:00:00+00:00,2022-10-06 18:17:07.190000+00:00,86.76188877314816,pre_disclosure,CVE-2022-41853,version_changed
22,BroadleafCommerce,HyperSQL,4232,broadleaf-common; broadleaf-open-admin-platform; integration,3,2.4.0,2022-10-06 18:17:07.190000+00:00,2022-10-22 14:19:43+00:00,15.835136689814815,post_disclosure,CVE-2022-41853,version_changed
22,BroadleafCommerce,HyperSQL,4232,broadleaf-common; broadleaf-open-admin-platform; integration,3,2.4.0,2022-10-22 14:19:43+00:00,2023-02-15 00:00:00+00:00,115.40297453703704,post_resolution,CVE-2022-41853,version_changed
25,cucumber-jvm,H2,4237,spring-java-junit5,1,1.4.200,2021-09-09 00:00:00+00:00,2021-11-29 11:00:04+00:00,81.45837962962963,pre_disclosure,CVE-2021-23463; CVE-2021-42392; CVE-2022-23221; CVE-2022-45868,version_changed
25,cucumber-jvm,H2,4237,spring-java-junit5,1,1.4.200,2021-11-29 11:00:04+00:00,2021-12-10 20:15:07.917000+00:00,11.385462002314815,post_resolution,CVE-2021-23463; CVE-2021-42392; CVE-2022-23221; CVE-2022-45868,version_changed
25,cucumber-jvm,H2,4237,spring-java-junit5,1,1.4.200,2021-12-10 20:15:07.917000+00:00,2022-01-04 20:53:00+00:00,25.026297256944446,post_resolution,CVE-2021-23463; CVE-2021-42392; CVE-2022-23221; CVE-2022-45868,version_changed
25,cucumber-jvm,H2,4237,spring-java-junit5,1,1.4.200,2022-01-04 20:53:00+00:00,2022-01-10 14:10:23.643000+00:00,5.720412534722222,post_resolution,CVE-2021-23463; CVE-2021-42392; CVE-2022-23221; CVE-2022-45868,version_changed
25,cucumber-jvm,H2,4237,spring-java-junit5,1,1.4.200,2022-01-10 14:10:23.643000+00:00,2022-01-17 16:18:52+00:00,7.089217094907407,post_resolution,CVE-2021-23463; CVE-2021-42392; CVE-2022-23221; CVE-2022-45868,version_changed
25,cucumber-jvm,H2,4237,spring-java-junit5,1,1.4.200,2022-01-17 16:18:52+00:00,2022-01-19 17:15:09+00:00,2.039085648148148,post_resolution,CVE-2021-23463; CVE-2021-42392; CVE-2022-23221; CVE-2022-45868,version_changed
25,cucumber-jvm,H2,4237,spring-java-junit5,1,1.4.200,2022-01-19 17:15:09+00:00,2022-11-23 21:15:11.360000+00:00,308.1666939814815,post_resolution,CVE-2021-23463; CVE-2021-42392; CVE-2022-23221; CVE-2022-45868,version_changed
25,cucumber-jvm,H2,4237,spring-java-junit5,1,1.4.200,2022-11-23 21:15:11.360000+00:00,2023-01-10 00:00:00+00:00,47.114451851851854,post_resolution,CVE-2021-23463; CVE-2021-42392; CVE-2022-23221; CVE-2022-45868,version_changed
25,cucumber-jvm,H2,4238,spring-java-junit5,1,2.1.214,2023-01-06 00:00:00+00:00,2023-07-05 14:57:30+00:00,180.62326388888889,post_disclosure,CVE-2022-45868,version_changed
25,cucumber-jvm,H2,4238,spring-java-junit5,1,2.1.214,2023-07-05 14:57:30+00:00,2023-12-17 00:00:00+00:00,164.37673611111111,post_resolution,CVE-2022-45868,version_changed
25,cucumber-jvm,HyperSQL,4241,cucumber-openejb,1,2.3.4,2021-09-09 00:00:00+00:00,2022-06-14 00:00:00+00:00,278.0,pre_disclosure,CVE-2022-41853,version_changed
25,cucumber-jvm,HyperSQL,4242,cucumber-jakarta-openejb; cucumber-jakarta-openejb; cucumber-openejb; cucumber-openejb,2,2.5.2,2022-06-14 00:00:00+00:00,2022-10-06 18:17:07.190000+00:00,114.76188877314814,pre_disclosure,CVE-2022-41853,version_changed
25,cucumber-jvm,HyperSQL,4242,cucumber-jakarta-openejb; cucumber-jakarta-openejb; cucumber-openejb; cucumber-openejb,2,2.5.2,2022-10-06 18:17:07.190000+00:00,2022-10-22 14:19:43+00:00,15.835136689814815,post_disclosure,CVE-2022-41853,version_changed
25,cucumber-jvm,HyperSQL,4242,cucumber-jakarta-openejb; cucumber-jakarta-openejb; cucumber-openejb; cucumber-openejb,2,2.5.2,2022-10-22 14:19:43+00:00,2022-11-03 00:00:00+00:00,11.402974537037037,post_resolution,CVE-2022-41853,version_changed
27,ebean,H2,4248,avaje-ebeanorm; avaje-ebeanorm-server,1,1.3.153,2012-09-14 00:00:00+00:00,2014-11-30 00:00:00+00:00,807.0,pre_disclosure,CVE-2018-14335; CVE-2021-42392; CVE-2022-23221,version_changed
27,ebean,H2,4249,avaje-ebeanorm,1,1.4.182,2014-11-30 00:00:00+00:00,2015-09-18 00:00:00+00:00,292.0,pre_disclosure,CVE-2018-14335; CVE-2021-42392; CVE-2022-23221,version_changed
27,ebean,H2,4250,avaje-ebeanorm,1,1.4.189,2015-09-18 00:00:00+00:00,2016-07-07 00:00:00+00:00,293.0,pre_disclosure,CVE-2018-14335; CVE-2021-42392; CVE-2022-23221,version_changed
27,ebean,H2,4251,avaje-ebeanorm; ebean,1,1.4.192,2016-07-07 00:00:00+00:00,2017-01-09 00:00:00+00:00,186.0,pre_disclosure,CVE-2018-14335; CVE-2021-42392; CVE-2022-23221,version_changed
27,ebean,H2,4252,ebean,1,1.4.193,2017-01-09 00:00:00+00:00,2017-11-02 00:00:00+00:00,297.0,pre_disclosure,CVE-2018-14335; CVE-2021-42392; CVE-2022-23221,version_changed
27,ebean,H2,4253,ebean,1,1.4.196,2017-10-31 00:00:00+00:00,2018-07-24 13:29:00.603000+00:00,266.5618125347222,pre_disclosure,CVE-2018-14335; CVE-2021-42392; CVE-2022-23221,version_changed
27,ebean,H2,4253,ebean,1,1.4.196,2018-07-24 13:29:00.603000+00:00,2018-12-03 00:00:00+00:00,131.43818746527776,post_disclosure,CVE-2018-14335; CVE-2021-42392; CVE-2022-23221,version_changed
27,ebean,H2,4254,ebean; ebean-autotune; ebean-autotune; ebean-ddl-generator; ebean-externalmapping-xml; ebean-autotune; ebean-ddlgen; ebean-querybean; ebean-autotune; ebean-querybean; ebean-querybean; ebean; ebean-autotune; ebean-bom; ebean-core-type; ebean-ddl-generator; ebean-externalmapping-api; ebean-externalmapping-xml; ebean-parent; ebean; ebean-autotune; ebean-bom; ebean-core-type; ebean-ddl-generator; ebean-externalmapping-api; ebean-externalmapping-xml; ebean-parent; ebean-querybean; ebean; ebean-autotune; ebean-bom; ebean-ddl-generator; ebean-externalmapping-api; ebean-externalmapping-xml; ebean-parent; ebean-querybean; ebean; ebean-autotune; ebean-bom; ebean-ddlgen; ebean-externalmapping-api; ebean-externalmapping-xml; ebean-parent; ebean-querybean,9,1.4.197,2018-12-03 00:00:00+00:00,2019-02-22 14:41:59+00:00,81.61248842592593,post_disclosure,CVE-2018-14335; CVE-2021-42392; CVE-2022-23221,version_changed
27,ebean,H2,4254,ebean; ebean-autotune; ebean-autotune; ebean-ddl-generator; ebean-externalmapping-xml; ebean-autotune; ebean-ddlgen; ebean-querybean; ebean-autotune; ebean-querybean; ebean-querybean; ebean; ebean-autotune; ebean-bom; ebean-core-type; ebean-ddl-generator; ebean-externalmapping-api; ebean-externalmapping-xml; ebean-parent; ebean; ebean-autotune; ebean-bom; ebean-core-type; ebean-ddl-generator; ebean-externalmapping-api; ebean-externalmapping-xml; ebean-parent; ebean-querybean; ebean; ebean-autotune; ebean-bom; ebean-ddl-generator; ebean-externalmapping-api; ebean-externalmapping-xml; ebean-parent; ebean-querybean; ebean; ebean-autotune; ebean-bom; ebean-ddlgen; ebean-externalmapping-api; ebean-externalmapping-xml; ebean-parent; ebean-querybean,9,1.4.197,2019-02-22 14:41:59+00:00,2021-09-07 00:00:00+00:00,927.3875115740741,post_resolution,CVE-2018-14335; CVE-2021-42392; CVE-2022-23221,version_changed
27,ebean,H2,4255,ebean; ebean-api; ebean-core; ebean-autotune; ebean-core; ebean-core; ebean; ebean-api; ebean-autotune; ebean-bom; ebean-core; ebean-core-type; ebean-ddl-generator; ebean-externalmapping-api; ebean-externalmapping-xml; ebean-kotlin; ebean-parent; ebean-postgis; ebean-querybean; ebean-redis; ebean-test; kotlin-querybean-generator; querybean-generator; ebean; ebean-api; ebean-autotune; ebean-bom; ebean-core; ebean-core-type; ebean-ddl-generator; ebean-externalmapping-api; ebean-externalmapping-xml; ebean-parent; ebean-postgis; ebean-querybean; ebean-redis; ebean-test; kotlin-querybean-generator; querybean-generator; ebean; ebean-api; ebean-autotune; ebean-bom; ebean-core; ebean-core-type; ebean-ddl-generator; ebean-externalmapping-api; ebean-externalmapping-xml; ebean-parent; ebean-postgis; ebean-querybean; ebean-redis; ebean-test; kotlin-querybean-generator; querybean-generator; test-kotlin; ebean; ebean-api; ebean-autotune; ebean-bom; ebean-core; ebean-core-type; ebean-ddl-generator; ebean-externalmapping-api; ebean-externalmapping-xml; ebean-parent; ebean-postgis; ebean-querybean; ebean-redis; kotlin-querybean-generator; querybean-generator,17,1.4.199,2020-02-28 00:00:00+00:00,2021-11-29 11:00:04+00:00,640.4583796296296,pre_disclosure,CVE-2021-23463; CVE-2021-42392; CVE-2022-23221; CVE-2022-45868,version_changed
27,ebean,H2,4255,ebean; ebean-api; ebean-core; ebean-autotune; ebean-core; ebean-core; ebean; ebean-api; ebean-autotune; ebean-bom; ebean-core; ebean-core-type; ebean-ddl-generator; ebean-externalmapping-api; ebean-externalmapping-xml; ebean-kotlin; ebean-parent; ebean-postgis; ebean-querybean; ebean-redis; ebean-test; kotlin-querybean-generator; querybean-generator; ebean; ebean-api; ebean-autotune; ebean-bom; ebean-core; ebean-core-type; ebean-ddl-generator; ebean-externalmapping-api; ebean-externalmapping-xml; ebean-parent; ebean-postgis; ebean-querybean; ebean-redis; ebean-test; kotlin-querybean-generator; querybean-generator; ebean; ebean-api; ebean-autotune; ebean-bom; ebean-core; ebean-core-type; ebean-ddl-generator; ebean-externalmapping-api; ebean-externalmapping-xml; ebean-parent; ebean-postgis; ebean-querybean; ebean-redis; ebean-test; kotlin-querybean-generator; querybean-generator; test-kotlin; ebean; ebean-api; ebean-autotune; ebean-bom; ebean-core; ebean-core-type; ebean-ddl-generator; ebean-externalmapping-api; ebean-externalmapping-xml; ebean-parent; ebean-postgis; ebean-querybean; ebean-redis; kotlin-querybean-generator; querybean-generator,17,1.4.199,2021-11-29 11:00:04+00:00,2021-12-10 20:15:07.917000+00:00,11.385462002314815,post_resolution,CVE-2021-23463; CVE-2021-42392; CVE-2022-23221; CVE-2022-45868,version_changed
27,ebean,H2,4255,ebean; ebean-api; ebean-core; ebean-autotune; ebean-core; ebean-core; ebean; ebean-api; ebean-autotune; ebean-bom; ebean-core; ebean-core-type; ebean-ddl-generator; ebean-externalmapping-api; ebean-externalmapping-xml; ebean-kotlin; ebean-parent; ebean-postgis; ebean-querybean; ebean-redis; ebean-test; kotlin-querybean-generator; querybean-generator; ebean; ebean-api; ebean-autotune; ebean-bom; ebean-core; ebean-core-type; ebean-ddl-generator; ebean-externalmapping-api; ebean-externalmapping-xml; ebean-parent; ebean-postgis; ebean-querybean; ebean-redis; ebean-test; kotlin-querybean-generator; querybean-generator; ebean; ebean-api; ebean-autotune; ebean-bom; ebean-core; ebean-core-type; ebean-ddl-generator; ebean-externalmapping-api; ebean-externalmapping-xml; ebean-parent; ebean-postgis; ebean-querybean; ebean-redis; ebean-test; kotlin-querybean-generator; querybean-generator; test-kotlin; ebean; ebean-api; ebean-autotune; ebean-bom; ebean-core; ebean-core-type; ebean-ddl-generator; ebean-externalmapping-api; ebean-externalmapping-xml; ebean-parent; ebean-postgis; ebean-querybean; ebean-redis; kotlin-querybean-generator; querybean-generator,17,1.4.199,2021-12-10 20:15:07.917000+00:00,2022-01-04 20:53:00+00:00,25.026297256944446,post_resolution,CVE-2021-23463; CVE-2021-42392; CVE-2022-23221; CVE-2022-45868,version_changed
27,ebean,H2,4255,ebean; ebean-api; ebean-core; ebean-autotune; ebean-core; ebean-core; ebean; ebean-api; ebean-autotune; ebean-bom; ebean-core; ebean-core-type; ebean-ddl-generator; ebean-externalmapping-api; ebean-externalmapping-xml; ebean-kotlin; ebean-parent; ebean-postgis; ebean-querybean; ebean-redis; ebean-test; kotlin-querybean-generator; querybean-generator; ebean; ebean-api; ebean-autotune; ebean-bom; ebean-core; ebean-core-type; ebean-ddl-generator; ebean-externalmapping-api; ebean-externalmapping-xml; ebean-parent; ebean-postgis; ebean-querybean; ebean-redis; ebean-test; kotlin-querybean-generator; querybean-generator; ebean; ebean-api; ebean-autotune; ebean-bom; ebean-core; ebean-core-type; ebean-ddl-generator; ebean-externalmapping-api; ebean-externalmapping-xml; ebean-parent; ebean-postgis; ebean-querybean; ebean-redis; ebean-test; kotlin-querybean-generator; querybean-generator; test-kotlin; ebean; ebean-api; ebean-autotune; ebean-bom; ebean-core; ebean-core-type; ebean-ddl-generator; ebean-externalmapping-api; ebean-externalmapping-xml; ebean-parent; ebean-postgis; ebean-querybean; ebean-redis; kotlin-querybean-generator; querybean-generator,17,1.4.199,2022-01-04 20:53:00+00:00,2022-01-10 14:10:23.643000+00:00,5.720412534722222,post_resolution,CVE-2021-23463; CVE-2021-42392; CVE-2022-23221; CVE-2022-45868,version_changed
27,ebean,H2,4255,ebean; ebean-api; ebean-core; ebean-autotune; ebean-core; ebean-core; ebean; ebean-api; ebean-autotune; ebean-bom; ebean-core; ebean-core-type; ebean-ddl-generator; ebean-externalmapping-api; ebean-externalmapping-xml; ebean-kotlin; ebean-parent; ebean-postgis; ebean-querybean; ebean-redis; ebean-test; kotlin-querybean-generator; querybean-generator; ebean; ebean-api; ebean-autotune; ebean-bom; ebean-core; ebean-core-type; ebean-ddl-generator; ebean-externalmapping-api; ebean-externalmapping-xml; ebean-parent; ebean-postgis; ebean-querybean; ebean-redis; ebean-test; kotlin-querybean-generator; querybean-generator; ebean; ebean-api; ebean-autotune; ebean-bom; ebean-core; ebean-core-type; ebean-ddl-generator; ebean-externalmapping-api; ebean-externalmapping-xml; ebean-parent; ebean-postgis; ebean-querybean; ebean-redis; ebean-test; kotlin-querybean-generator; querybean-generator; test-kotlin; ebean; ebean-api; ebean-autotune; ebean-bom; ebean-core; ebean-core-type; ebean-ddl-generator; ebean-externalmapping-api; ebean-externalmapping-xml; ebean-parent; ebean-postgis; ebean-querybean; ebean-redis; kotlin-querybean-generator; querybean-generator,17,1.4.199,2022-01-10 14:10:23.643000+00:00,2022-01-17 16:18:52+00:00,7.089217094907407,post_resolution,CVE-2021-23463; CVE-2021-42392; CVE-2022-23221; CVE-2022-45868,version_changed
27,ebean,H2,4255,ebean; ebean-api; ebean-core; ebean-autotune; ebean-core; ebean-core; ebean; ebean-api; ebean-autotune; ebean-bom; ebean-core; ebean-core-type; ebean-ddl-generator; ebean-externalmapping-api; ebean-externalmapping-xml; ebean-kotlin; ebean-parent; ebean-postgis; ebean-querybean; ebean-redis; ebean-test; kotlin-querybean-generator; querybean-generator; ebean; ebean-api; ebean-autotune; ebean-bom; ebean-core; ebean-core-type; ebean-ddl-generator; ebean-externalmapping-api; ebean-externalmapping-xml; ebean-parent; ebean-postgis; ebean-querybean; ebean-redis; ebean-test; kotlin-querybean-generator; querybean-generator; ebean; ebean-api; ebean-autotune; ebean-bom; ebean-core; ebean-core-type; ebean-ddl-generator; ebean-externalmapping-api; ebean-externalmapping-xml; ebean-parent; ebean-postgis; ebean-querybean; ebean-redis; ebean-test; kotlin-querybean-generator; querybean-generator; test-kotlin; ebean; ebean-api; ebean-autotune; ebean-bom; ebean-core; ebean-core-type; ebean-ddl-generator; ebean-externalmapping-api; ebean-externalmapping-xml; ebean-parent; ebean-postgis; ebean-querybean; ebean-redis; kotlin-querybean-generator; querybean-generator,17,1.4.199,2022-01-17 16:18:52+00:00,2022-01-19 17:15:09+00:00,2.039085648148148,post_resolution,CVE-2021-23463; CVE-2021-42392; CVE-2022-23221; CVE-2022-45868,version_changed
27,ebean,H2,4255,ebean; ebean-api; ebean-core; ebean-autotune; ebean-core; ebean-core; ebean; ebean-api; ebean-autotune; ebean-bom; ebean-core; ebean-core-type; ebean-ddl-generator; ebean-externalmapping-api; ebean-externalmapping-xml; ebean-kotlin; ebean-parent; ebean-postgis; ebean-querybean; ebean-redis; ebean-test; kotlin-querybean-generator; querybean-generator; ebean; ebean-api; ebean-autotune; ebean-bom; ebean-core; ebean-core-type; ebean-ddl-generator; ebean-externalmapping-api; ebean-externalmapping-xml; ebean-parent; ebean-postgis; ebean-querybean; ebean-redis; ebean-test; kotlin-querybean-generator; querybean-generator; ebean; ebean-api; ebean-autotune; ebean-bom; ebean-core; ebean-core-type; ebean-ddl-generator; ebean-externalmapping-api; ebean-externalmapping-xml; ebean-parent; ebean-postgis; ebean-querybean; ebean-redis; ebean-test; kotlin-querybean-generator; querybean-generator; test-kotlin; ebean; ebean-api; ebean-autotune; ebean-bom; ebean-core; ebean-core-type; ebean-ddl-generator; ebean-externalmapping-api; ebean-externalmapping-xml; ebean-parent; ebean-postgis; ebean-querybean; ebean-redis; kotlin-querybean-generator; querybean-generator,17,1.4.199,2022-01-19 17:15:09+00:00,2022-01-27 00:00:00+00:00,7.281145833333333,post_resolution,CVE-2021-23463; CVE-2021-42392; CVE-2022-23221; CVE-2022-45868,version_changed
27,ebean,H2,4256,ebean-postgis; ebean-querybean; ebean-redis; ebean-test; ebean-postgis; ebean-redis; ebean-test; ebean-postgis; ebean-test; ebean-test,4,1.4.200,2020-10-08 00:00:00+00:00,2021-09-09 00:00:00+00:00,336.0,pre_disclosure,CVE-2021-23463; CVE-2021-42392; CVE-2022-23221; CVE-2022-45868,version_changed
27,ebean,H2,4257,kotlin-querybean-generator; querybean-generator; querybean-generator,2,1.4.191,2020-10-09 00:00:00+00:00,2021-09-07 00:00:00+00:00,333.0,post_resolution,CVE-2018-14335; CVE-2021-42392; CVE-2022-23221,version_changed
27,ebean,H2,4258,composites; ebean; ebean-api; ebean-autotune; ebean-bom; ebean-clickhouse; ebean-cockroach; ebean-core; ebean-core-type; ebean-db2; ebean-ddl-generator; ebean-externalmapping-api; ebean-externalmapping-xml; ebean-h2; ebean-hana; ebean-kotlin; ebean-mariadb; ebean-mysql; ebean-nuodb; ebean-oracle; ebean-parent; ebean-platform-all; ebean-platform-clickhouse; ebean-platform-db2; ebean-platform-h2; ebean-platform-hana; ebean-platform-hsqldb; ebean-platform-mariadb; ebean-platform-mysql; ebean-platform-nuodb; ebean-platform-oracle; ebean-platform-postgres; ebean-platform-sqlanywhere; ebean-platform-sqlite; ebean-platform-sqlserver; ebean-postgis; ebean-postgres; ebean-querybean; ebean-redis; ebean-sqlite; ebean-sqlserver; ebean-test; ebean-yugabyte; kotlin-querybean-generator; platforms; querybean-generator; ebean; ebean-api; ebean-autotune; ebean-bom; ebean-core; ebean-core-type; ebean-ddl-generator; ebean-externalmapping-api; ebean-externalmapping-xml; ebean-kotlin; ebean-parent; ebean-postgis; ebean-querybean; ebean-redis; ebean-test; kotlin-querybean-generator; querybean-generator,46,2.1.210,2022-01-26 00:00:00+00:00,2022-04-12 00:00:00+00:00,76.0,pre_disclosure,CVE-2022-45868,version_changed
27,ebean,H2,4259,composites; ebean; ebean-api; ebean-autotune; ebean-bom; ebean-clickhouse; ebean-cockroach; ebean-core; ebean-core-type; ebean-csv-reader; ebean-db2; ebean-ddl-generator; ebean-externalmapping-api; ebean-externalmapping-xml; ebean-h2; ebean-hana; ebean-joda-time; ebean-kotlin; ebean-mariadb; ebean-mysql; ebean-nuodb; ebean-oracle; ebean-parent; ebean-platform-all; ebean-platform-clickhouse; ebean-platform-db2; ebean-platform-h2; ebean-platform-hana; ebean-platform-hsqldb; ebean-platform-mariadb; ebean-platform-mysql; ebean-platform-nuodb; ebean-platform-oracle; ebean-platform-postgres; ebean-platform-sqlanywhere; ebean-platform-sqlite; ebean-platform-sqlserver; ebean-postgis; ebean-postgres; ebean-querybean; ebean-redis; ebean-sqlite; ebean-sqlserver; ebean-test; ebean-yugabyte; kotlin-querybean-generator; platforms; querybean-generator; composites; ebean; ebean-api; ebean-autotune; ebean-bom; ebean-clickhouse; ebean-cockroach; ebean-core; ebean-core-type; ebean-csv-reader; ebean-db2; ebean-ddl-generator; ebean-externalmapping-api; ebean-externalmapping-xml; ebean-h2; ebean-hana; ebean-kotlin; ebean-mariadb; ebean-mysql; ebean-nuodb; ebean-oracle; ebean-parent; ebean-platform-all; ebean-platform-clickhouse; ebean-platform-db2; ebean-platform-h2; ebean-platform-hana; ebean-platform-hsqldb; ebean-platform-mariadb; ebean-platform-mysql; ebean-platform-nuodb; ebean-platform-oracle; ebean-platform-postgres; ebean-platform-sqlanywhere; ebean-platform-sqlite; ebean-platform-sqlserver; ebean-postgis; ebean-postgres; ebean-querybean; ebean-redis; ebean-sqlite; ebean-sqlserver; ebean-test; ebean-yugabyte; kotlin-querybean-generator; platforms; querybean-generator; composites; ebean; ebean-api; ebean-autotune; ebean-bom; ebean-clickhouse; ebean-cockroach; ebean-core; ebean-core-type; ebean-db2; ebean-ddl-generator; ebean-externalmapping-api; ebean-externalmapping-xml; ebean-h2; ebean-hana; ebean-kotlin; ebean-mariadb; ebean-mysql; ebean-nuodb; ebean-oracle; ebean-parent; ebean-platform-all; ebean-platform-clickhouse; ebean-platform-db2; ebean-platform-h2; ebean-platform-hana; ebean-platform-hsqldb; ebean-platform-mariadb; ebean-platform-mysql; ebean-platform-nuodb; ebean-platform-oracle; ebean-platform-postgres; ebean-platform-sqlanywhere; ebean-platform-sqlite; ebean-platform-sqlserver; ebean-postgis; ebean-postgres; ebean-querybean; ebean-redis; ebean-sqlite; ebean-sqlserver; ebean-test; ebean-yugabyte; kotlin-querybean-generator; platforms; querybean-generator,48,2.1.212,2022-04-11 00:00:00+00:00,2022-09-05 00:00:00+00:00,147.0,pre_disclosure,CVE-2022-45868,version_changed
27,ebean,H2,4260,composites; ebean; ebean-api; ebean-autotune; ebean-bom; ebean-clickhouse; ebean-cockroach; ebean-core; ebean-core-type; ebean-csv-reader; ebean-db2; ebean-ddl-generator; ebean-externalmapping-api; ebean-externalmapping-xml; ebean-h2; ebean-hana; ebean-jackson-jsonnode; ebean-jackson-mapper; ebean-joda-time; ebean-kotlin; ebean-mariadb; ebean-mysql; ebean-nuodb; ebean-oracle; ebean-parent; ebean-platform-all; ebean-platform-clickhouse; ebean-platform-db2; ebean-platform-h2; ebean-platform-hana; ebean-platform-hsqldb; ebean-platform-mariadb; ebean-platform-mysql; ebean-platform-nuodb; ebean-platform-oracle; ebean-platform-postgres; ebean-platform-sqlanywhere; ebean-platform-sqlite; ebean-platform-sqlserver; ebean-postgis; ebean-postgres; ebean-querybean; ebean-redis; ebean-spring-txn; ebean-sqlite; ebean-sqlserver; ebean-test; ebean-yugabyte; kotlin-querybean-generator; platforms; querybean-generator; tests; composites; ebean; ebean-api; ebean-autotune; ebean-bom; ebean-clickhouse; ebean-cockroach; ebean-core; ebean-core-type; ebean-csv-reader; ebean-db2; ebean-ddl-generator; ebean-externalmapping-api; ebean-externalmapping-xml; ebean-h2; ebean-hana; ebean-jackson-jsonnode; ebean-jackson-mapper; ebean-joda-time; ebean-kotlin; ebean-mariadb; ebean-mysql; ebean-nuodb; ebean-oracle; ebean-parent; ebean-platform-all; ebean-platform-clickhouse; ebean-platform-db2; ebean-platform-h2; ebean-platform-hana; ebean-platform-hsqldb; ebean-platform-mariadb; ebean-platform-mysql; ebean-platform-nuodb; ebean-platform-oracle; ebean-platform-postgres; ebean-platform-sqlanywhere; ebean-platform-sqlite; ebean-platform-sqlserver; ebean-postgis; ebean-postgres; ebean-querybean; ebean-redis; ebean-sqlite; ebean-sqlserver; ebean-test; ebean-yugabyte; kotlin-querybean-generator; platforms; querybean-generator; composites; ebean; ebean-api; ebean-autotune; ebean-bom; ebean-clickhouse; ebean-cockroach; ebean-core; ebean-core-type; ebean-csv-reader; ebean-db2; ebean-ddl-generator; ebean-externalmapping-api; ebean-externalmapping-xml; ebean-h2; ebean-hana; ebean-jackson-jsonnode; ebean-jackson-mapper; ebean-joda-time; ebean-kotlin; ebean-mariadb; ebean-mysql; ebean-nuodb; ebean-oracle; ebean-parent; ebean-platform-all; ebean-platform-clickhouse; ebean-platform-db2; ebean-platform-h2; ebean-platform-hana; ebean-platform-hsqldb; ebean-platform-mariadb; ebean-platform-mysql; ebean-platform-nuodb; ebean-platform-oracle; ebean-platform-postgres; ebean-platform-sqlanywhere; ebean-platform-sqlite; ebean-platform-sqlserver; ebean-postgis; ebean-postgres; ebean-querybean; ebean-redis; ebean-sqlite; ebean-sqlserver; ebean-test; ebean-yugabyte; kotlin-querybean-generator; platforms; querybean-generator; tests; composites; ebean; ebean-api; ebean-autotune; ebean-bom; ebean-clickhouse; ebean-cockroach; ebean-core; ebean-core-type; ebean-csv-reader; ebean-db2; ebean-ddl-generator; ebean-externalmapping-api; ebean-externalmapping-xml; ebean-h2; ebean-hana; ebean-joda-time; ebean-kotlin; ebean-mariadb; ebean-mysql; ebean-nuodb; ebean-oracle; ebean-parent; ebean-platform-all; ebean-platform-clickhouse; ebean-platform-db2; ebean-platform-h2; ebean-platform-hana; ebean-platform-hsqldb; ebean-platform-mariadb; ebean-platform-mysql; ebean-platform-nuodb; ebean-platform-oracle; ebean-platform-postgres; ebean-platform-sqlanywhere; ebean-platform-sqlite; ebean-platform-sqlserver; ebean-postgis; ebean-postgres; ebean-querybean; ebean-redis; ebean-sqlite; ebean-sqlserver; ebean-test; ebean-yugabyte; kotlin-querybean-generator; platforms; querybean-generator; composites; ebean; ebean-api; ebean-bom; ebean-clickhouse; ebean-cockroach; ebean-core; ebean-core-type; ebean-db2; ebean-ddl-generator; ebean-h2; ebean-hana; ebean-jackson-mapper; ebean-kotlin; ebean-mariadb; ebean-mysql; ebean-nuodb; ebean-oracle; ebean-parent; ebean-platform-all; ebean-platform-clickhouse; ebean-platform-db2; ebean-platform-h2; ebean-platform-hana; ebean-platform-hsqldb; ebean-platform-mariadb; ebean-platform-mysql; ebean-platform-nuodb; ebean-platform-oracle; ebean-platform-postgres; ebean-platform-sqlanywhere; ebean-platform-sqlite; ebean-platform-sqlserver; ebean-postgis; ebean-postgres; ebean-querybean; ebean-redis; ebean-spring-txn; ebean-sqlite; ebean-sqlserver; ebean-test; ebean-yugabyte; kotlin-querybean-generator; platforms; querybean-generator; tests; composites; ebean; ebean-api; ebean-bom; ebean-clickhouse; ebean-cockroach; ebean-core; ebean-core-type; ebean-db2; ebean-ddl-generator; ebean-h2; ebean-hana; ebean-jackson-mapper; ebean-mariadb; ebean-mysql; ebean-nuodb; ebean-oracle; ebean-parent; ebean-platform-all; ebean-platform-clickhouse; ebean-platform-db2; ebean-platform-h2; ebean-platform-hana; ebean-platform-hsqldb; ebean-platform-mariadb; ebean-platform-mysql; ebean-platform-nuodb; ebean-platform-oracle; ebean-platform-postgres; ebean-platform-sqlanywhere; ebean-platform-sqlite; ebean-platform-sqlserver; ebean-postgis; ebean-postgres; ebean-querybean; ebean-redis; ebean-spring-txn; ebean-sqlite; ebean-sqlserver; ebean-test; ebean-yugabyte; kotlin-querybean-generator; platforms; querybean-generator; tests,52,2.1.214,2022-09-02 00:00:00+00:00,2022-11-23 21:15:11.360000+00:00,82.88554814814815,pre_disclosure,CVE-2022-45868,version_changed
27,ebean,H2,4260,composites; ebean; ebean-api; ebean-autotune; ebean-bom; ebean-clickhouse; ebean-cockroach; ebean-core; ebean-core-type; ebean-csv-reader; ebean-db2; ebean-ddl-generator; ebean-externalmapping-api; ebean-externalmapping-xml; ebean-h2; ebean-hana; ebean-jackson-jsonnode; ebean-jackson-mapper; ebean-joda-time; ebean-kotlin; ebean-mariadb; ebean-mysql; ebean-nuodb; ebean-oracle; ebean-parent; ebean-platform-all; ebean-platform-clickhouse; ebean-platform-db2; ebean-platform-h2; ebean-platform-hana; ebean-platform-hsqldb; ebean-platform-mariadb; ebean-platform-mysql; ebean-platform-nuodb; ebean-platform-oracle; ebean-platform-postgres; ebean-platform-sqlanywhere; ebean-platform-sqlite; ebean-platform-sqlserver; ebean-postgis; ebean-postgres; ebean-querybean; ebean-redis; ebean-spring-txn; ebean-sqlite; ebean-sqlserver; ebean-test; ebean-yugabyte; kotlin-querybean-generator; platforms; querybean-generator; tests; composites; ebean; ebean-api; ebean-autotune; ebean-bom; ebean-clickhouse; ebean-cockroach; ebean-core; ebean-core-type; ebean-csv-reader; ebean-db2; ebean-ddl-generator; ebean-externalmapping-api; ebean-externalmapping-xml; ebean-h2; ebean-hana; ebean-jackson-jsonnode; ebean-jackson-mapper; ebean-joda-time; ebean-kotlin; ebean-mariadb; ebean-mysql; ebean-nuodb; ebean-oracle; ebean-parent; ebean-platform-all; ebean-platform-clickhouse; ebean-platform-db2; ebean-platform-h2; ebean-platform-hana; ebean-platform-hsqldb; ebean-platform-mariadb; ebean-platform-mysql; ebean-platform-nuodb; ebean-platform-oracle; ebean-platform-postgres; ebean-platform-sqlanywhere; ebean-platform-sqlite; ebean-platform-sqlserver; ebean-postgis; ebean-postgres; ebean-querybean; ebean-redis; ebean-sqlite; ebean-sqlserver; ebean-test; ebean-yugabyte; kotlin-querybean-generator; platforms; querybean-generator; composites; ebean; ebean-api; ebean-autotune; ebean-bom; ebean-clickhouse; ebean-cockroach; ebean-core; ebean-core-type; ebean-csv-reader; ebean-db2; ebean-ddl-generator; ebean-externalmapping-api; ebean-externalmapping-xml; ebean-h2; ebean-hana; ebean-jackson-jsonnode; ebean-jackson-mapper; ebean-joda-time; ebean-kotlin; ebean-mariadb; ebean-mysql; ebean-nuodb; ebean-oracle; ebean-parent; ebean-platform-all; ebean-platform-clickhouse; ebean-platform-db2; ebean-platform-h2; ebean-platform-hana; ebean-platform-hsqldb; ebean-platform-mariadb; ebean-platform-mysql; ebean-platform-nuodb; ebean-platform-oracle; ebean-platform-postgres; ebean-platform-sqlanywhere; ebean-platform-sqlite; ebean-platform-sqlserver; ebean-postgis; ebean-postgres; ebean-querybean; ebean-redis; ebean-sqlite; ebean-sqlserver; ebean-test; ebean-yugabyte; kotlin-querybean-generator; platforms; querybean-generator; tests; composites; ebean; ebean-api; ebean-autotune; ebean-bom; ebean-clickhouse; ebean-cockroach; ebean-core; ebean-core-type; ebean-csv-reader; ebean-db2; ebean-ddl-generator; ebean-externalmapping-api; ebean-externalmapping-xml; ebean-h2; ebean-hana; ebean-joda-time; ebean-kotlin; ebean-mariadb; ebean-mysql; ebean-nuodb; ebean-oracle; ebean-parent; ebean-platform-all; ebean-platform-clickhouse; ebean-platform-db2; ebean-platform-h2; ebean-platform-hana; ebean-platform-hsqldb; ebean-platform-mariadb; ebean-platform-mysql; ebean-platform-nuodb; ebean-platform-oracle; ebean-platform-postgres; ebean-platform-sqlanywhere; ebean-platform-sqlite; ebean-platform-sqlserver; ebean-postgis; ebean-postgres; ebean-querybean; ebean-redis; ebean-sqlite; ebean-sqlserver; ebean-test; ebean-yugabyte; kotlin-querybean-generator; platforms; querybean-generator; composites; ebean; ebean-api; ebean-bom; ebean-clickhouse; ebean-cockroach; ebean-core; ebean-core-type; ebean-db2; ebean-ddl-generator; ebean-h2; ebean-hana; ebean-jackson-mapper; ebean-kotlin; ebean-mariadb; ebean-mysql; ebean-nuodb; ebean-oracle; ebean-parent; ebean-platform-all; ebean-platform-clickhouse; ebean-platform-db2; ebean-platform-h2; ebean-platform-hana; ebean-platform-hsqldb; ebean-platform-mariadb; ebean-platform-mysql; ebean-platform-nuodb; ebean-platform-oracle; ebean-platform-postgres; ebean-platform-sqlanywhere; ebean-platform-sqlite; ebean-platform-sqlserver; ebean-postgis; ebean-postgres; ebean-querybean; ebean-redis; ebean-spring-txn; ebean-sqlite; ebean-sqlserver; ebean-test; ebean-yugabyte; kotlin-querybean-generator; platforms; querybean-generator; tests; composites; ebean; ebean-api; ebean-bom; ebean-clickhouse; ebean-cockroach; ebean-core; ebean-core-type; ebean-db2; ebean-ddl-generator; ebean-h2; ebean-hana; ebean-jackson-mapper; ebean-mariadb; ebean-mysql; ebean-nuodb; ebean-oracle; ebean-parent; ebean-platform-all; ebean-platform-clickhouse; ebean-platform-db2; ebean-platform-h2; ebean-platform-hana; ebean-platform-hsqldb; ebean-platform-mariadb; ebean-platform-mysql; ebean-platform-nuodb; ebean-platform-oracle; ebean-platform-postgres; ebean-platform-sqlanywhere; ebean-platform-sqlite; ebean-platform-sqlserver; ebean-postgis; ebean-postgres; ebean-querybean; ebean-redis; ebean-spring-txn; ebean-sqlite; ebean-sqlserver; ebean-test; ebean-yugabyte; kotlin-querybean-generator; platforms; querybean-generator; tests,52,2.1.214,2022-11-23 21:15:11.360000+00:00,2023-07-05 14:57:30+00:00,223.73771574074075,post_disclosure,CVE-2022-45868,version_changed
27,ebean,H2,4260,composites; ebean; ebean-api; ebean-autotune; ebean-bom; ebean-clickhouse; ebean-cockroach; ebean-core; ebean-core-type; ebean-csv-reader; ebean-db2; ebean-ddl-generator; ebean-externalmapping-api; ebean-externalmapping-xml; ebean-h2; ebean-hana; ebean-jackson-jsonnode; ebean-jackson-mapper; ebean-joda-time; ebean-kotlin; ebean-mariadb; ebean-mysql; ebean-nuodb; ebean-oracle; ebean-parent; ebean-platform-all; ebean-platform-clickhouse; ebean-platform-db2; ebean-platform-h2; ebean-platform-hana; ebean-platform-hsqldb; ebean-platform-mariadb; ebean-platform-mysql; ebean-platform-nuodb; ebean-platform-oracle; ebean-platform-postgres; ebean-platform-sqlanywhere; ebean-platform-sqlite; ebean-platform-sqlserver; ebean-postgis; ebean-postgres; ebean-querybean; ebean-redis; ebean-spring-txn; ebean-sqlite; ebean-sqlserver; ebean-test; ebean-yugabyte; kotlin-querybean-generator; platforms; querybean-generator; tests; composites; ebean; ebean-api; ebean-autotune; ebean-bom; ebean-clickhouse; ebean-cockroach; ebean-core; ebean-core-type; ebean-csv-reader; ebean-db2; ebean-ddl-generator; ebean-externalmapping-api; ebean-externalmapping-xml; ebean-h2; ebean-hana; ebean-jackson-jsonnode; ebean-jackson-mapper; ebean-joda-time; ebean-kotlin; ebean-mariadb; ebean-mysql; ebean-nuodb; ebean-oracle; ebean-parent; ebean-platform-all; ebean-platform-clickhouse; ebean-platform-db2; ebean-platform-h2; ebean-platform-hana; ebean-platform-hsqldb; ebean-platform-mariadb; ebean-platform-mysql; ebean-platform-nuodb; ebean-platform-oracle; ebean-platform-postgres; ebean-platform-sqlanywhere; ebean-platform-sqlite; ebean-platform-sqlserver; ebean-postgis; ebean-postgres; ebean-querybean; ebean-redis; ebean-sqlite; ebean-sqlserver; ebean-test; ebean-yugabyte; kotlin-querybean-generator; platforms; querybean-generator; composites; ebean; ebean-api; ebean-autotune; ebean-bom; ebean-clickhouse; ebean-cockroach; ebean-core; ebean-core-type; ebean-csv-reader; ebean-db2; ebean-ddl-generator; ebean-externalmapping-api; ebean-externalmapping-xml; ebean-h2; ebean-hana; ebean-jackson-jsonnode; ebean-jackson-mapper; ebean-joda-time; ebean-kotlin; ebean-mariadb; ebean-mysql; ebean-nuodb; ebean-oracle; ebean-parent; ebean-platform-all; ebean-platform-clickhouse; ebean-platform-db2; ebean-platform-h2; ebean-platform-hana; ebean-platform-hsqldb; ebean-platform-mariadb; ebean-platform-mysql; ebean-platform-nuodb; ebean-platform-oracle; ebean-platform-postgres; ebean-platform-sqlanywhere; ebean-platform-sqlite; ebean-platform-sqlserver; ebean-postgis; ebean-postgres; ebean-querybean; ebean-redis; ebean-sqlite; ebean-sqlserver; ebean-test; ebean-yugabyte; kotlin-querybean-generator; platforms; querybean-generator; tests; composites; ebean; ebean-api; ebean-autotune; ebean-bom; ebean-clickhouse; ebean-cockroach; ebean-core; ebean-core-type; ebean-csv-reader; ebean-db2; ebean-ddl-generator; ebean-externalmapping-api; ebean-externalmapping-xml; ebean-h2; ebean-hana; ebean-joda-time; ebean-kotlin; ebean-mariadb; ebean-mysql; ebean-nuodb; ebean-oracle; ebean-parent; ebean-platform-all; ebean-platform-clickhouse; ebean-platform-db2; ebean-platform-h2; ebean-platform-hana; ebean-platform-hsqldb; ebean-platform-mariadb; ebean-platform-mysql; ebean-platform-nuodb; ebean-platform-oracle; ebean-platform-postgres; ebean-platform-sqlanywhere; ebean-platform-sqlite; ebean-platform-sqlserver; ebean-postgis; ebean-postgres; ebean-querybean; ebean-redis; ebean-sqlite; ebean-sqlserver; ebean-test; ebean-yugabyte; kotlin-querybean-generator; platforms; querybean-generator; composites; ebean; ebean-api; ebean-bom; ebean-clickhouse; ebean-cockroach; ebean-core; ebean-core-type; ebean-db2; ebean-ddl-generator; ebean-h2; ebean-hana; ebean-jackson-mapper; ebean-kotlin; ebean-mariadb; ebean-mysql; ebean-nuodb; ebean-oracle; ebean-parent; ebean-platform-all; ebean-platform-clickhouse; ebean-platform-db2; ebean-platform-h2; ebean-platform-hana; ebean-platform-hsqldb; ebean-platform-mariadb; ebean-platform-mysql; ebean-platform-nuodb; ebean-platform-oracle; ebean-platform-postgres; ebean-platform-sqlanywhere; ebean-platform-sqlite; ebean-platform-sqlserver; ebean-postgis; ebean-postgres; ebean-querybean; ebean-redis; ebean-spring-txn; ebean-sqlite; ebean-sqlserver; ebean-test; ebean-yugabyte; kotlin-querybean-generator; platforms; querybean-generator; tests; composites; ebean; ebean-api; ebean-bom; ebean-clickhouse; ebean-cockroach; ebean-core; ebean-core-type; ebean-db2; ebean-ddl-generator; ebean-h2; ebean-hana; ebean-jackson-mapper; ebean-mariadb; ebean-mysql; ebean-nuodb; ebean-oracle; ebean-parent; ebean-platform-all; ebean-platform-clickhouse; ebean-platform-db2; ebean-platform-h2; ebean-platform-hana; ebean-platform-hsqldb; ebean-platform-mariadb; ebean-platform-mysql; ebean-platform-nuodb; ebean-platform-oracle; ebean-platform-postgres; ebean-platform-sqlanywhere; ebean-platform-sqlite; ebean-platform-sqlserver; ebean-postgis; ebean-postgres; ebean-querybean; ebean-redis; ebean-spring-txn; ebean-sqlite; ebean-sqlserver; ebean-test; ebean-yugabyte; kotlin-querybean-generator; platforms; querybean-generator; tests,52,2.1.214,2023-07-05 14:57:30+00:00,2023-07-11 00:00:00+00:00,5.376736111111111,post_resolution,CVE-2022-45868,version_changed
27,ebean,HyperSQL,4262,avaje-ebeanorm; avaje-ebeanorm-server; ebean,1,2.0.0,2012-09-14 00:00:00+00:00,2017-01-09 00:00:00+00:00,1578.0,pre_disclosure,CVE-2022-41853,version_changed
27,ebean,HyperSQL,4263,ebean; ebean-core,1,2.3.4,2017-01-09 00:00:00+00:00,2021-09-09 00:00:00+00:00,1704.0,pre_disclosure,CVE-2022-41853,right_censored_no_later_version
27,ebean,MS SQL Server_Microsoft Azure SQL Database,4271,ebean-test,1,9.4.0.jre8,2021-09-23 00:00:00+00:00,2022-04-28 00:00:00+00:00,217.0,pre_disclosure,CVE-2025-59250,version_changed
27,ebean,MS SQL Server_Microsoft Azure SQL Database,4272,ebean-test,1,10.2.0.jre8,2022-04-27 00:00:00+00:00,2025-10-13 00:00:00+00:00,1265.0,pre_disclosure,CVE-2025-59250,version_changed
27,ebean,MS SQL Server_Microsoft Azure SQL Database,4272,ebean-test,1,10.2.0.jre8,2025-10-13 00:00:00+00:00,2025-10-14 17:16:07.240000+00:00,1.7195282407407406,post_resolution,CVE-2025-59250,version_changed
27,ebean,MS SQL Server_Microsoft Azure SQL Database,4272,ebean-test,1,10.2.0.jre8,2025-10-14 17:16:07.240000+00:00,2025-11-23 00:00:00+00:00,39.28047175925926,post_resolution,CVE-2025-59250,version_changed
27,ebean,MySQL,4277,avaje-ebeanorm; avaje-ebeanorm-server,1,5.1.15,2012-09-14 00:00:00+00:00,2014-01-22 00:00:00+00:00,495.0,pre_disclosure,CVE-2015-2575; CVE-2017-3523; CVE-2017-3586; CVE-2017-3589; CVE-2018-3258; CVE-2019-2692; CVE-2020-2934; CVE-2022-21363; CVE-2023-22102,version_changed
27,ebean,MySQL,4278,avaje-ebeanorm,1,5.1.27,2014-01-22 00:00:00+00:00,2015-04-16 17:00:07.253000+00:00,449.7084172800926,pre_disclosure,CVE-2015-2575; CVE-2017-3523; CVE-2017-3586; CVE-2017-3589; CVE-2018-3258; CVE-2019-2692; CVE-2020-2934; CVE-2022-21363; CVE-2023-22102,version_changed
27,ebean,MySQL,4278,avaje-ebeanorm,1,5.1.27,2015-04-16 17:00:07.253000+00:00,2015-05-08 10:55:46+00:00,21.746976238425926,post_disclosure,CVE-2015-2575; CVE-2017-3523; CVE-2017-3586; CVE-2017-3589; CVE-2018-3258; CVE-2019-2692; CVE-2020-2934; CVE-2022-21363; CVE-2023-22102,version_changed
27,ebean,MySQL,4278,avaje-ebeanorm,1,5.1.27,2015-05-08 10:55:46+00:00,2015-07-07 00:00:00+00:00,59.54460648148148,post_resolution,CVE-2015-2575; CVE-2017-3523; CVE-2017-3586; CVE-2017-3589; CVE-2018-3258; CVE-2019-2692; CVE-2020-2934; CVE-2022-21363; CVE-2023-22102,version_changed
27,ebean,MySQL,4279,avaje-ebeanorm; ebean,1,5.1.36,2015-07-07 00:00:00+00:00,2017-01-09 00:00:00+00:00,552.0,pre_disclosure,CVE-2017-3523; CVE-2017-3586; CVE-2017-3589; CVE-2018-3258; CVE-2019-2692; CVE-2020-2934; CVE-2022-21363; CVE-2023-22102,version_changed
27,ebean,MySQL,4280,ebean,1,6.0.5,2017-01-09 00:00:00+00:00,2017-08-30 00:00:00+00:00,233.0,pre_disclosure,CVE-2018-3258; CVE-2019-2692; CVE-2021-2471; CVE-2022-21363; CVE-2023-22102,version_changed
27,ebean,MySQL,4281,ebean,1,5.1.43,2017-08-30 00:00:00+00:00,2018-09-27 09:18:47+00:00,393.3880439814815,pre_disclosure,CVE-2018-3258; CVE-2019-2692; CVE-2020-2934; CVE-2022-21363; CVE-2023-22102,version_changed
27,ebean,MySQL,4281,ebean,1,5.1.43,2018-09-27 09:18:47+00:00,2018-10-17 01:31:27.230000+00:00,19.675465625,post_resolution,CVE-2018-3258; CVE-2019-2692; CVE-2020-2934; CVE-2022-21363; CVE-2023-22102,version_changed
27,ebean,MySQL,4281,ebean,1,5.1.43,2018-10-17 01:31:27.230000+00:00,2019-03-20 19:08:52+00:00,154.73431446759258,post_resolution,CVE-2018-3258; CVE-2019-2692; CVE-2020-2934; CVE-2022-21363; CVE-2023-22102,version_changed
27,ebean,MySQL,4281,ebean,1,5.1.43,2019-03-20 19:08:52+00:00,2019-04-23 19:32:55.880000+00:00,34.01671157407407,post_resolution,CVE-2018-3258; CVE-2019-2692; CVE-2020-2934; CVE-2022-21363; CVE-2023-22102,version_changed
27,ebean,MySQL,4281,ebean,1,5.1.43,2019-04-23 19:32:55.880000+00:00,2019-07-25 00:00:00+00:00,92.18546435185185,post_resolution,CVE-2018-3258; CVE-2019-2692; CVE-2020-2934; CVE-2022-21363; CVE-2023-22102,version_changed
27,ebean,MySQL,4282,ebean; ebean-core,1,8.0.17,2019-07-25 00:00:00+00:00,2020-04-15 14:15:36.453000+00:00,265.59417190972226,pre_disclosure,CVE-2020-2934; CVE-2021-2471; CVE-2022-21363; CVE-2023-22102,version_changed
27,ebean,MySQL,4282,ebean; ebean-core,1,8.0.17,2020-04-15 14:15:36.453000+00:00,2020-07-14 00:00:00+00:00,89.40582809027778,post_disclosure,CVE-2020-2934; CVE-2021-2471; CVE-2022-21363; CVE-2023-22102,version_changed
27,ebean,MySQL,4282,ebean; ebean-core,1,8.0.17,2020-07-14 00:00:00+00:00,2021-09-10 00:00:00+00:00,423.0,post_resolution,CVE-2020-2934; CVE-2021-2471; CVE-2022-21363; CVE-2023-22102,version_changed
27,ebean,MySQL,4283,ebean-test,1,8.0.16,2020-10-08 00:00:00+00:00,2021-09-24 00:00:00+00:00,351.0,post_resolution,CVE-2020-2934; CVE-2021-2471; CVE-2022-21363; CVE-2023-22102,version_changed
27,ebean,MySQL,4284,ebean-test,1,8.0.26,2021-09-23 00:00:00+00:00,2021-09-28 18:17:43+00:00,5.76230324074074,pre_disclosure,CVE-2021-2471; CVE-2022-21363; CVE-2023-22102,version_changed
27,ebean,MySQL,4284,ebean-test,1,8.0.26,2021-09-28 18:17:43+00:00,2021-10-20 11:16:17.117000+00:00,21.70733931712963,post_resolution,CVE-2021-2471; CVE-2022-21363; CVE-2023-22102,version_changed
27,ebean,MySQL,4284,ebean-test,1,8.0.26,2021-10-20 11:16:17.117000+00:00,2021-12-16 00:25:41+00:00,56.548193090277785,post_resolution,CVE-2021-2471; CVE-2022-21363; CVE-2023-22102,version_changed
27,ebean,MySQL,4284,ebean-test,1,8.0.26,2021-12-16 00:25:41+00:00,2022-01-19 12:15:15.680000+00:00,34.492762500000005,post_resolution,CVE-2021-2471; CVE-2022-21363; CVE-2023-22102,version_changed
27,ebean,MySQL,4284,ebean-test,1,8.0.26,2022-01-19 12:15:15.680000+00:00,2022-04-28 00:00:00+00:00,98.48940185185185,post_resolution,CVE-2021-2471; CVE-2022-21363; CVE-2023-22102,version_changed
27,ebean,MySQL,4285,ebean-test,1,8.0.28,2022-04-27 00:00:00+00:00,2023-10-17 22:15:15.100000+00:00,538.9272581018519,pre_disclosure,CVE-2023-22102,right_censored_no_later_version
27,ebean,MySQL,4285,ebean-test,1,8.0.28,2023-10-17 22:15:15.100000+00:00,2023-10-25 08:46:05+00:00,7.438077546296297,post_disclosure,CVE-2023-22102,right_censored_no_later_version
27,ebean,MySQL,4285,ebean-test,1,8.0.28,2023-10-25 08:46:05+00:00,2025-11-23 00:00:00+00:00,759.6346643518518,post_resolution,CVE-2023-22102,right_censored_no_later_version
27,ebean,PostgreSQL,4291,avaje-ebeanorm; avaje-ebeanorm-server,1,8.4-701.jdbc4,2012-09-14 00:00:00+00:00,2015-05-28 00:00:00+00:00,986.0,pre_disclosure,CVE-2018-10936,version_changed
27,ebean,PostgreSQL,4292,avaje-ebeanorm,1,9.4-1201-jdbc41,2015-05-28 00:00:00+00:00,2015-09-17 00:00:00+00:00,112.0,pre_disclosure,CVE-2018-10936; CVE-2020-13692; CVE-2022-41946,version_changed
27,ebean,PostgreSQL,4293,avaje-ebeanorm; ebean,1,9.4-1202-jdbc41,2015-09-17 00:00:00+00:00,2017-01-09 00:00:00+00:00,480.0,pre_disclosure,CVE-2018-10936; CVE-2020-13692; CVE-2022-41946,version_changed
27,ebean,PostgreSQL,4294,ebean,1,9.4.1212.jre7,2017-01-09 00:00:00+00:00,2017-06-25 00:00:00+00:00,167.0,pre_disclosure,CVE-2018-10936; CVE-2020-13692; CVE-2022-41946,version_changed
27,ebean,PostgreSQL,4295,ebean,1,42.1.1,2017-06-25 00:00:00+00:00,2017-07-02 00:00:00+00:00,7.0,pre_disclosure,CVE-2018-10936; CVE-2020-13692; CVE-2022-26520; CVE-2022-41946; GHSA-673j-qm5f-xpv8,version_changed
27,ebean,PostgreSQL,4296,ebean,1,42.1.1.jre7,2017-06-25 00:00:00+00:00,2017-07-02 00:00:00+00:00,7.0,pre_disclosure,CVE-2018-10936; CVE-2020-13692; CVE-2022-26520; CVE-2022-41946; GHSA-673j-qm5f-xpv8,version_changed
27,ebean,PostgreSQL,4297,ebean,1,9.4.1212,2017-06-25 00:00:00+00:00,2018-06-28 00:00:00+00:00,368.0,pre_disclosure,CVE-2018-10936; CVE-2022-41946,version_changed
27,ebean,PostgreSQL,4298,ebean,1,42.2.2,2018-06-28 00:00:00+00:00,2018-08-27 15:43:21+00:00,60.65510416666667,pre_disclosure,CVE-2018-10936; CVE-2020-13692; CVE-2022-26520; CVE-2026-42198; GHSA-673j-qm5f-xpv8,version_changed
27,ebean,PostgreSQL,4298,ebean,1,42.2.2,2018-08-27 15:43:21+00:00,2018-08-30 13:29:00.377000+00:00,2.906705752314815,post_resolution,CVE-2018-10936; CVE-2020-13692; CVE-2022-26520; CVE-2026-42198; GHSA-673j-qm5f-xpv8,version_changed
27,ebean,PostgreSQL,4298,ebean,1,42.2.2,2018-08-30 13:29:00.377000+00:00,2020-02-28 00:00:00+00:00,546.4381900810185,post_resolution,CVE-2018-10936; CVE-2020-13692; CVE-2022-26520; CVE-2026-42198; GHSA-673j-qm5f-xpv8,version_changed
27,ebean,PostgreSQL,4299,ebean; ebean-core,1,42.2.10,2020-02-28 00:00:00+00:00,2020-06-04 13:16:11+00:00,97.5529050925926,pre_disclosure,CVE-2020-13692; CVE-2022-26520; CVE-2026-42198; GHSA-673j-qm5f-xpv8,version_changed
27,ebean,PostgreSQL,4299,ebean; ebean-core,1,42.2.10,2020-06-04 13:16:11+00:00,2020-06-04 16:15:12.657000+00:00,0.12432473379629629,post_resolution,CVE-2020-13692; CVE-2022-26520; CVE-2026-42198; GHSA-673j-qm5f-xpv8,version_changed
27,ebean,PostgreSQL,4299,ebean; ebean-core,1,42.2.10,2020-06-04 16:15:12.657000+00:00,2021-07-13 00:00:00+00:00,403.32277017361116,post_resolution,CVE-2020-13692; CVE-2022-26520; CVE-2026-42198; GHSA-673j-qm5f-xpv8,version_changed
27,ebean,PostgreSQL,4300,ebean-test,1,42.2.12,2020-10-08 00:00:00+00:00,2020-12-23 00:00:00+00:00,76.0,post_resolution,CVE-2020-13692; CVE-2022-26520; CVE-2026-42198; GHSA-673j-qm5f-xpv8,version_changed
27,ebean,PostgreSQL,4301,ebean-postgis,1,42.2.8,2020-10-22 00:00:00+00:00,2021-10-13 00:00:00+00:00,356.0,post_resolution,CVE-2020-13692; CVE-2022-26520; CVE-2026-42198; GHSA-673j-qm5f-xpv8,version_changed
27,ebean,PostgreSQL,4302,ebean-test,1,42.2.18,2020-12-23 00:00:00+00:00,2021-09-22 00:00:00+00:00,273.0,pre_disclosure,CVE-2022-26520; CVE-2026-42198; GHSA-673j-qm5f-xpv8,version_changed
27,ebean,PostgreSQL,4303,ebean-core,1,42.2.20,2021-06-14 00:00:00+00:00,2021-10-13 00:00:00+00:00,121.0,pre_disclosure,CVE-2022-26520; CVE-2026-42198; GHSA-673j-qm5f-xpv8,version_changed
27,ebean,PostgreSQL,4304,ebean-test,1,42.2.23,2021-09-21 00:00:00+00:00,2021-10-13 00:00:00+00:00,22.0,pre_disclosure,CVE-2022-26520; CVE-2026-42198; GHSA-673j-qm5f-xpv8,version_changed
27,ebean,PostgreSQL,4305,ebean-core; ebean-postgis; ebean-test,3,42.2.24,2021-10-13 00:00:00+00:00,2022-02-03 00:00:00+00:00,113.0,pre_disclosure,CVE-2022-26520; CVE-2026-42198; GHSA-673j-qm5f-xpv8,version_changed
27,ebean,PostgreSQL,4306,ebean-core; ebean-postgis; ebean-test; ebean-core; ebean-test; ebean-test,3,42.3.2,2022-02-02 00:00:00+00:00,2022-02-15 19:06:43+00:00,13.796331018518519,pre_disclosure,CVE-2022-26520; CVE-2022-31197; CVE-2022-41946; CVE-2026-42198; GHSA-673j-qm5f-xpv8,version_changed
27,ebean,PostgreSQL,4306,ebean-core; ebean-postgis; ebean-test; ebean-core; ebean-test; ebean-test,3,42.3.2,2022-02-15 19:06:43+00:00,2022-02-16 00:08:18+00:00,0.20943287037037037,post_resolution,CVE-2022-26520; CVE-2022-31197; CVE-2022-41946; CVE-2026-42198; GHSA-673j-qm5f-xpv8,version_changed
27,ebean,PostgreSQL,4306,ebean-core; ebean-postgis; ebean-test; ebean-core; ebean-test; ebean-test,3,42.3.2,2022-02-16 00:08:18+00:00,2022-03-01 00:00:00+00:00,12.99423611111111,post_resolution,CVE-2022-26520; CVE-2022-31197; CVE-2022-41946; CVE-2026-42198; GHSA-673j-qm5f-xpv8,version_changed
27,ebean,PostgreSQL,4307,ebean-core; ebean-postgis; ebean-core; ebean-postgis; ebean-test; ebean-postgis,3,42.3.3,2022-02-17 00:00:00+00:00,2022-08-03 19:15:08.630000+00:00,167.8021832175926,pre_disclosure,CVE-2022-31197; CVE-2022-41946; CVE-2026-42198,version_changed
27,ebean,PostgreSQL,4307,ebean-core; ebean-postgis; ebean-core; ebean-postgis; ebean-test; ebean-postgis,3,42.3.3,2022-08-03 19:15:08.630000+00:00,2022-08-15 00:00:00+00:00,11.197816782407408,post_disclosure,CVE-2022-31197; CVE-2022-41946; CVE-2026-42198,version_changed
27,ebean,PostgreSQL,4307,ebean-core; ebean-postgis; ebean-core; ebean-postgis; ebean-test; ebean-postgis,3,42.3.3,2022-08-15 00:00:00+00:00,2022-08-16 00:00:00+00:00,1.0,post_resolution,CVE-2022-31197; CVE-2022-41946; CVE-2026-42198,version_changed
27,ebean,PostgreSQL,4308,ebean-core-type; ebean-core; ebean-postgis; ebean-test,3,42.4.1,2022-08-09 00:00:00+00:00,2022-11-24 00:00:00+00:00,107.0,pre_disclosure,CVE-2026-42198,version_changed
27,ebean,PostgreSQL,4309,ebean-core; ebean-core; ebean-platform-postgres; ebean-postgis; ebean-test; ebean-core; ebean-postgis; ebean-test; ebean-core; ebean-test,4,42.5.0,2022-09-23 00:00:00+00:00,2022-12-08 00:00:00+00:00,76.0,pre_disclosure,CVE-2026-42198,version_changed
27,ebean,PostgreSQL,4310,ebean-core-type,1,42.4.3,2022-11-24 00:00:00+00:00,2023-10-10 00:00:00+00:00,320.0,pre_disclosure,CVE-2026-42198,version_changed
27,ebean,PostgreSQL,4311,ebean-core; ebean-platform-postgres; ebean-postgis; ebean-test; ebean-platform-postgres; ebean-platform-postgres; ebean-postgis; ebean-platform-postgres; ebean-postgis; ebean-test,4,42.5.1,2022-11-24 00:00:00+00:00,2023-10-10 00:00:00+00:00,320.0,pre_disclosure,CVE-2026-42198,version_changed
27,ebean,PostgreSQL,4312,ebean-core; ebean-core-type; ebean-platform-postgres; ebean-postgis; ebean-postgis-types; ebean-test,6,42.6.0,2023-10-06 00:00:00+00:00,2024-02-21 00:00:00+00:00,138.0,pre_disclosure,CVE-2026-42198,version_changed
27,ebean,PostgreSQL,4313,ebean-core; ebean-core-type; ebean-net-postgis; ebean-net-postgis-types; ebean-pgvector; ebean-pgvector-types; ebean-platform-postgres; ebean-postgis; ebean-postgis-types; ebean-test; ebean-core; ebean-core-type; ebean-net-postgis; ebean-net-postgis-types; ebean-platform-postgres; ebean-postgis; ebean-postgis-types; ebean-test; ebean-core; ebean-core-type; ebean-platform-postgres; ebean-postgis; ebean-postgis-types; ebean-test,10,42.7.2,2024-02-21 00:00:00+00:00,2025-11-23 00:00:00+00:00,641.0,pre_disclosure,CVE-2026-42198,right_censored_no_later_version
27,ebean,Redis,4314,ebean-redis,1,3.4.0,2020-12-18 00:00:00+00:00,2021-03-16 00:00:00+00:00,88.0,pre_disclosure,CVE-2023-42809,version_changed
27,ebean,Redis,4315,ebean-redis,1,3.5.2,2021-03-16 00:00:00+00:00,2021-04-20 00:00:00+00:00,35.0,pre_disclosure,CVE-2023-42809,version_changed
27,ebean,Redis,4316,ebean-redis,1,3.6.0,2021-04-20 00:00:00+00:00,2021-06-14 00:00:00+00:00,55.0,pre_disclosure,CVE-2023-42809,version_changed
27,ebean,Redis,4317,ebean-redis,1,3.6.1,2021-06-14 00:00:00+00:00,2021-08-11 00:00:00+00:00,58.0,pre_disclosure,CVE-2023-42809,version_changed
27,ebean,Redis,4318,ebean-redis,1,3.6.3,2021-08-11 00:00:00+00:00,2022-01-14 00:00:00+00:00,156.0,pre_disclosure,CVE-2023-42809,version_changed
27,ebean,Redis,4319,ebean-redis,1,3.8.0,2021-12-20 00:00:00+00:00,2022-01-29 00:00:00+00:00,40.0,pre_disclosure,CVE-2023-42809,version_changed
27,ebean,SQLite,4327,avaje-ebeanorm,1,3.7.2,2013-05-01 00:00:00+00:00,2016-03-21 00:00:00+00:00,1055.0,pre_disclosure,CVE-2023-32697,version_changed
27,ebean,SQLite,4328,avaje-ebeanorm; ebean,1,3.8.11.2,2016-03-21 00:00:00+00:00,2017-01-09 00:00:00+00:00,294.0,pre_disclosure,CVE-2023-32697,version_changed
27,ebean,SQLite,4329,ebean; ebean-core,1,3.15.1,2017-01-09 00:00:00+00:00,2021-12-01 00:00:00+00:00,1787.0,pre_disclosure,CVE-2023-32697,version_changed
27,ebean,SQLite,4330,ebean-test,1,3.36.0.3,2021-12-01 00:00:00+00:00,2023-05-19 10:50:50+00:00,534.4519675925926,pre_disclosure,CVE-2023-32697,version_changed
27,ebean,SQLite,4330,ebean-test,1,3.36.0.3,2023-05-19 10:50:50+00:00,2023-05-23 23:15:09.337000+00:00,4.516890474537037,post_resolution,CVE-2023-32697,version_changed
27,ebean,SQLite,4330,ebean-test,1,3.36.0.3,2023-05-23 23:15:09.337000+00:00,2023-05-24 00:00:00+00:00,0.03114193287037037,post_resolution,CVE-2023-32697,version_changed
28,vert.x,Hazelcast,4334,vertx-dist; vertx-hazelcast; vertx-dist; vertx-hazelcast; vertx-testsuite,3,3.2.1,2014-05-20 00:00:00+00:00,2014-09-24 00:00:00+00:00,127.0,pre_disclosure,CVE-2016-10750; CVE-2023-33265; CVE-2023-45860,version_changed
28,vert.x,Hazelcast,4335,vertx-dist; vertx-hazelcast; vertx-hazelcast,2,3.2.5,2014-08-20 00:00:00+00:00,2014-10-29 00:00:00+00:00,70.0,pre_disclosure,CVE-2016-10750; CVE-2023-33265; CVE-2023-45860,version_changed
28,vert.x,Hazelcast,4336,vertx-hazelcast,1,3.3.1,2014-10-29 00:00:00+00:00,2014-11-15 00:00:00+00:00,17.0,pre_disclosure,CVE-2016-10750; CVE-2023-33265; CVE-2023-45860,right_censored_no_later_version
31,flyway,H2,4341,flyway-commandline,1,1.4.196,2017-11-13 00:00:00+00:00,2018-05-17 00:00:00+00:00,185.0,pre_disclosure,CVE-2018-14335; CVE-2021-42392; CVE-2022-23221,version_changed
31,flyway,H2,4342,flyway-commandline,1,1.4.197,2018-05-07 00:00:00+00:00,2018-07-24 13:29:00.603000+00:00,78.56181253472222,pre_disclosure,CVE-2018-14335; CVE-2021-42392; CVE-2022-23221,version_changed
31,flyway,H2,4342,flyway-commandline,1,1.4.197,2018-07-24 13:29:00.603000+00:00,2019-02-22 14:41:59+00:00,213.0506758912037,post_disclosure,CVE-2018-14335; CVE-2021-42392; CVE-2022-23221,version_changed
31,flyway,H2,4342,flyway-commandline,1,1.4.197,2019-02-22 14:41:59+00:00,2019-04-09 00:00:00+00:00,45.387511574074075,post_resolution,CVE-2018-14335; CVE-2021-42392; CVE-2022-23221,version_changed
31,flyway,H2,4343,flyway-commandline,1,1.4.199,2019-04-09 00:00:00+00:00,2019-11-01 00:00:00+00:00,206.0,pre_disclosure,CVE-2021-23463; CVE-2021-42392; CVE-2022-23221; CVE-2022-45868,version_changed
31,flyway,H2,4344,flyway-commandline,1,1.4.200,2019-11-01 00:00:00+00:00,2021-11-29 11:00:04+00:00,759.4583796296296,pre_disclosure,CVE-2021-23463; CVE-2021-42392; CVE-2022-23221; CVE-2022-45868,version_changed
31,flyway,H2,4344,flyway-commandline,1,1.4.200,2021-11-29 11:00:04+00:00,2021-12-08 00:00:00+00:00,8.54162037037037,post_resolution,CVE-2021-23463; CVE-2021-42392; CVE-2022-23221; CVE-2022-45868,version_changed
31,flyway,H2,4345,flyway-commandline,1,2.0.202,2021-12-08 00:00:00+00:00,2022-01-04 20:53:00+00:00,27.87013888888889,pre_disclosure,CVE-2021-42392; CVE-2022-23221; CVE-2022-45868,version_changed
31,flyway,H2,4345,flyway-commandline,1,2.0.202,2022-01-04 20:53:00+00:00,2022-01-10 00:00:00+00:00,5.129861111111111,post_resolution,CVE-2021-42392; CVE-2022-23221; CVE-2022-45868,version_changed
31,flyway,H2,4346,flyway-commandline,1,2.0.206,2022-01-10 00:00:00+00:00,2022-01-17 16:18:52+00:00,7.679768518518519,pre_disclosure,CVE-2022-23221; CVE-2022-45868,version_changed
31,flyway,H2,4346,flyway-commandline,1,2.0.206,2022-01-17 16:18:52+00:00,2022-01-19 17:15:09+00:00,2.039085648148148,post_resolution,CVE-2022-23221; CVE-2022-45868,version_changed
31,flyway,H2,4346,flyway-commandline,1,2.0.206,2022-01-19 17:15:09+00:00,2022-01-21 00:00:00+00:00,1.2811458333333334,post_resolution,CVE-2022-23221; CVE-2022-45868,version_changed
31,flyway,H2,4347,flyway-commandline,1,2.1.210,2022-01-21 00:00:00+00:00,2022-08-08 00:00:00+00:00,199.0,pre_disclosure,CVE-2022-45868,version_changed
31,flyway,H2,4348,flyway-commandline,1,2.1.214,2022-08-08 00:00:00+00:00,2022-11-23 21:15:11.360000+00:00,107.88554814814815,pre_disclosure,CVE-2022-45868,version_changed
31,flyway,H2,4348,flyway-commandline,1,2.1.214,2022-11-23 21:15:11.360000+00:00,2023-07-05 14:57:30+00:00,223.73771574074075,post_disclosure,CVE-2022-45868,version_changed
31,flyway,H2,4348,flyway-commandline,1,2.1.214,2023-07-05 14:57:30+00:00,2023-07-27 00:00:00+00:00,21.37673611111111,post_resolution,CVE-2022-45868,version_changed
31,flyway,HyperSQL,4350,flyway-commandline,1,2.4.0,2017-11-13 00:00:00+00:00,2018-11-07 00:00:00+00:00,359.0,pre_disclosure,CVE-2022-41853,version_changed
31,flyway,HyperSQL,4351,flyway-commandline,1,2.4.1,2018-09-26 00:00:00+00:00,2019-07-31 00:00:00+00:00,308.0,pre_disclosure,CVE-2022-41853,version_changed
31,flyway,HyperSQL,4352,flyway-commandline,1,2.5.0,2019-07-31 00:00:00+00:00,2021-03-26 00:00:00+00:00,604.0,pre_disclosure,CVE-2022-41853,version_changed
31,flyway,HyperSQL,4353,flyway-commandline,1,2.5.1,2021-03-26 00:00:00+00:00,2021-06-28 00:00:00+00:00,94.0,pre_disclosure,CVE-2022-41853,version_changed
31,flyway,HyperSQL,4354,flyway-commandline,1,2.6.0,2021-06-28 00:00:00+00:00,2022-06-22 00:00:00+00:00,359.0,pre_disclosure,CVE-2022-41853,version_changed
31,flyway,HyperSQL,4355,flyway-commandline,1,2.6.1,2022-06-22 00:00:00+00:00,2022-10-06 18:17:07.190000+00:00,106.76188877314814,pre_disclosure,CVE-2022-41853,version_changed
31,flyway,HyperSQL,4355,flyway-commandline,1,2.6.1,2022-10-06 18:17:07.190000+00:00,2022-10-22 14:19:43+00:00,15.835136689814815,post_disclosure,CVE-2022-41853,version_changed
31,flyway,HyperSQL,4355,flyway-commandline,1,2.6.1,2022-10-22 14:19:43+00:00,2022-10-26 00:00:00+00:00,3.402974537037037,post_resolution,CVE-2022-41853,version_changed
31,flyway,Ignite,4357,flyway-community-db-support,1,2.9.0,2021-04-26 00:00:00+00:00,2022-11-24 00:00:00+00:00,577.0,pre_disclosure,CVE-2024-52577,version_changed
31,flyway,Ignite,4358,flyway-community-db-support; flyway-database-ignite,1,2.13.0,2022-11-24 00:00:00+00:00,2023-11-13 00:00:00+00:00,354.0,pre_disclosure,CVE-2024-52577,right_censored_no_later_version
31,flyway,MS SQL Server_Microsoft Azure SQL Database,4363,flyway-commandline,1,8.4.1.jre8,2020-11-11 00:00:00+00:00,2021-03-25 00:00:00+00:00,134.0,pre_disclosure,CVE-2025-59250,version_changed
31,flyway,MS SQL Server_Microsoft Azure SQL Database,4364,flyway-commandline,1,9.2.1.jre8,2021-03-25 00:00:00+00:00,2022-03-08 00:00:00+00:00,348.0,pre_disclosure,CVE-2025-59250,version_changed
31,flyway,MS SQL Server_Microsoft Azure SQL Database,4365,flyway-commandline,1,10.2.0.jre8,2022-03-08 00:00:00+00:00,2023-06-20 00:00:00+00:00,469.0,pre_disclosure,CVE-2025-59250,version_changed
31,flyway,MS SQL Server_Microsoft Azure SQL Database,4366,flyway-commandline,1,12.2.0.jre8,2023-06-20 00:00:00+00:00,2023-11-13 00:00:00+00:00,146.0,pre_disclosure,CVE-2025-59250,right_censored_no_later_version
31,flyway,MySQL,4377,flyway-commandline,1,8.0.12,2018-09-18 00:00:00+00:00,2018-09-27 09:18:47+00:00,9.38804398148148,pre_disclosure,CVE-2018-3258; CVE-2019-2692; CVE-2020-2934; CVE-2021-2471; CVE-2022-21363; CVE-2023-22102,version_changed
31,flyway,MySQL,4377,flyway-commandline,1,8.0.12,2018-09-27 09:18:47+00:00,2018-10-17 01:31:27.230000+00:00,19.675465625,post_resolution,CVE-2018-3258; CVE-2019-2692; CVE-2020-2934; CVE-2021-2471; CVE-2022-21363; CVE-2023-22102,version_changed
31,flyway,MySQL,4377,flyway-commandline,1,8.0.12,2018-10-17 01:31:27.230000+00:00,2019-03-20 19:08:52+00:00,154.73431446759258,post_resolution,CVE-2018-3258; CVE-2019-2692; CVE-2020-2934; CVE-2021-2471; CVE-2022-21363; CVE-2023-22102,version_changed
31,flyway,MySQL,4377,flyway-commandline,1,8.0.12,2019-03-20 19:08:52+00:00,2019-04-23 19:32:55.880000+00:00,34.01671157407407,post_resolution,CVE-2018-3258; CVE-2019-2692; CVE-2020-2934; CVE-2021-2471; CVE-2022-21363; CVE-2023-22102,version_changed
31,flyway,MySQL,4377,flyway-commandline,1,8.0.12,2019-04-23 19:32:55.880000+00:00,2019-08-01 00:00:00+00:00,99.18546435185185,post_resolution,CVE-2018-3258; CVE-2019-2692; CVE-2020-2934; CVE-2021-2471; CVE-2022-21363; CVE-2023-22102,version_changed
31,flyway,MySQL,4378,flyway-commandline,1,8.0.17,2019-08-01 00:00:00+00:00,2020-04-15 14:15:36.453000+00:00,258.59417190972226,pre_disclosure,CVE-2020-2934; CVE-2021-2471; CVE-2022-21363; CVE-2023-22102,version_changed
31,flyway,MySQL,4378,flyway-commandline,1,8.0.17,2020-04-15 14:15:36.453000+00:00,2020-07-14 00:00:00+00:00,89.40582809027778,post_disclosure,CVE-2020-2934; CVE-2021-2471; CVE-2022-21363; CVE-2023-22102,version_changed
31,flyway,MySQL,4378,flyway-commandline,1,8.0.17,2020-07-14 00:00:00+00:00,2020-10-13 00:00:00+00:00,91.0,post_resolution,CVE-2020-2934; CVE-2021-2471; CVE-2022-21363; CVE-2023-22102,version_changed
31,flyway,MySQL,4379,flyway-commandline,1,8.0.20,2020-10-13 00:00:00+00:00,2021-03-26 00:00:00+00:00,164.0,pre_disclosure,CVE-2021-2471; CVE-2022-21363; CVE-2023-22102,version_changed
31,flyway,MySQL,4380,flyway-commandline,1,8.0.23,2021-03-26 00:00:00+00:00,2021-04-30 00:00:00+00:00,35.0,pre_disclosure,CVE-2021-2471; CVE-2022-21363; CVE-2023-22102,version_changed
31,flyway,MySQL,4381,flyway-commandline,1,8.0.24,2021-04-29 00:00:00+00:00,2021-09-28 18:17:43+00:00,152.76230324074075,pre_disclosure,CVE-2021-2471; CVE-2022-21363; CVE-2023-22102,right_censored_no_later_version
31,flyway,MySQL,4381,flyway-commandline,1,8.0.24,2021-09-28 18:17:43+00:00,2021-10-20 11:16:17.117000+00:00,21.70733931712963,post_resolution,CVE-2021-2471; CVE-2022-21363; CVE-2023-22102,right_censored_no_later_version
31,flyway,MySQL,4381,flyway-commandline,1,8.0.24,2021-10-20 11:16:17.117000+00:00,2021-11-30 00:00:00+00:00,40.53035744212963,post_resolution,CVE-2021-2471; CVE-2022-21363; CVE-2023-22102,right_censored_no_later_version
31,flyway,PostgreSQL,4384,flyway-commandline; flyway-core,2,42.1.4.jre6,2017-11-13 00:00:00+00:00,2018-05-18 00:00:00+00:00,186.0,pre_disclosure,CVE-2018-10936; CVE-2020-13692; CVE-2022-26520; CVE-2022-41946; GHSA-673j-qm5f-xpv8,version_changed
31,flyway,PostgreSQL,4385,flyway-commandline; flyway-core,2,42.2.2.jre6,2018-05-17 00:00:00+00:00,2018-08-27 15:43:21+00:00,102.65510416666666,pre_disclosure,CVE-2018-10936; CVE-2020-13692; CVE-2022-26520; CVE-2026-42198; GHSA-673j-qm5f-xpv8,version_changed
31,flyway,PostgreSQL,4385,flyway-commandline; flyway-core,2,42.2.2.jre6,2018-08-27 15:43:21+00:00,2018-08-30 13:29:00.377000+00:00,2.906705752314815,post_resolution,CVE-2018-10936; CVE-2020-13692; CVE-2022-26520; CVE-2026-42198; GHSA-673j-qm5f-xpv8,version_changed
31,flyway,PostgreSQL,4385,flyway-commandline; flyway-core,2,42.2.2.jre6,2018-08-30 13:29:00.377000+00:00,2018-11-07 00:00:00+00:00,68.43819008101852,post_resolution,CVE-2018-10936; CVE-2020-13692; CVE-2022-26520; CVE-2026-42198; GHSA-673j-qm5f-xpv8,version_changed
31,flyway,PostgreSQL,4386,flyway-commandline; flyway-core,2,42.2.5.jre6,2018-09-26 00:00:00+00:00,2019-10-08 00:00:00+00:00,377.0,pre_disclosure,CVE-2020-13692; CVE-2022-26520; CVE-2026-42198; GHSA-673j-qm5f-xpv8,version_changed
31,flyway,PostgreSQL,4387,flyway-commandline; flyway-core,2,42.2.8.jre6,2019-10-08 00:00:00+00:00,2020-04-16 00:00:00+00:00,191.0,pre_disclosure,CVE-2020-13692; CVE-2022-26520; CVE-2026-42198; GHSA-673j-qm5f-xpv8,version_changed
31,flyway,PostgreSQL,4388,flyway-commandline; flyway-core,2,42.2.12.jre6,2020-04-16 00:00:00+00:00,2020-06-04 13:16:11+00:00,49.552905092592596,pre_disclosure,CVE-2020-13692; CVE-2022-26520; CVE-2026-42198; GHSA-673j-qm5f-xpv8,version_changed
31,flyway,PostgreSQL,4388,flyway-commandline; flyway-core,2,42.2.12.jre6,2020-06-04 13:16:11+00:00,2020-06-04 16:15:12.657000+00:00,0.12432473379629629,post_resolution,CVE-2020-13692; CVE-2022-26520; CVE-2026-42198; GHSA-673j-qm5f-xpv8,version_changed
31,flyway,PostgreSQL,4388,flyway-commandline; flyway-core,2,42.2.12.jre6,2020-06-04 16:15:12.657000+00:00,2020-09-18 00:00:00+00:00,105.32277017361112,post_resolution,CVE-2020-13692; CVE-2022-26520; CVE-2026-42198; GHSA-673j-qm5f-xpv8,version_changed
31,flyway,PostgreSQL,4389,flyway-commandline; flyway-core,2,42.2.13.jre6,2020-09-18 00:00:00+00:00,2020-09-22 00:00:00+00:00,4.0,pre_disclosure,CVE-2022-26520; CVE-2026-42198; GHSA-673j-qm5f-xpv8,version_changed
31,flyway,PostgreSQL,4390,flyway-commandline; flyway-core,2,42.2.14,2020-09-22 00:00:00+00:00,2021-03-24 00:00:00+00:00,183.0,pre_disclosure,CVE-2022-26520; CVE-2026-42198; GHSA-673j-qm5f-xpv8,version_changed
31,flyway,PostgreSQL,4391,flyway-commandline; flyway-core,2,42.2.19.jre7,2021-03-24 00:00:00+00:00,2021-03-26 00:00:00+00:00,2.0,pre_disclosure,CVE-2022-26520; CVE-2026-42198; GHSA-673j-qm5f-xpv8,version_changed
31,flyway,PostgreSQL,4392,flyway-commandline; flyway-core,2,42.2.19,2021-03-26 00:00:00+00:00,2022-02-03 00:00:00+00:00,314.0,pre_disclosure,CVE-2022-26520; CVE-2026-42198; GHSA-673j-qm5f-xpv8,version_changed
31,flyway,PostgreSQL,4393,flyway-commandline; flyway-core,2,42.2.25,2022-02-03 00:00:00+00:00,2022-02-15 19:06:43+00:00,12.796331018518519,pre_disclosure,CVE-2022-26520; CVE-2026-42198; GHSA-673j-qm5f-xpv8,version_changed
31,flyway,PostgreSQL,4393,flyway-commandline; flyway-core,2,42.2.25,2022-02-15 19:06:43+00:00,2022-02-16 00:08:18+00:00,0.20943287037037037,post_resolution,CVE-2022-26520; CVE-2026-42198; GHSA-673j-qm5f-xpv8,version_changed
31,flyway,PostgreSQL,4393,flyway-commandline; flyway-core,2,42.2.25,2022-02-16 00:08:18+00:00,2022-03-10 17:47:45.810000+00:00,22.735738541666667,post_resolution,CVE-2022-26520; CVE-2026-42198; GHSA-673j-qm5f-xpv8,version_changed
31,flyway,PostgreSQL,4393,flyway-commandline; flyway-core,2,42.2.25,2022-03-10 17:47:45.810000+00:00,2022-03-14 00:00:00+00:00,3.2584975694444447,post_resolution,CVE-2022-26520; CVE-2026-42198; GHSA-673j-qm5f-xpv8,version_changed
31,flyway,PostgreSQL,4394,flyway-commandline; flyway-core,2,42.3.3,2022-03-14 00:00:00+00:00,2022-08-03 19:15:08.630000+00:00,142.8021832175926,pre_disclosure,CVE-2022-31197; CVE-2022-41946; CVE-2026-42198,version_changed
31,flyway,PostgreSQL,4394,flyway-commandline; flyway-core,2,42.3.3,2022-08-03 19:15:08.630000+00:00,2022-08-15 00:00:00+00:00,11.197816782407408,post_disclosure,CVE-2022-31197; CVE-2022-41946; CVE-2026-42198,version_changed
31,flyway,PostgreSQL,4395,flyway-commandline; flyway-core,2,42.4.1,2022-08-15 00:00:00+00:00,2022-12-07 00:00:00+00:00,114.0,pre_disclosure,CVE-2026-42198,version_changed
31,flyway,PostgreSQL,4396,flyway-commandline; flyway-commandline; flyway-core,2,42.4.3,2022-12-07 00:00:00+00:00,2023-11-13 00:00:00+00:00,341.0,pre_disclosure,CVE-2026-42198,right_censored_no_later_version
31,flyway,SQLite,4397,flyway-commandline,1,3.20.1,2017-11-13 00:00:00+00:00,2018-11-07 00:00:00+00:00,359.0,pre_disclosure,CVE-2023-32697,version_changed
31,flyway,SQLite,4398,flyway-commandline,1,3.23.1,2018-09-26 00:00:00+00:00,2020-04-16 00:00:00+00:00,568.0,pre_disclosure,CVE-2023-32697,version_changed
31,flyway,SQLite,4399,flyway-commandline,1,3.30.1,2020-04-16 00:00:00+00:00,2021-03-26 00:00:00+00:00,344.0,pre_disclosure,CVE-2023-32697,version_changed
31,flyway,SQLite,4400,flyway-commandline,1,3.34.0,2021-03-26 00:00:00+00:00,2023-04-27 00:00:00+00:00,762.0,pre_disclosure,CVE-2023-32697,version_changed
31,flyway,SQLite,4401,flyway-commandline,1,3.41.2.1,2023-04-27 00:00:00+00:00,2023-05-19 10:50:50+00:00,22.45196759259259,pre_disclosure,CVE-2023-32697,version_changed
31,flyway,SQLite,4401,flyway-commandline,1,3.41.2.1,2023-05-19 10:50:50+00:00,2023-05-23 23:15:09.337000+00:00,4.516890474537037,post_resolution,CVE-2023-32697,version_changed
31,flyway,SQLite,4401,flyway-commandline,1,3.41.2.1,2023-05-23 23:15:09.337000+00:00,2023-05-24 00:00:00+00:00,0.03114193287037037,post_resolution,CVE-2023-32697,version_changed
31,flyway,Snowflake,4404,flyway-commandline,1,3.10.2,2019-11-15 00:00:00+00:00,2020-02-03 00:00:00+00:00,80.0,pre_disclosure,CVE-2023-30535; CVE-2024-43382; CVE-2025-24789; CVE-2025-24790; CVE-2025-27496; CVE-2026-3293,version_changed
31,flyway,Snowflake,4405,flyway-commandline,1,3.11.1,2020-02-03 00:00:00+00:00,2020-11-11 00:00:00+00:00,282.0,pre_disclosure,CVE-2023-30535; CVE-2024-43382; CVE-2025-24789; CVE-2025-24790; CVE-2025-27496; CVE-2026-3293,version_changed
31,flyway,Snowflake,4406,flyway-commandline,1,3.12.0,2020-11-11 00:00:00+00:00,2021-02-15 00:00:00+00:00,96.0,pre_disclosure,CVE-2023-30535; CVE-2024-43382; CVE-2025-24789; CVE-2025-24790; CVE-2025-27496; CVE-2026-3293,version_changed
31,flyway,Snowflake,4407,flyway-commandline,1,3.12.17,2021-02-15 00:00:00+00:00,2021-03-26 00:00:00+00:00,39.0,pre_disclosure,CVE-2023-30535; CVE-2024-43382; CVE-2025-24789; CVE-2025-24790; CVE-2025-27496; CVE-2026-3293,version_changed
31,flyway,Snowflake,4408,flyway-commandline,1,3.13.1,2021-03-26 00:00:00+00:00,2022-08-31 00:00:00+00:00,523.0,pre_disclosure,CVE-2023-30535; CVE-2024-43382; CVE-2025-24789; CVE-2025-24790; CVE-2025-27496; CVE-2026-3293,version_changed
31,flyway,Snowflake,4409,flyway-commandline,1,3.13.22,2022-08-31 00:00:00+00:00,2023-03-17 21:24:53+00:00,198.89228009259259,pre_disclosure,CVE-2023-30535; CVE-2024-43382; CVE-2025-24789; CVE-2025-24790; CVE-2025-27496; CVE-2026-3293,version_changed
31,flyway,Snowflake,4409,flyway-commandline,1,3.13.22,2023-03-17 21:24:53+00:00,2023-04-14 20:15:09.963000+00:00,27.951585219907408,post_resolution,CVE-2023-30535; CVE-2024-43382; CVE-2025-24789; CVE-2025-24790; CVE-2025-27496; CVE-2026-3293,version_changed
31,flyway,Snowflake,4409,flyway-commandline,1,3.13.22,2023-04-14 20:15:09.963000+00:00,2023-04-27 00:00:00+00:00,12.1561346875,post_resolution,CVE-2023-30535; CVE-2024-43382; CVE-2025-24789; CVE-2025-24790; CVE-2025-27496; CVE-2026-3293,version_changed
31,flyway,Snowflake,4410,flyway-commandline,1,3.13.30,2023-04-27 00:00:00+00:00,2023-11-13 00:00:00+00:00,200.0,pre_disclosure,CVE-2024-43382; CVE-2025-24789; CVE-2025-24790; CVE-2025-27496; CVE-2026-3293,right_censored_no_later_version
32,geotools,H2,4411,gt-coverage-api; gt-grib; gt-imagemosaic; gt-imagemosaic-jdbc; gt-imagepyramid; gt-jdbc; gt-jdbc-h2; gt-netcdf; gt-coverage-api; gt-grib; gt-imagemosaic; gt-imagemosaic-jdbc; gt-imagepyramid; gt-jdbc; gt-jdbc-h2; gt-netcdf; gt-release; gt-coverage-api; gt-grib; gt-imagemosaic; gt-imagepyramid; gt-jdbc; gt-jdbc-h2; gt-netcdf; gt-coverage-api; gt-grib; gt-imagemosaic; gt-imagepyramid; gt-jdbc; gt-jdbc-h2; gt-netcdf; gt-release; gt-coverage-api; gt-grib; gt-imagepyramid; gt-jdbc; gt-jdbc-h2; gt-netcdf,9,1.1.119,2020-05-06 00:00:00+00:00,2022-01-04 20:53:00+00:00,608.8701388888888,post_resolution,CVE-2018-14335; CVE-2021-42392; CVE-2022-23221,right_censored_no_later_version
32,geotools,H2,4411,gt-coverage-api; gt-grib; gt-imagemosaic; gt-imagemosaic-jdbc; gt-imagepyramid; gt-jdbc; gt-jdbc-h2; gt-netcdf; gt-coverage-api; gt-grib; gt-imagemosaic; gt-imagemosaic-jdbc; gt-imagepyramid; gt-jdbc; gt-jdbc-h2; gt-netcdf; gt-release; gt-coverage-api; gt-grib; gt-imagemosaic; gt-imagepyramid; gt-jdbc; gt-jdbc-h2; gt-netcdf; gt-coverage-api; gt-grib; gt-imagemosaic; gt-imagepyramid; gt-jdbc; gt-jdbc-h2; gt-netcdf; gt-release; gt-coverage-api; gt-grib; gt-imagepyramid; gt-jdbc; gt-jdbc-h2; gt-netcdf,9,1.1.119,2022-01-04 20:53:00+00:00,2022-01-10 14:10:23.643000+00:00,5.720412534722222,post_resolution,CVE-2018-14335; CVE-2021-42392; CVE-2022-23221,right_censored_no_later_version
32,geotools,H2,4411,gt-coverage-api; gt-grib; gt-imagemosaic; gt-imagemosaic-jdbc; gt-imagepyramid; gt-jdbc; gt-jdbc-h2; gt-netcdf; gt-coverage-api; gt-grib; gt-imagemosaic; gt-imagemosaic-jdbc; gt-imagepyramid; gt-jdbc; gt-jdbc-h2; gt-netcdf; gt-release; gt-coverage-api; gt-grib; gt-imagemosaic; gt-imagepyramid; gt-jdbc; gt-jdbc-h2; gt-netcdf; gt-coverage-api; gt-grib; gt-imagemosaic; gt-imagepyramid; gt-jdbc; gt-jdbc-h2; gt-netcdf; gt-release; gt-coverage-api; gt-grib; gt-imagepyramid; gt-jdbc; gt-jdbc-h2; gt-netcdf,9,1.1.119,2022-01-10 14:10:23.643000+00:00,2022-01-17 16:18:52+00:00,7.089217094907407,post_resolution,CVE-2018-14335; CVE-2021-42392; CVE-2022-23221,right_censored_no_later_version
32,geotools,H2,4411,gt-coverage-api; gt-grib; gt-imagemosaic; gt-imagemosaic-jdbc; gt-imagepyramid; gt-jdbc; gt-jdbc-h2; gt-netcdf; gt-coverage-api; gt-grib; gt-imagemosaic; gt-imagemosaic-jdbc; gt-imagepyramid; gt-jdbc; gt-jdbc-h2; gt-netcdf; gt-release; gt-coverage-api; gt-grib; gt-imagemosaic; gt-imagepyramid; gt-jdbc; gt-jdbc-h2; gt-netcdf; gt-coverage-api; gt-grib; gt-imagemosaic; gt-imagepyramid; gt-jdbc; gt-jdbc-h2; gt-netcdf; gt-release; gt-coverage-api; gt-grib; gt-imagepyramid; gt-jdbc; gt-jdbc-h2; gt-netcdf,9,1.1.119,2022-01-17 16:18:52+00:00,2022-01-19 17:15:09+00:00,2.039085648148148,post_resolution,CVE-2018-14335; CVE-2021-42392; CVE-2022-23221,right_censored_no_later_version
32,geotools,H2,4411,gt-coverage-api; gt-grib; gt-imagemosaic; gt-imagemosaic-jdbc; gt-imagepyramid; gt-jdbc; gt-jdbc-h2; gt-netcdf; gt-coverage-api; gt-grib; gt-imagemosaic; gt-imagemosaic-jdbc; gt-imagepyramid; gt-jdbc; gt-jdbc-h2; gt-netcdf; gt-release; gt-coverage-api; gt-grib; gt-imagemosaic; gt-imagepyramid; gt-jdbc; gt-jdbc-h2; gt-netcdf; gt-coverage-api; gt-grib; gt-imagemosaic; gt-imagepyramid; gt-jdbc; gt-jdbc-h2; gt-netcdf; gt-release; gt-coverage-api; gt-grib; gt-imagepyramid; gt-jdbc; gt-jdbc-h2; gt-netcdf,9,1.1.119,2022-01-19 17:15:09+00:00,2025-12-30 00:00:00+00:00,1440.2811458333333,post_resolution,CVE-2018-14335; CVE-2021-42392; CVE-2022-23221,right_censored_no_later_version
32,geotools,H2,4412,gt-jdbc-h2gis,1,2.1.214,2023-09-17 00:00:00+00:00,2024-01-04 00:00:00+00:00,109.0,post_resolution,CVE-2022-45868,version_changed
32,geotools,HyperSQL,4414,gt-app-schema; gt-arcgrid; gt-charts; gt-coverage; gt-coverage-api; gt-cql-json; gt-cql2-text; gt-csv; gt-epsg-extension; gt-epsg-hsql; gt-feature-pregeneralized; gt-geojson; gt-geojson-core; gt-geojson-store; gt-geopkg; gt-geotiff; gt-grassraster; gt-grib; gt-imageio-ext-gdal; gt-imagemosaic; gt-imagepyramid; gt-jdbc; gt-jdbc-db2; gt-jdbc-h2; gt-jdbc-hana; gt-jdbc-informix; gt-jdbc-mysql; gt-jdbc-oracle; gt-jdbc-postgis; gt-jdbc-sqlserver; gt-jdbc-teradata; gt-jp2k; gt-main; gt-mbstyle; gt-mbtiles; gt-mongodb; gt-netcdf; gt-ogcapi-client; gt-ogr; gt-ogr-core; gt-ogr-jni; gt-postgis-raster; gt-process-feature; gt-process-raster; gt-property; gt-release; gt-render; gt-shapefile; gt-svg; gt-swing; gt-tile-client; gt-tpk; gt-transform; gt-vsi; gt-wfs-ng; gt-wms; gt-wmts; gt-xml; gt-xsd-csw; gt-xsd-fes; gt-xsd-filter; gt-xsd-gml2; gt-xsd-gml3; gt-xsd-wcs; gt-xsd-wfs; gt-xsd-wps; gt-app-schema; gt-arcgrid; gt-charts; gt-coverage; gt-coverage-api; gt-cql-json; gt-cql2-text; gt-csv; gt-epsg-extension; gt-epsg-hsql; gt-feature-pregeneralized; gt-geojson; gt-geojson-core; gt-geojson-store; gt-geopkg; gt-geotiff; gt-grassraster; gt-grib; gt-imageio-ext-gdal; gt-imagemosaic; gt-imagepyramid; gt-jdbc; gt-jdbc-db2; gt-jdbc-h2; gt-jdbc-hana; gt-jdbc-mysql; gt-jdbc-oracle; gt-jdbc-postgis; gt-jdbc-sqlserver; gt-jdbc-teradata; gt-jp2k; gt-main; gt-mbstyle; gt-mbtiles; gt-mongodb; gt-netcdf; gt-ogcapi-client; gt-ogr; gt-ogr-core; gt-ogr-jni; gt-postgis-raster; gt-process-feature; gt-process-raster; gt-property; gt-release; gt-render; gt-shapefile; gt-svg; gt-swing; gt-tile-client; gt-tpk; gt-transform; gt-vsi; gt-wfs-ng; gt-wms; gt-wmts; gt-xml; gt-xsd-csw; gt-xsd-fes; gt-xsd-filter; gt-xsd-gml2; gt-xsd-gml3; gt-xsd-wcs; gt-xsd-wfs; gt-xsd-wps; gt-app-schema; gt-arcgrid; gt-charts; gt-coverage; gt-coverage-api; gt-cql2-text; gt-csv; gt-epsg-extension; gt-epsg-hsql; gt-feature-pregeneralized; gt-geojson; gt-geojson-core; gt-geojson-store; gt-geopkg; gt-geotiff; gt-grassraster; gt-grib; gt-imageio-ext-gdal; gt-imagemosaic; gt-imagepyramid; gt-jdbc; gt-jdbc-db2; gt-jdbc-h2; gt-jdbc-hana; gt-jdbc-mysql; gt-jdbc-oracle; gt-jdbc-postgis; gt-jdbc-sqlserver; gt-jdbc-teradata; gt-jp2k; gt-main; gt-mbstyle; gt-mbtiles; gt-mongodb; gt-netcdf; gt-ogcapi-client; gt-ogr; gt-ogr-core; gt-ogr-jni; gt-postgis-raster; gt-process-feature; gt-process-raster; gt-property; gt-release; gt-render; gt-shapefile; gt-svg; gt-swing; gt-tile-client; gt-tpk; gt-transform; gt-vsi; gt-wfs-ng; gt-wms; gt-wmts; gt-xml; gt-xsd-csw; gt-xsd-fes; gt-xsd-filter; gt-xsd-gml2; gt-xsd-gml3; gt-xsd-wcs; gt-xsd-wfs; gt-xsd-wps; gt-app-schema; gt-arcgrid; gt-charts; gt-coverage; gt-coverage-api; gt-csv; gt-epsg-extension; gt-epsg-hsql; gt-feature-pregeneralized; gt-geojson; gt-geojson-core; gt-geojson-store; gt-geopkg; gt-geotiff; gt-grassraster; gt-grib; gt-imageio-ext-gdal; gt-imagemosaic; gt-imagepyramid; gt-jdbc; gt-jdbc-db2; gt-jdbc-h2; gt-jdbc-hana; gt-jdbc-mysql; gt-jdbc-oracle; gt-jdbc-postgis; gt-jdbc-sqlserver; gt-jdbc-teradata; gt-jp2k; gt-main; gt-mbstyle; gt-mbtiles; gt-mongodb; gt-netcdf; gt-ogcapi-client; gt-ogr; gt-ogr-core; gt-ogr-jni; gt-postgis-raster; gt-process-feature; gt-process-raster; gt-property; gt-release; gt-render; gt-shapefile; gt-svg; gt-swing; gt-tile-client; gt-tpk; gt-transform; gt-vsi; gt-wfs-ng; gt-wms; gt-wmts; gt-xml; gt-xsd-csw; gt-xsd-fes; gt-xsd-filter; gt-xsd-gml2; gt-xsd-gml3; gt-xsd-wcs; gt-xsd-wfs; gt-xsd-wps; gt-app-schema; gt-arcgrid; gt-charts; gt-coverage; gt-coverage-api; gt-csv; gt-epsg-extension; gt-epsg-hsql; gt-feature-pregeneralized; gt-geojson; gt-geojson-core; gt-geojson-store; gt-geopkg; gt-geotiff; gt-grassraster; gt-grib; gt-imageio-ext-gdal; gt-imagemosaic; gt-imagepyramid; gt-jdbc; gt-jdbc-db2; gt-jdbc-h2; gt-jdbc-hana; gt-jdbc-mysql; gt-jdbc-oracle; gt-jdbc-postgis; gt-jdbc-sqlserver; gt-jdbc-teradata; gt-jp2k; gt-main; gt-mbstyle; gt-mbtiles; gt-mongodb; gt-netcdf; gt-ogcapi-client; gt-ogr; gt-ogr-core; gt-ogr-jni; gt-postgis-raster; gt-process-feature; gt-process-raster; gt-property; gt-release; gt-render; gt-shapefile; gt-svg; gt-swing; gt-tile-client; gt-tpk; gt-transform; gt-wfs-ng; gt-wms; gt-wmts; gt-xml; gt-xsd-csw; gt-xsd-fes; gt-xsd-filter; gt-xsd-gml2; gt-xsd-gml3; gt-xsd-wcs; gt-xsd-wfs; gt-xsd-wps; gt-app-schema; gt-arcgrid; gt-charts; gt-coverage; gt-coverage-api; gt-csv; gt-epsg-extension; gt-epsg-hsql; gt-feature-pregeneralized; gt-geojson; gt-geojsondatastore; gt-geopkg; gt-geotiff; gt-grassraster; gt-grib; gt-imageio-ext-gdal; gt-imagemosaic; gt-imagemosaic-jdbc; gt-imagepyramid; gt-jdbc; gt-jdbc-db2; gt-jdbc-h2; gt-jdbc-hana; gt-jdbc-mysql; gt-jdbc-oracle; gt-jdbc-postgis; gt-jdbc-sqlserver; gt-jdbc-teradata; gt-jp2k; gt-main; gt-mbstyle; gt-mbtiles; gt-mongodb; gt-netcdf; gt-ogcapi-client; gt-ogr; gt-ogr-bridj; gt-ogr-core; gt-ogr-jni; gt-postgis-raster; gt-process-feature; gt-process-raster; gt-property; gt-render; gt-shapefile; gt-svg; gt-swing; gt-tile-client; gt-tpk; gt-transform; gt-wfs-ng; gt-wms; gt-wmts; gt-xml; gt-xsd-csw; gt-xsd-fes; gt-xsd-filter; gt-xsd-gml2; gt-xsd-gml3; gt-xsd-wcs; gt-xsd-wfs; gt-xsd-wps; gt-app-schema; gt-arcgrid; gt-charts; gt-coverage; gt-coverage-api; gt-csv; gt-epsg-extension; gt-epsg-hsql; gt-feature-pregeneralized; gt-geojson; gt-geojsondatastore; gt-geopkg; gt-geotiff; gt-grassraster; gt-grib; gt-imageio-ext-gdal; gt-imagemosaic; gt-imagemosaic-jdbc; gt-imagepyramid; gt-jdbc; gt-jdbc-db2; gt-jdbc-h2; gt-jdbc-hana; gt-jdbc-mysql; gt-jdbc-oracle; gt-jdbc-postgis; gt-jdbc-sqlserver; gt-jdbc-teradata; gt-jp2k; gt-main; gt-mbstyle; gt-mbtiles; gt-mongodb; gt-netcdf; gt-ogcapi-client; gt-ogr; gt-ogr-bridj; gt-ogr-core; gt-ogr-jni; gt-postgis-raster; gt-process-feature; gt-process-raster; gt-property; gt-render; gt-shapefile; gt-svg; gt-swing; gt-tile-client; gt-transform; gt-wfs-ng; gt-wms; gt-wmts; gt-xml; gt-xsd-csw; gt-xsd-fes; gt-xsd-filter; gt-xsd-gml2; gt-xsd-gml3; gt-xsd-wcs; gt-xsd-wfs; gt-xsd-wps; gt-app-schema; gt-arcgrid; gt-charts; gt-coverage; gt-coverage-api; gt-csv; gt-epsg-extension; gt-epsg-hsql; gt-feature-pregeneralized; gt-geojson; gt-geojsondatastore; gt-geopkg; gt-geotiff; gt-grassraster; gt-grib; gt-imageio-ext-gdal; gt-imagemosaic; gt-imagemosaic-jdbc; gt-imagepyramid; gt-jdbc; gt-jdbc-db2; gt-jdbc-h2; gt-jdbc-hana; gt-jdbc-mysql; gt-jdbc-oracle; gt-jdbc-postgis; gt-jdbc-sqlserver; gt-jdbc-teradata; gt-jp2k; gt-main; gt-mbstyle; gt-mbtiles; gt-mongodb; gt-netcdf; gt-ogcapi-client; gt-ogr; gt-ogr-core; gt-ogr-jni; gt-postgis-raster; gt-process-feature; gt-process-raster; gt-property; gt-release; gt-render; gt-shapefile; gt-svg; gt-swing; gt-tile-client; gt-tpk; gt-transform; gt-wfs-ng; gt-wms; gt-wmts; gt-xml; gt-xsd-csw; gt-xsd-fes; gt-xsd-filter; gt-xsd-gml2; gt-xsd-gml3; gt-xsd-wcs; gt-xsd-wfs; gt-xsd-wps; gt-app-schema; gt-arcgrid; gt-charts; gt-coverage; gt-coverage-api; gt-csv; gt-epsg-extension; gt-epsg-hsql; gt-feature-pregeneralized; gt-geojson; gt-geojsondatastore; gt-geopkg; gt-geotiff; gt-grassraster; gt-grib; gt-imageio-ext-gdal; gt-imagemosaic; gt-imagemosaic-jdbc; gt-imagepyramid; gt-jdbc; gt-jdbc-db2; gt-jdbc-h2; gt-jdbc-hana; gt-jdbc-mysql; gt-jdbc-oracle; gt-jdbc-postgis; gt-jdbc-sqlserver; gt-jdbc-teradata; gt-jp2k; gt-main; gt-mbstyle; gt-mbtiles; gt-mongodb; gt-netcdf; gt-ogcapi-client; gt-ogr; gt-ogr-core; gt-ogr-jni; gt-postgis-raster; gt-process-feature; gt-process-raster; gt-property; gt-render; gt-shapefile; gt-svg; gt-swing; gt-tile-client; gt-tpk; gt-transform; gt-wfs-ng; gt-wms; gt-wmts; gt-xml; gt-xsd-csw; gt-xsd-fes; gt-xsd-filter; gt-xsd-gml2; gt-xsd-gml3; gt-xsd-wcs; gt-xsd-wfs; gt-xsd-wps; gt-app-schema; gt-arcgrid; gt-charts; gt-coverage; gt-coverage-api; gt-csv; gt-epsg-extension; gt-epsg-hsql; gt-feature-pregeneralized; gt-geojson; gt-geojsondatastore; gt-geopkg; gt-geotiff; gt-grassraster; gt-grib; gt-imageio-ext-gdal; gt-imagemosaic; gt-imagepyramid; gt-jdbc; gt-jdbc-db2; gt-jdbc-h2; gt-jdbc-hana; gt-jdbc-mysql; gt-jdbc-oracle; gt-jdbc-postgis; gt-jdbc-sqlserver; gt-jdbc-teradata; gt-jp2k; gt-main; gt-mbstyle; gt-mbtiles; gt-mongodb; gt-netcdf; gt-ogcapi-client; gt-ogr; gt-ogr-core; gt-ogr-jni; gt-postgis-raster; gt-process-feature; gt-process-raster; gt-property; gt-release; gt-render; gt-shapefile; gt-svg; gt-swing; gt-tile-client; gt-tpk; gt-transform; gt-wfs-ng; gt-wms; gt-wmts; gt-xml; gt-xsd-csw; gt-xsd-fes; gt-xsd-filter; gt-xsd-gml2; gt-xsd-gml3; gt-xsd-wcs; gt-xsd-wfs; gt-xsd-wps,66,2.4.1,2020-05-06 00:00:00+00:00,2022-10-06 18:17:07.190000+00:00,883.7618887731481,pre_disclosure,CVE-2022-41853,version_changed
32,geotools,HyperSQL,4414,gt-app-schema; gt-arcgrid; gt-charts; gt-coverage; gt-coverage-api; gt-cql-json; gt-cql2-text; gt-csv; gt-epsg-extension; gt-epsg-hsql; gt-feature-pregeneralized; gt-geojson; gt-geojson-core; gt-geojson-store; gt-geopkg; gt-geotiff; gt-grassraster; gt-grib; gt-imageio-ext-gdal; gt-imagemosaic; gt-imagepyramid; gt-jdbc; gt-jdbc-db2; gt-jdbc-h2; gt-jdbc-hana; gt-jdbc-informix; gt-jdbc-mysql; gt-jdbc-oracle; gt-jdbc-postgis; gt-jdbc-sqlserver; gt-jdbc-teradata; gt-jp2k; gt-main; gt-mbstyle; gt-mbtiles; gt-mongodb; gt-netcdf; gt-ogcapi-client; gt-ogr; gt-ogr-core; gt-ogr-jni; gt-postgis-raster; gt-process-feature; gt-process-raster; gt-property; gt-release; gt-render; gt-shapefile; gt-svg; gt-swing; gt-tile-client; gt-tpk; gt-transform; gt-vsi; gt-wfs-ng; gt-wms; gt-wmts; gt-xml; gt-xsd-csw; gt-xsd-fes; gt-xsd-filter; gt-xsd-gml2; gt-xsd-gml3; gt-xsd-wcs; gt-xsd-wfs; gt-xsd-wps; gt-app-schema; gt-arcgrid; gt-charts; gt-coverage; gt-coverage-api; gt-cql-json; gt-cql2-text; gt-csv; gt-epsg-extension; gt-epsg-hsql; gt-feature-pregeneralized; gt-geojson; gt-geojson-core; gt-geojson-store; gt-geopkg; gt-geotiff; gt-grassraster; gt-grib; gt-imageio-ext-gdal; gt-imagemosaic; gt-imagepyramid; gt-jdbc; gt-jdbc-db2; gt-jdbc-h2; gt-jdbc-hana; gt-jdbc-mysql; gt-jdbc-oracle; gt-jdbc-postgis; gt-jdbc-sqlserver; gt-jdbc-teradata; gt-jp2k; gt-main; gt-mbstyle; gt-mbtiles; gt-mongodb; gt-netcdf; gt-ogcapi-client; gt-ogr; gt-ogr-core; gt-ogr-jni; gt-postgis-raster; gt-process-feature; gt-process-raster; gt-property; gt-release; gt-render; gt-shapefile; gt-svg; gt-swing; gt-tile-client; gt-tpk; gt-transform; gt-vsi; gt-wfs-ng; gt-wms; gt-wmts; gt-xml; gt-xsd-csw; gt-xsd-fes; gt-xsd-filter; gt-xsd-gml2; gt-xsd-gml3; gt-xsd-wcs; gt-xsd-wfs; gt-xsd-wps; gt-app-schema; gt-arcgrid; gt-charts; gt-coverage; gt-coverage-api; gt-cql2-text; gt-csv; gt-epsg-extension; gt-epsg-hsql; gt-feature-pregeneralized; gt-geojson; gt-geojson-core; gt-geojson-store; gt-geopkg; gt-geotiff; gt-grassraster; gt-grib; gt-imageio-ext-gdal; gt-imagemosaic; gt-imagepyramid; gt-jdbc; gt-jdbc-db2; gt-jdbc-h2; gt-jdbc-hana; gt-jdbc-mysql; gt-jdbc-oracle; gt-jdbc-postgis; gt-jdbc-sqlserver; gt-jdbc-teradata; gt-jp2k; gt-main; gt-mbstyle; gt-mbtiles; gt-mongodb; gt-netcdf; gt-ogcapi-client; gt-ogr; gt-ogr-core; gt-ogr-jni; gt-postgis-raster; gt-process-feature; gt-process-raster; gt-property; gt-release; gt-render; gt-shapefile; gt-svg; gt-swing; gt-tile-client; gt-tpk; gt-transform; gt-vsi; gt-wfs-ng; gt-wms; gt-wmts; gt-xml; gt-xsd-csw; gt-xsd-fes; gt-xsd-filter; gt-xsd-gml2; gt-xsd-gml3; gt-xsd-wcs; gt-xsd-wfs; gt-xsd-wps; gt-app-schema; gt-arcgrid; gt-charts; gt-coverage; gt-coverage-api; gt-csv; gt-epsg-extension; gt-epsg-hsql; gt-feature-pregeneralized; gt-geojson; gt-geojson-core; gt-geojson-store; gt-geopkg; gt-geotiff; gt-grassraster; gt-grib; gt-imageio-ext-gdal; gt-imagemosaic; gt-imagepyramid; gt-jdbc; gt-jdbc-db2; gt-jdbc-h2; gt-jdbc-hana; gt-jdbc-mysql; gt-jdbc-oracle; gt-jdbc-postgis; gt-jdbc-sqlserver; gt-jdbc-teradata; gt-jp2k; gt-main; gt-mbstyle; gt-mbtiles; gt-mongodb; gt-netcdf; gt-ogcapi-client; gt-ogr; gt-ogr-core; gt-ogr-jni; gt-postgis-raster; gt-process-feature; gt-process-raster; gt-property; gt-release; gt-render; gt-shapefile; gt-svg; gt-swing; gt-tile-client; gt-tpk; gt-transform; gt-vsi; gt-wfs-ng; gt-wms; gt-wmts; gt-xml; gt-xsd-csw; gt-xsd-fes; gt-xsd-filter; gt-xsd-gml2; gt-xsd-gml3; gt-xsd-wcs; gt-xsd-wfs; gt-xsd-wps; gt-app-schema; gt-arcgrid; gt-charts; gt-coverage; gt-coverage-api; gt-csv; gt-epsg-extension; gt-epsg-hsql; gt-feature-pregeneralized; gt-geojson; gt-geojson-core; gt-geojson-store; gt-geopkg; gt-geotiff; gt-grassraster; gt-grib; gt-imageio-ext-gdal; gt-imagemosaic; gt-imagepyramid; gt-jdbc; gt-jdbc-db2; gt-jdbc-h2; gt-jdbc-hana; gt-jdbc-mysql; gt-jdbc-oracle; gt-jdbc-postgis; gt-jdbc-sqlserver; gt-jdbc-teradata; gt-jp2k; gt-main; gt-mbstyle; gt-mbtiles; gt-mongodb; gt-netcdf; gt-ogcapi-client; gt-ogr; gt-ogr-core; gt-ogr-jni; gt-postgis-raster; gt-process-feature; gt-process-raster; gt-property; gt-release; gt-render; gt-shapefile; gt-svg; gt-swing; gt-tile-client; gt-tpk; gt-transform; gt-wfs-ng; gt-wms; gt-wmts; gt-xml; gt-xsd-csw; gt-xsd-fes; gt-xsd-filter; gt-xsd-gml2; gt-xsd-gml3; gt-xsd-wcs; gt-xsd-wfs; gt-xsd-wps; gt-app-schema; gt-arcgrid; gt-charts; gt-coverage; gt-coverage-api; gt-csv; gt-epsg-extension; gt-epsg-hsql; gt-feature-pregeneralized; gt-geojson; gt-geojsondatastore; gt-geopkg; gt-geotiff; gt-grassraster; gt-grib; gt-imageio-ext-gdal; gt-imagemosaic; gt-imagemosaic-jdbc; gt-imagepyramid; gt-jdbc; gt-jdbc-db2; gt-jdbc-h2; gt-jdbc-hana; gt-jdbc-mysql; gt-jdbc-oracle; gt-jdbc-postgis; gt-jdbc-sqlserver; gt-jdbc-teradata; gt-jp2k; gt-main; gt-mbstyle; gt-mbtiles; gt-mongodb; gt-netcdf; gt-ogcapi-client; gt-ogr; gt-ogr-bridj; gt-ogr-core; gt-ogr-jni; gt-postgis-raster; gt-process-feature; gt-process-raster; gt-property; gt-render; gt-shapefile; gt-svg; gt-swing; gt-tile-client; gt-tpk; gt-transform; gt-wfs-ng; gt-wms; gt-wmts; gt-xml; gt-xsd-csw; gt-xsd-fes; gt-xsd-filter; gt-xsd-gml2; gt-xsd-gml3; gt-xsd-wcs; gt-xsd-wfs; gt-xsd-wps; gt-app-schema; gt-arcgrid; gt-charts; gt-coverage; gt-coverage-api; gt-csv; gt-epsg-extension; gt-epsg-hsql; gt-feature-pregeneralized; gt-geojson; gt-geojsondatastore; gt-geopkg; gt-geotiff; gt-grassraster; gt-grib; gt-imageio-ext-gdal; gt-imagemosaic; gt-imagemosaic-jdbc; gt-imagepyramid; gt-jdbc; gt-jdbc-db2; gt-jdbc-h2; gt-jdbc-hana; gt-jdbc-mysql; gt-jdbc-oracle; gt-jdbc-postgis; gt-jdbc-sqlserver; gt-jdbc-teradata; gt-jp2k; gt-main; gt-mbstyle; gt-mbtiles; gt-mongodb; gt-netcdf; gt-ogcapi-client; gt-ogr; gt-ogr-bridj; gt-ogr-core; gt-ogr-jni; gt-postgis-raster; gt-process-feature; gt-process-raster; gt-property; gt-render; gt-shapefile; gt-svg; gt-swing; gt-tile-client; gt-transform; gt-wfs-ng; gt-wms; gt-wmts; gt-xml; gt-xsd-csw; gt-xsd-fes; gt-xsd-filter; gt-xsd-gml2; gt-xsd-gml3; gt-xsd-wcs; gt-xsd-wfs; gt-xsd-wps; gt-app-schema; gt-arcgrid; gt-charts; gt-coverage; gt-coverage-api; gt-csv; gt-epsg-extension; gt-epsg-hsql; gt-feature-pregeneralized; gt-geojson; gt-geojsondatastore; gt-geopkg; gt-geotiff; gt-grassraster; gt-grib; gt-imageio-ext-gdal; gt-imagemosaic; gt-imagemosaic-jdbc; gt-imagepyramid; gt-jdbc; gt-jdbc-db2; gt-jdbc-h2; gt-jdbc-hana; gt-jdbc-mysql; gt-jdbc-oracle; gt-jdbc-postgis; gt-jdbc-sqlserver; gt-jdbc-teradata; gt-jp2k; gt-main; gt-mbstyle; gt-mbtiles; gt-mongodb; gt-netcdf; gt-ogcapi-client; gt-ogr; gt-ogr-core; gt-ogr-jni; gt-postgis-raster; gt-process-feature; gt-process-raster; gt-property; gt-release; gt-render; gt-shapefile; gt-svg; gt-swing; gt-tile-client; gt-tpk; gt-transform; gt-wfs-ng; gt-wms; gt-wmts; gt-xml; gt-xsd-csw; gt-xsd-fes; gt-xsd-filter; gt-xsd-gml2; gt-xsd-gml3; gt-xsd-wcs; gt-xsd-wfs; gt-xsd-wps; gt-app-schema; gt-arcgrid; gt-charts; gt-coverage; gt-coverage-api; gt-csv; gt-epsg-extension; gt-epsg-hsql; gt-feature-pregeneralized; gt-geojson; gt-geojsondatastore; gt-geopkg; gt-geotiff; gt-grassraster; gt-grib; gt-imageio-ext-gdal; gt-imagemosaic; gt-imagemosaic-jdbc; gt-imagepyramid; gt-jdbc; gt-jdbc-db2; gt-jdbc-h2; gt-jdbc-hana; gt-jdbc-mysql; gt-jdbc-oracle; gt-jdbc-postgis; gt-jdbc-sqlserver; gt-jdbc-teradata; gt-jp2k; gt-main; gt-mbstyle; gt-mbtiles; gt-mongodb; gt-netcdf; gt-ogcapi-client; gt-ogr; gt-ogr-core; gt-ogr-jni; gt-postgis-raster; gt-process-feature; gt-process-raster; gt-property; gt-render; gt-shapefile; gt-svg; gt-swing; gt-tile-client; gt-tpk; gt-transform; gt-wfs-ng; gt-wms; gt-wmts; gt-xml; gt-xsd-csw; gt-xsd-fes; gt-xsd-filter; gt-xsd-gml2; gt-xsd-gml3; gt-xsd-wcs; gt-xsd-wfs; gt-xsd-wps; gt-app-schema; gt-arcgrid; gt-charts; gt-coverage; gt-coverage-api; gt-csv; gt-epsg-extension; gt-epsg-hsql; gt-feature-pregeneralized; gt-geojson; gt-geojsondatastore; gt-geopkg; gt-geotiff; gt-grassraster; gt-grib; gt-imageio-ext-gdal; gt-imagemosaic; gt-imagepyramid; gt-jdbc; gt-jdbc-db2; gt-jdbc-h2; gt-jdbc-hana; gt-jdbc-mysql; gt-jdbc-oracle; gt-jdbc-postgis; gt-jdbc-sqlserver; gt-jdbc-teradata; gt-jp2k; gt-main; gt-mbstyle; gt-mbtiles; gt-mongodb; gt-netcdf; gt-ogcapi-client; gt-ogr; gt-ogr-core; gt-ogr-jni; gt-postgis-raster; gt-process-feature; gt-process-raster; gt-property; gt-release; gt-render; gt-shapefile; gt-svg; gt-swing; gt-tile-client; gt-tpk; gt-transform; gt-wfs-ng; gt-wms; gt-wmts; gt-xml; gt-xsd-csw; gt-xsd-fes; gt-xsd-filter; gt-xsd-gml2; gt-xsd-gml3; gt-xsd-wcs; gt-xsd-wfs; gt-xsd-wps,66,2.4.1,2022-10-06 18:17:07.190000+00:00,2022-10-22 14:19:43+00:00,15.835136689814815,post_disclosure,CVE-2022-41853,version_changed
32,geotools,HyperSQL,4414,gt-app-schema; gt-arcgrid; gt-charts; gt-coverage; gt-coverage-api; gt-cql-json; gt-cql2-text; gt-csv; gt-epsg-extension; gt-epsg-hsql; gt-feature-pregeneralized; gt-geojson; gt-geojson-core; gt-geojson-store; gt-geopkg; gt-geotiff; gt-grassraster; gt-grib; gt-imageio-ext-gdal; gt-imagemosaic; gt-imagepyramid; gt-jdbc; gt-jdbc-db2; gt-jdbc-h2; gt-jdbc-hana; gt-jdbc-informix; gt-jdbc-mysql; gt-jdbc-oracle; gt-jdbc-postgis; gt-jdbc-sqlserver; gt-jdbc-teradata; gt-jp2k; gt-main; gt-mbstyle; gt-mbtiles; gt-mongodb; gt-netcdf; gt-ogcapi-client; gt-ogr; gt-ogr-core; gt-ogr-jni; gt-postgis-raster; gt-process-feature; gt-process-raster; gt-property; gt-release; gt-render; gt-shapefile; gt-svg; gt-swing; gt-tile-client; gt-tpk; gt-transform; gt-vsi; gt-wfs-ng; gt-wms; gt-wmts; gt-xml; gt-xsd-csw; gt-xsd-fes; gt-xsd-filter; gt-xsd-gml2; gt-xsd-gml3; gt-xsd-wcs; gt-xsd-wfs; gt-xsd-wps; gt-app-schema; gt-arcgrid; gt-charts; gt-coverage; gt-coverage-api; gt-cql-json; gt-cql2-text; gt-csv; gt-epsg-extension; gt-epsg-hsql; gt-feature-pregeneralized; gt-geojson; gt-geojson-core; gt-geojson-store; gt-geopkg; gt-geotiff; gt-grassraster; gt-grib; gt-imageio-ext-gdal; gt-imagemosaic; gt-imagepyramid; gt-jdbc; gt-jdbc-db2; gt-jdbc-h2; gt-jdbc-hana; gt-jdbc-mysql; gt-jdbc-oracle; gt-jdbc-postgis; gt-jdbc-sqlserver; gt-jdbc-teradata; gt-jp2k; gt-main; gt-mbstyle; gt-mbtiles; gt-mongodb; gt-netcdf; gt-ogcapi-client; gt-ogr; gt-ogr-core; gt-ogr-jni; gt-postgis-raster; gt-process-feature; gt-process-raster; gt-property; gt-release; gt-render; gt-shapefile; gt-svg; gt-swing; gt-tile-client; gt-tpk; gt-transform; gt-vsi; gt-wfs-ng; gt-wms; gt-wmts; gt-xml; gt-xsd-csw; gt-xsd-fes; gt-xsd-filter; gt-xsd-gml2; gt-xsd-gml3; gt-xsd-wcs; gt-xsd-wfs; gt-xsd-wps; gt-app-schema; gt-arcgrid; gt-charts; gt-coverage; gt-coverage-api; gt-cql2-text; gt-csv; gt-epsg-extension; gt-epsg-hsql; gt-feature-pregeneralized; gt-geojson; gt-geojson-core; gt-geojson-store; gt-geopkg; gt-geotiff; gt-grassraster; gt-grib; gt-imageio-ext-gdal; gt-imagemosaic; gt-imagepyramid; gt-jdbc; gt-jdbc-db2; gt-jdbc-h2; gt-jdbc-hana; gt-jdbc-mysql; gt-jdbc-oracle; gt-jdbc-postgis; gt-jdbc-sqlserver; gt-jdbc-teradata; gt-jp2k; gt-main; gt-mbstyle; gt-mbtiles; gt-mongodb; gt-netcdf; gt-ogcapi-client; gt-ogr; gt-ogr-core; gt-ogr-jni; gt-postgis-raster; gt-process-feature; gt-process-raster; gt-property; gt-release; gt-render; gt-shapefile; gt-svg; gt-swing; gt-tile-client; gt-tpk; gt-transform; gt-vsi; gt-wfs-ng; gt-wms; gt-wmts; gt-xml; gt-xsd-csw; gt-xsd-fes; gt-xsd-filter; gt-xsd-gml2; gt-xsd-gml3; gt-xsd-wcs; gt-xsd-wfs; gt-xsd-wps; gt-app-schema; gt-arcgrid; gt-charts; gt-coverage; gt-coverage-api; gt-csv; gt-epsg-extension; gt-epsg-hsql; gt-feature-pregeneralized; gt-geojson; gt-geojson-core; gt-geojson-store; gt-geopkg; gt-geotiff; gt-grassraster; gt-grib; gt-imageio-ext-gdal; gt-imagemosaic; gt-imagepyramid; gt-jdbc; gt-jdbc-db2; gt-jdbc-h2; gt-jdbc-hana; gt-jdbc-mysql; gt-jdbc-oracle; gt-jdbc-postgis; gt-jdbc-sqlserver; gt-jdbc-teradata; gt-jp2k; gt-main; gt-mbstyle; gt-mbtiles; gt-mongodb; gt-netcdf; gt-ogcapi-client; gt-ogr; gt-ogr-core; gt-ogr-jni; gt-postgis-raster; gt-process-feature; gt-process-raster; gt-property; gt-release; gt-render; gt-shapefile; gt-svg; gt-swing; gt-tile-client; gt-tpk; gt-transform; gt-vsi; gt-wfs-ng; gt-wms; gt-wmts; gt-xml; gt-xsd-csw; gt-xsd-fes; gt-xsd-filter; gt-xsd-gml2; gt-xsd-gml3; gt-xsd-wcs; gt-xsd-wfs; gt-xsd-wps; gt-app-schema; gt-arcgrid; gt-charts; gt-coverage; gt-coverage-api; gt-csv; gt-epsg-extension; gt-epsg-hsql; gt-feature-pregeneralized; gt-geojson; gt-geojson-core; gt-geojson-store; gt-geopkg; gt-geotiff; gt-grassraster; gt-grib; gt-imageio-ext-gdal; gt-imagemosaic; gt-imagepyramid; gt-jdbc; gt-jdbc-db2; gt-jdbc-h2; gt-jdbc-hana; gt-jdbc-mysql; gt-jdbc-oracle; gt-jdbc-postgis; gt-jdbc-sqlserver; gt-jdbc-teradata; gt-jp2k; gt-main; gt-mbstyle; gt-mbtiles; gt-mongodb; gt-netcdf; gt-ogcapi-client; gt-ogr; gt-ogr-core; gt-ogr-jni; gt-postgis-raster; gt-process-feature; gt-process-raster; gt-property; gt-release; gt-render; gt-shapefile; gt-svg; gt-swing; gt-tile-client; gt-tpk; gt-transform; gt-wfs-ng; gt-wms; gt-wmts; gt-xml; gt-xsd-csw; gt-xsd-fes; gt-xsd-filter; gt-xsd-gml2; gt-xsd-gml3; gt-xsd-wcs; gt-xsd-wfs; gt-xsd-wps; gt-app-schema; gt-arcgrid; gt-charts; gt-coverage; gt-coverage-api; gt-csv; gt-epsg-extension; gt-epsg-hsql; gt-feature-pregeneralized; gt-geojson; gt-geojsondatastore; gt-geopkg; gt-geotiff; gt-grassraster; gt-grib; gt-imageio-ext-gdal; gt-imagemosaic; gt-imagemosaic-jdbc; gt-imagepyramid; gt-jdbc; gt-jdbc-db2; gt-jdbc-h2; gt-jdbc-hana; gt-jdbc-mysql; gt-jdbc-oracle; gt-jdbc-postgis; gt-jdbc-sqlserver; gt-jdbc-teradata; gt-jp2k; gt-main; gt-mbstyle; gt-mbtiles; gt-mongodb; gt-netcdf; gt-ogcapi-client; gt-ogr; gt-ogr-bridj; gt-ogr-core; gt-ogr-jni; gt-postgis-raster; gt-process-feature; gt-process-raster; gt-property; gt-render; gt-shapefile; gt-svg; gt-swing; gt-tile-client; gt-tpk; gt-transform; gt-wfs-ng; gt-wms; gt-wmts; gt-xml; gt-xsd-csw; gt-xsd-fes; gt-xsd-filter; gt-xsd-gml2; gt-xsd-gml3; gt-xsd-wcs; gt-xsd-wfs; gt-xsd-wps; gt-app-schema; gt-arcgrid; gt-charts; gt-coverage; gt-coverage-api; gt-csv; gt-epsg-extension; gt-epsg-hsql; gt-feature-pregeneralized; gt-geojson; gt-geojsondatastore; gt-geopkg; gt-geotiff; gt-grassraster; gt-grib; gt-imageio-ext-gdal; gt-imagemosaic; gt-imagemosaic-jdbc; gt-imagepyramid; gt-jdbc; gt-jdbc-db2; gt-jdbc-h2; gt-jdbc-hana; gt-jdbc-mysql; gt-jdbc-oracle; gt-jdbc-postgis; gt-jdbc-sqlserver; gt-jdbc-teradata; gt-jp2k; gt-main; gt-mbstyle; gt-mbtiles; gt-mongodb; gt-netcdf; gt-ogcapi-client; gt-ogr; gt-ogr-bridj; gt-ogr-core; gt-ogr-jni; gt-postgis-raster; gt-process-feature; gt-process-raster; gt-property; gt-render; gt-shapefile; gt-svg; gt-swing; gt-tile-client; gt-transform; gt-wfs-ng; gt-wms; gt-wmts; gt-xml; gt-xsd-csw; gt-xsd-fes; gt-xsd-filter; gt-xsd-gml2; gt-xsd-gml3; gt-xsd-wcs; gt-xsd-wfs; gt-xsd-wps; gt-app-schema; gt-arcgrid; gt-charts; gt-coverage; gt-coverage-api; gt-csv; gt-epsg-extension; gt-epsg-hsql; gt-feature-pregeneralized; gt-geojson; gt-geojsondatastore; gt-geopkg; gt-geotiff; gt-grassraster; gt-grib; gt-imageio-ext-gdal; gt-imagemosaic; gt-imagemosaic-jdbc; gt-imagepyramid; gt-jdbc; gt-jdbc-db2; gt-jdbc-h2; gt-jdbc-hana; gt-jdbc-mysql; gt-jdbc-oracle; gt-jdbc-postgis; gt-jdbc-sqlserver; gt-jdbc-teradata; gt-jp2k; gt-main; gt-mbstyle; gt-mbtiles; gt-mongodb; gt-netcdf; gt-ogcapi-client; gt-ogr; gt-ogr-core; gt-ogr-jni; gt-postgis-raster; gt-process-feature; gt-process-raster; gt-property; gt-release; gt-render; gt-shapefile; gt-svg; gt-swing; gt-tile-client; gt-tpk; gt-transform; gt-wfs-ng; gt-wms; gt-wmts; gt-xml; gt-xsd-csw; gt-xsd-fes; gt-xsd-filter; gt-xsd-gml2; gt-xsd-gml3; gt-xsd-wcs; gt-xsd-wfs; gt-xsd-wps; gt-app-schema; gt-arcgrid; gt-charts; gt-coverage; gt-coverage-api; gt-csv; gt-epsg-extension; gt-epsg-hsql; gt-feature-pregeneralized; gt-geojson; gt-geojsondatastore; gt-geopkg; gt-geotiff; gt-grassraster; gt-grib; gt-imageio-ext-gdal; gt-imagemosaic; gt-imagemosaic-jdbc; gt-imagepyramid; gt-jdbc; gt-jdbc-db2; gt-jdbc-h2; gt-jdbc-hana; gt-jdbc-mysql; gt-jdbc-oracle; gt-jdbc-postgis; gt-jdbc-sqlserver; gt-jdbc-teradata; gt-jp2k; gt-main; gt-mbstyle; gt-mbtiles; gt-mongodb; gt-netcdf; gt-ogcapi-client; gt-ogr; gt-ogr-core; gt-ogr-jni; gt-postgis-raster; gt-process-feature; gt-process-raster; gt-property; gt-render; gt-shapefile; gt-svg; gt-swing; gt-tile-client; gt-tpk; gt-transform; gt-wfs-ng; gt-wms; gt-wmts; gt-xml; gt-xsd-csw; gt-xsd-fes; gt-xsd-filter; gt-xsd-gml2; gt-xsd-gml3; gt-xsd-wcs; gt-xsd-wfs; gt-xsd-wps; gt-app-schema; gt-arcgrid; gt-charts; gt-coverage; gt-coverage-api; gt-csv; gt-epsg-extension; gt-epsg-hsql; gt-feature-pregeneralized; gt-geojson; gt-geojsondatastore; gt-geopkg; gt-geotiff; gt-grassraster; gt-grib; gt-imageio-ext-gdal; gt-imagemosaic; gt-imagepyramid; gt-jdbc; gt-jdbc-db2; gt-jdbc-h2; gt-jdbc-hana; gt-jdbc-mysql; gt-jdbc-oracle; gt-jdbc-postgis; gt-jdbc-sqlserver; gt-jdbc-teradata; gt-jp2k; gt-main; gt-mbstyle; gt-mbtiles; gt-mongodb; gt-netcdf; gt-ogcapi-client; gt-ogr; gt-ogr-core; gt-ogr-jni; gt-postgis-raster; gt-process-feature; gt-process-raster; gt-property; gt-release; gt-render; gt-shapefile; gt-svg; gt-swing; gt-tile-client; gt-tpk; gt-transform; gt-wfs-ng; gt-wms; gt-wmts; gt-xml; gt-xsd-csw; gt-xsd-fes; gt-xsd-filter; gt-xsd-gml2; gt-xsd-gml3; gt-xsd-wcs; gt-xsd-wfs; gt-xsd-wps,66,2.4.1,2022-10-22 14:19:43+00:00,2023-09-17 00:00:00+00:00,329.40297453703704,post_resolution,CVE-2022-41853,version_changed
32,geotools,MS SQL Server_Microsoft Azure SQL Database,4422,gt-imagemosaic; gt-jdbc-sqlserver,2,8.4.1.jre8,2020-11-14 00:00:00+00:00,2021-02-27 00:00:00+00:00,105.0,pre_disclosure,CVE-2025-59250,version_changed
32,geotools,MS SQL Server_Microsoft Azure SQL Database,4423,gt-imagemosaic; gt-jdbc-sqlserver; gt-imagemosaic; gt-jdbc-sqlserver; gt-release,3,9.2.0.jre8,2021-02-25 00:00:00+00:00,2021-08-13 00:00:00+00:00,169.0,pre_disclosure,CVE-2025-59250,version_changed
32,geotools,MS SQL Server_Microsoft Azure SQL Database,4424,gt-imagemosaic; gt-jdbc-sqlserver; gt-imagemosaic; gt-jdbc-sqlserver; gt-release,3,9.4.0.jre8,2021-08-13 00:00:00+00:00,2025-10-13 00:00:00+00:00,1522.0,pre_disclosure,CVE-2025-59250,version_changed
32,geotools,MS SQL Server_Microsoft Azure SQL Database,4424,gt-imagemosaic; gt-jdbc-sqlserver; gt-imagemosaic; gt-jdbc-sqlserver; gt-release,3,9.4.0.jre8,2025-10-13 00:00:00+00:00,2025-10-14 17:16:07.240000+00:00,1.7195282407407406,post_resolution,CVE-2025-59250,version_changed
32,geotools,MS SQL Server_Microsoft Azure SQL Database,4424,gt-imagemosaic; gt-jdbc-sqlserver; gt-imagemosaic; gt-jdbc-sqlserver; gt-release,3,9.4.0.jre8,2025-10-14 17:16:07.240000+00:00,2025-10-16 00:00:00+00:00,1.2804717592592592,post_resolution,CVE-2025-59250,version_changed
32,geotools,MongoDB,4426,gt-mongodb; gt-mongodb; gt-release,2,4.0.2,2020-05-19 00:00:00+00:00,2021-02-18 00:00:00+00:00,275.0,pre_disclosure,CVE-2021-20328,version_changed
32,geotools,MongoDB,4426,gt-mongodb; gt-mongodb; gt-release,2,4.0.2,2021-02-18 00:00:00+00:00,2021-02-25 17:15:28.303000+00:00,7.719077581018518,post_resolution,CVE-2021-20328,version_changed
32,geotools,MongoDB,4426,gt-mongodb; gt-mongodb; gt-release,2,4.0.2,2021-02-25 17:15:28.303000+00:00,2021-09-07 00:00:00+00:00,193.28092241898148,post_resolution,CVE-2021-20328,version_changed
32,geotools,MySQL,4428,gt-imagemosaic-jdbc; gt-jdbc-mysql,2,5.1.46,2020-05-06 00:00:00+00:00,2020-07-14 00:00:00+00:00,69.0,post_resolution,CVE-2018-3258; CVE-2019-2692; CVE-2020-2934; CVE-2022-21363; CVE-2023-22102,version_changed
32,geotools,MySQL,4428,gt-imagemosaic-jdbc; gt-jdbc-mysql,2,5.1.46,2020-07-14 00:00:00+00:00,2020-09-04 00:00:00+00:00,52.0,post_resolution,CVE-2018-3258; CVE-2019-2692; CVE-2020-2934; CVE-2022-21363; CVE-2023-22102,version_changed
32,geotools,MySQL,4429,gt-imagemosaic-jdbc; gt-jdbc-mysql,2,8.0.21,2020-09-04 00:00:00+00:00,2020-11-21 00:00:00+00:00,78.0,pre_disclosure,CVE-2021-2471; CVE-2022-21363; CVE-2023-22102,version_changed
32,geotools,MySQL,4430,gt-imagemosaic-jdbc; gt-jdbc-mysql,2,8.0.22,2020-11-21 00:00:00+00:00,2021-05-03 00:00:00+00:00,163.0,pre_disclosure,CVE-2021-2471; CVE-2022-21363; CVE-2023-22102,version_changed
32,geotools,MySQL,4431,gt-imagemosaic-jdbc; gt-jdbc-mysql; gt-imagemosaic-jdbc; gt-jdbc-mysql; gt-release,3,8.0.24,2021-05-03 00:00:00+00:00,2021-08-13 00:00:00+00:00,102.0,pre_disclosure,CVE-2021-2471; CVE-2022-21363; CVE-2023-22102,version_changed
32,geotools,MySQL,4432,gt-imagemosaic-jdbc; gt-jdbc-mysql; gt-release; gt-jdbc-mysql; gt-release,3,8.0.26,2021-08-13 00:00:00+00:00,2021-09-28 18:17:43+00:00,46.76230324074074,pre_disclosure,CVE-2021-2471; CVE-2022-21363; CVE-2023-22102,version_changed
32,geotools,MySQL,4432,gt-imagemosaic-jdbc; gt-jdbc-mysql; gt-release; gt-jdbc-mysql; gt-release,3,8.0.26,2021-09-28 18:17:43+00:00,2021-10-20 11:16:17.117000+00:00,21.70733931712963,post_resolution,CVE-2021-2471; CVE-2022-21363; CVE-2023-22102,version_changed
32,geotools,MySQL,4432,gt-imagemosaic-jdbc; gt-jdbc-mysql; gt-release; gt-jdbc-mysql; gt-release,3,8.0.26,2021-10-20 11:16:17.117000+00:00,2021-12-16 00:25:41+00:00,56.548193090277785,post_resolution,CVE-2021-2471; CVE-2022-21363; CVE-2023-22102,version_changed
32,geotools,MySQL,4432,gt-imagemosaic-jdbc; gt-jdbc-mysql; gt-release; gt-jdbc-mysql; gt-release,3,8.0.26,2021-12-16 00:25:41+00:00,2022-01-19 12:15:15.680000+00:00,34.492762500000005,post_resolution,CVE-2021-2471; CVE-2022-21363; CVE-2023-22102,version_changed
32,geotools,MySQL,4432,gt-imagemosaic-jdbc; gt-jdbc-mysql; gt-release; gt-jdbc-mysql; gt-release,3,8.0.26,2022-01-19 12:15:15.680000+00:00,2023-09-17 00:00:00+00:00,605.4894018518519,post_resolution,CVE-2021-2471; CVE-2022-21363; CVE-2023-22102,version_changed
32,geotools,MySQL,4433,gt-jdbc-mysql; gt-release,2,8.0.28,2023-09-17 00:00:00+00:00,2023-10-17 22:15:15.100000+00:00,30.92725810185185,pre_disclosure,CVE-2023-22102,version_changed
32,geotools,MySQL,4433,gt-jdbc-mysql; gt-release,2,8.0.28,2023-10-17 22:15:15.100000+00:00,2023-10-25 08:46:05+00:00,7.438077546296297,post_disclosure,CVE-2023-22102,version_changed
32,geotools,MySQL,4433,gt-jdbc-mysql; gt-release,2,8.0.28,2023-10-25 08:46:05+00:00,2024-12-06 00:00:00+00:00,407.6346643518518,post_resolution,CVE-2023-22102,version_changed
32,geotools,PostgreSQL,4446,gt-app-schema; gt-epsg-postgresql; gt-imagemosaic; gt-imagemosaic-jdbc; gt-jdbc-postgis; gt-netcdf; gt-postgis-raster,7,42.2.5,2020-05-06 00:00:00+00:00,2020-06-04 13:16:11+00:00,29.552905092592592,pre_disclosure,CVE-2020-13692; CVE-2022-26520; CVE-2026-42198; GHSA-673j-qm5f-xpv8,version_changed
32,geotools,PostgreSQL,4446,gt-app-schema; gt-epsg-postgresql; gt-imagemosaic; gt-imagemosaic-jdbc; gt-jdbc-postgis; gt-netcdf; gt-postgis-raster,7,42.2.5,2020-06-04 13:16:11+00:00,2020-06-04 16:15:12.657000+00:00,0.12432473379629629,post_resolution,CVE-2020-13692; CVE-2022-26520; CVE-2026-42198; GHSA-673j-qm5f-xpv8,version_changed
32,geotools,PostgreSQL,4446,gt-app-schema; gt-epsg-postgresql; gt-imagemosaic; gt-imagemosaic-jdbc; gt-jdbc-postgis; gt-netcdf; gt-postgis-raster,7,42.2.5,2020-06-04 16:15:12.657000+00:00,2020-06-23 00:00:00+00:00,18.32277017361111,post_resolution,CVE-2020-13692; CVE-2022-26520; CVE-2026-42198; GHSA-673j-qm5f-xpv8,version_changed
32,geotools,PostgreSQL,4447,gt-app-schema; gt-epsg-postgresql; gt-imagemosaic; gt-imagemosaic-jdbc; gt-jdbc-postgis; gt-netcdf; gt-postgis-raster,7,42.2.14,2020-06-23 00:00:00+00:00,2020-11-14 00:00:00+00:00,144.0,pre_disclosure,CVE-2022-26520; CVE-2026-42198; GHSA-673j-qm5f-xpv8,version_changed
32,geotools,PostgreSQL,4448,gt-app-schema; gt-epsg-postgresql; gt-imagemosaic; gt-imagemosaic-jdbc; gt-jdbc-postgis; gt-netcdf; gt-postgis-raster,7,42.2.18,2020-11-14 00:00:00+00:00,2021-02-27 00:00:00+00:00,105.0,pre_disclosure,CVE-2022-26520; CVE-2026-42198; GHSA-673j-qm5f-xpv8,version_changed
32,geotools,PostgreSQL,4449,gt-app-schema; gt-epsg-postgresql; gt-imagemosaic; gt-imagemosaic-jdbc; gt-jdbc-postgis; gt-netcdf; gt-postgis-raster; gt-app-schema; gt-epsg-postgresql; gt-imagemosaic; gt-imagemosaic-jdbc; gt-jdbc-postgis; gt-netcdf; gt-postgis-raster; gt-release,8,42.2.19,2021-02-25 00:00:00+00:00,2021-08-13 00:00:00+00:00,169.0,pre_disclosure,CVE-2022-26520; CVE-2026-42198; GHSA-673j-qm5f-xpv8,version_changed
32,geotools,PostgreSQL,4450,gt-app-schema; gt-epsg-postgresql; gt-imagemosaic; gt-imagemosaic-jdbc; gt-jdbc-postgis; gt-netcdf; gt-postgis-raster; gt-release; gt-app-schema; gt-epsg-postgresql; gt-imagemosaic; gt-jdbc-postgis; gt-netcdf; gt-postgis-raster; gt-release,8,42.2.23,2021-08-13 00:00:00+00:00,2022-02-02 00:00:00+00:00,173.0,pre_disclosure,CVE-2022-26520; CVE-2026-42198; GHSA-673j-qm5f-xpv8,version_changed
32,geotools,PostgreSQL,4451,gt-app-schema; gt-epsg-postgresql; gt-imagemosaic; gt-jdbc-postgis; gt-netcdf; gt-postgis-raster; gt-release,7,42.2.25,2022-02-02 00:00:00+00:00,2022-02-15 19:06:43+00:00,13.796331018518519,pre_disclosure,CVE-2022-26520; CVE-2026-42198; GHSA-673j-qm5f-xpv8,version_changed
32,geotools,PostgreSQL,4451,gt-app-schema; gt-epsg-postgresql; gt-imagemosaic; gt-jdbc-postgis; gt-netcdf; gt-postgis-raster; gt-release,7,42.2.25,2022-02-15 19:06:43+00:00,2022-02-16 00:00:00+00:00,0.2036689814814815,post_resolution,CVE-2022-26520; CVE-2026-42198; GHSA-673j-qm5f-xpv8,version_changed
32,geotools,PostgreSQL,4452,gt-app-schema; gt-epsg-postgresql; gt-imagemosaic; gt-jdbc-postgis; gt-netcdf; gt-postgis-raster; gt-release,7,42.3.3,2022-02-16 00:00:00+00:00,2022-08-03 19:15:08.630000+00:00,168.8021832175926,pre_disclosure,CVE-2022-31197; CVE-2022-41946; CVE-2026-42198,version_changed
32,geotools,PostgreSQL,4452,gt-app-schema; gt-epsg-postgresql; gt-imagemosaic; gt-jdbc-postgis; gt-netcdf; gt-postgis-raster; gt-release,7,42.3.3,2022-08-03 19:15:08.630000+00:00,2022-08-15 00:00:00+00:00,11.197816782407408,post_disclosure,CVE-2022-31197; CVE-2022-41946; CVE-2026-42198,version_changed
32,geotools,PostgreSQL,4452,gt-app-schema; gt-epsg-postgresql; gt-imagemosaic; gt-jdbc-postgis; gt-netcdf; gt-postgis-raster; gt-release,7,42.3.3,2022-08-15 00:00:00+00:00,2022-11-23 00:00:00+00:00,100.0,post_resolution,CVE-2022-31197; CVE-2022-41946; CVE-2026-42198,version_changed
32,geotools,PostgreSQL,4452,gt-app-schema; gt-epsg-postgresql; gt-imagemosaic; gt-jdbc-postgis; gt-netcdf; gt-postgis-raster; gt-release,7,42.3.3,2022-11-23 00:00:00+00:00,2022-11-23 20:15:10.253000+00:00,0.8438686689814815,post_resolution,CVE-2022-31197; CVE-2022-41946; CVE-2026-42198,version_changed
32,geotools,PostgreSQL,4452,gt-app-schema; gt-epsg-postgresql; gt-imagemosaic; gt-jdbc-postgis; gt-netcdf; gt-postgis-raster; gt-release,7,42.3.3,2022-11-23 20:15:10.253000+00:00,2023-09-17 00:00:00+00:00,297.1561313310185,post_resolution,CVE-2022-31197; CVE-2022-41946; CVE-2026-42198,version_changed
32,geotools,PostgreSQL,4453,gt-app-schema; gt-epsg-postgresql; gt-imagemosaic; gt-jdbc-postgis; gt-netcdf; gt-postgis-raster; gt-release,7,42.6.0,2023-09-17 00:00:00+00:00,2024-02-21 00:00:00+00:00,157.0,pre_disclosure,CVE-2026-42198,version_changed
32,geotools,PostgreSQL,4454,gt-app-schema; gt-epsg-postgresql; gt-imagemosaic; gt-jdbc-postgis; gt-netcdf; gt-postgis-raster; gt-release,7,42.7.2,2024-02-21 00:00:00+00:00,2024-05-21 00:00:00+00:00,90.0,pre_disclosure,CVE-2026-42198,version_changed
32,geotools,PostgreSQL,4455,gt-app-schema; gt-epsg-postgresql; gt-imagemosaic; gt-jdbc-postgis; gt-netcdf; gt-postgis-raster; gt-release,7,42.7.3,2024-05-17 00:00:00+00:00,2025-02-07 00:00:00+00:00,266.0,pre_disclosure,CVE-2026-42198,version_changed
32,geotools,PostgreSQL,4456,gt-app-schema; gt-epsg-postgresql; gt-imagemosaic; gt-jdbc-postgis; gt-netcdf; gt-postgis-raster; gt-release,7,42.7.5,2025-02-07 00:00:00+00:00,2025-06-02 00:00:00+00:00,115.0,pre_disclosure,CVE-2025-49146; CVE-2026-42198,version_changed
32,geotools,PostgreSQL,4457,gt-app-schema; gt-epsg-postgresql; gt-imagemosaic; gt-jdbc-postgis; gt-netcdf; gt-postgis-raster; gt-release,7,42.7.6,2025-06-02 00:00:00+00:00,2025-06-11 09:55:12+00:00,9.413333333333334,pre_disclosure,CVE-2025-49146; CVE-2026-42198,version_changed
32,geotools,PostgreSQL,4457,gt-app-schema; gt-epsg-postgresql; gt-imagemosaic; gt-jdbc-postgis; gt-netcdf; gt-postgis-raster; gt-release,7,42.7.6,2025-06-11 09:55:12+00:00,2025-06-11 15:15:42.850000+00:00,0.2225792824074074,post_resolution,CVE-2025-49146; CVE-2026-42198,version_changed
32,geotools,PostgreSQL,4457,gt-app-schema; gt-epsg-postgresql; gt-imagemosaic; gt-jdbc-postgis; gt-netcdf; gt-postgis-raster; gt-release,7,42.7.6,2025-06-11 15:15:42.850000+00:00,2025-06-12 00:00:00+00:00,0.3640873842592593,post_resolution,CVE-2025-49146; CVE-2026-42198,version_changed
32,geotools,PostgreSQL,4458,gt-app-schema; gt-epsg-postgresql; gt-imagemosaic; gt-jdbc-postgis; gt-netcdf; gt-postgis-raster; gt-app-schema; gt-epsg-postgresql; gt-imagemosaic; gt-jdbc-postgis; gt-netcdf; gt-postgis-raster; gt-release,7,42.7.7,2025-06-12 00:00:00+00:00,2025-11-15 00:00:00+00:00,156.0,pre_disclosure,CVE-2026-42198,version_changed
32,geotools,PostgreSQL,4459,gt-app-schema; gt-epsg-postgresql; gt-imagemosaic; gt-jdbc-postgis; gt-netcdf; gt-postgis-raster,6,42.7.8,2025-11-15 00:00:00+00:00,2025-12-30 00:00:00+00:00,45.0,pre_disclosure,CVE-2026-42198,right_censored_no_later_version
32,geotools,SQLite,4460,gt-geopkg; gt-mbtiles; gt-ogcapi-client,3,3.30.1,2020-05-06 00:00:00+00:00,2020-06-03 00:00:00+00:00,28.0,pre_disclosure,CVE-2023-32697,version_changed
32,geotools,SQLite,4461,gt-geopkg; gt-mbtiles; gt-ogcapi-client,3,3.31.1,2020-06-03 00:00:00+00:00,2020-12-23 00:00:00+00:00,203.0,pre_disclosure,CVE-2023-32697,version_changed
32,geotools,SQLite,4462,gt-geopkg; gt-mbtiles; gt-ogcapi-client; gt-geopkg; gt-mbtiles; gt-ogcapi-client; gt-release,4,3.34.0,2020-12-22 00:00:00+00:00,2023-05-19 10:50:50+00:00,878.4519675925926,pre_disclosure,CVE-2023-32697,version_changed
32,geotools,SQLite,4462,gt-geopkg; gt-mbtiles; gt-ogcapi-client; gt-geopkg; gt-mbtiles; gt-ogcapi-client; gt-release,4,3.34.0,2023-05-19 10:50:50+00:00,2023-05-23 23:15:09.337000+00:00,4.516890474537037,post_resolution,CVE-2023-32697,version_changed
32,geotools,SQLite,4462,gt-geopkg; gt-mbtiles; gt-ogcapi-client; gt-geopkg; gt-mbtiles; gt-ogcapi-client; gt-release,4,3.34.0,2023-05-23 23:15:09.337000+00:00,2023-09-17 00:00:00+00:00,116.03114193287038,post_resolution,CVE-2023-32697,version_changed
33,guice,HyperSQL,4466,guice-persist,1,2.0.0,2010-10-21 00:00:00+00:00,2022-10-06 18:17:07.190000+00:00,4368.761888773148,pre_disclosure,CVE-2022-41853,right_censored_no_later_version
33,guice,HyperSQL,4466,guice-persist,1,2.0.0,2022-10-06 18:17:07.190000+00:00,2022-10-22 14:19:43+00:00,15.835136689814815,post_disclosure,CVE-2022-41853,right_censored_no_later_version
33,guice,HyperSQL,4466,guice-persist,1,2.0.0,2022-10-22 14:19:43+00:00,2025-03-07 00:00:00+00:00,866.402974537037,post_resolution,CVE-2022-41853,right_censored_no_later_version
37,pitest,Hazelcast,4467,pitest; pitest-maven,2,1.9.2,2011-06-27 00:00:00+00:00,2011-09-05 00:00:00+00:00,70.0,pre_disclosure,CVE-2016-10750; CVE-2023-33265; CVE-2023-45860,right_censored_no_later_version
38,java-design-patterns,H2,4470,dao; service-layer,1,1.4.187,2015-04-12 00:00:00+00:00,2015-09-11 00:00:00+00:00,152.0,pre_disclosure,CVE-2018-14335; CVE-2021-42392; CVE-2022-23221,version_changed
38,java-design-patterns,H2,4471,layers; repository; service-layer,3,1.4.188,2015-09-11 00:00:00+00:00,2016-01-07 00:00:00+00:00,118.0,pre_disclosure,CVE-2018-14335; CVE-2021-42392; CVE-2022-23221,version_changed
38,java-design-patterns,H2,4472,cqrs; dao; domain-model; layers; metadata-mapping; repository; serialized-entity; service-layer; table-module; transaction-script; cqrs; dao; domain-model; layers; metadata-mapping; repository; service-layer; table-module; transaction-script; cqrs; dao; domain-model; layers; repository; service-layer; table-module; transaction-script; cqrs; dao; layers; repository; service-layer; cqrs; dao; layers; repository; service-layer; table-module; transaction-script; cqrs; dao; layers; repository; service-layer; transaction-script; dao; layers; repository; service-layer; layers; repository; service-layer,10,1.4.190,2016-01-07 00:00:00+00:00,2018-07-24 13:29:00.603000+00:00,929.5618125347222,pre_disclosure,CVE-2018-14335; CVE-2021-42392; CVE-2022-23221,version_changed
38,java-design-patterns,H2,4472,cqrs; dao; domain-model; layers; metadata-mapping; repository; serialized-entity; service-layer; table-module; transaction-script; cqrs; dao; domain-model; layers; metadata-mapping; repository; service-layer; table-module; transaction-script; cqrs; dao; domain-model; layers; repository; service-layer; table-module; transaction-script; cqrs; dao; layers; repository; service-layer; cqrs; dao; layers; repository; service-layer; table-module; transaction-script; cqrs; dao; layers; repository; service-layer; transaction-script; dao; layers; repository; service-layer; layers; repository; service-layer,10,1.4.190,2018-07-24 13:29:00.603000+00:00,2019-02-22 14:41:59+00:00,213.0506758912037,post_disclosure,CVE-2018-14335; CVE-2021-42392; CVE-2022-23221,version_changed
38,java-design-patterns,H2,4472,cqrs; dao; domain-model; layers; metadata-mapping; repository; serialized-entity; service-layer; table-module; transaction-script; cqrs; dao; domain-model; layers; metadata-mapping; repository; service-layer; table-module; transaction-script; cqrs; dao; domain-model; layers; repository; service-layer; table-module; transaction-script; cqrs; dao; layers; repository; service-layer; cqrs; dao; layers; repository; service-layer; table-module; transaction-script; cqrs; dao; layers; repository; service-layer; transaction-script; dao; layers; repository; service-layer; layers; repository; service-layer,10,1.4.190,2019-02-22 14:41:59+00:00,2022-01-04 20:53:00+00:00,1047.257650462963,post_resolution,CVE-2018-14335; CVE-2021-42392; CVE-2022-23221,version_changed
38,java-design-patterns,H2,4472,cqrs; dao; domain-model; layers; metadata-mapping; repository; serialized-entity; service-layer; table-module; transaction-script; cqrs; dao; domain-model; layers; metadata-mapping; repository; service-layer; table-module; transaction-script; cqrs; dao; domain-model; layers; repository; service-layer; table-module; transaction-script; cqrs; dao; layers; repository; service-layer; cqrs; dao; layers; repository; service-layer; table-module; transaction-script; cqrs; dao; layers; repository; service-layer; transaction-script; dao; layers; repository; service-layer; layers; repository; service-layer,10,1.4.190,2022-01-04 20:53:00+00:00,2022-01-10 14:10:23.643000+00:00,5.720412534722222,post_resolution,CVE-2018-14335; CVE-2021-42392; CVE-2022-23221,version_changed
38,java-design-patterns,H2,4472,cqrs; dao; domain-model; layers; metadata-mapping; repository; serialized-entity; service-layer; table-module; transaction-script; cqrs; dao; domain-model; layers; metadata-mapping; repository; service-layer; table-module; transaction-script; cqrs; dao; domain-model; layers; repository; service-layer; table-module; transaction-script; cqrs; dao; layers; repository; service-layer; cqrs; dao; layers; repository; service-layer; table-module; transaction-script; cqrs; dao; layers; repository; service-layer; transaction-script; dao; layers; repository; service-layer; layers; repository; service-layer,10,1.4.190,2022-01-10 14:10:23.643000+00:00,2022-01-17 16:18:52+00:00,7.089217094907407,post_resolution,CVE-2018-14335; CVE-2021-42392; CVE-2022-23221,version_changed
38,java-design-patterns,H2,4472,cqrs; dao; domain-model; layers; metadata-mapping; repository; serialized-entity; service-layer; table-module; transaction-script; cqrs; dao; domain-model; layers; metadata-mapping; repository; service-layer; table-module; transaction-script; cqrs; dao; domain-model; layers; repository; service-layer; table-module; transaction-script; cqrs; dao; layers; repository; service-layer; cqrs; dao; layers; repository; service-layer; table-module; transaction-script; cqrs; dao; layers; repository; service-layer; transaction-script; dao; layers; repository; service-layer; layers; repository; service-layer,10,1.4.190,2022-01-17 16:18:52+00:00,2022-01-19 17:15:09+00:00,2.039085648148148,post_resolution,CVE-2018-14335; CVE-2021-42392; CVE-2022-23221,version_changed
38,java-design-patterns,H2,4472,cqrs; dao; domain-model; layers; metadata-mapping; repository; serialized-entity; service-layer; table-module; transaction-script; cqrs; dao; domain-model; layers; metadata-mapping; repository; service-layer; table-module; transaction-script; cqrs; dao; domain-model; layers; repository; service-layer; table-module; transaction-script; cqrs; dao; layers; repository; service-layer; cqrs; dao; layers; repository; service-layer; table-module; transaction-script; cqrs; dao; layers; repository; service-layer; transaction-script; dao; layers; repository; service-layer; layers; repository; service-layer,10,1.4.190,2022-01-19 17:15:09+00:00,2022-11-21 00:00:00+00:00,305.2811458333333,post_resolution,CVE-2018-14335; CVE-2021-42392; CVE-2022-23221,version_changed
38,java-design-patterns,H2,4473,command-query-responsibility-segregation; data-access-object; domain-model; embedded-value; metadata-mapping; serialized-entity; service-layer; table-module; transaction-script; command-query-responsibility-segregation; data-access-object; domain-model; metadata-mapping; monolithic-architecture; serialized-entity; serialized-lob; service-layer; table-module; transaction-script; command-query-responsibility-segregation; data-access-object; domain-model; metadata-mapping; serialized-entity; serialized-lob; service-layer; table-module; transaction-script; command-query-responsibility-segregation; data-access-object; domain-model; metadata-mapping; serialized-entity; service-layer; table-module; transaction-script; cqrs; dao; domain-model; embedded-value; health-check; layers; metadata-mapping; repository; serialized-entity; service-layer; single-table-inheritance; table-module; transaction-script; cqrs; dao; domain-model; embedded-value; health-check; layers; metadata-mapping; repository; serialized-entity; service-layer; table-module; transaction-script; cqrs; dao; domain-model; embedded-value; health-check; layers; metadata-mapping; serialized-entity; service-layer; single-table-inheritance; table-module; transaction-script; cqrs; dao; domain-model; embedded-value; health-check; layers; metadata-mapping; serialized-entity; service-layer; table-module; transaction-script; cqrs; dao; domain-model; embedded-value; layers; metadata-mapping; repository; serialized-entity; service-layer; table-module; transaction-script; cqrs; dao; domain-model; embedded-value; layers; metadata-mapping; serialized-entity; service-layer; table-module; transaction-script; cqrs; dao; domain-model; embedded-value; metadata-mapping; serialized-entity; service-layer; table-module; transaction-script; cqrs; dao; domain-model; layers; metadata-mapping; repository; serialized-entity; service-layer; table-module; transaction-script,13,2.1.214,2022-11-20 00:00:00+00:00,2022-11-23 21:15:11.360000+00:00,3.885548148148148,pre_disclosure,CVE-2022-45868,version_changed
38,java-design-patterns,H2,4473,command-query-responsibility-segregation; data-access-object; domain-model; embedded-value; metadata-mapping; serialized-entity; service-layer; table-module; transaction-script; command-query-responsibility-segregation; data-access-object; domain-model; metadata-mapping; monolithic-architecture; serialized-entity; serialized-lob; service-layer; table-module; transaction-script; command-query-responsibility-segregation; data-access-object; domain-model; metadata-mapping; serialized-entity; serialized-lob; service-layer; table-module; transaction-script; command-query-responsibility-segregation; data-access-object; domain-model; metadata-mapping; serialized-entity; service-layer; table-module; transaction-script; cqrs; dao; domain-model; embedded-value; health-check; layers; metadata-mapping; repository; serialized-entity; service-layer; single-table-inheritance; table-module; transaction-script; cqrs; dao; domain-model; embedded-value; health-check; layers; metadata-mapping; repository; serialized-entity; service-layer; table-module; transaction-script; cqrs; dao; domain-model; embedded-value; health-check; layers; metadata-mapping; serialized-entity; service-layer; single-table-inheritance; table-module; transaction-script; cqrs; dao; domain-model; embedded-value; health-check; layers; metadata-mapping; serialized-entity; service-layer; table-module; transaction-script; cqrs; dao; domain-model; embedded-value; layers; metadata-mapping; repository; serialized-entity; service-layer; table-module; transaction-script; cqrs; dao; domain-model; embedded-value; layers; metadata-mapping; serialized-entity; service-layer; table-module; transaction-script; cqrs; dao; domain-model; embedded-value; metadata-mapping; serialized-entity; service-layer; table-module; transaction-script; cqrs; dao; domain-model; layers; metadata-mapping; repository; serialized-entity; service-layer; table-module; transaction-script,13,2.1.214,2022-11-23 21:15:11.360000+00:00,2023-07-05 14:57:30+00:00,223.73771574074075,post_disclosure,CVE-2022-45868,version_changed
38,java-design-patterns,H2,4473,command-query-responsibility-segregation; data-access-object; domain-model; embedded-value; metadata-mapping; serialized-entity; service-layer; table-module; transaction-script; command-query-responsibility-segregation; data-access-object; domain-model; metadata-mapping; monolithic-architecture; serialized-entity; serialized-lob; service-layer; table-module; transaction-script; command-query-responsibility-segregation; data-access-object; domain-model; metadata-mapping; serialized-entity; serialized-lob; service-layer; table-module; transaction-script; command-query-responsibility-segregation; data-access-object; domain-model; metadata-mapping; serialized-entity; service-layer; table-module; transaction-script; cqrs; dao; domain-model; embedded-value; health-check; layers; metadata-mapping; repository; serialized-entity; service-layer; single-table-inheritance; table-module; transaction-script; cqrs; dao; domain-model; embedded-value; health-check; layers; metadata-mapping; repository; serialized-entity; service-layer; table-module; transaction-script; cqrs; dao; domain-model; embedded-value; health-check; layers; metadata-mapping; serialized-entity; service-layer; single-table-inheritance; table-module; transaction-script; cqrs; dao; domain-model; embedded-value; health-check; layers; metadata-mapping; serialized-entity; service-layer; table-module; transaction-script; cqrs; dao; domain-model; embedded-value; layers; metadata-mapping; repository; serialized-entity; service-layer; table-module; transaction-script; cqrs; dao; domain-model; embedded-value; layers; metadata-mapping; serialized-entity; service-layer; table-module; transaction-script; cqrs; dao; domain-model; embedded-value; metadata-mapping; serialized-entity; service-layer; table-module; transaction-script; cqrs; dao; domain-model; layers; metadata-mapping; repository; serialized-entity; service-layer; table-module; transaction-script,13,2.1.214,2023-07-05 14:57:30+00:00,2025-03-29 00:00:00+00:00,632.3767361111111,post_resolution,CVE-2022-45868,version_changed
38,java-design-patterns,HyperSQL,4477,naked-objects-integtests; naked-objects-webapp,2,2.3.1,2015-09-11 00:00:00+00:00,2022-10-06 18:17:07.190000+00:00,2582.7618887731483,pre_disclosure,CVE-2022-41853,right_censored_no_later_version
38,java-design-patterns,HyperSQL,4477,naked-objects-integtests; naked-objects-webapp,2,2.3.1,2022-10-06 18:17:07.190000+00:00,2022-10-22 14:19:43+00:00,15.835136689814815,post_disclosure,CVE-2022-41853,right_censored_no_later_version
38,java-design-patterns,HyperSQL,4477,naked-objects-integtests; naked-objects-webapp,2,2.3.1,2022-10-22 14:19:43+00:00,2022-11-20 00:00:00+00:00,28.402974537037036,post_resolution,CVE-2022-41853,right_censored_no_later_version
38,java-design-patterns,MongoDB,4478,caching,1,3.0.4,2015-11-01 00:00:00+00:00,2021-02-18 00:00:00+00:00,1936.0,pre_disclosure,CVE-2021-20328,version_changed
38,java-design-patterns,MongoDB,4478,caching,1,3.0.4,2021-02-18 00:00:00+00:00,2021-02-25 17:15:28.303000+00:00,7.719077581018518,post_resolution,CVE-2021-20328,version_changed
38,java-design-patterns,MongoDB,4478,caching,1,3.0.4,2021-02-25 17:15:28.303000+00:00,2022-12-04 00:00:00+00:00,646.2809224189814,post_resolution,CVE-2021-20328,version_changed
39,immutables,H2,4483,value-fixture,1,1.4.182,2014-10-30 00:00:00+00:00,2015-02-11 00:00:00+00:00,104.0,pre_disclosure,CVE-2018-14335; CVE-2021-42392; CVE-2022-23221,right_censored_no_later_version
41,heritrix3,HBase,4489,heritrix-contrib,1,0.98.6-cdh5.3.5,2024-10-17 00:00:00+00:00,2024-10-18 00:00:00+00:00,1.0,post_resolution,CVE-2015-1836,right_censored_no_later_version
42,janusgraph,Cassandra,4490,titan,1,1.0.7,2012-04-30 00:00:00+00:00,2012-05-01 00:00:00+00:00,1.0,pre_disclosure,CVE-2020-17516; CVE-2025-23015,version_changed
42,janusgraph,Cassandra,4491,titan,1,1.1.0,2012-04-30 00:00:00+00:00,2012-08-20 00:00:00+00:00,112.0,pre_disclosure,CVE-2020-17516; CVE-2025-23015,version_changed
42,janusgraph,Cassandra,4493,titan,1,1.1.3,2012-08-15 00:00:00+00:00,2013-03-26 00:00:00+00:00,223.0,pre_disclosure,CVE-2020-17516; CVE-2025-23015,version_changed
42,janusgraph,Cassandra,4494,titan-all; titan-cassandra,2,1.2.2,2013-03-26 00:00:00+00:00,2015-04-01 00:00:00+00:00,736.0,pre_disclosure,CVE-2015-0225; CVE-2020-17516; CVE-2025-23015,version_changed
42,janusgraph,Cassandra,4494,titan-all; titan-cassandra,2,1.2.2,2015-04-01 00:00:00+00:00,2015-04-03 14:59:00.070000+00:00,2.6243063657407406,post_resolution,CVE-2015-0225; CVE-2020-17516; CVE-2025-23015,version_changed
42,janusgraph,Cassandra,4494,titan-all; titan-cassandra,2,1.2.2,2015-04-03 14:59:00.070000+00:00,2020-08-02 00:00:00+00:00,1947.3756936342593,post_resolution,CVE-2015-0225; CVE-2020-17516; CVE-2025-23015,version_changed
43,gitlab-plugin,PostgreSQL,4512,gitlab-plugin,1,9.4.1208,2019-09-20 00:00:00+00:00,2020-06-04 13:16:11+00:00,258.5529050925926,post_resolution,CVE-2018-10936; CVE-2020-13692; CVE-2022-41946,version_changed
43,gitlab-plugin,PostgreSQL,4512,gitlab-plugin,1,9.4.1208,2020-06-04 13:16:11+00:00,2020-06-04 16:15:12.657000+00:00,0.12432473379629629,post_resolution,CVE-2018-10936; CVE-2020-13692; CVE-2022-41946,version_changed
43,gitlab-plugin,PostgreSQL,4512,gitlab-plugin,1,9.4.1208,2020-06-04 16:15:12.657000+00:00,2021-10-21 00:00:00+00:00,503.32277017361116,post_resolution,CVE-2018-10936; CVE-2020-13692; CVE-2022-41946,version_changed
43,gitlab-plugin,PostgreSQL,4513,gitlab-plugin,1,42.3.0,2021-10-19 00:00:00+00:00,2021-10-30 00:00:00+00:00,11.0,pre_disclosure,CVE-2022-21724; CVE-2022-26520; CVE-2022-31197; CVE-2022-41946; CVE-2026-42198; GHSA-673j-qm5f-xpv8,version_changed
43,gitlab-plugin,PostgreSQL,4514,gitlab-plugin,1,42.3.1,2021-10-30 00:00:00+00:00,2022-02-01 00:00:00+00:00,94.0,pre_disclosure,CVE-2022-21724; CVE-2022-26520; CVE-2022-31197; CVE-2022-41946; CVE-2026-42198; GHSA-673j-qm5f-xpv8,version_changed
43,gitlab-plugin,PostgreSQL,4515,gitlab-plugin,1,42.3.2,2022-02-01 00:00:00+00:00,2022-02-15 19:06:43+00:00,14.796331018518519,pre_disclosure,CVE-2022-26520; CVE-2022-31197; CVE-2022-41946; CVE-2026-42198; GHSA-673j-qm5f-xpv8,version_changed
43,gitlab-plugin,PostgreSQL,4515,gitlab-plugin,1,42.3.2,2022-02-15 19:06:43+00:00,2022-02-16 00:08:18+00:00,0.20943287037037037,post_resolution,CVE-2022-26520; CVE-2022-31197; CVE-2022-41946; CVE-2026-42198; GHSA-673j-qm5f-xpv8,version_changed
43,gitlab-plugin,PostgreSQL,4515,gitlab-plugin,1,42.3.2,2022-02-16 00:08:18+00:00,2022-02-20 00:00:00+00:00,3.9942361111111113,post_resolution,CVE-2022-26520; CVE-2022-31197; CVE-2022-41946; CVE-2026-42198; GHSA-673j-qm5f-xpv8,version_changed
43,gitlab-plugin,PostgreSQL,4516,gitlab-plugin,1,42.3.3,2022-02-20 00:00:00+00:00,2022-05-04 00:00:00+00:00,73.0,pre_disclosure,CVE-2022-31197; CVE-2022-41946; CVE-2026-42198,version_changed
43,gitlab-plugin,PostgreSQL,4517,gitlab-plugin,1,42.3.5,2022-05-04 00:00:00+00:00,2022-05-24 00:00:00+00:00,20.0,pre_disclosure,CVE-2022-31197; CVE-2022-41946; CVE-2026-42198,version_changed
43,gitlab-plugin,PostgreSQL,4518,gitlab-plugin,1,42.3.6,2022-05-24 00:00:00+00:00,2022-06-09 00:00:00+00:00,16.0,pre_disclosure,CVE-2022-31197; CVE-2022-41946; CVE-2026-42198,version_changed
43,gitlab-plugin,PostgreSQL,4519,gitlab-plugin,1,42.4.0,2022-06-09 00:00:00+00:00,2022-08-30 00:00:00+00:00,82.0,pre_disclosure,CVE-2026-42198,version_changed
43,gitlab-plugin,PostgreSQL,4520,gitlab-plugin,1,42.5.0,2022-08-27 00:00:00+00:00,2022-11-23 00:00:00+00:00,88.0,pre_disclosure,CVE-2026-42198,version_changed
43,gitlab-plugin,PostgreSQL,4521,gitlab-plugin,1,42.5.1,2022-11-23 00:00:00+00:00,2023-02-06 00:00:00+00:00,75.0,pre_disclosure,CVE-2026-42198,version_changed
43,gitlab-plugin,PostgreSQL,4522,gitlab-plugin,1,42.5.3,2023-02-06 00:00:00+00:00,2023-02-17 00:00:00+00:00,11.0,pre_disclosure,CVE-2026-42198,version_changed
43,gitlab-plugin,PostgreSQL,4523,gitlab-plugin,1,42.5.4,2023-02-17 00:00:00+00:00,2023-03-24 00:00:00+00:00,35.0,pre_disclosure,CVE-2026-42198,version_changed
43,gitlab-plugin,PostgreSQL,4524,gitlab-plugin,1,42.6.0,2023-03-21 00:00:00+00:00,2023-11-20 00:00:00+00:00,244.0,pre_disclosure,CVE-2026-42198,version_changed
43,gitlab-plugin,PostgreSQL,4525,gitlab-plugin,1,42.7.0,2023-11-20 00:00:00+00:00,2023-12-11 00:00:00+00:00,21.0,pre_disclosure,CVE-2024-1597; CVE-2026-42198,version_changed
43,gitlab-plugin,PostgreSQL,4526,gitlab-plugin,1,42.7.1,2023-12-11 00:00:00+00:00,2024-02-19 13:15:07.740000+00:00,70.55217291666666,pre_disclosure,CVE-2024-1597; CVE-2026-42198,version_changed
43,gitlab-plugin,PostgreSQL,4526,gitlab-plugin,1,42.7.1,2024-02-19 13:15:07.740000+00:00,2024-02-21 00:00:00+00:00,1.4478270833333333,post_disclosure,CVE-2024-1597; CVE-2026-42198,version_changed
43,gitlab-plugin,PostgreSQL,4526,gitlab-plugin,1,42.7.1,2024-02-21 00:00:00+00:00,2024-02-27 00:00:00+00:00,6.0,post_resolution,CVE-2024-1597; CVE-2026-42198,version_changed
43,gitlab-plugin,PostgreSQL,4527,gitlab-plugin,1,42.7.2,2024-02-27 00:00:00+00:00,2024-03-16 00:00:00+00:00,18.0,pre_disclosure,CVE-2026-42198,version_changed
43,gitlab-plugin,PostgreSQL,4528,gitlab-plugin,1,42.7.3,2024-03-16 00:00:00+00:00,2024-08-27 00:00:00+00:00,164.0,pre_disclosure,CVE-2026-42198,version_changed
43,gitlab-plugin,PostgreSQL,4529,gitlab-plugin,1,42.7.4,2024-08-23 00:00:00+00:00,2025-01-25 00:00:00+00:00,155.0,pre_disclosure,CVE-2025-49146; CVE-2026-42198,version_changed
43,gitlab-plugin,PostgreSQL,4530,gitlab-plugin,1,42.7.5,2025-01-25 00:00:00+00:00,2025-05-29 00:00:00+00:00,124.0,pre_disclosure,CVE-2025-49146; CVE-2026-42198,version_changed
43,gitlab-plugin,PostgreSQL,4531,gitlab-plugin,1,42.7.6,2025-05-29 00:00:00+00:00,2025-06-11 09:55:12+00:00,13.413333333333334,pre_disclosure,CVE-2025-49146; CVE-2026-42198,version_changed
43,gitlab-plugin,PostgreSQL,4531,gitlab-plugin,1,42.7.6,2025-06-11 09:55:12+00:00,2025-06-11 15:15:42.850000+00:00,0.2225792824074074,post_resolution,CVE-2025-49146; CVE-2026-42198,version_changed
43,gitlab-plugin,PostgreSQL,4531,gitlab-plugin,1,42.7.6,2025-06-11 15:15:42.850000+00:00,2025-06-12 00:00:00+00:00,0.3640873842592593,post_resolution,CVE-2025-49146; CVE-2026-42198,version_changed
43,gitlab-plugin,PostgreSQL,4532,gitlab-plugin,1,42.7.7,2025-06-12 00:00:00+00:00,2025-09-19 00:00:00+00:00,99.0,pre_disclosure,CVE-2026-42198,version_changed
43,gitlab-plugin,PostgreSQL,4533,gitlab-plugin,1,42.7.8,2025-09-19 00:00:00+00:00,2026-01-02 00:00:00+00:00,105.0,pre_disclosure,CVE-2026-42198,right_censored_no_later_version
44,DependencyCheck,H2,4534,DependencyCheck; dependency-check,1,1.3.170,2013-01-06 00:00:00+00:00,2013-03-28 00:00:00+00:00,81.0,pre_disclosure,CVE-2018-14335; CVE-2021-42392; CVE-2022-23221,version_changed
44,DependencyCheck,H2,4535,dependency-check,1,1.3.171,2013-03-28 00:00:00+00:00,2013-06-02 00:00:00+00:00,66.0,pre_disclosure,CVE-2018-14335; CVE-2021-42392; CVE-2022-23221,version_changed
44,DependencyCheck,H2,4536,dependency-check; dependency-check-ant; dependency-check-cli; dependency-check-core; dependency-check-maven,4,1.3.172,2013-05-27 00:00:00+00:00,2015-01-04 00:00:00+00:00,587.0,pre_disclosure,CVE-2018-14335; CVE-2021-42392; CVE-2022-23221,version_changed
44,DependencyCheck,H2,4537,dependency-check-ant; dependency-check-cli; dependency-check-core; dependency-check-maven,4,1.3.176,2015-01-04 00:00:00+00:00,2018-03-29 00:00:00+00:00,1180.0,pre_disclosure,CVE-2018-14335; CVE-2021-42392; CVE-2022-23221,version_changed
44,DependencyCheck,H2,4538,build-reporting; dependency-check-ant; dependency-check-cli; dependency-check-core; dependency-check-maven; dependency-check-ant; dependency-check-build-reporting; dependency-check-cli; dependency-check-core; dependency-check-maven; dependency-check-ant; dependency-check-cli; dependency-check-core; dependency-check-maven,5,1.4.196,2018-03-29 00:00:00+00:00,2018-07-24 13:29:00.603000+00:00,117.56181253472222,pre_disclosure,CVE-2018-14335; CVE-2021-42392; CVE-2022-23221,version_changed
44,DependencyCheck,H2,4538,build-reporting; dependency-check-ant; dependency-check-cli; dependency-check-core; dependency-check-maven; dependency-check-ant; dependency-check-build-reporting; dependency-check-cli; dependency-check-core; dependency-check-maven; dependency-check-ant; dependency-check-cli; dependency-check-core; dependency-check-maven,5,1.4.196,2018-07-24 13:29:00.603000+00:00,2019-02-22 14:41:59+00:00,213.0506758912037,post_disclosure,CVE-2018-14335; CVE-2021-42392; CVE-2022-23221,version_changed
44,DependencyCheck,H2,4538,build-reporting; dependency-check-ant; dependency-check-cli; dependency-check-core; dependency-check-maven; dependency-check-ant; dependency-check-build-reporting; dependency-check-cli; dependency-check-core; dependency-check-maven; dependency-check-ant; dependency-check-cli; dependency-check-core; dependency-check-maven,5,1.4.196,2019-02-22 14:41:59+00:00,2020-01-01 00:00:00+00:00,312.3875115740741,post_resolution,CVE-2018-14335; CVE-2021-42392; CVE-2022-23221,version_changed
44,DependencyCheck,H2,4539,dependency-check-ant; dependency-check-cli; dependency-check-core; dependency-check-maven,4,1.4.199,2020-01-01 00:00:00+00:00,2021-11-29 11:00:04+00:00,698.4583796296296,pre_disclosure,CVE-2021-23463; CVE-2021-42392; CVE-2022-23221; CVE-2022-45868,version_changed
44,DependencyCheck,H2,4539,dependency-check-ant; dependency-check-cli; dependency-check-core; dependency-check-maven,4,1.4.199,2021-11-29 11:00:04+00:00,2021-12-10 20:15:07.917000+00:00,11.385462002314815,post_resolution,CVE-2021-23463; CVE-2021-42392; CVE-2022-23221; CVE-2022-45868,version_changed
44,DependencyCheck,H2,4539,dependency-check-ant; dependency-check-cli; dependency-check-core; dependency-check-maven,4,1.4.199,2021-12-10 20:15:07.917000+00:00,2022-01-04 20:53:00+00:00,25.026297256944446,post_resolution,CVE-2021-23463; CVE-2021-42392; CVE-2022-23221; CVE-2022-45868,version_changed
44,DependencyCheck,H2,4539,dependency-check-ant; dependency-check-cli; dependency-check-core; dependency-check-maven,4,1.4.199,2022-01-04 20:53:00+00:00,2022-01-10 14:10:23.643000+00:00,5.720412534722222,post_resolution,CVE-2021-23463; CVE-2021-42392; CVE-2022-23221; CVE-2022-45868,version_changed
44,DependencyCheck,H2,4539,dependency-check-ant; dependency-check-cli; dependency-check-core; dependency-check-maven,4,1.4.199,2022-01-10 14:10:23.643000+00:00,2022-01-17 16:18:52+00:00,7.089217094907407,post_resolution,CVE-2021-23463; CVE-2021-42392; CVE-2022-23221; CVE-2022-45868,version_changed
44,DependencyCheck,H2,4539,dependency-check-ant; dependency-check-cli; dependency-check-core; dependency-check-maven,4,1.4.199,2022-01-17 16:18:52+00:00,2022-01-19 17:15:09+00:00,2.039085648148148,post_resolution,CVE-2021-23463; CVE-2021-42392; CVE-2022-23221; CVE-2022-45868,version_changed
44,DependencyCheck,H2,4539,dependency-check-ant; dependency-check-cli; dependency-check-core; dependency-check-maven,4,1.4.199,2022-01-19 17:15:09+00:00,2022-01-20 00:00:00+00:00,0.2811458333333333,post_resolution,CVE-2021-23463; CVE-2021-42392; CVE-2022-23221; CVE-2022-45868,version_changed
44,DependencyCheck,H2,4540,dependency-check-ant; dependency-check-cli; dependency-check-core; dependency-check-maven,4,2.0.206,2022-01-17 00:00:00+00:00,2022-01-17 16:18:52+00:00,0.6797685185185185,pre_disclosure,CVE-2022-23221; CVE-2022-45868,version_changed
44,DependencyCheck,H2,4540,dependency-check-ant; dependency-check-cli; dependency-check-core; dependency-check-maven,4,2.0.206,2022-01-17 16:18:52+00:00,2022-01-19 17:15:09+00:00,2.039085648148148,post_resolution,CVE-2022-23221; CVE-2022-45868,version_changed
44,DependencyCheck,H2,4540,dependency-check-ant; dependency-check-cli; dependency-check-core; dependency-check-maven,4,2.0.206,2022-01-19 17:15:09+00:00,2022-01-28 00:00:00+00:00,8.281145833333333,post_resolution,CVE-2022-23221; CVE-2022-45868,version_changed
44,DependencyCheck,H2,4541,dependency-check-ant; dependency-check-cli; dependency-check-core; dependency-check-maven,4,2.1.210,2022-01-26 00:00:00+00:00,2022-06-21 00:00:00+00:00,146.0,pre_disclosure,CVE-2022-45868,version_changed
44,DependencyCheck,H2,4542,dependency-check-ant; dependency-check-cli; dependency-check-core; dependency-check-maven,4,2.1.214,2022-06-21 00:00:00+00:00,2022-11-23 21:15:11.360000+00:00,155.88554814814813,pre_disclosure,CVE-2022-45868,version_changed
44,DependencyCheck,H2,4542,dependency-check-ant; dependency-check-cli; dependency-check-core; dependency-check-maven,4,2.1.214,2022-11-23 21:15:11.360000+00:00,2023-07-05 14:57:30+00:00,223.73771574074075,post_disclosure,CVE-2022-45868,version_changed
44,DependencyCheck,H2,4542,dependency-check-ant; dependency-check-cli; dependency-check-core; dependency-check-maven,4,2.1.214,2023-07-05 14:57:30+00:00,2024-09-18 00:00:00+00:00,440.3767361111111,post_resolution,CVE-2022-45868,version_changed
44,DependencyCheck,Hazelcast,4544,dependency-check-core,1,2.5,2013-08-14 00:00:00+00:00,2018-10-23 13:23:32+00:00,1896.5580092592593,pre_disclosure,CVE-2016-10750; CVE-2023-33265; CVE-2023-45860,right_censored_no_later_version
44,DependencyCheck,Hazelcast,4544,dependency-check-core,1,2.5,2018-10-23 13:23:32+00:00,2019-05-22 14:29:00.223000+00:00,211.0454655439815,post_resolution,CVE-2016-10750; CVE-2023-33265; CVE-2023-45860,right_censored_no_later_version
44,DependencyCheck,Hazelcast,4544,dependency-check-core,1,2.5,2019-05-22 14:29:00.223000+00:00,2023-06-28 13:25:25+00:00,1497.9558423263888,post_resolution,CVE-2016-10750; CVE-2023-33265; CVE-2023-45860,right_censored_no_later_version
44,DependencyCheck,Hazelcast,4544,dependency-check-core,1,2.5,2023-06-28 13:25:25+00:00,2023-07-18 16:15:11.693000+00:00,20.117901539351852,post_resolution,CVE-2016-10750; CVE-2023-33265; CVE-2023-45860,right_censored_no_later_version
44,DependencyCheck,Hazelcast,4544,dependency-check-core,1,2.5,2023-07-18 16:15:11.693000+00:00,2024-02-16 10:15:08.080000+00:00,212.74995818287036,post_resolution,CVE-2016-10750; CVE-2023-33265; CVE-2023-45860,right_censored_no_later_version
44,DependencyCheck,Hazelcast,4544,dependency-check-core,1,2.5,2024-02-16 10:15:08.080000+00:00,2024-02-23 13:37:44+00:00,7.140693518518519,post_resolution,CVE-2016-10750; CVE-2023-33265; CVE-2023-45860,right_censored_no_later_version
44,DependencyCheck,Hazelcast,4544,dependency-check-core,1,2.5,2024-02-23 13:37:44+00:00,2025-01-23 00:00:00+00:00,334.4321296296296,post_resolution,CVE-2016-10750; CVE-2023-33265; CVE-2023-45860,right_censored_no_later_version
46,jooby,H2,4545,examples; jooby-hibernate; jooby-jdbc; jooby-hibernate; jooby-jdbc,3,1.4.179,2014-06-27 00:00:00+00:00,2014-10-26 00:00:00+00:00,121.0,pre_disclosure,CVE-2018-14335; CVE-2021-42392; CVE-2022-23221,version_changed
46,jooby,H2,4546,coverage-report; coverage-report; jooby-hbm; examples; jooby-hbm; jooby-jdbc; examples; jooby-hibernate; jooby-jdbc; jooby-hbm; jooby-hbm; jooby-jdbc,3,1.4.182,2014-10-26 00:00:00+00:00,2015-12-09 00:00:00+00:00,409.0,pre_disclosure,CVE-2018-14335; CVE-2021-42392; CVE-2022-23221,version_changed
46,jooby,H2,4547,coverage-report; coverage-report; jooby-querydsl,2,1.4.190,2015-12-09 00:00:00+00:00,2018-07-24 13:29:00.603000+00:00,958.5618125347222,pre_disclosure,CVE-2018-14335; CVE-2021-42392; CVE-2022-23221,version_changed
46,jooby,H2,4547,coverage-report; coverage-report; jooby-querydsl,2,1.4.190,2018-07-24 13:29:00.603000+00:00,2019-01-24 00:00:00+00:00,183.43818746527776,post_disclosure,CVE-2018-14335; CVE-2021-42392; CVE-2022-23221,version_changed
46,jooby,H2,4548,examples,1,1.4.197,2019-01-24 00:00:00+00:00,2019-02-22 14:41:59+00:00,29.612488425925925,post_disclosure,CVE-2018-14335; CVE-2021-42392; CVE-2022-23221,right_censored_no_later_version
46,jooby,H2,4548,examples,1,1.4.197,2019-02-22 14:41:59+00:00,2019-05-05 00:00:00+00:00,71.38751157407407,post_resolution,CVE-2018-14335; CVE-2021-42392; CVE-2022-23221,right_censored_no_later_version
46,jooby,Hazelcast,4549,coverage-report; jooby-hazelcast,2,3.5,2015-07-19 00:00:00+00:00,2016-04-03 00:00:00+00:00,259.0,pre_disclosure,CVE-2016-10750; CVE-2023-33265; CVE-2023-45860,version_changed
46,jooby,Hazelcast,4550,coverage-report; jooby-hazelcast,2,3.6.1,2016-04-02 00:00:00+00:00,2016-07-01 00:00:00+00:00,90.0,pre_disclosure,CVE-2016-10750; CVE-2023-33265; CVE-2023-45860,right_censored_no_later_version
46,jooby,MySQL,4553,jooby-jdbc,1,5.1.31,2014-06-27 00:00:00+00:00,2014-10-26 00:00:00+00:00,121.0,pre_disclosure,CVE-2015-2575; CVE-2017-3523; CVE-2017-3586; CVE-2017-3589; CVE-2018-3258; CVE-2019-2692; CVE-2020-2934; CVE-2022-21363; CVE-2023-22102,version_changed
46,jooby,MySQL,4554,coverage-report; jooby-jdbc,1,5.1.33,2014-10-26 00:00:00+00:00,2015-04-16 17:00:07.253000+00:00,172.7084172800926,pre_disclosure,CVE-2015-2575; CVE-2017-3523; CVE-2017-3586; CVE-2017-3589; CVE-2018-3258; CVE-2019-2692; CVE-2020-2934; CVE-2022-21363; CVE-2023-22102,version_changed
46,jooby,MySQL,4554,coverage-report; jooby-jdbc,1,5.1.33,2015-04-16 17:00:07.253000+00:00,2015-05-08 10:55:46+00:00,21.746976238425926,post_disclosure,CVE-2015-2575; CVE-2017-3523; CVE-2017-3586; CVE-2017-3589; CVE-2018-3258; CVE-2019-2692; CVE-2020-2934; CVE-2022-21363; CVE-2023-22102,version_changed
46,jooby,MySQL,4554,coverage-report; jooby-jdbc,1,5.1.33,2015-05-08 10:55:46+00:00,2015-12-09 00:00:00+00:00,214.54460648148148,post_resolution,CVE-2015-2575; CVE-2017-3523; CVE-2017-3586; CVE-2017-3589; CVE-2018-3258; CVE-2019-2692; CVE-2020-2934; CVE-2022-21363; CVE-2023-22102,version_changed
46,jooby,MySQL,4555,coverage-report,1,5.1.38,2015-12-08 00:00:00+00:00,2017-02-14 20:27:59+00:00,434.8527662037037,pre_disclosure,CVE-2017-3523; CVE-2017-3586; CVE-2017-3589; CVE-2018-3258; CVE-2019-2692; CVE-2020-2934; CVE-2022-21363; CVE-2023-22102,version_changed
46,jooby,MySQL,4555,coverage-report,1,5.1.38,2017-02-14 20:27:59+00:00,2017-04-17 18:23:36+00:00,61.91362268518518,post_resolution,CVE-2017-3523; CVE-2017-3586; CVE-2017-3589; CVE-2018-3258; CVE-2019-2692; CVE-2020-2934; CVE-2022-21363; CVE-2023-22102,version_changed
46,jooby,MySQL,4555,coverage-report,1,5.1.38,2017-04-17 18:23:36+00:00,2017-04-24 19:59:03.567000+00:00,7.066291284722222,post_resolution,CVE-2017-3523; CVE-2017-3586; CVE-2017-3589; CVE-2018-3258; CVE-2019-2692; CVE-2020-2934; CVE-2022-21363; CVE-2023-22102,version_changed
46,jooby,MySQL,4555,coverage-report,1,5.1.38,2017-04-24 19:59:03.567000+00:00,2017-04-24 19:59:05.597000+00:00,2.3495370370370367e-05,post_resolution,CVE-2017-3523; CVE-2017-3586; CVE-2017-3589; CVE-2018-3258; CVE-2019-2692; CVE-2020-2934; CVE-2022-21363; CVE-2023-22102,version_changed
46,jooby,MySQL,4555,coverage-report,1,5.1.38,2017-04-24 19:59:05.597000+00:00,2017-04-24 19:59:05.660000+00:00,7.291666666666666e-07,post_resolution,CVE-2017-3523; CVE-2017-3586; CVE-2017-3589; CVE-2018-3258; CVE-2019-2692; CVE-2020-2934; CVE-2022-21363; CVE-2023-22102,version_changed
46,jooby,MySQL,4555,coverage-report,1,5.1.38,2017-04-24 19:59:05.660000+00:00,2018-09-27 09:18:47+00:00,520.5553395833334,post_resolution,CVE-2017-3523; CVE-2017-3586; CVE-2017-3589; CVE-2018-3258; CVE-2019-2692; CVE-2020-2934; CVE-2022-21363; CVE-2023-22102,version_changed
46,jooby,MySQL,4555,coverage-report,1,5.1.38,2018-09-27 09:18:47+00:00,2018-10-17 01:31:27.230000+00:00,19.675465625,post_resolution,CVE-2017-3523; CVE-2017-3586; CVE-2017-3589; CVE-2018-3258; CVE-2019-2692; CVE-2020-2934; CVE-2022-21363; CVE-2023-22102,version_changed
46,jooby,MySQL,4555,coverage-report,1,5.1.38,2018-10-17 01:31:27.230000+00:00,2019-01-24 00:00:00+00:00,98.93649039351851,post_resolution,CVE-2017-3523; CVE-2017-3586; CVE-2017-3589; CVE-2018-3258; CVE-2019-2692; CVE-2020-2934; CVE-2022-21363; CVE-2023-22102,version_changed
46,jooby,MySQL,4556,examples; jooby-hikari,2,8.0.13,2019-01-24 00:00:00+00:00,2019-03-20 19:08:52+00:00,55.79782407407407,pre_disclosure,CVE-2019-2692; CVE-2020-2934; CVE-2021-2471; CVE-2022-21363; CVE-2023-22102,version_changed
46,jooby,MySQL,4556,examples; jooby-hikari,2,8.0.13,2019-03-20 19:08:52+00:00,2019-04-23 19:32:55.880000+00:00,34.01671157407407,post_resolution,CVE-2019-2692; CVE-2020-2934; CVE-2021-2471; CVE-2022-21363; CVE-2023-22102,version_changed
46,jooby,MySQL,4556,examples; jooby-hikari,2,8.0.13,2019-04-23 19:32:55.880000+00:00,2019-05-05 00:00:00+00:00,11.185464351851852,post_resolution,CVE-2019-2692; CVE-2020-2934; CVE-2021-2471; CVE-2022-21363; CVE-2023-22102,version_changed
46,jooby,MySQL,4557,examples; jooby-hikari,2,8.0.15,2019-05-05 00:00:00+00:00,2020-04-15 14:15:36.453000+00:00,346.59417190972226,post_resolution,CVE-2019-2692; CVE-2020-2934; CVE-2021-2471; CVE-2022-21363; CVE-2023-22102,version_changed
46,jooby,MySQL,4557,examples; jooby-hikari,2,8.0.15,2020-04-15 14:15:36.453000+00:00,2020-07-14 00:00:00+00:00,89.40582809027778,post_resolution,CVE-2019-2692; CVE-2020-2934; CVE-2021-2471; CVE-2022-21363; CVE-2023-22102,version_changed
46,jooby,MySQL,4557,examples; jooby-hikari,2,8.0.15,2020-07-14 00:00:00+00:00,2021-07-18 00:00:00+00:00,369.0,post_resolution,CVE-2019-2692; CVE-2020-2934; CVE-2021-2471; CVE-2022-21363; CVE-2023-22102,version_changed
46,jooby,MySQL,4558,jooby-ebean; jooby-flyway; jooby-hibernate; jooby-hikari; jooby-jdbi,5,8.0.25,2021-07-18 00:00:00+00:00,2021-09-28 18:17:43+00:00,72.76230324074074,pre_disclosure,CVE-2021-2471; CVE-2022-21363; CVE-2023-22102,version_changed
46,jooby,MySQL,4558,jooby-ebean; jooby-flyway; jooby-hibernate; jooby-hikari; jooby-jdbi,5,8.0.25,2021-09-28 18:17:43+00:00,2021-10-20 11:16:17.117000+00:00,21.70733931712963,post_resolution,CVE-2021-2471; CVE-2022-21363; CVE-2023-22102,version_changed
46,jooby,MySQL,4558,jooby-ebean; jooby-flyway; jooby-hibernate; jooby-hikari; jooby-jdbi,5,8.0.25,2021-10-20 11:16:17.117000+00:00,2021-12-16 00:25:41+00:00,56.548193090277785,post_resolution,CVE-2021-2471; CVE-2022-21363; CVE-2023-22102,version_changed
46,jooby,MySQL,4558,jooby-ebean; jooby-flyway; jooby-hibernate; jooby-hikari; jooby-jdbi,5,8.0.25,2021-12-16 00:25:41+00:00,2022-01-16 00:00:00+00:00,30.982164351851853,post_resolution,CVE-2021-2471; CVE-2022-21363; CVE-2023-22102,version_changed
46,jooby,MySQL,4559,jooby-ebean; jooby-flyway; jooby-hibernate; jooby-hikari; jooby-jdbi,5,8.0.27,2022-01-16 00:00:00+00:00,2022-01-19 12:15:15.680000+00:00,3.510598148148148,post_resolution,CVE-2022-21363; CVE-2023-22102,version_changed
46,jooby,MySQL,4559,jooby-ebean; jooby-flyway; jooby-hibernate; jooby-hikari; jooby-jdbi,5,8.0.27,2022-01-19 12:15:15.680000+00:00,2022-05-15 00:00:00+00:00,115.48940185185185,post_resolution,CVE-2022-21363; CVE-2023-22102,version_changed
46,jooby,MySQL,4560,jooby-ebean; jooby-flyway; jooby-hibernate; jooby-hikari; jooby-jdbi,5,8.0.29,2022-05-15 00:00:00+00:00,2022-12-05 00:00:00+00:00,204.0,pre_disclosure,CVE-2023-22102,version_changed
46,jooby,MySQL,4561,jooby-ebean; jooby-flyway; jooby-hibernate; jooby-hikari; jooby-jdbi,5,8.0.30,2022-12-05 00:00:00+00:00,2023-03-05 00:00:00+00:00,90.0,pre_disclosure,CVE-2023-22102,version_changed
46,jooby,MySQL,4562,jooby-ebean; jooby-flyway; jooby-hibernate; jooby-hikari; jooby-jdbi,5,8.0.32,2023-03-05 00:00:00+00:00,2023-05-22 00:00:00+00:00,78.0,pre_disclosure,CVE-2023-22102,version_changed
46,jooby,MySQL,4563,jooby-ebean; jooby-flyway; jooby-hibernate; jooby-hikari; jooby-jdbi,5,8.0.33,2023-05-22 00:00:00+00:00,2023-07-31 00:00:00+00:00,70.0,pre_disclosure,CVE-2023-22102,version_changed
46,jooby,MySQL,4564,jooby-ebean; jooby-flyway; jooby-hibernate; jooby-hikari; jooby-jdbi,5,8.1.0,2023-07-31 00:00:00+00:00,2023-10-16 00:00:00+00:00,77.0,pre_disclosure,CVE-2023-22102,right_censored_no_later_version
46,jooby,Redis,4569,jooby-redis,1,6.1.1.RELEASE,2021-07-18 00:00:00+00:00,2022-04-27 00:00:00+00:00,283.0,pre_disclosure,GHSA-q4h9-7rxj-7gx2,version_changed
46,jooby,Redis,4570,jooby-redis,1,6.1.6.RELEASE,2022-04-27 00:00:00+00:00,2022-05-15 00:00:00+00:00,18.0,pre_disclosure,GHSA-q4h9-7rxj-7gx2,version_changed
46,jooby,Redis,4571,jooby-redis,1,6.1.8.RELEASE,2022-05-15 00:00:00+00:00,2023-01-01 00:00:00+00:00,231.0,pre_disclosure,GHSA-q4h9-7rxj-7gx2,version_changed
46,jooby,Redis,4572,jooby-redis,1,6.2.2.RELEASE,2023-01-01 00:00:00+00:00,2023-03-05 00:00:00+00:00,63.0,pre_disclosure,GHSA-q4h9-7rxj-7gx2,version_changed
46,jooby,Redis,4573,jooby-redis,1,6.2.3.RELEASE,2023-03-05 00:00:00+00:00,2023-05-22 00:00:00+00:00,78.0,pre_disclosure,GHSA-q4h9-7rxj-7gx2,version_changed
46,jooby,Redis,4574,jooby-redis,1,6.2.4.RELEASE,2023-05-22 00:00:00+00:00,2023-07-31 00:00:00+00:00,70.0,pre_disclosure,GHSA-q4h9-7rxj-7gx2,version_changed
46,jooby,Redis,4575,jooby-redis,1,6.2.5.RELEASE,2023-07-31 00:00:00+00:00,2023-08-21 00:00:00+00:00,21.0,pre_disclosure,GHSA-q4h9-7rxj-7gx2,version_changed
46,jooby,Redis,4576,jooby-redis,1,6.2.6.RELEASE,2023-08-21 00:00:00+00:00,2024-01-04 00:00:00+00:00,136.0,pre_disclosure,GHSA-q4h9-7rxj-7gx2,version_changed
46,jooby,Redis,4577,jooby-redis,1,6.3.0.RELEASE,2024-01-04 00:00:00+00:00,2024-03-09 00:00:00+00:00,65.0,pre_disclosure,GHSA-q4h9-7rxj-7gx2,version_changed
46,jooby,Redis,4578,jooby-redis,1,6.3.1.RELEASE,2024-03-09 00:00:00+00:00,2024-05-13 00:00:00+00:00,65.0,pre_disclosure,GHSA-q4h9-7rxj-7gx2,version_changed
46,jooby,Redis,4579,jooby-redis,1,6.3.2.RELEASE,2024-05-13 00:00:00+00:00,2024-08-06 00:00:00+00:00,85.0,pre_disclosure,GHSA-q4h9-7rxj-7gx2,version_changed
46,jooby,Redis,4580,jooby-redis,1,6.4.0.RELEASE,2024-08-06 00:00:00+00:00,2024-11-05 00:00:00+00:00,91.0,pre_disclosure,GHSA-q4h9-7rxj-7gx2,version_changed
46,jooby,Redis,4581,jooby-redis,1,6.5.0.RELEASE,2024-11-05 00:00:00+00:00,2024-12-01 20:35:13+00:00,26.857789351851853,pre_disclosure,GHSA-q4h9-7rxj-7gx2,version_changed
46,jooby,Redis,4581,jooby-redis,1,6.5.0.RELEASE,2024-12-01 20:35:13+00:00,2024-12-02 20:03:03+00:00,0.977662037037037,post_resolution,GHSA-q4h9-7rxj-7gx2,version_changed
46,jooby,Redis,4581,jooby-redis,1,6.5.0.RELEASE,2024-12-02 20:03:03+00:00,2024-12-09 00:00:00+00:00,6.164548611111111,post_resolution,GHSA-q4h9-7rxj-7gx2,version_changed
47,JSqlParser,H2,4593,jsqlparser,1,1.4.200,2020-11-06 00:00:00+00:00,2021-11-29 11:00:04+00:00,388.45837962962963,pre_disclosure,CVE-2021-23463; CVE-2021-42392; CVE-2022-23221; CVE-2022-45868,version_changed
47,JSqlParser,H2,4593,jsqlparser,1,1.4.200,2021-11-29 11:00:04+00:00,2021-12-10 20:15:07.917000+00:00,11.385462002314815,post_resolution,CVE-2021-23463; CVE-2021-42392; CVE-2022-23221; CVE-2022-45868,version_changed
47,JSqlParser,H2,4593,jsqlparser,1,1.4.200,2021-12-10 20:15:07.917000+00:00,2022-01-04 20:53:00+00:00,25.026297256944446,post_resolution,CVE-2021-23463; CVE-2021-42392; CVE-2022-23221; CVE-2022-45868,version_changed
47,JSqlParser,H2,4593,jsqlparser,1,1.4.200,2022-01-04 20:53:00+00:00,2022-01-10 14:10:23.643000+00:00,5.720412534722222,post_resolution,CVE-2021-23463; CVE-2021-42392; CVE-2022-23221; CVE-2022-45868,version_changed
47,JSqlParser,H2,4593,jsqlparser,1,1.4.200,2022-01-10 14:10:23.643000+00:00,2022-01-17 16:18:52+00:00,7.089217094907407,post_resolution,CVE-2021-23463; CVE-2021-42392; CVE-2022-23221; CVE-2022-45868,version_changed
47,JSqlParser,H2,4593,jsqlparser,1,1.4.200,2022-01-17 16:18:52+00:00,2022-01-19 17:15:09+00:00,2.039085648148148,post_resolution,CVE-2021-23463; CVE-2021-42392; CVE-2022-23221; CVE-2022-45868,version_changed
47,JSqlParser,H2,4593,jsqlparser,1,1.4.200,2022-01-19 17:15:09+00:00,2022-09-28 00:00:00+00:00,251.28114583333334,post_resolution,CVE-2021-23463; CVE-2021-42392; CVE-2022-23221; CVE-2022-45868,version_changed
47,JSqlParser,H2,4594,jsqlparser,1,2.1.210,2022-09-28 00:00:00+00:00,2022-11-02 00:00:00+00:00,35.0,pre_disclosure,CVE-2022-45868,version_changed
47,JSqlParser,H2,4595,jsqlparser,1,2.1.214,2022-11-02 00:00:00+00:00,2022-11-23 21:15:11.360000+00:00,21.88554814814815,pre_disclosure,CVE-2022-45868,version_changed
47,JSqlParser,H2,4595,jsqlparser,1,2.1.214,2022-11-23 21:15:11.360000+00:00,2023-07-05 14:57:30+00:00,223.73771574074075,post_disclosure,CVE-2022-45868,version_changed
47,JSqlParser,H2,4595,jsqlparser,1,2.1.214,2023-07-05 14:57:30+00:00,2024-03-10 00:00:00+00:00,248.37673611111111,post_resolution,CVE-2022-45868,version_changed
48,tablesaw,H2,4597,tablesaw; tablesaw-core,1,1.4.193,2017-02-18 00:00:00+00:00,2017-12-01 00:00:00+00:00,286.0,pre_disclosure,CVE-2018-14335; CVE-2021-42392; CVE-2022-23221,version_changed
48,tablesaw,H2,4598,tablesaw-core,1,1.4.196,2017-12-01 00:00:00+00:00,2018-07-14 00:00:00+00:00,225.0,pre_disclosure,CVE-2018-14335; CVE-2021-42392; CVE-2022-23221,version_changed
48,tablesaw,H2,4599,tablesaw-core,1,1.4.197,2018-07-14 00:00:00+00:00,2018-07-24 13:29:00.603000+00:00,10.561812534722222,pre_disclosure,CVE-2018-14335; CVE-2021-42392; CVE-2022-23221,version_changed
48,tablesaw,H2,4599,tablesaw-core,1,1.4.197,2018-07-24 13:29:00.603000+00:00,2019-02-22 14:41:59+00:00,213.0506758912037,post_disclosure,CVE-2018-14335; CVE-2021-42392; CVE-2022-23221,version_changed
48,tablesaw,H2,4599,tablesaw-core,1,1.4.197,2019-02-22 14:41:59+00:00,2019-11-30 00:00:00+00:00,280.3875115740741,post_resolution,CVE-2018-14335; CVE-2021-42392; CVE-2022-23221,version_changed
48,tablesaw,H2,4600,tablesaw-core,1,1.4.200,2019-11-30 00:00:00+00:00,2021-11-29 11:00:04+00:00,730.4583796296296,pre_disclosure,CVE-2021-23463; CVE-2021-42392; CVE-2022-23221; CVE-2022-45868,version_changed
48,tablesaw,H2,4600,tablesaw-core,1,1.4.200,2021-11-29 11:00:04+00:00,2021-12-10 20:15:07.917000+00:00,11.385462002314815,post_resolution,CVE-2021-23463; CVE-2021-42392; CVE-2022-23221; CVE-2022-45868,version_changed
48,tablesaw,H2,4600,tablesaw-core,1,1.4.200,2021-12-10 20:15:07.917000+00:00,2022-01-04 20:53:00+00:00,25.026297256944446,post_resolution,CVE-2021-23463; CVE-2021-42392; CVE-2022-23221; CVE-2022-45868,version_changed
48,tablesaw,H2,4600,tablesaw-core,1,1.4.200,2022-01-04 20:53:00+00:00,2022-01-10 14:10:23.643000+00:00,5.720412534722222,post_resolution,CVE-2021-23463; CVE-2021-42392; CVE-2022-23221; CVE-2022-45868,version_changed
48,tablesaw,H2,4600,tablesaw-core,1,1.4.200,2022-01-10 14:10:23.643000+00:00,2022-01-17 16:18:52+00:00,7.089217094907407,post_resolution,CVE-2021-23463; CVE-2021-42392; CVE-2022-23221; CVE-2022-45868,version_changed
48,tablesaw,H2,4600,tablesaw-core,1,1.4.200,2022-01-17 16:18:52+00:00,2022-01-19 17:15:09+00:00,2.039085648148148,post_resolution,CVE-2021-23463; CVE-2021-42392; CVE-2022-23221; CVE-2022-45868,version_changed
48,tablesaw,H2,4600,tablesaw-core,1,1.4.200,2022-01-19 17:15:09+00:00,2022-01-21 00:00:00+00:00,1.2811458333333334,post_resolution,CVE-2021-23463; CVE-2021-42392; CVE-2022-23221; CVE-2022-45868,version_changed
48,tablesaw,H2,4601,tablesaw-core,1,2.1.210,2022-01-21 00:00:00+00:00,2022-11-23 21:15:11.360000+00:00,306.88554814814813,pre_disclosure,CVE-2022-45868,version_changed
48,tablesaw,H2,4601,tablesaw-core,1,2.1.210,2022-11-23 21:15:11.360000+00:00,2023-03-31 00:00:00+00:00,127.11445185185185,post_disclosure,CVE-2022-45868,version_changed
48,tablesaw,H2,4602,tablesaw-core,1,2.1.214,2023-03-01 00:00:00+00:00,2023-07-05 14:57:30+00:00,126.62326388888889,post_disclosure,CVE-2022-45868,version_changed
48,tablesaw,H2,4602,tablesaw-core,1,2.1.214,2023-07-05 14:57:30+00:00,2023-07-07 00:00:00+00:00,1.3767361111111112,post_resolution,CVE-2022-45868,version_changed
49,jbpm,H2,4605,jbpm-bam; jbpm-bpmn2; jbpm-human-task; jbpm-persistence-jpa,4,1.2.128,2010-12-01 00:00:00+00:00,2014-11-19 00:00:00+00:00,1449.0,pre_disclosure,CVE-2018-14335; CVE-2021-42392; CVE-2022-23221,version_changed
49,jbpm,H2,4606,jbpm-audit; jbpm-bpmn2; jbpm-case-mgmt; jbpm-examples; jbpm-executor; jbpm-executor-cdi; jbpm-executor-ejb; jbpm-human-task-audit; jbpm-human-task-core; jbpm-human-task-jpa; jbpm-human-task-workitems; jbpm-installer; jbpm-kie-services; jbpm-persistence-jpa; jbpm-runtime-manager; jbpm-services-cdi; jbpm-services-ejb-impl; jbpm-test; jbpm-test-coverage; jbpm-workitems; jbpm-audit; jbpm-bpmn2; jbpm-case-mgmt; jbpm-examples; jbpm-executor; jbpm-executor-cdi; jbpm-executor-ejb; jbpm-human-task-audit; jbpm-human-task-core; jbpm-human-task-jpa; jbpm-human-task-workitems; jbpm-kie-services; jbpm-persistence-jpa; jbpm-runtime-manager; jbpm-services-cdi; jbpm-services-ejb-impl; jbpm-test; jbpm-test-coverage; jbpm-workitems; jbpm-audit; jbpm-bpmn2; jbpm-case-mgmt; jbpm-examples; jbpm-executor; jbpm-executor-cdi; jbpm-executor-ejb; jbpm-human-task-audit; jbpm-human-task-core; jbpm-human-task-workitems; jbpm-kie-services; jbpm-persistence-jpa; jbpm-runtime-manager; jbpm-services-cdi; jbpm-services-ejb-impl; jbpm-test; jbpm-test-coverage; jbpm-workitems; jbpm-audit; jbpm-bpmn2; jbpm-examples; jbpm-executor; jbpm-executor-cdi; jbpm-executor-ejb; jbpm-human-task-audit; jbpm-human-task-core; jbpm-human-task-workitems; jbpm-kie-services; jbpm-persistence-jpa; jbpm-runtime-manager; jbpm-services-cdi; jbpm-services-ejb-impl; jbpm-test; jbpm-test-coverage; jbpm-workitems; jbpm-audit; jbpm-bpmn2; jbpm-examples; jbpm-executor; jbpm-executor-cdi; jbpm-executor-ejb; jbpm-human-task-audit; jbpm-human-task-core; jbpm-human-task-workitems; jbpm-kie-services; jbpm-persistence-jpa; jbpm-runtime-manager; jbpm-services-cdi; jbpm-services-ejb-impl; jbpm-test; jbpm-workitems; jbpm-audit; jbpm-bpmn2; jbpm-examples; jbpm-executor; jbpm-human-task-audit; jbpm-human-task-core; jbpm-human-task-workitems; jbpm-kie-services; jbpm-persistence-jpa; jbpm-runtime-manager; jbpm-services-cdi; jbpm-services-ejb-impl; jbpm-test; jbpm-workitems,20,1.3.168,2014-11-19 00:00:00+00:00,2017-11-28 00:00:00+00:00,1105.0,pre_disclosure,CVE-2018-14335; CVE-2021-42392; CVE-2022-23221,version_changed
49,jbpm,H2,4607,jbpm-audit; jbpm-bpmn2; jbpm-case-mgmt-cmmn; jbpm-case-mgmt-impl; jbpm-container-test-suite; jbpm-db-scripts; jbpm-distribution; jbpm-event-emitters-elasticsearch; jbpm-examples; jbpm-executor; jbpm-executor-cdi; jbpm-executor-ejb; jbpm-human-task-audit; jbpm-human-task-core; jbpm-human-task-workitems; jbpm-kie-services; jbpm-persistence-jpa; jbpm-query-jpa; jbpm-remote-ejb-test-app; jbpm-remote-ejb-test-suite; jbpm-runtime-manager; jbpm-services-cdi; jbpm-services-ejb-client; jbpm-services-ejb-impl; jbpm-test; jbpm-test-coverage; jbpm-test-util; jbpm-workitems; jbpm-workitems-archetype; jbpm-workitems-bpmn2; jbpm-workitems-core; jbpm-workitems-email; jbpm-workitems-jms; jbpm-workitems-rest; jbpm-workitems-template-resources; jbpm-workitems-webservice; jbpm-audit; jbpm-bpmn2; jbpm-case-mgmt-cmmn; jbpm-case-mgmt-impl; jbpm-container-test-suite; jbpm-db-scripts; jbpm-event-emitters-elasticsearch; jbpm-examples; jbpm-executor; jbpm-executor-cdi; jbpm-executor-ejb; jbpm-human-task-audit; jbpm-human-task-core; jbpm-human-task-workitems; jbpm-kie-services; jbpm-persistence-jpa; jbpm-query-jpa; jbpm-remote-ejb-test-app; jbpm-remote-ejb-test-suite; jbpm-runtime-manager; jbpm-services-cdi; jbpm-services-ejb-client; jbpm-services-ejb-impl; jbpm-test; jbpm-test-coverage; jbpm-test-util; jbpm-workitems; jbpm-workitems-archetype; jbpm-workitems-bpmn2; jbpm-workitems-core; jbpm-workitems-email; jbpm-workitems-jms; jbpm-workitems-repository-archetype; jbpm-workitems-rest; jbpm-workitems-template-resources; jbpm-workitems-webservice; jbpm-audit; jbpm-bpmn2; jbpm-case-mgmt-cmmn; jbpm-case-mgmt-impl; jbpm-container-test-suite; jbpm-db-scripts; jbpm-event-emitters-elasticsearch; jbpm-examples; jbpm-executor; jbpm-executor-cdi; jbpm-executor-ejb; jbpm-human-task-audit; jbpm-human-task-core; jbpm-human-task-workitems; jbpm-kie-services; jbpm-persistence-jpa; jbpm-query-jpa; jbpm-remote-ejb-test-app; jbpm-remote-ejb-test-suite; jbpm-runtime-manager; jbpm-services-cdi; jbpm-services-ejb-client; jbpm-services-ejb-impl; jbpm-test; jbpm-test-coverage; jbpm-test-util; jbpm-workitems; jbpm-workitems-archetype; jbpm-workitems-bpmn2; jbpm-workitems-core; jbpm-workitems-email; jbpm-workitems-jms; jbpm-workitems-rest; jbpm-workitems-template-resources; jbpm-workitems-webservice; jbpm-audit; jbpm-bpmn2; jbpm-case-mgmt-cmmn; jbpm-case-mgmt-impl; jbpm-container-test-suite; jbpm-event-emitters-elasticsearch; jbpm-examples; jbpm-executor; jbpm-executor-cdi; jbpm-executor-ejb; jbpm-human-task-audit; jbpm-human-task-core; jbpm-human-task-workitems; jbpm-installer; jbpm-kie-services; jbpm-persistence-jpa; jbpm-remote-ejb-test-app; jbpm-remote-ejb-test-suite; jbpm-runtime-manager; jbpm-services-cdi; jbpm-services-ejb-client; jbpm-services-ejb-impl; jbpm-test; jbpm-test-coverage; jbpm-workitems-rest; jbpm-audit; jbpm-bpmn2; jbpm-case-mgmt-cmmn; jbpm-case-mgmt-impl; jbpm-container-test-suite; jbpm-event-emitters-elasticsearch; jbpm-examples; jbpm-executor; jbpm-executor-cdi; jbpm-executor-ejb; jbpm-human-task-audit; jbpm-human-task-core; jbpm-human-task-workitems; jbpm-installer; jbpm-kie-services; jbpm-persistence-jpa; jbpm-remote-ejb-test-app; jbpm-remote-ejb-test-suite; jbpm-runtime-manager; jbpm-services-cdi; jbpm-services-ejb-client; jbpm-services-ejb-impl; jbpm-test; jbpm-test-coverage; jbpm-workitems-rest; jbpm-xes; jbpm-audit; jbpm-bpmn2; jbpm-case-mgmt-cmmn; jbpm-case-mgmt-impl; jbpm-container-test-suite; jbpm-event-emitters-elasticsearch; jbpm-examples; jbpm-executor; jbpm-executor-cdi; jbpm-executor-ejb; jbpm-human-task-audit; jbpm-human-task-core; jbpm-human-task-workitems; jbpm-installer; jbpm-kie-services; jbpm-persistence-jpa; jbpm-remote-ejb-test-app; jbpm-remote-ejb-test-suite; jbpm-runtime-manager; jbpm-services-cdi; jbpm-services-ejb-client; jbpm-services-ejb-impl; jbpm-test; jbpm-test-coverage; jbpm-workitems; jbpm-workitems-archetype; jbpm-workitems-bpmn2; jbpm-workitems-core; jbpm-workitems-email; jbpm-workitems-jms; jbpm-workitems-rest; jbpm-workitems-webservice; jbpm-audit; jbpm-bpmn2; jbpm-case-mgmt-cmmn; jbpm-case-mgmt-impl; jbpm-container-test-suite; jbpm-examples; jbpm-executor; jbpm-executor-cdi; jbpm-executor-ejb; jbpm-human-task-audit; jbpm-human-task-core; jbpm-human-task-workitems; jbpm-installer; jbpm-kie-services; jbpm-persistence-jpa; jbpm-remote-ejb-test-app; jbpm-remote-ejb-test-suite; jbpm-runtime-manager; jbpm-services-cdi; jbpm-services-ejb-client; jbpm-services-ejb-impl; jbpm-test; jbpm-test-coverage; jbpm-workitems; jbpm-workitems-archetype; jbpm-workitems-bpmn2; jbpm-workitems-core; jbpm-workitems-email; jbpm-workitems-jms; jbpm-workitems-rest; jbpm-workitems-webservice; jbpm-audit; jbpm-bpmn2; jbpm-case-mgmt-cmmn; jbpm-case-mgmt-impl; jbpm-container-test-suite; jbpm-examples; jbpm-executor; jbpm-executor-cdi; jbpm-executor-ejb; jbpm-human-task-audit; jbpm-human-task-core; jbpm-human-task-workitems; jbpm-installer; jbpm-kie-services; jbpm-persistence-jpa; jbpm-remote-ejb-test-app; jbpm-remote-ejb-test-suite; jbpm-runtime-manager; jbpm-services-cdi; jbpm-services-ejb-impl; jbpm-test; jbpm-test-coverage; jbpm-workitems; jbpm-workitems-archetype; jbpm-workitems-bpmn2; jbpm-workitems-core; jbpm-workitems-email; jbpm-workitems-jms; jbpm-workitems-rest; jbpm-workitems-webservice; jbpm-audit; jbpm-bpmn2; jbpm-case-mgmt-impl; jbpm-container-test-suite; jbpm-examples; jbpm-executor; jbpm-executor-cdi; jbpm-executor-ejb; jbpm-human-task-audit; jbpm-human-task-core; jbpm-human-task-workitems; jbpm-installer; jbpm-kie-services; jbpm-persistence-jpa; jbpm-remote-ejb-test-app; jbpm-remote-ejb-test-suite; jbpm-runtime-manager; jbpm-services-cdi; jbpm-services-ejb-impl; jbpm-test; jbpm-test-coverage; jbpm-workitems; jbpm-workitems-archetype; jbpm-workitems-bpmn2; jbpm-workitems-core; jbpm-workitems-email; jbpm-workitems-jms; jbpm-workitems-rest; jbpm-workitems-webservice,36,1.3.173,2017-11-28 00:00:00+00:00,2018-07-24 13:29:00.603000+00:00,238.56181253472224,pre_disclosure,CVE-2018-14335; CVE-2021-42392; CVE-2022-23221,version_changed
49,jbpm,H2,4607,jbpm-audit; jbpm-bpmn2; jbpm-case-mgmt-cmmn; jbpm-case-mgmt-impl; jbpm-container-test-suite; jbpm-db-scripts; jbpm-distribution; jbpm-event-emitters-elasticsearch; jbpm-examples; jbpm-executor; jbpm-executor-cdi; jbpm-executor-ejb; jbpm-human-task-audit; jbpm-human-task-core; jbpm-human-task-workitems; jbpm-kie-services; jbpm-persistence-jpa; jbpm-query-jpa; jbpm-remote-ejb-test-app; jbpm-remote-ejb-test-suite; jbpm-runtime-manager; jbpm-services-cdi; jbpm-services-ejb-client; jbpm-services-ejb-impl; jbpm-test; jbpm-test-coverage; jbpm-test-util; jbpm-workitems; jbpm-workitems-archetype; jbpm-workitems-bpmn2; jbpm-workitems-core; jbpm-workitems-email; jbpm-workitems-jms; jbpm-workitems-rest; jbpm-workitems-template-resources; jbpm-workitems-webservice; jbpm-audit; jbpm-bpmn2; jbpm-case-mgmt-cmmn; jbpm-case-mgmt-impl; jbpm-container-test-suite; jbpm-db-scripts; jbpm-event-emitters-elasticsearch; jbpm-examples; jbpm-executor; jbpm-executor-cdi; jbpm-executor-ejb; jbpm-human-task-audit; jbpm-human-task-core; jbpm-human-task-workitems; jbpm-kie-services; jbpm-persistence-jpa; jbpm-query-jpa; jbpm-remote-ejb-test-app; jbpm-remote-ejb-test-suite; jbpm-runtime-manager; jbpm-services-cdi; jbpm-services-ejb-client; jbpm-services-ejb-impl; jbpm-test; jbpm-test-coverage; jbpm-test-util; jbpm-workitems; jbpm-workitems-archetype; jbpm-workitems-bpmn2; jbpm-workitems-core; jbpm-workitems-email; jbpm-workitems-jms; jbpm-workitems-repository-archetype; jbpm-workitems-rest; jbpm-workitems-template-resources; jbpm-workitems-webservice; jbpm-audit; jbpm-bpmn2; jbpm-case-mgmt-cmmn; jbpm-case-mgmt-impl; jbpm-container-test-suite; jbpm-db-scripts; jbpm-event-emitters-elasticsearch; jbpm-examples; jbpm-executor; jbpm-executor-cdi; jbpm-executor-ejb; jbpm-human-task-audit; jbpm-human-task-core; jbpm-human-task-workitems; jbpm-kie-services; jbpm-persistence-jpa; jbpm-query-jpa; jbpm-remote-ejb-test-app; jbpm-remote-ejb-test-suite; jbpm-runtime-manager; jbpm-services-cdi; jbpm-services-ejb-client; jbpm-services-ejb-impl; jbpm-test; jbpm-test-coverage; jbpm-test-util; jbpm-workitems; jbpm-workitems-archetype; jbpm-workitems-bpmn2; jbpm-workitems-core; jbpm-workitems-email; jbpm-workitems-jms; jbpm-workitems-rest; jbpm-workitems-template-resources; jbpm-workitems-webservice; jbpm-audit; jbpm-bpmn2; jbpm-case-mgmt-cmmn; jbpm-case-mgmt-impl; jbpm-container-test-suite; jbpm-event-emitters-elasticsearch; jbpm-examples; jbpm-executor; jbpm-executor-cdi; jbpm-executor-ejb; jbpm-human-task-audit; jbpm-human-task-core; jbpm-human-task-workitems; jbpm-installer; jbpm-kie-services; jbpm-persistence-jpa; jbpm-remote-ejb-test-app; jbpm-remote-ejb-test-suite; jbpm-runtime-manager; jbpm-services-cdi; jbpm-services-ejb-client; jbpm-services-ejb-impl; jbpm-test; jbpm-test-coverage; jbpm-workitems-rest; jbpm-audit; jbpm-bpmn2; jbpm-case-mgmt-cmmn; jbpm-case-mgmt-impl; jbpm-container-test-suite; jbpm-event-emitters-elasticsearch; jbpm-examples; jbpm-executor; jbpm-executor-cdi; jbpm-executor-ejb; jbpm-human-task-audit; jbpm-human-task-core; jbpm-human-task-workitems; jbpm-installer; jbpm-kie-services; jbpm-persistence-jpa; jbpm-remote-ejb-test-app; jbpm-remote-ejb-test-suite; jbpm-runtime-manager; jbpm-services-cdi; jbpm-services-ejb-client; jbpm-services-ejb-impl; jbpm-test; jbpm-test-coverage; jbpm-workitems-rest; jbpm-xes; jbpm-audit; jbpm-bpmn2; jbpm-case-mgmt-cmmn; jbpm-case-mgmt-impl; jbpm-container-test-suite; jbpm-event-emitters-elasticsearch; jbpm-examples; jbpm-executor; jbpm-executor-cdi; jbpm-executor-ejb; jbpm-human-task-audit; jbpm-human-task-core; jbpm-human-task-workitems; jbpm-installer; jbpm-kie-services; jbpm-persistence-jpa; jbpm-remote-ejb-test-app; jbpm-remote-ejb-test-suite; jbpm-runtime-manager; jbpm-services-cdi; jbpm-services-ejb-client; jbpm-services-ejb-impl; jbpm-test; jbpm-test-coverage; jbpm-workitems; jbpm-workitems-archetype; jbpm-workitems-bpmn2; jbpm-workitems-core; jbpm-workitems-email; jbpm-workitems-jms; jbpm-workitems-rest; jbpm-workitems-webservice; jbpm-audit; jbpm-bpmn2; jbpm-case-mgmt-cmmn; jbpm-case-mgmt-impl; jbpm-container-test-suite; jbpm-examples; jbpm-executor; jbpm-executor-cdi; jbpm-executor-ejb; jbpm-human-task-audit; jbpm-human-task-core; jbpm-human-task-workitems; jbpm-installer; jbpm-kie-services; jbpm-persistence-jpa; jbpm-remote-ejb-test-app; jbpm-remote-ejb-test-suite; jbpm-runtime-manager; jbpm-services-cdi; jbpm-services-ejb-client; jbpm-services-ejb-impl; jbpm-test; jbpm-test-coverage; jbpm-workitems; jbpm-workitems-archetype; jbpm-workitems-bpmn2; jbpm-workitems-core; jbpm-workitems-email; jbpm-workitems-jms; jbpm-workitems-rest; jbpm-workitems-webservice; jbpm-audit; jbpm-bpmn2; jbpm-case-mgmt-cmmn; jbpm-case-mgmt-impl; jbpm-container-test-suite; jbpm-examples; jbpm-executor; jbpm-executor-cdi; jbpm-executor-ejb; jbpm-human-task-audit; jbpm-human-task-core; jbpm-human-task-workitems; jbpm-installer; jbpm-kie-services; jbpm-persistence-jpa; jbpm-remote-ejb-test-app; jbpm-remote-ejb-test-suite; jbpm-runtime-manager; jbpm-services-cdi; jbpm-services-ejb-impl; jbpm-test; jbpm-test-coverage; jbpm-workitems; jbpm-workitems-archetype; jbpm-workitems-bpmn2; jbpm-workitems-core; jbpm-workitems-email; jbpm-workitems-jms; jbpm-workitems-rest; jbpm-workitems-webservice; jbpm-audit; jbpm-bpmn2; jbpm-case-mgmt-impl; jbpm-container-test-suite; jbpm-examples; jbpm-executor; jbpm-executor-cdi; jbpm-executor-ejb; jbpm-human-task-audit; jbpm-human-task-core; jbpm-human-task-workitems; jbpm-installer; jbpm-kie-services; jbpm-persistence-jpa; jbpm-remote-ejb-test-app; jbpm-remote-ejb-test-suite; jbpm-runtime-manager; jbpm-services-cdi; jbpm-services-ejb-impl; jbpm-test; jbpm-test-coverage; jbpm-workitems; jbpm-workitems-archetype; jbpm-workitems-bpmn2; jbpm-workitems-core; jbpm-workitems-email; jbpm-workitems-jms; jbpm-workitems-rest; jbpm-workitems-webservice,36,1.3.173,2018-07-24 13:29:00.603000+00:00,2019-02-22 14:41:59+00:00,213.0506758912037,post_disclosure,CVE-2018-14335; CVE-2021-42392; CVE-2022-23221,version_changed
49,jbpm,H2,4607,jbpm-audit; jbpm-bpmn2; jbpm-case-mgmt-cmmn; jbpm-case-mgmt-impl; jbpm-container-test-suite; jbpm-db-scripts; jbpm-distribution; jbpm-event-emitters-elasticsearch; jbpm-examples; jbpm-executor; jbpm-executor-cdi; jbpm-executor-ejb; jbpm-human-task-audit; jbpm-human-task-core; jbpm-human-task-workitems; jbpm-kie-services; jbpm-persistence-jpa; jbpm-query-jpa; jbpm-remote-ejb-test-app; jbpm-remote-ejb-test-suite; jbpm-runtime-manager; jbpm-services-cdi; jbpm-services-ejb-client; jbpm-services-ejb-impl; jbpm-test; jbpm-test-coverage; jbpm-test-util; jbpm-workitems; jbpm-workitems-archetype; jbpm-workitems-bpmn2; jbpm-workitems-core; jbpm-workitems-email; jbpm-workitems-jms; jbpm-workitems-rest; jbpm-workitems-template-resources; jbpm-workitems-webservice; jbpm-audit; jbpm-bpmn2; jbpm-case-mgmt-cmmn; jbpm-case-mgmt-impl; jbpm-container-test-suite; jbpm-db-scripts; jbpm-event-emitters-elasticsearch; jbpm-examples; jbpm-executor; jbpm-executor-cdi; jbpm-executor-ejb; jbpm-human-task-audit; jbpm-human-task-core; jbpm-human-task-workitems; jbpm-kie-services; jbpm-persistence-jpa; jbpm-query-jpa; jbpm-remote-ejb-test-app; jbpm-remote-ejb-test-suite; jbpm-runtime-manager; jbpm-services-cdi; jbpm-services-ejb-client; jbpm-services-ejb-impl; jbpm-test; jbpm-test-coverage; jbpm-test-util; jbpm-workitems; jbpm-workitems-archetype; jbpm-workitems-bpmn2; jbpm-workitems-core; jbpm-workitems-email; jbpm-workitems-jms; jbpm-workitems-repository-archetype; jbpm-workitems-rest; jbpm-workitems-template-resources; jbpm-workitems-webservice; jbpm-audit; jbpm-bpmn2; jbpm-case-mgmt-cmmn; jbpm-case-mgmt-impl; jbpm-container-test-suite; jbpm-db-scripts; jbpm-event-emitters-elasticsearch; jbpm-examples; jbpm-executor; jbpm-executor-cdi; jbpm-executor-ejb; jbpm-human-task-audit; jbpm-human-task-core; jbpm-human-task-workitems; jbpm-kie-services; jbpm-persistence-jpa; jbpm-query-jpa; jbpm-remote-ejb-test-app; jbpm-remote-ejb-test-suite; jbpm-runtime-manager; jbpm-services-cdi; jbpm-services-ejb-client; jbpm-services-ejb-impl; jbpm-test; jbpm-test-coverage; jbpm-test-util; jbpm-workitems; jbpm-workitems-archetype; jbpm-workitems-bpmn2; jbpm-workitems-core; jbpm-workitems-email; jbpm-workitems-jms; jbpm-workitems-rest; jbpm-workitems-template-resources; jbpm-workitems-webservice; jbpm-audit; jbpm-bpmn2; jbpm-case-mgmt-cmmn; jbpm-case-mgmt-impl; jbpm-container-test-suite; jbpm-event-emitters-elasticsearch; jbpm-examples; jbpm-executor; jbpm-executor-cdi; jbpm-executor-ejb; jbpm-human-task-audit; jbpm-human-task-core; jbpm-human-task-workitems; jbpm-installer; jbpm-kie-services; jbpm-persistence-jpa; jbpm-remote-ejb-test-app; jbpm-remote-ejb-test-suite; jbpm-runtime-manager; jbpm-services-cdi; jbpm-services-ejb-client; jbpm-services-ejb-impl; jbpm-test; jbpm-test-coverage; jbpm-workitems-rest; jbpm-audit; jbpm-bpmn2; jbpm-case-mgmt-cmmn; jbpm-case-mgmt-impl; jbpm-container-test-suite; jbpm-event-emitters-elasticsearch; jbpm-examples; jbpm-executor; jbpm-executor-cdi; jbpm-executor-ejb; jbpm-human-task-audit; jbpm-human-task-core; jbpm-human-task-workitems; jbpm-installer; jbpm-kie-services; jbpm-persistence-jpa; jbpm-remote-ejb-test-app; jbpm-remote-ejb-test-suite; jbpm-runtime-manager; jbpm-services-cdi; jbpm-services-ejb-client; jbpm-services-ejb-impl; jbpm-test; jbpm-test-coverage; jbpm-workitems-rest; jbpm-xes; jbpm-audit; jbpm-bpmn2; jbpm-case-mgmt-cmmn; jbpm-case-mgmt-impl; jbpm-container-test-suite; jbpm-event-emitters-elasticsearch; jbpm-examples; jbpm-executor; jbpm-executor-cdi; jbpm-executor-ejb; jbpm-human-task-audit; jbpm-human-task-core; jbpm-human-task-workitems; jbpm-installer; jbpm-kie-services; jbpm-persistence-jpa; jbpm-remote-ejb-test-app; jbpm-remote-ejb-test-suite; jbpm-runtime-manager; jbpm-services-cdi; jbpm-services-ejb-client; jbpm-services-ejb-impl; jbpm-test; jbpm-test-coverage; jbpm-workitems; jbpm-workitems-archetype; jbpm-workitems-bpmn2; jbpm-workitems-core; jbpm-workitems-email; jbpm-workitems-jms; jbpm-workitems-rest; jbpm-workitems-webservice; jbpm-audit; jbpm-bpmn2; jbpm-case-mgmt-cmmn; jbpm-case-mgmt-impl; jbpm-container-test-suite; jbpm-examples; jbpm-executor; jbpm-executor-cdi; jbpm-executor-ejb; jbpm-human-task-audit; jbpm-human-task-core; jbpm-human-task-workitems; jbpm-installer; jbpm-kie-services; jbpm-persistence-jpa; jbpm-remote-ejb-test-app; jbpm-remote-ejb-test-suite; jbpm-runtime-manager; jbpm-services-cdi; jbpm-services-ejb-client; jbpm-services-ejb-impl; jbpm-test; jbpm-test-coverage; jbpm-workitems; jbpm-workitems-archetype; jbpm-workitems-bpmn2; jbpm-workitems-core; jbpm-workitems-email; jbpm-workitems-jms; jbpm-workitems-rest; jbpm-workitems-webservice; jbpm-audit; jbpm-bpmn2; jbpm-case-mgmt-cmmn; jbpm-case-mgmt-impl; jbpm-container-test-suite; jbpm-examples; jbpm-executor; jbpm-executor-cdi; jbpm-executor-ejb; jbpm-human-task-audit; jbpm-human-task-core; jbpm-human-task-workitems; jbpm-installer; jbpm-kie-services; jbpm-persistence-jpa; jbpm-remote-ejb-test-app; jbpm-remote-ejb-test-suite; jbpm-runtime-manager; jbpm-services-cdi; jbpm-services-ejb-impl; jbpm-test; jbpm-test-coverage; jbpm-workitems; jbpm-workitems-archetype; jbpm-workitems-bpmn2; jbpm-workitems-core; jbpm-workitems-email; jbpm-workitems-jms; jbpm-workitems-rest; jbpm-workitems-webservice; jbpm-audit; jbpm-bpmn2; jbpm-case-mgmt-impl; jbpm-container-test-suite; jbpm-examples; jbpm-executor; jbpm-executor-cdi; jbpm-executor-ejb; jbpm-human-task-audit; jbpm-human-task-core; jbpm-human-task-workitems; jbpm-installer; jbpm-kie-services; jbpm-persistence-jpa; jbpm-remote-ejb-test-app; jbpm-remote-ejb-test-suite; jbpm-runtime-manager; jbpm-services-cdi; jbpm-services-ejb-impl; jbpm-test; jbpm-test-coverage; jbpm-workitems; jbpm-workitems-archetype; jbpm-workitems-bpmn2; jbpm-workitems-core; jbpm-workitems-email; jbpm-workitems-jms; jbpm-workitems-rest; jbpm-workitems-webservice,36,1.3.173,2019-02-22 14:41:59+00:00,2021-08-20 00:00:00+00:00,909.3875115740741,post_resolution,CVE-2018-14335; CVE-2021-42392; CVE-2022-23221,version_changed
49,jbpm,H2,4608,jbpm-xes,1,1.4.193,2019-03-19 00:00:00+00:00,2022-01-04 20:53:00+00:00,1022.8701388888888,post_resolution,CVE-2018-14335; CVE-2021-42392; CVE-2022-23221,version_changed
49,jbpm,H2,4608,jbpm-xes,1,1.4.193,2022-01-04 20:53:00+00:00,2022-01-10 14:10:23.643000+00:00,5.720412534722222,post_resolution,CVE-2018-14335; CVE-2021-42392; CVE-2022-23221,version_changed
49,jbpm,H2,4608,jbpm-xes,1,1.4.193,2022-01-10 14:10:23.643000+00:00,2022-01-17 16:18:52+00:00,7.089217094907407,post_resolution,CVE-2018-14335; CVE-2021-42392; CVE-2022-23221,version_changed
49,jbpm,H2,4608,jbpm-xes,1,1.4.193,2022-01-17 16:18:52+00:00,2022-01-19 17:15:09+00:00,2.039085648148148,post_resolution,CVE-2018-14335; CVE-2021-42392; CVE-2022-23221,version_changed
49,jbpm,H2,4608,jbpm-xes,1,1.4.193,2022-01-19 17:15:09+00:00,2023-08-14 00:00:00+00:00,571.2811458333333,post_resolution,CVE-2018-14335; CVE-2021-42392; CVE-2022-23221,version_changed
49,jbpm,H2,4609,jbpm-audit; jbpm-bpmn2; jbpm-case-mgmt-cmmn; jbpm-case-mgmt-impl; jbpm-container-test-suite; jbpm-db-scripts; jbpm-event-emitters-elasticsearch; jbpm-examples; jbpm-executor; jbpm-executor-cdi; jbpm-executor-ejb; jbpm-human-task-audit; jbpm-human-task-core; jbpm-human-task-workitems; jbpm-kie-services; jbpm-persistence-jpa; jbpm-query-jpa; jbpm-remote-ejb-test-app; jbpm-remote-ejb-test-suite; jbpm-runtime-manager; jbpm-services-cdi; jbpm-services-ejb-client; jbpm-services-ejb-impl; jbpm-test; jbpm-test-coverage; jbpm-test-util; jbpm-workitems; jbpm-workitems-archetype; jbpm-workitems-bpmn2; jbpm-workitems-core; jbpm-workitems-email; jbpm-workitems-jms; jbpm-workitems-repository-archetype; jbpm-workitems-rest; jbpm-workitems-template-resources; jbpm-workitems-webservice,36,1.4.197,2021-08-20 00:00:00+00:00,2022-01-04 20:53:00+00:00,137.8701388888889,post_resolution,CVE-2018-14335; CVE-2021-42392; CVE-2022-23221,version_changed
49,jbpm,H2,4609,jbpm-audit; jbpm-bpmn2; jbpm-case-mgmt-cmmn; jbpm-case-mgmt-impl; jbpm-container-test-suite; jbpm-db-scripts; jbpm-event-emitters-elasticsearch; jbpm-examples; jbpm-executor; jbpm-executor-cdi; jbpm-executor-ejb; jbpm-human-task-audit; jbpm-human-task-core; jbpm-human-task-workitems; jbpm-kie-services; jbpm-persistence-jpa; jbpm-query-jpa; jbpm-remote-ejb-test-app; jbpm-remote-ejb-test-suite; jbpm-runtime-manager; jbpm-services-cdi; jbpm-services-ejb-client; jbpm-services-ejb-impl; jbpm-test; jbpm-test-coverage; jbpm-test-util; jbpm-workitems; jbpm-workitems-archetype; jbpm-workitems-bpmn2; jbpm-workitems-core; jbpm-workitems-email; jbpm-workitems-jms; jbpm-workitems-repository-archetype; jbpm-workitems-rest; jbpm-workitems-template-resources; jbpm-workitems-webservice,36,1.4.197,2022-01-04 20:53:00+00:00,2022-01-10 14:10:23.643000+00:00,5.720412534722222,post_resolution,CVE-2018-14335; CVE-2021-42392; CVE-2022-23221,version_changed
49,jbpm,H2,4609,jbpm-audit; jbpm-bpmn2; jbpm-case-mgmt-cmmn; jbpm-case-mgmt-impl; jbpm-container-test-suite; jbpm-db-scripts; jbpm-event-emitters-elasticsearch; jbpm-examples; jbpm-executor; jbpm-executor-cdi; jbpm-executor-ejb; jbpm-human-task-audit; jbpm-human-task-core; jbpm-human-task-workitems; jbpm-kie-services; jbpm-persistence-jpa; jbpm-query-jpa; jbpm-remote-ejb-test-app; jbpm-remote-ejb-test-suite; jbpm-runtime-manager; jbpm-services-cdi; jbpm-services-ejb-client; jbpm-services-ejb-impl; jbpm-test; jbpm-test-coverage; jbpm-test-util; jbpm-workitems; jbpm-workitems-archetype; jbpm-workitems-bpmn2; jbpm-workitems-core; jbpm-workitems-email; jbpm-workitems-jms; jbpm-workitems-repository-archetype; jbpm-workitems-rest; jbpm-workitems-template-resources; jbpm-workitems-webservice,36,1.4.197,2022-01-10 14:10:23.643000+00:00,2022-01-17 16:18:52+00:00,7.089217094907407,post_resolution,CVE-2018-14335; CVE-2021-42392; CVE-2022-23221,version_changed
49,jbpm,H2,4609,jbpm-audit; jbpm-bpmn2; jbpm-case-mgmt-cmmn; jbpm-case-mgmt-impl; jbpm-container-test-suite; jbpm-db-scripts; jbpm-event-emitters-elasticsearch; jbpm-examples; jbpm-executor; jbpm-executor-cdi; jbpm-executor-ejb; jbpm-human-task-audit; jbpm-human-task-core; jbpm-human-task-workitems; jbpm-kie-services; jbpm-persistence-jpa; jbpm-query-jpa; jbpm-remote-ejb-test-app; jbpm-remote-ejb-test-suite; jbpm-runtime-manager; jbpm-services-cdi; jbpm-services-ejb-client; jbpm-services-ejb-impl; jbpm-test; jbpm-test-coverage; jbpm-test-util; jbpm-workitems; jbpm-workitems-archetype; jbpm-workitems-bpmn2; jbpm-workitems-core; jbpm-workitems-email; jbpm-workitems-jms; jbpm-workitems-repository-archetype; jbpm-workitems-rest; jbpm-workitems-template-resources; jbpm-workitems-webservice,36,1.4.197,2022-01-17 16:18:52+00:00,2022-01-19 17:15:09+00:00,2.039085648148148,post_resolution,CVE-2018-14335; CVE-2021-42392; CVE-2022-23221,version_changed
49,jbpm,H2,4609,jbpm-audit; jbpm-bpmn2; jbpm-case-mgmt-cmmn; jbpm-case-mgmt-impl; jbpm-container-test-suite; jbpm-db-scripts; jbpm-event-emitters-elasticsearch; jbpm-examples; jbpm-executor; jbpm-executor-cdi; jbpm-executor-ejb; jbpm-human-task-audit; jbpm-human-task-core; jbpm-human-task-workitems; jbpm-kie-services; jbpm-persistence-jpa; jbpm-query-jpa; jbpm-remote-ejb-test-app; jbpm-remote-ejb-test-suite; jbpm-runtime-manager; jbpm-services-cdi; jbpm-services-ejb-client; jbpm-services-ejb-impl; jbpm-test; jbpm-test-coverage; jbpm-test-util; jbpm-workitems; jbpm-workitems-archetype; jbpm-workitems-bpmn2; jbpm-workitems-core; jbpm-workitems-email; jbpm-workitems-jms; jbpm-workitems-repository-archetype; jbpm-workitems-rest; jbpm-workitems-template-resources; jbpm-workitems-webservice,36,1.4.197,2022-01-19 17:15:09+00:00,2023-08-14 00:00:00+00:00,571.2811458333333,post_resolution,CVE-2018-14335; CVE-2021-42392; CVE-2022-23221,version_changed
49,jbpm,MySQL,4612,jbpm-xes,1,5.1.47,2019-02-25 00:00:00+00:00,2019-03-20 19:08:52+00:00,23.797824074074075,post_resolution,CVE-2018-3258; CVE-2019-2692; CVE-2020-2934; CVE-2022-21363; CVE-2023-22102,version_changed
49,jbpm,MySQL,4612,jbpm-xes,1,5.1.47,2019-03-20 19:08:52+00:00,2019-04-23 19:32:55.880000+00:00,34.01671157407407,post_resolution,CVE-2018-3258; CVE-2019-2692; CVE-2020-2934; CVE-2022-21363; CVE-2023-22102,version_changed
49,jbpm,MySQL,4612,jbpm-xes,1,5.1.47,2019-04-23 19:32:55.880000+00:00,2020-04-15 14:15:36.453000+00:00,357.77963626157407,post_resolution,CVE-2018-3258; CVE-2019-2692; CVE-2020-2934; CVE-2022-21363; CVE-2023-22102,version_changed
49,jbpm,MySQL,4612,jbpm-xes,1,5.1.47,2020-04-15 14:15:36.453000+00:00,2020-07-14 00:00:00+00:00,89.40582809027778,post_resolution,CVE-2018-3258; CVE-2019-2692; CVE-2020-2934; CVE-2022-21363; CVE-2023-22102,version_changed
49,jbpm,MySQL,4612,jbpm-xes,1,5.1.47,2020-07-14 00:00:00+00:00,2020-07-28 00:00:00+00:00,14.0,post_resolution,CVE-2018-3258; CVE-2019-2692; CVE-2020-2934; CVE-2022-21363; CVE-2023-22102,version_changed
49,jbpm,MySQL,4613,jbpm-xes,1,8.0.16,2020-07-28 00:00:00+00:00,2021-09-28 18:17:43+00:00,427.7623032407407,post_resolution,CVE-2020-2934; CVE-2021-2471; CVE-2022-21363; CVE-2023-22102,version_changed
49,jbpm,MySQL,4613,jbpm-xes,1,8.0.16,2021-09-28 18:17:43+00:00,2021-10-20 11:16:17.117000+00:00,21.70733931712963,post_resolution,CVE-2020-2934; CVE-2021-2471; CVE-2022-21363; CVE-2023-22102,version_changed
49,jbpm,MySQL,4613,jbpm-xes,1,8.0.16,2021-10-20 11:16:17.117000+00:00,2021-12-16 00:25:41+00:00,56.548193090277785,post_resolution,CVE-2020-2934; CVE-2021-2471; CVE-2022-21363; CVE-2023-22102,version_changed
49,jbpm,MySQL,4613,jbpm-xes,1,8.0.16,2021-12-16 00:25:41+00:00,2022-01-19 12:15:15.680000+00:00,34.492762500000005,post_resolution,CVE-2020-2934; CVE-2021-2471; CVE-2022-21363; CVE-2023-22102,version_changed
49,jbpm,MySQL,4613,jbpm-xes,1,8.0.16,2022-01-19 12:15:15.680000+00:00,2022-02-21 00:00:00+00:00,32.48940185185185,post_resolution,CVE-2020-2934; CVE-2021-2471; CVE-2022-21363; CVE-2023-22102,version_changed
49,jbpm,MySQL,4614,jbpm-xes,1,8.0.27,2022-02-21 00:00:00+00:00,2022-04-06 00:00:00+00:00,44.0,post_resolution,CVE-2022-21363; CVE-2023-22102,version_changed
49,jbpm,MySQL,4615,jbpm-xes,1,8.0.28,2022-04-06 00:00:00+00:00,2023-10-17 22:15:15.100000+00:00,559.9272581018519,pre_disclosure,CVE-2023-22102,right_censored_no_later_version
49,jbpm,MySQL,4615,jbpm-xes,1,8.0.28,2023-10-17 22:15:15.100000+00:00,2023-10-25 08:46:05+00:00,7.438077546296297,post_disclosure,CVE-2023-22102,right_censored_no_later_version
49,jbpm,MySQL,4615,jbpm-xes,1,8.0.28,2023-10-25 08:46:05+00:00,2023-11-21 00:00:00+00:00,26.634664351851853,post_resolution,CVE-2023-22102,right_censored_no_later_version
49,jbpm,PostgreSQL,4616,jbpm-xes,1,9.4.1207,2019-02-25 00:00:00+00:00,2020-05-26 00:00:00+00:00,456.0,post_resolution,CVE-2018-10936; CVE-2020-13692; CVE-2022-41946,version_changed
49,jbpm,PostgreSQL,4617,jbpm-xes,1,42.2.12,2020-05-26 00:00:00+00:00,2020-06-04 13:16:11+00:00,9.552905092592592,pre_disclosure,CVE-2020-13692; CVE-2022-26520; CVE-2026-42198; GHSA-673j-qm5f-xpv8,version_changed
49,jbpm,PostgreSQL,4617,jbpm-xes,1,42.2.12,2020-06-04 13:16:11+00:00,2020-06-04 16:15:12.657000+00:00,0.12432473379629629,post_resolution,CVE-2020-13692; CVE-2022-26520; CVE-2026-42198; GHSA-673j-qm5f-xpv8,version_changed
49,jbpm,PostgreSQL,4617,jbpm-xes,1,42.2.12,2020-06-04 16:15:12.657000+00:00,2020-07-28 00:00:00+00:00,53.32277017361112,post_resolution,CVE-2020-13692; CVE-2022-26520; CVE-2026-42198; GHSA-673j-qm5f-xpv8,version_changed
49,jbpm,PostgreSQL,4618,jbpm-xes,1,42.2.14,2020-07-28 00:00:00+00:00,2022-02-15 19:06:43+00:00,567.7963310185186,pre_disclosure,CVE-2022-26520; CVE-2026-42198; GHSA-673j-qm5f-xpv8,version_changed
49,jbpm,PostgreSQL,4618,jbpm-xes,1,42.2.14,2022-02-15 19:06:43+00:00,2022-02-16 00:08:18+00:00,0.20943287037037037,post_resolution,CVE-2022-26520; CVE-2026-42198; GHSA-673j-qm5f-xpv8,version_changed
49,jbpm,PostgreSQL,4618,jbpm-xes,1,42.2.14,2022-02-16 00:08:18+00:00,2022-03-10 17:47:45.810000+00:00,22.735738541666667,post_resolution,CVE-2022-26520; CVE-2026-42198; GHSA-673j-qm5f-xpv8,version_changed
49,jbpm,PostgreSQL,4618,jbpm-xes,1,42.2.14,2022-03-10 17:47:45.810000+00:00,2022-03-14 00:00:00+00:00,3.2584975694444447,post_resolution,CVE-2022-26520; CVE-2026-42198; GHSA-673j-qm5f-xpv8,version_changed
49,jbpm,PostgreSQL,4619,jbpm-xes,1,42.3.3,2022-03-14 00:00:00+00:00,2022-07-18 00:00:00+00:00,126.0,pre_disclosure,CVE-2022-31197; CVE-2022-41946; CVE-2026-42198,version_changed
49,jbpm,PostgreSQL,4620,jbpm-xes,1,42.4.3,2022-07-18 00:00:00+00:00,2023-08-14 00:00:00+00:00,392.0,pre_disclosure,CVE-2026-42198,version_changed
49,jbpm,PostgreSQL,4621,jbpm-xes,1,42.7.2,2023-08-14 00:00:00+00:00,2023-11-21 00:00:00+00:00,99.0,pre_disclosure,CVE-2026-42198,right_censored_no_later_version
50,killbill,H2,4622,killbill-account; killbill-analytics; killbill-beatrix; killbill-entitlement; killbill-invoice; killbill-junction; killbill-meter; killbill-overdue; killbill-payment; killbill-server; killbill-tenant; killbill-usage; killbill-util; killbill-account; killbill-analytics; killbill-beatrix; killbill-entitlement; killbill-invoice; killbill-junction; killbill-osgi-bundles-analytics; killbill-osgi-bundles-defaultbundles; killbill-osgi-bundles-meter; killbill-overdue; killbill-payment; killbill-server; killbill-tenant; killbill-usage; killbill-util; killbill-account; killbill-analytics; killbill-beatrix; killbill-entitlement; killbill-invoice; killbill-junction; killbill-osgi-bundles-meter; killbill-overdue; killbill-payment; killbill-server; killbill-tenant; killbill-usage; killbill-util; killbill-account; killbill-beatrix; killbill-catalog; killbill-currency; killbill-entitlement; killbill-internal-api; killbill-invoice; killbill-jaxrs; killbill-junction; killbill-osgi; killbill-osgi-bundles-test-payment; killbill-overdue; killbill-payment; killbill-server; killbill-subscription; killbill-tenant; killbill-usage; killbill-util; killbill-account; killbill-beatrix; killbill-catalog; killbill-entitlement; killbill-internal-api; killbill-invoice; killbill-jaxrs; killbill-junction; killbill-osgi; killbill-osgi-bundles-test-payment; killbill-overdue; killbill-payment; killbill-server; killbill-subscription; killbill-tenant; killbill-usage; killbill-util; killbill-account; killbill-beatrix; killbill-catalog; killbill-entitlement; killbill-invoice; killbill-jaxrs; killbill-junction; killbill-osgi; killbill-osgi-bundles-test-payment; killbill-overdue; killbill-payment; killbill-server; killbill-subscription; killbill-tenant; killbill-usage; killbill-util; killbill-account; killbill-beatrix; killbill-catalog; killbill-entitlement; killbill-invoice; killbill-jaxrs; killbill-junction; killbill-osgi; killbill-osgi-bundles-test-payment; killbill-overdue; killbill-payment; killbill-server; killbill-tenant; killbill-usage; killbill-util; killbill-account; killbill-beatrix; killbill-entitlement; killbill-invoice; killbill-junction; killbill-osgi-bundles-analytics; killbill-osgi-bundles-defaultbundles; killbill-osgi-bundles-meter; killbill-overdue; killbill-payment; killbill-server; killbill-tenant; killbill-usage; killbill-util,18,1.3.158,2012-12-10 00:00:00+00:00,2014-03-14 00:00:00+00:00,459.0,pre_disclosure,CVE-2018-14335; CVE-2021-42392; CVE-2022-23221,version_changed
50,killbill,H2,4623,killbill-account; killbill-beatrix; killbill-catalog; killbill-currency; killbill-entitlement; killbill-internal-api; killbill-invoice; killbill-jaxrs; killbill-junction; killbill-osgi; killbill-osgi-bundles-test-payment; killbill-overdue; killbill-payment; killbill-server; killbill-subscription; killbill-tenant; killbill-usage; killbill-util; killbill-account; killbill-beatrix; killbill-catalog; killbill-currency; killbill-entitlement; killbill-internal-api; killbill-invoice; killbill-jaxrs; killbill-junction; killbill-overdue; killbill-payment; killbill-profiles-killbill; killbill-profiles-killpay; killbill-subscription; killbill-tenant; killbill-usage; killbill-util,18,1.3.175,2014-03-14 00:00:00+00:00,2015-05-06 00:00:00+00:00,418.0,pre_disclosure,CVE-2018-14335; CVE-2021-42392; CVE-2022-23221,version_changed
50,killbill,H2,4624,killbill-account; killbill-beatrix; killbill-catalog; killbill-currency; killbill-entitlement; killbill-internal-api; killbill-invoice; killbill-jaxrs; killbill-junction; killbill-overdue; killbill-payment; killbill-profiles-killbill; killbill-profiles-killpay; killbill-subscription; killbill-tenant; killbill-usage; killbill-util,17,1.4.186,2015-05-06 00:00:00+00:00,2018-07-24 13:29:00.603000+00:00,1175.5618125347223,pre_disclosure,CVE-2018-14335; CVE-2021-42392; CVE-2022-23221,version_changed
50,killbill,H2,4624,killbill-account; killbill-beatrix; killbill-catalog; killbill-currency; killbill-entitlement; killbill-internal-api; killbill-invoice; killbill-jaxrs; killbill-junction; killbill-overdue; killbill-payment; killbill-profiles-killbill; killbill-profiles-killpay; killbill-subscription; killbill-tenant; killbill-usage; killbill-util,17,1.4.186,2018-07-24 13:29:00.603000+00:00,2019-02-22 14:41:59+00:00,213.0506758912037,post_disclosure,CVE-2018-14335; CVE-2021-42392; CVE-2022-23221,version_changed
50,killbill,H2,4624,killbill-account; killbill-beatrix; killbill-catalog; killbill-currency; killbill-entitlement; killbill-internal-api; killbill-invoice; killbill-jaxrs; killbill-junction; killbill-overdue; killbill-payment; killbill-profiles-killbill; killbill-profiles-killpay; killbill-subscription; killbill-tenant; killbill-usage; killbill-util,17,1.4.186,2019-02-22 14:41:59+00:00,2020-01-23 00:00:00+00:00,334.3875115740741,post_resolution,CVE-2018-14335; CVE-2021-42392; CVE-2022-23221,version_changed
50,killbill,H2,4625,killbill-account; killbill-beatrix; killbill-catalog; killbill-currency; killbill-entitlement; killbill-internal-api; killbill-invoice; killbill-jaxrs; killbill-junction; killbill-overdue; killbill-payment; killbill-profiles-killbill; killbill-profiles-killpay; killbill-subscription; killbill-tenant; killbill-usage; killbill-util,17,1.4.194,2020-01-23 00:00:00+00:00,2020-08-21 00:00:00+00:00,211.0,post_resolution,CVE-2018-14335; CVE-2021-42392; CVE-2022-23221,version_changed
50,killbill,H2,4626,killbill-account; killbill-beatrix; killbill-catalog; killbill-currency; killbill-entitlement; killbill-invoice; killbill-jaxrs; killbill-junction; killbill-overdue; killbill-payment; killbill-profiles-killbill; killbill-profiles-killpay; killbill-subscription; killbill-tenant; killbill-usage; killbill-util,16,1.4.200,2020-08-21 00:00:00+00:00,2021-11-29 11:00:04+00:00,465.45837962962963,pre_disclosure,CVE-2021-23463; CVE-2021-42392; CVE-2022-23221; CVE-2022-45868,version_changed
50,killbill,H2,4626,killbill-account; killbill-beatrix; killbill-catalog; killbill-currency; killbill-entitlement; killbill-invoice; killbill-jaxrs; killbill-junction; killbill-overdue; killbill-payment; killbill-profiles-killbill; killbill-profiles-killpay; killbill-subscription; killbill-tenant; killbill-usage; killbill-util,16,1.4.200,2021-11-29 11:00:04+00:00,2021-12-10 20:15:07.917000+00:00,11.385462002314815,post_resolution,CVE-2021-23463; CVE-2021-42392; CVE-2022-23221; CVE-2022-45868,version_changed
50,killbill,H2,4626,killbill-account; killbill-beatrix; killbill-catalog; killbill-currency; killbill-entitlement; killbill-invoice; killbill-jaxrs; killbill-junction; killbill-overdue; killbill-payment; killbill-profiles-killbill; killbill-profiles-killpay; killbill-subscription; killbill-tenant; killbill-usage; killbill-util,16,1.4.200,2021-12-10 20:15:07.917000+00:00,2022-01-04 20:53:00+00:00,25.026297256944446,post_resolution,CVE-2021-23463; CVE-2021-42392; CVE-2022-23221; CVE-2022-45868,version_changed
50,killbill,H2,4626,killbill-account; killbill-beatrix; killbill-catalog; killbill-currency; killbill-entitlement; killbill-invoice; killbill-jaxrs; killbill-junction; killbill-overdue; killbill-payment; killbill-profiles-killbill; killbill-profiles-killpay; killbill-subscription; killbill-tenant; killbill-usage; killbill-util,16,1.4.200,2022-01-04 20:53:00+00:00,2022-01-10 14:10:23.643000+00:00,5.720412534722222,post_resolution,CVE-2021-23463; CVE-2021-42392; CVE-2022-23221; CVE-2022-45868,version_changed
50,killbill,H2,4626,killbill-account; killbill-beatrix; killbill-catalog; killbill-currency; killbill-entitlement; killbill-invoice; killbill-jaxrs; killbill-junction; killbill-overdue; killbill-payment; killbill-profiles-killbill; killbill-profiles-killpay; killbill-subscription; killbill-tenant; killbill-usage; killbill-util,16,1.4.200,2022-01-10 14:10:23.643000+00:00,2022-01-17 16:18:52+00:00,7.089217094907407,post_resolution,CVE-2021-23463; CVE-2021-42392; CVE-2022-23221; CVE-2022-45868,version_changed
50,killbill,H2,4626,killbill-account; killbill-beatrix; killbill-catalog; killbill-currency; killbill-entitlement; killbill-invoice; killbill-jaxrs; killbill-junction; killbill-overdue; killbill-payment; killbill-profiles-killbill; killbill-profiles-killpay; killbill-subscription; killbill-tenant; killbill-usage; killbill-util,16,1.4.200,2022-01-17 16:18:52+00:00,2022-01-19 17:15:09+00:00,2.039085648148148,post_resolution,CVE-2021-23463; CVE-2021-42392; CVE-2022-23221; CVE-2022-45868,version_changed
50,killbill,H2,4626,killbill-account; killbill-beatrix; killbill-catalog; killbill-currency; killbill-entitlement; killbill-invoice; killbill-jaxrs; killbill-junction; killbill-overdue; killbill-payment; killbill-profiles-killbill; killbill-profiles-killpay; killbill-subscription; killbill-tenant; killbill-usage; killbill-util,16,1.4.200,2022-01-19 17:15:09+00:00,2022-11-23 21:15:11.360000+00:00,308.1666939814815,post_resolution,CVE-2021-23463; CVE-2021-42392; CVE-2022-23221; CVE-2022-45868,version_changed
50,killbill,H2,4626,killbill-account; killbill-beatrix; killbill-catalog; killbill-currency; killbill-entitlement; killbill-invoice; killbill-jaxrs; killbill-junction; killbill-overdue; killbill-payment; killbill-profiles-killbill; killbill-profiles-killpay; killbill-subscription; killbill-tenant; killbill-usage; killbill-util,16,1.4.200,2022-11-23 21:15:11.360000+00:00,2022-12-11 00:00:00+00:00,17.11445185185185,post_resolution,CVE-2021-23463; CVE-2021-42392; CVE-2022-23221; CVE-2022-45868,version_changed
50,killbill,H2,4627,killbill-account; killbill-beatrix; killbill-catalog; killbill-entitlement; killbill-invoice; killbill-jaxrs; killbill-junction; killbill-overdue; killbill-payment; killbill-profiles-killbill; killbill-profiles-killpay; killbill-subscription; killbill-tenant; killbill-usage; killbill-util,15,2.1.214,2022-12-10 00:00:00+00:00,2023-07-05 14:57:30+00:00,207.62326388888889,post_disclosure,CVE-2022-45868,version_changed
50,killbill,H2,4627,killbill-account; killbill-beatrix; killbill-catalog; killbill-entitlement; killbill-invoice; killbill-jaxrs; killbill-junction; killbill-overdue; killbill-payment; killbill-profiles-killbill; killbill-profiles-killpay; killbill-subscription; killbill-tenant; killbill-usage; killbill-util,15,2.1.214,2023-07-05 14:57:30+00:00,2023-08-25 00:00:00+00:00,50.376736111111114,post_resolution,CVE-2022-45868,version_changed
50,killbill,MySQL,4642,killbill-account; killbill-analytics; killbill-beatrix; killbill-entitlement; killbill-invoice; killbill-junction; killbill-meter; killbill-overdue; killbill-payment; killbill-server; killbill-tenant; killbill-usage; killbill-util; killbill-account; killbill-analytics; killbill-beatrix; killbill-entitlement; killbill-invoice; killbill-junction; killbill-osgi-bundles-analytics; killbill-osgi-bundles-meter; killbill-overdue; killbill-payment; killbill-server; killbill-tenant; killbill-usage; killbill-util; killbill-account; killbill-analytics; killbill-beatrix; killbill-entitlement; killbill-invoice; killbill-junction; killbill-osgi-bundles-meter; killbill-overdue; killbill-payment; killbill-server; killbill-tenant; killbill-usage; killbill-util; killbill-account; killbill-analytics; killbill-beatrix; killbill-entitlement; killbill-invoice; killbill-junction; killbill-overdue; killbill-payment; killbill-server; killbill-tenant; killbill-usage; killbill-util; killbill-account; killbill-analytics; killbill-beatrix; killbill-entitlement; killbill-invoice; killbill-junction; killbill-overdue; killbill-payment; killbill-server; killbill-usage; killbill-util; killbill-account; killbill-analytics; killbill-beatrix; killbill-entitlement; killbill-invoice; killbill-junction; killbill-overdue; killbill-payment; killbill-server; killbill-util; killbill-account; killbill-beatrix; killbill-entitlement; killbill-invoice; killbill-junction; killbill-osgi-bundles-analytics; killbill-osgi-bundles-meter; killbill-overdue; killbill-payment; killbill-server; killbill-tenant; killbill-usage; killbill-util,14,5.1.17,2012-06-14 00:00:00+00:00,2013-07-12 00:00:00+00:00,393.0,pre_disclosure,CVE-2015-2575; CVE-2017-3523; CVE-2017-3586; CVE-2017-3589; CVE-2018-3258; CVE-2019-2692; CVE-2020-2934; CVE-2022-21363; CVE-2023-22102,version_changed
50,killbill,MySQL,4644,killbill-account; killbill-beatrix; killbill-catalog; killbill-entitlement; killbill-invoice; killbill-jaxrs; killbill-junction; killbill-osgi; killbill-overdue; killbill-payment; killbill-server; killbill-subscription; killbill-tenant; killbill-usage; killbill-util; killbill-account; killbill-beatrix; killbill-entitlement; killbill-invoice; killbill-junction; killbill-overdue; killbill-payment; killbill-server; killbill-subscription; killbill-tenant; killbill-usage; killbill-util; killbill-account; killbill-beatrix; killbill-entitlement; killbill-invoice; killbill-junction; killbill-overdue; killbill-payment; killbill-server; killbill-tenant; killbill-usage; killbill-util,15,5.1.22,2013-07-12 00:00:00+00:00,2014-09-27 00:00:00+00:00,442.0,pre_disclosure,CVE-2015-2575; CVE-2017-3523; CVE-2017-3586; CVE-2017-3589; CVE-2018-3258; CVE-2019-2692; CVE-2020-2934; CVE-2022-21363; CVE-2023-22102,version_changed
50,killbill,MySQL,4645,killbill-account; killbill-beatrix; killbill-catalog; killbill-entitlement; killbill-invoice; killbill-jaxrs; killbill-junction; killbill-overdue; killbill-payment; killbill-profiles-killbill; killbill-profiles-killpay; killbill-subscription; killbill-tenant; killbill-usage; killbill-util,15,5.1.31,2014-09-27 00:00:00+00:00,2014-10-24 00:00:00+00:00,27.0,pre_disclosure,CVE-2015-2575; CVE-2017-3523; CVE-2017-3586; CVE-2017-3589; CVE-2018-3258; CVE-2019-2692; CVE-2020-2934; CVE-2022-21363; CVE-2023-22102,version_changed
50,killbill,MySQL,4646,killbill-account; killbill-beatrix; killbill-catalog; killbill-entitlement; killbill-invoice; killbill-jaxrs; killbill-junction; killbill-overdue; killbill-payment; killbill-profiles-killbill; killbill-profiles-killpay; killbill-subscription; killbill-tenant; killbill-usage; killbill-util,15,5.1.33,2014-10-24 00:00:00+00:00,2015-04-16 17:00:07.253000+00:00,174.7084172800926,pre_disclosure,CVE-2015-2575; CVE-2017-3523; CVE-2017-3586; CVE-2017-3589; CVE-2018-3258; CVE-2019-2692; CVE-2020-2934; CVE-2022-21363; CVE-2023-22102,version_changed
50,killbill,MySQL,4646,killbill-account; killbill-beatrix; killbill-catalog; killbill-entitlement; killbill-invoice; killbill-jaxrs; killbill-junction; killbill-overdue; killbill-payment; killbill-profiles-killbill; killbill-profiles-killpay; killbill-subscription; killbill-tenant; killbill-usage; killbill-util,15,5.1.33,2015-04-16 17:00:07.253000+00:00,2015-05-08 10:55:46+00:00,21.746976238425926,post_disclosure,CVE-2015-2575; CVE-2017-3523; CVE-2017-3586; CVE-2017-3589; CVE-2018-3258; CVE-2019-2692; CVE-2020-2934; CVE-2022-21363; CVE-2023-22102,version_changed
50,killbill,MySQL,4646,killbill-account; killbill-beatrix; killbill-catalog; killbill-entitlement; killbill-invoice; killbill-jaxrs; killbill-junction; killbill-overdue; killbill-payment; killbill-profiles-killbill; killbill-profiles-killpay; killbill-subscription; killbill-tenant; killbill-usage; killbill-util,15,5.1.33,2015-05-08 10:55:46+00:00,2017-02-14 20:27:59+00:00,648.3973726851851,post_resolution,CVE-2015-2575; CVE-2017-3523; CVE-2017-3586; CVE-2017-3589; CVE-2018-3258; CVE-2019-2692; CVE-2020-2934; CVE-2022-21363; CVE-2023-22102,version_changed
50,killbill,MySQL,4646,killbill-account; killbill-beatrix; killbill-catalog; killbill-entitlement; killbill-invoice; killbill-jaxrs; killbill-junction; killbill-overdue; killbill-payment; killbill-profiles-killbill; killbill-profiles-killpay; killbill-subscription; killbill-tenant; killbill-usage; killbill-util,15,5.1.33,2017-02-14 20:27:59+00:00,2017-04-17 18:23:36+00:00,61.91362268518518,post_resolution,CVE-2015-2575; CVE-2017-3523; CVE-2017-3586; CVE-2017-3589; CVE-2018-3258; CVE-2019-2692; CVE-2020-2934; CVE-2022-21363; CVE-2023-22102,version_changed
50,killbill,MySQL,4646,killbill-account; killbill-beatrix; killbill-catalog; killbill-entitlement; killbill-invoice; killbill-jaxrs; killbill-junction; killbill-overdue; killbill-payment; killbill-profiles-killbill; killbill-profiles-killpay; killbill-subscription; killbill-tenant; killbill-usage; killbill-util,15,5.1.33,2017-04-17 18:23:36+00:00,2017-04-24 19:59:03.567000+00:00,7.066291284722222,post_resolution,CVE-2015-2575; CVE-2017-3523; CVE-2017-3586; CVE-2017-3589; CVE-2018-3258; CVE-2019-2692; CVE-2020-2934; CVE-2022-21363; CVE-2023-22102,version_changed
50,killbill,MySQL,4646,killbill-account; killbill-beatrix; killbill-catalog; killbill-entitlement; killbill-invoice; killbill-jaxrs; killbill-junction; killbill-overdue; killbill-payment; killbill-profiles-killbill; killbill-profiles-killpay; killbill-subscription; killbill-tenant; killbill-usage; killbill-util,15,5.1.33,2017-04-24 19:59:03.567000+00:00,2017-04-24 19:59:05.597000+00:00,2.3495370370370367e-05,post_resolution,CVE-2015-2575; CVE-2017-3523; CVE-2017-3586; CVE-2017-3589; CVE-2018-3258; CVE-2019-2692; CVE-2020-2934; CVE-2022-21363; CVE-2023-22102,version_changed
50,killbill,MySQL,4646,killbill-account; killbill-beatrix; killbill-catalog; killbill-entitlement; killbill-invoice; killbill-jaxrs; killbill-junction; killbill-overdue; killbill-payment; killbill-profiles-killbill; killbill-profiles-killpay; killbill-subscription; killbill-tenant; killbill-usage; killbill-util,15,5.1.33,2017-04-24 19:59:05.597000+00:00,2017-04-24 19:59:05.660000+00:00,7.291666666666666e-07,post_resolution,CVE-2015-2575; CVE-2017-3523; CVE-2017-3586; CVE-2017-3589; CVE-2018-3258; CVE-2019-2692; CVE-2020-2934; CVE-2022-21363; CVE-2023-22102,version_changed
50,killbill,MySQL,4646,killbill-account; killbill-beatrix; killbill-catalog; killbill-entitlement; killbill-invoice; killbill-jaxrs; killbill-junction; killbill-overdue; killbill-payment; killbill-profiles-killbill; killbill-profiles-killpay; killbill-subscription; killbill-tenant; killbill-usage; killbill-util,15,5.1.33,2017-04-24 19:59:05.660000+00:00,2018-09-27 09:18:47+00:00,520.5553395833334,post_resolution,CVE-2015-2575; CVE-2017-3523; CVE-2017-3586; CVE-2017-3589; CVE-2018-3258; CVE-2019-2692; CVE-2020-2934; CVE-2022-21363; CVE-2023-22102,version_changed
50,killbill,MySQL,4646,killbill-account; killbill-beatrix; killbill-catalog; killbill-entitlement; killbill-invoice; killbill-jaxrs; killbill-junction; killbill-overdue; killbill-payment; killbill-profiles-killbill; killbill-profiles-killpay; killbill-subscription; killbill-tenant; killbill-usage; killbill-util,15,5.1.33,2018-09-27 09:18:47+00:00,2018-10-17 01:31:27.230000+00:00,19.675465625,post_resolution,CVE-2015-2575; CVE-2017-3523; CVE-2017-3586; CVE-2017-3589; CVE-2018-3258; CVE-2019-2692; CVE-2020-2934; CVE-2022-21363; CVE-2023-22102,version_changed
50,killbill,MySQL,4646,killbill-account; killbill-beatrix; killbill-catalog; killbill-entitlement; killbill-invoice; killbill-jaxrs; killbill-junction; killbill-overdue; killbill-payment; killbill-profiles-killbill; killbill-profiles-killpay; killbill-subscription; killbill-tenant; killbill-usage; killbill-util,15,5.1.33,2018-10-17 01:31:27.230000+00:00,2019-03-20 19:08:52+00:00,154.73431446759258,post_resolution,CVE-2015-2575; CVE-2017-3523; CVE-2017-3586; CVE-2017-3589; CVE-2018-3258; CVE-2019-2692; CVE-2020-2934; CVE-2022-21363; CVE-2023-22102,version_changed
50,killbill,MySQL,4646,killbill-account; killbill-beatrix; killbill-catalog; killbill-entitlement; killbill-invoice; killbill-jaxrs; killbill-junction; killbill-overdue; killbill-payment; killbill-profiles-killbill; killbill-profiles-killpay; killbill-subscription; killbill-tenant; killbill-usage; killbill-util,15,5.1.33,2019-03-20 19:08:52+00:00,2019-04-23 19:32:55.880000+00:00,34.01671157407407,post_resolution,CVE-2015-2575; CVE-2017-3523; CVE-2017-3586; CVE-2017-3589; CVE-2018-3258; CVE-2019-2692; CVE-2020-2934; CVE-2022-21363; CVE-2023-22102,version_changed
50,killbill,MySQL,4646,killbill-account; killbill-beatrix; killbill-catalog; killbill-entitlement; killbill-invoice; killbill-jaxrs; killbill-junction; killbill-overdue; killbill-payment; killbill-profiles-killbill; killbill-profiles-killpay; killbill-subscription; killbill-tenant; killbill-usage; killbill-util,15,5.1.33,2019-04-23 19:32:55.880000+00:00,2020-04-15 14:15:36.453000+00:00,357.77963626157407,post_resolution,CVE-2015-2575; CVE-2017-3523; CVE-2017-3586; CVE-2017-3589; CVE-2018-3258; CVE-2019-2692; CVE-2020-2934; CVE-2022-21363; CVE-2023-22102,version_changed
50,killbill,MySQL,4646,killbill-account; killbill-beatrix; killbill-catalog; killbill-entitlement; killbill-invoice; killbill-jaxrs; killbill-junction; killbill-overdue; killbill-payment; killbill-profiles-killbill; killbill-profiles-killpay; killbill-subscription; killbill-tenant; killbill-usage; killbill-util,15,5.1.33,2020-04-15 14:15:36.453000+00:00,2020-04-17 00:00:00+00:00,1.4058280902777778,post_resolution,CVE-2015-2575; CVE-2017-3523; CVE-2017-3586; CVE-2017-3589; CVE-2018-3258; CVE-2019-2692; CVE-2020-2934; CVE-2022-21363; CVE-2023-22102,version_changed
50,killbill,MySQL,4647,killbill-account; killbill-beatrix; killbill-catalog; killbill-entitlement; killbill-invoice; killbill-jaxrs; killbill-junction; killbill-overdue; killbill-payment; killbill-profiles-killbill; killbill-profiles-killpay; killbill-subscription; killbill-tenant; killbill-usage; killbill-util,15,5.1.46,2020-04-17 00:00:00+00:00,2020-07-14 00:00:00+00:00,88.0,post_resolution,CVE-2018-3258; CVE-2019-2692; CVE-2020-2934; CVE-2022-21363; CVE-2023-22102,version_changed
50,killbill,MySQL,4647,killbill-account; killbill-beatrix; killbill-catalog; killbill-entitlement; killbill-invoice; killbill-jaxrs; killbill-junction; killbill-overdue; killbill-payment; killbill-profiles-killbill; killbill-profiles-killpay; killbill-subscription; killbill-tenant; killbill-usage; killbill-util,15,5.1.46,2020-07-14 00:00:00+00:00,2020-09-08 00:00:00+00:00,56.0,post_resolution,CVE-2018-3258; CVE-2019-2692; CVE-2020-2934; CVE-2022-21363; CVE-2023-22102,version_changed
50,killbill,MySQL,4648,killbill-account; killbill-beatrix; killbill-catalog; killbill-entitlement; killbill-invoice; killbill-jaxrs; killbill-junction; killbill-overdue; killbill-payment; killbill-profiles-killbill; killbill-profiles-killpay; killbill-subscription; killbill-tenant; killbill-usage; killbill-util,15,8.0.21,2020-09-03 00:00:00+00:00,2020-11-03 00:00:00+00:00,61.0,pre_disclosure,CVE-2021-2471; CVE-2022-21363; CVE-2023-22102,version_changed
50,killbill,MySQL,4649,killbill-account; killbill-beatrix; killbill-catalog; killbill-entitlement; killbill-invoice; killbill-jaxrs; killbill-junction; killbill-overdue; killbill-payment; killbill-profiles-killbill; killbill-profiles-killpay; killbill-subscription; killbill-tenant; killbill-usage; killbill-util,15,8.0.22,2020-11-03 00:00:00+00:00,2021-01-29 00:00:00+00:00,87.0,pre_disclosure,CVE-2021-2471; CVE-2022-21363; CVE-2023-22102,version_changed
50,killbill,MySQL,4650,killbill-account; killbill-beatrix; killbill-catalog; killbill-entitlement; killbill-invoice; killbill-jaxrs; killbill-junction; killbill-overdue; killbill-payment; killbill-profiles-killbill; killbill-profiles-killpay; killbill-subscription; killbill-tenant; killbill-usage; killbill-util,15,8.0.23,2021-01-29 00:00:00+00:00,2021-07-28 00:00:00+00:00,180.0,pre_disclosure,CVE-2021-2471; CVE-2022-21363; CVE-2023-22102,version_changed
50,killbill,MySQL,4651,killbill-account; killbill-beatrix; killbill-catalog; killbill-entitlement; killbill-invoice; killbill-jaxrs; killbill-junction; killbill-overdue; killbill-payment; killbill-profiles-killbill; killbill-profiles-killpay; killbill-subscription; killbill-tenant; killbill-usage; killbill-util,15,8.0.26,2021-07-28 00:00:00+00:00,2021-09-28 18:17:43+00:00,62.76230324074074,pre_disclosure,CVE-2021-2471; CVE-2022-21363; CVE-2023-22102,version_changed
50,killbill,MySQL,4651,killbill-account; killbill-beatrix; killbill-catalog; killbill-entitlement; killbill-invoice; killbill-jaxrs; killbill-junction; killbill-overdue; killbill-payment; killbill-profiles-killbill; killbill-profiles-killpay; killbill-subscription; killbill-tenant; killbill-usage; killbill-util,15,8.0.26,2021-09-28 18:17:43+00:00,2021-10-20 11:16:17.117000+00:00,21.70733931712963,post_resolution,CVE-2021-2471; CVE-2022-21363; CVE-2023-22102,version_changed
50,killbill,MySQL,4651,killbill-account; killbill-beatrix; killbill-catalog; killbill-entitlement; killbill-invoice; killbill-jaxrs; killbill-junction; killbill-overdue; killbill-payment; killbill-profiles-killbill; killbill-profiles-killpay; killbill-subscription; killbill-tenant; killbill-usage; killbill-util,15,8.0.26,2021-10-20 11:16:17.117000+00:00,2021-12-08 00:00:00+00:00,48.53035744212963,post_resolution,CVE-2021-2471; CVE-2022-21363; CVE-2023-22102,version_changed
50,killbill,MySQL,4652,killbill-account; killbill-beatrix; killbill-catalog; killbill-entitlement; killbill-invoice; killbill-jaxrs; killbill-junction; killbill-overdue; killbill-payment; killbill-profiles-killbill; killbill-profiles-killpay; killbill-subscription; killbill-tenant; killbill-usage; killbill-util,15,8.0.27,2021-12-08 00:00:00+00:00,2021-12-16 00:25:41+00:00,8.017835648148148,pre_disclosure,CVE-2022-21363; CVE-2023-22102,version_changed
50,killbill,MySQL,4652,killbill-account; killbill-beatrix; killbill-catalog; killbill-entitlement; killbill-invoice; killbill-jaxrs; killbill-junction; killbill-overdue; killbill-payment; killbill-profiles-killbill; killbill-profiles-killpay; killbill-subscription; killbill-tenant; killbill-usage; killbill-util,15,8.0.27,2021-12-16 00:25:41+00:00,2022-01-19 12:15:15.680000+00:00,34.492762500000005,post_resolution,CVE-2022-21363; CVE-2023-22102,version_changed
50,killbill,MySQL,4652,killbill-account; killbill-beatrix; killbill-catalog; killbill-entitlement; killbill-invoice; killbill-jaxrs; killbill-junction; killbill-overdue; killbill-payment; killbill-profiles-killbill; killbill-profiles-killpay; killbill-subscription; killbill-tenant; killbill-usage; killbill-util,15,8.0.27,2022-01-19 12:15:15.680000+00:00,2022-03-22 00:00:00+00:00,61.48940185185185,post_resolution,CVE-2022-21363; CVE-2023-22102,version_changed
50,killbill,MySQL,4653,killbill-account; killbill-beatrix; killbill-catalog; killbill-entitlement; killbill-invoice; killbill-jaxrs; killbill-junction; killbill-overdue; killbill-payment; killbill-profiles-killbill; killbill-profiles-killpay; killbill-subscription; killbill-tenant; killbill-usage; killbill-util,15,8.0.28,2022-02-03 00:00:00+00:00,2022-12-11 00:00:00+00:00,311.0,pre_disclosure,CVE-2023-22102,version_changed
50,killbill,MySQL,4654,killbill-account; killbill-beatrix; killbill-catalog; killbill-entitlement; killbill-invoice; killbill-jaxrs; killbill-junction; killbill-overdue; killbill-payment; killbill-profiles-killbill; killbill-profiles-killpay; killbill-subscription; killbill-tenant; killbill-usage; killbill-util,15,8.0.30,2022-12-10 00:00:00+00:00,2023-10-17 22:15:15.100000+00:00,311.92725810185186,pre_disclosure,CVE-2023-22102,right_censored_no_later_version
50,killbill,MySQL,4654,killbill-account; killbill-beatrix; killbill-catalog; killbill-entitlement; killbill-invoice; killbill-jaxrs; killbill-junction; killbill-overdue; killbill-payment; killbill-profiles-killbill; killbill-profiles-killpay; killbill-subscription; killbill-tenant; killbill-usage; killbill-util,15,8.0.30,2023-10-17 22:15:15.100000+00:00,2023-10-25 08:46:05+00:00,7.438077546296297,post_disclosure,CVE-2023-22102,right_censored_no_later_version
50,killbill,MySQL,4654,killbill-account; killbill-beatrix; killbill-catalog; killbill-entitlement; killbill-invoice; killbill-jaxrs; killbill-junction; killbill-overdue; killbill-payment; killbill-profiles-killbill; killbill-profiles-killpay; killbill-subscription; killbill-tenant; killbill-usage; killbill-util,15,8.0.30,2023-10-25 08:46:05+00:00,2025-11-25 00:00:00+00:00,761.6346643518518,post_resolution,CVE-2023-22102,right_censored_no_later_version
50,killbill,PostgreSQL,4655,killbill-account; killbill-beatrix; killbill-catalog; killbill-entitlement; killbill-invoice; killbill-jaxrs; killbill-junction; killbill-overdue; killbill-payment; killbill-profiles-killbill; killbill-profiles-killpay; killbill-subscription; killbill-tenant; killbill-usage; killbill-util,15,9.4-1201-jdbc41,2015-09-14 00:00:00+00:00,2018-08-27 15:43:21+00:00,1078.6551041666667,pre_disclosure,CVE-2018-10936; CVE-2020-13692; CVE-2022-41946,version_changed
50,killbill,PostgreSQL,4655,killbill-account; killbill-beatrix; killbill-catalog; killbill-entitlement; killbill-invoice; killbill-jaxrs; killbill-junction; killbill-overdue; killbill-payment; killbill-profiles-killbill; killbill-profiles-killpay; killbill-subscription; killbill-tenant; killbill-usage; killbill-util,15,9.4-1201-jdbc41,2018-08-27 15:43:21+00:00,2018-08-30 13:29:00.377000+00:00,2.906705752314815,post_resolution,CVE-2018-10936; CVE-2020-13692; CVE-2022-41946,version_changed
50,killbill,PostgreSQL,4655,killbill-account; killbill-beatrix; killbill-catalog; killbill-entitlement; killbill-invoice; killbill-jaxrs; killbill-junction; killbill-overdue; killbill-payment; killbill-profiles-killbill; killbill-profiles-killpay; killbill-subscription; killbill-tenant; killbill-usage; killbill-util,15,9.4-1201-jdbc41,2018-08-30 13:29:00.377000+00:00,2020-01-23 00:00:00+00:00,510.43819008101855,post_resolution,CVE-2018-10936; CVE-2020-13692; CVE-2022-41946,version_changed
50,killbill,PostgreSQL,4656,killbill-account; killbill-beatrix; killbill-catalog; killbill-entitlement; killbill-invoice; killbill-jaxrs; killbill-junction; killbill-overdue; killbill-payment; killbill-profiles-killbill; killbill-profiles-killpay; killbill-subscription; killbill-tenant; killbill-usage; killbill-util,15,42.1.4,2020-01-23 00:00:00+00:00,2020-06-04 13:16:11+00:00,133.5529050925926,post_resolution,CVE-2018-10936; CVE-2020-13692; CVE-2022-26520; CVE-2022-41946; GHSA-673j-qm5f-xpv8,version_changed
50,killbill,PostgreSQL,4656,killbill-account; killbill-beatrix; killbill-catalog; killbill-entitlement; killbill-invoice; killbill-jaxrs; killbill-junction; killbill-overdue; killbill-payment; killbill-profiles-killbill; killbill-profiles-killpay; killbill-subscription; killbill-tenant; killbill-usage; killbill-util,15,42.1.4,2020-06-04 13:16:11+00:00,2020-06-04 16:15:12.657000+00:00,0.12432473379629629,post_resolution,CVE-2018-10936; CVE-2020-13692; CVE-2022-26520; CVE-2022-41946; GHSA-673j-qm5f-xpv8,version_changed
50,killbill,PostgreSQL,4656,killbill-account; killbill-beatrix; killbill-catalog; killbill-entitlement; killbill-invoice; killbill-jaxrs; killbill-junction; killbill-overdue; killbill-payment; killbill-profiles-killbill; killbill-profiles-killpay; killbill-subscription; killbill-tenant; killbill-usage; killbill-util,15,42.1.4,2020-06-04 16:15:12.657000+00:00,2020-09-08 00:00:00+00:00,95.32277017361112,post_resolution,CVE-2018-10936; CVE-2020-13692; CVE-2022-26520; CVE-2022-41946; GHSA-673j-qm5f-xpv8,version_changed
50,killbill,PostgreSQL,4657,killbill-account; killbill-beatrix; killbill-catalog; killbill-entitlement; killbill-invoice; killbill-jaxrs; killbill-junction; killbill-overdue; killbill-payment; killbill-profiles-killbill; killbill-profiles-killpay; killbill-subscription; killbill-tenant; killbill-usage; killbill-util,15,42.2.16,2020-09-03 00:00:00+00:00,2020-11-03 00:00:00+00:00,61.0,pre_disclosure,CVE-2022-26520; CVE-2026-42198; GHSA-673j-qm5f-xpv8,version_changed
50,killbill,PostgreSQL,4658,killbill-account; killbill-beatrix; killbill-catalog; killbill-entitlement; killbill-invoice; killbill-jaxrs; killbill-junction; killbill-overdue; killbill-payment; killbill-profiles-killbill; killbill-profiles-killpay; killbill-subscription; killbill-tenant; killbill-usage; killbill-util,15,42.2.18,2020-11-03 00:00:00+00:00,2021-03-22 00:00:00+00:00,139.0,pre_disclosure,CVE-2022-26520; CVE-2026-42198; GHSA-673j-qm5f-xpv8,version_changed
50,killbill,PostgreSQL,4659,killbill-account; killbill-beatrix; killbill-catalog; killbill-entitlement; killbill-invoice; killbill-jaxrs; killbill-junction; killbill-overdue; killbill-payment; killbill-profiles-killbill; killbill-profiles-killpay; killbill-subscription; killbill-tenant; killbill-usage; killbill-util,15,42.2.19,2021-03-22 00:00:00+00:00,2021-05-20 00:00:00+00:00,59.0,pre_disclosure,CVE-2022-26520; CVE-2026-42198; GHSA-673j-qm5f-xpv8,version_changed
50,killbill,PostgreSQL,4660,killbill-account; killbill-beatrix; killbill-catalog; killbill-entitlement; killbill-invoice; killbill-jaxrs; killbill-junction; killbill-overdue; killbill-payment; killbill-profiles-killbill; killbill-profiles-killpay; killbill-subscription; killbill-tenant; killbill-usage; killbill-util,15,42.2.20,2021-05-20 00:00:00+00:00,2021-07-28 00:00:00+00:00,69.0,pre_disclosure,CVE-2022-26520; CVE-2026-42198; GHSA-673j-qm5f-xpv8,version_changed
50,killbill,PostgreSQL,4661,killbill-account; killbill-beatrix; killbill-catalog; killbill-entitlement; killbill-invoice; killbill-jaxrs; killbill-junction; killbill-overdue; killbill-payment; killbill-profiles-killbill; killbill-profiles-killpay; killbill-subscription; killbill-tenant; killbill-usage; killbill-util,15,42.2.23,2021-07-28 00:00:00+00:00,2021-10-13 00:00:00+00:00,77.0,pre_disclosure,CVE-2022-26520; CVE-2026-42198; GHSA-673j-qm5f-xpv8,version_changed
50,killbill,PostgreSQL,4662,killbill-account; killbill-beatrix; killbill-catalog; killbill-entitlement; killbill-invoice; killbill-jaxrs; killbill-junction; killbill-overdue; killbill-payment; killbill-profiles-killbill; killbill-profiles-killpay; killbill-subscription; killbill-tenant; killbill-usage; killbill-util,15,42.2.24,2021-10-13 00:00:00+00:00,2021-12-08 00:00:00+00:00,56.0,pre_disclosure,CVE-2022-26520; CVE-2026-42198; GHSA-673j-qm5f-xpv8,version_changed
50,killbill,PostgreSQL,4663,killbill-account; killbill-beatrix; killbill-catalog; killbill-entitlement; killbill-invoice; killbill-jaxrs; killbill-junction; killbill-overdue; killbill-payment; killbill-profiles-killbill; killbill-profiles-killpay; killbill-subscription; killbill-tenant; killbill-usage; killbill-util,15,42.3.1,2021-12-08 00:00:00+00:00,2022-02-01 14:51:15+00:00,55.618923611111114,pre_disclosure,CVE-2022-21724; CVE-2022-26520; CVE-2022-31197; CVE-2022-41946; CVE-2026-42198; GHSA-673j-qm5f-xpv8,version_changed
50,killbill,PostgreSQL,4663,killbill-account; killbill-beatrix; killbill-catalog; killbill-entitlement; killbill-invoice; killbill-jaxrs; killbill-junction; killbill-overdue; killbill-payment; killbill-profiles-killbill; killbill-profiles-killpay; killbill-subscription; killbill-tenant; killbill-usage; killbill-util,15,42.3.1,2022-02-01 14:51:15+00:00,2022-02-02 12:15:08.390000+00:00,0.891590162037037,post_resolution,CVE-2022-21724; CVE-2022-26520; CVE-2022-31197; CVE-2022-41946; CVE-2026-42198; GHSA-673j-qm5f-xpv8,version_changed
50,killbill,PostgreSQL,4663,killbill-account; killbill-beatrix; killbill-catalog; killbill-entitlement; killbill-invoice; killbill-jaxrs; killbill-junction; killbill-overdue; killbill-payment; killbill-profiles-killbill; killbill-profiles-killpay; killbill-subscription; killbill-tenant; killbill-usage; killbill-util,15,42.3.1,2022-02-02 12:15:08.390000+00:00,2022-02-15 19:06:43+00:00,13.285817245370371,post_resolution,CVE-2022-21724; CVE-2022-26520; CVE-2022-31197; CVE-2022-41946; CVE-2026-42198; GHSA-673j-qm5f-xpv8,version_changed
50,killbill,PostgreSQL,4663,killbill-account; killbill-beatrix; killbill-catalog; killbill-entitlement; killbill-invoice; killbill-jaxrs; killbill-junction; killbill-overdue; killbill-payment; killbill-profiles-killbill; killbill-profiles-killpay; killbill-subscription; killbill-tenant; killbill-usage; killbill-util,15,42.3.1,2022-02-15 19:06:43+00:00,2022-02-16 00:08:18+00:00,0.20943287037037037,post_resolution,CVE-2022-21724; CVE-2022-26520; CVE-2022-31197; CVE-2022-41946; CVE-2026-42198; GHSA-673j-qm5f-xpv8,version_changed
50,killbill,PostgreSQL,4663,killbill-account; killbill-beatrix; killbill-catalog; killbill-entitlement; killbill-invoice; killbill-jaxrs; killbill-junction; killbill-overdue; killbill-payment; killbill-profiles-killbill; killbill-profiles-killpay; killbill-subscription; killbill-tenant; killbill-usage; killbill-util,15,42.3.1,2022-02-16 00:08:18+00:00,2022-03-10 17:47:45.810000+00:00,22.735738541666667,post_resolution,CVE-2022-21724; CVE-2022-26520; CVE-2022-31197; CVE-2022-41946; CVE-2026-42198; GHSA-673j-qm5f-xpv8,version_changed
50,killbill,PostgreSQL,4663,killbill-account; killbill-beatrix; killbill-catalog; killbill-entitlement; killbill-invoice; killbill-jaxrs; killbill-junction; killbill-overdue; killbill-payment; killbill-profiles-killbill; killbill-profiles-killpay; killbill-subscription; killbill-tenant; killbill-usage; killbill-util,15,42.3.1,2022-03-10 17:47:45.810000+00:00,2022-08-03 19:15:08.630000+00:00,146.06068078703703,post_resolution,CVE-2022-21724; CVE-2022-26520; CVE-2022-31197; CVE-2022-41946; CVE-2026-42198; GHSA-673j-qm5f-xpv8,version_changed
50,killbill,PostgreSQL,4663,killbill-account; killbill-beatrix; killbill-catalog; killbill-entitlement; killbill-invoice; killbill-jaxrs; killbill-junction; killbill-overdue; killbill-payment; killbill-profiles-killbill; killbill-profiles-killpay; killbill-subscription; killbill-tenant; killbill-usage; killbill-util,15,42.3.1,2022-08-03 19:15:08.630000+00:00,2022-08-15 00:00:00+00:00,11.197816782407408,post_resolution,CVE-2022-21724; CVE-2022-26520; CVE-2022-31197; CVE-2022-41946; CVE-2026-42198; GHSA-673j-qm5f-xpv8,version_changed
50,killbill,PostgreSQL,4663,killbill-account; killbill-beatrix; killbill-catalog; killbill-entitlement; killbill-invoice; killbill-jaxrs; killbill-junction; killbill-overdue; killbill-payment; killbill-profiles-killbill; killbill-profiles-killpay; killbill-subscription; killbill-tenant; killbill-usage; killbill-util,15,42.3.1,2022-08-15 00:00:00+00:00,2022-10-02 00:00:00+00:00,48.0,post_resolution,CVE-2022-21724; CVE-2022-26520; CVE-2022-31197; CVE-2022-41946; CVE-2026-42198; GHSA-673j-qm5f-xpv8,version_changed
50,killbill,PostgreSQL,4664,killbill-account; killbill-beatrix; killbill-catalog; killbill-entitlement; killbill-invoice; killbill-jaxrs; killbill-junction; killbill-overdue; killbill-payment; killbill-profiles-killbill; killbill-profiles-killpay; killbill-subscription; killbill-tenant; killbill-usage; killbill-util,15,42.3.2,2022-10-02 00:00:00+00:00,2022-11-23 00:00:00+00:00,52.0,post_resolution,CVE-2022-26520; CVE-2022-31197; CVE-2022-41946; CVE-2026-42198; GHSA-673j-qm5f-xpv8,version_changed
50,killbill,PostgreSQL,4664,killbill-account; killbill-beatrix; killbill-catalog; killbill-entitlement; killbill-invoice; killbill-jaxrs; killbill-junction; killbill-overdue; killbill-payment; killbill-profiles-killbill; killbill-profiles-killpay; killbill-subscription; killbill-tenant; killbill-usage; killbill-util,15,42.3.2,2022-11-23 00:00:00+00:00,2022-11-23 20:15:10.253000+00:00,0.8438686689814815,post_resolution,CVE-2022-26520; CVE-2022-31197; CVE-2022-41946; CVE-2026-42198; GHSA-673j-qm5f-xpv8,version_changed
50,killbill,PostgreSQL,4664,killbill-account; killbill-beatrix; killbill-catalog; killbill-entitlement; killbill-invoice; killbill-jaxrs; killbill-junction; killbill-overdue; killbill-payment; killbill-profiles-killbill; killbill-profiles-killpay; killbill-subscription; killbill-tenant; killbill-usage; killbill-util,15,42.3.2,2022-11-23 20:15:10.253000+00:00,2022-12-11 00:00:00+00:00,17.156131331018518,post_resolution,CVE-2022-26520; CVE-2022-31197; CVE-2022-41946; CVE-2026-42198; GHSA-673j-qm5f-xpv8,version_changed
50,killbill,PostgreSQL,4665,killbill-account; killbill-beatrix; killbill-catalog; killbill-entitlement; killbill-invoice; killbill-jaxrs; killbill-junction; killbill-overdue; killbill-payment; killbill-profiles-killbill; killbill-profiles-killpay; killbill-subscription; killbill-tenant; killbill-usage; killbill-util,15,42.5.0,2022-12-10 00:00:00+00:00,2025-11-25 00:00:00+00:00,1081.0,pre_disclosure,CVE-2026-42198,right_censored_no_later_version
50,killbill,Redis,4666,killbill-account; killbill-beatrix; killbill-catalog; killbill-currency; killbill-entitlement; killbill-invoice; killbill-jaxrs; killbill-junction; killbill-overdue; killbill-payment; killbill-profiles-killbill; killbill-profiles-killpay; killbill-subscription; killbill-tenant; killbill-usage; killbill-util,16,3.10.0,2020-01-23 00:00:00+00:00,2020-08-21 00:00:00+00:00,211.0,pre_disclosure,CVE-2023-42809,version_changed
50,killbill,Redis,4667,killbill-account; killbill-beatrix; killbill-catalog; killbill-currency; killbill-entitlement; killbill-invoice; killbill-jaxrs; killbill-junction; killbill-overdue; killbill-payment; killbill-profiles-killbill; killbill-profiles-killpay; killbill-subscription; killbill-tenant; killbill-usage; killbill-util,16,3.13.2,2020-08-21 00:00:00+00:00,2020-09-08 00:00:00+00:00,18.0,pre_disclosure,CVE-2023-42809,version_changed
50,killbill,Redis,4668,killbill-account; killbill-beatrix; killbill-catalog; killbill-currency; killbill-entitlement; killbill-invoice; killbill-jaxrs; killbill-junction; killbill-overdue; killbill-payment; killbill-profiles-killbill; killbill-profiles-killpay; killbill-subscription; killbill-tenant; killbill-usage; killbill-util,16,3.13.4,2020-09-03 00:00:00+00:00,2020-11-03 00:00:00+00:00,61.0,pre_disclosure,CVE-2023-42809,version_changed
50,killbill,Redis,4669,killbill-account; killbill-beatrix; killbill-catalog; killbill-currency; killbill-entitlement; killbill-invoice; killbill-jaxrs; killbill-junction; killbill-overdue; killbill-payment; killbill-profiles-killbill; killbill-profiles-killpay; killbill-subscription; killbill-tenant; killbill-usage; killbill-util,16,3.13.5,2020-11-03 00:00:00+00:00,2021-01-29 00:00:00+00:00,87.0,pre_disclosure,CVE-2023-42809,version_changed
50,killbill,Redis,4670,killbill-account; killbill-beatrix; killbill-catalog; killbill-currency; killbill-entitlement; killbill-invoice; killbill-jaxrs; killbill-junction; killbill-overdue; killbill-payment; killbill-profiles-killbill; killbill-profiles-killpay; killbill-subscription; killbill-tenant; killbill-usage; killbill-util,16,3.14.1,2021-01-29 00:00:00+00:00,2021-02-10 00:00:00+00:00,12.0,pre_disclosure,CVE-2023-42809,version_changed
50,killbill,Redis,4671,killbill-account; killbill-beatrix; killbill-catalog; killbill-currency; killbill-entitlement; killbill-invoice; killbill-jaxrs; killbill-junction; killbill-overdue; killbill-payment; killbill-profiles-killbill; killbill-profiles-killpay; killbill-subscription; killbill-tenant; killbill-usage; killbill-util,16,3.15.0,2021-02-10 00:00:00+00:00,2021-07-28 00:00:00+00:00,168.0,pre_disclosure,CVE-2023-42809,version_changed
50,killbill,Redis,4672,killbill-account; killbill-beatrix; killbill-catalog; killbill-currency; killbill-entitlement; killbill-invoice; killbill-jaxrs; killbill-junction; killbill-overdue; killbill-payment; killbill-profiles-killbill; killbill-profiles-killpay; killbill-subscription; killbill-tenant; killbill-usage; killbill-util,16,3.16.1,2021-07-28 00:00:00+00:00,2021-10-13 00:00:00+00:00,77.0,pre_disclosure,CVE-2023-42809,version_changed
50,killbill,Redis,4673,killbill-account; killbill-beatrix; killbill-catalog; killbill-currency; killbill-entitlement; killbill-invoice; killbill-jaxrs; killbill-junction; killbill-overdue; killbill-payment; killbill-profiles-killbill; killbill-profiles-killpay; killbill-subscription; killbill-tenant; killbill-usage; killbill-util,16,3.16.3,2021-10-13 00:00:00+00:00,2021-12-08 00:00:00+00:00,56.0,pre_disclosure,CVE-2023-42809,version_changed
50,killbill,Redis,4674,killbill-account; killbill-beatrix; killbill-catalog; killbill-currency; killbill-entitlement; killbill-invoice; killbill-jaxrs; killbill-junction; killbill-overdue; killbill-payment; killbill-profiles-killbill; killbill-profiles-killpay; killbill-subscription; killbill-tenant; killbill-usage; killbill-util,16,3.16.4,2021-12-08 00:00:00+00:00,2022-01-13 00:00:00+00:00,36.0,pre_disclosure,CVE-2023-42809,version_changed
50,killbill,Redis,4675,killbill-account; killbill-beatrix; killbill-catalog; killbill-currency; killbill-entitlement; killbill-invoice; killbill-jaxrs; killbill-junction; killbill-overdue; killbill-payment; killbill-profiles-killbill; killbill-profiles-killpay; killbill-subscription; killbill-tenant; killbill-usage; killbill-util,16,3.16.6,2022-01-13 00:00:00+00:00,2022-12-11 00:00:00+00:00,332.0,pre_disclosure,CVE-2023-42809,version_changed
50,killbill,Redis,4676,killbill-account; killbill-beatrix; killbill-catalog; killbill-currency; killbill-entitlement; killbill-invoice; killbill-jaxrs; killbill-junction; killbill-overdue; killbill-payment; killbill-profiles-killbill; killbill-profiles-killpay; killbill-subscription; killbill-tenant; killbill-usage; killbill-util,16,3.17.7,2022-12-10 00:00:00+00:00,2023-06-05 08:30:59+00:00,177.35484953703704,pre_disclosure,CVE-2023-42809,right_censored_no_later_version
50,killbill,Redis,4676,killbill-account; killbill-beatrix; killbill-catalog; killbill-currency; killbill-entitlement; killbill-invoice; killbill-jaxrs; killbill-junction; killbill-overdue; killbill-payment; killbill-profiles-killbill; killbill-profiles-killpay; killbill-subscription; killbill-tenant; killbill-usage; killbill-util,16,3.17.7,2023-06-05 08:30:59+00:00,2023-10-04 20:15:10.263000+00:00,121.48901924768519,post_resolution,CVE-2023-42809,right_censored_no_later_version
50,killbill,Redis,4676,killbill-account; killbill-beatrix; killbill-catalog; killbill-currency; killbill-entitlement; killbill-invoice; killbill-jaxrs; killbill-junction; killbill-overdue; killbill-payment; killbill-profiles-killbill; killbill-profiles-killpay; killbill-subscription; killbill-tenant; killbill-usage; killbill-util,16,3.17.7,2023-10-04 20:15:10.263000+00:00,2025-11-25 00:00:00+00:00,782.1561312152778,post_resolution,CVE-2023-42809,right_censored_no_later_version
51,liquibase,H2,4692,liquibase-cdi; liquibase-core; liquibase-dist; liquibase-integration-tests; liquibase-maven-plugin; liquibase-root; liquibase-cdi; liquibase-core; liquibase-extension-examples; liquibase-integration-tests; liquibase-maven-plugin; liquibase-root; liquibase-cdi; liquibase-core; liquibase-integration-tests; liquibase-maven-plugin; liquibase-root,6,1.4.197,2020-02-06 00:00:00+00:00,2020-07-02 00:00:00+00:00,147.0,post_resolution,CVE-2018-14335; CVE-2021-42392; CVE-2022-23221,version_changed
51,liquibase,H2,4693,liquibase-cdi; liquibase-cli; liquibase-core; liquibase-dist; liquibase-extension-examples; liquibase-extension-testing; liquibase-integration-tests; liquibase-maven-plugin; liquibase-root; liquibase-cdi; liquibase-cli; liquibase-core; liquibase-dist; liquibase-extension-examples; liquibase-integration-tests; liquibase-maven-plugin; liquibase-root; liquibase-cdi; liquibase-core; liquibase-dist; liquibase-extension-examples; liquibase-integration-tests; liquibase-maven-plugin; liquibase-root; liquibase-dist; liquibase; liquibase-cdi; liquibase-cli; liquibase-core; liquibase-dist; liquibase-extension-examples; liquibase-extension-testing; liquibase-integration-tests; liquibase-maven-plugin,9,1.4.200,2020-02-06 00:00:00+00:00,2021-11-29 11:00:04+00:00,662.4583796296296,pre_disclosure,CVE-2021-23463; CVE-2021-42392; CVE-2022-23221; CVE-2022-45868,version_changed
51,liquibase,H2,4693,liquibase-cdi; liquibase-cli; liquibase-core; liquibase-dist; liquibase-extension-examples; liquibase-extension-testing; liquibase-integration-tests; liquibase-maven-plugin; liquibase-root; liquibase-cdi; liquibase-cli; liquibase-core; liquibase-dist; liquibase-extension-examples; liquibase-integration-tests; liquibase-maven-plugin; liquibase-root; liquibase-cdi; liquibase-core; liquibase-dist; liquibase-extension-examples; liquibase-integration-tests; liquibase-maven-plugin; liquibase-root; liquibase-dist; liquibase; liquibase-cdi; liquibase-cli; liquibase-core; liquibase-dist; liquibase-extension-examples; liquibase-extension-testing; liquibase-integration-tests; liquibase-maven-plugin,9,1.4.200,2021-11-29 11:00:04+00:00,2021-12-10 20:15:07.917000+00:00,11.385462002314815,post_resolution,CVE-2021-23463; CVE-2021-42392; CVE-2022-23221; CVE-2022-45868,version_changed
51,liquibase,H2,4693,liquibase-cdi; liquibase-cli; liquibase-core; liquibase-dist; liquibase-extension-examples; liquibase-extension-testing; liquibase-integration-tests; liquibase-maven-plugin; liquibase-root; liquibase-cdi; liquibase-cli; liquibase-core; liquibase-dist; liquibase-extension-examples; liquibase-integration-tests; liquibase-maven-plugin; liquibase-root; liquibase-cdi; liquibase-core; liquibase-dist; liquibase-extension-examples; liquibase-integration-tests; liquibase-maven-plugin; liquibase-root; liquibase-dist; liquibase; liquibase-cdi; liquibase-cli; liquibase-core; liquibase-dist; liquibase-extension-examples; liquibase-extension-testing; liquibase-integration-tests; liquibase-maven-plugin,9,1.4.200,2021-12-10 20:15:07.917000+00:00,2021-12-28 00:00:00+00:00,17.156158368055557,post_resolution,CVE-2021-23463; CVE-2021-42392; CVE-2022-23221; CVE-2022-45868,version_changed
51,liquibase,H2,4694,liquibase; liquibase-cdi; liquibase-cli; liquibase-core; liquibase-dist; liquibase-extension-examples; liquibase-extension-testing; liquibase-integration-tests; liquibase-maven-plugin,9,2.0.202,2021-12-28 00:00:00+00:00,2022-01-04 20:53:00+00:00,7.870138888888889,pre_disclosure,CVE-2021-42392; CVE-2022-23221; CVE-2022-45868,version_changed
51,liquibase,H2,4694,liquibase; liquibase-cdi; liquibase-cli; liquibase-core; liquibase-dist; liquibase-extension-examples; liquibase-extension-testing; liquibase-integration-tests; liquibase-maven-plugin,9,2.0.202,2022-01-04 20:53:00+00:00,2022-01-10 00:00:00+00:00,5.129861111111111,post_resolution,CVE-2021-42392; CVE-2022-23221; CVE-2022-45868,version_changed
51,liquibase,H2,4695,liquibase; liquibase-cdi; liquibase-cli; liquibase-core; liquibase-dist; liquibase-extension-examples; liquibase-extension-testing; liquibase-integration-tests; liquibase-maven-plugin,9,2.0.206,2022-01-10 00:00:00+00:00,2022-01-17 16:18:52+00:00,7.679768518518519,pre_disclosure,CVE-2022-23221; CVE-2022-45868,version_changed
51,liquibase,H2,4695,liquibase; liquibase-cdi; liquibase-cli; liquibase-core; liquibase-dist; liquibase-extension-examples; liquibase-extension-testing; liquibase-integration-tests; liquibase-maven-plugin,9,2.0.206,2022-01-17 16:18:52+00:00,2022-01-19 17:15:09+00:00,2.039085648148148,post_resolution,CVE-2022-23221; CVE-2022-45868,version_changed
51,liquibase,H2,4695,liquibase; liquibase-cdi; liquibase-cli; liquibase-core; liquibase-dist; liquibase-extension-examples; liquibase-extension-testing; liquibase-integration-tests; liquibase-maven-plugin,9,2.0.206,2022-01-19 17:15:09+00:00,2022-02-09 00:00:00+00:00,20.281145833333333,post_resolution,CVE-2022-23221; CVE-2022-45868,version_changed
51,liquibase,H2,4696,liquibase; liquibase-cdi; liquibase-cli; liquibase-core; liquibase-dist; liquibase-extension-examples; liquibase-extension-testing; liquibase-integration-tests; liquibase-maven-plugin,9,2.1.210,2022-02-08 00:00:00+00:00,2022-04-26 00:00:00+00:00,77.0,pre_disclosure,CVE-2022-45868,version_changed
51,liquibase,H2,4697,liquibase; liquibase-cdi; liquibase-cli; liquibase-core; liquibase-dist; liquibase-extension-examples; liquibase-extension-testing; liquibase-integration-tests; liquibase-maven-plugin; liquibase; liquibase-cdi; liquibase-cli; liquibase-core; liquibase-dist; liquibase-extension-examples; liquibase-extension-testing; liquibase-integration-tests; liquibase-maven-plugin; liquibase-snowflake,10,2.1.212,2022-04-25 00:00:00+00:00,2022-07-01 00:00:00+00:00,67.0,pre_disclosure,CVE-2022-45868,version_changed
51,liquibase,H2,4698,liquibase; liquibase-cdi; liquibase-cdi-jakarta; liquibase-cli; liquibase-core; liquibase-dist; liquibase-extension-examples; liquibase-extension-testing; liquibase-integration-tests; liquibase-maven-plugin; liquibase-snowflake; liquibase; liquibase-cdi; liquibase-cdi-jakarta; liquibase-cli; liquibase-core; liquibase-dist; liquibase-extension-examples; liquibase-extension-testing; liquibase-integration-tests; liquibase-maven-plugin; liquibase-snowflake; liquibase-standard; liquibase; liquibase-cdi; liquibase-cli; liquibase-core; liquibase-dist; liquibase-extension-examples; liquibase-extension-testing; liquibase-integration-tests; liquibase-maven-plugin; liquibase-snowflake,12,2.1.214,2022-07-01 00:00:00+00:00,2022-11-23 21:15:11.360000+00:00,145.88554814814813,pre_disclosure,CVE-2022-45868,version_changed
51,liquibase,H2,4698,liquibase; liquibase-cdi; liquibase-cdi-jakarta; liquibase-cli; liquibase-core; liquibase-dist; liquibase-extension-examples; liquibase-extension-testing; liquibase-integration-tests; liquibase-maven-plugin; liquibase-snowflake; liquibase; liquibase-cdi; liquibase-cdi-jakarta; liquibase-cli; liquibase-core; liquibase-dist; liquibase-extension-examples; liquibase-extension-testing; liquibase-integration-tests; liquibase-maven-plugin; liquibase-snowflake; liquibase-standard; liquibase; liquibase-cdi; liquibase-cli; liquibase-core; liquibase-dist; liquibase-extension-examples; liquibase-extension-testing; liquibase-integration-tests; liquibase-maven-plugin; liquibase-snowflake,12,2.1.214,2022-11-23 21:15:11.360000+00:00,2023-07-05 14:57:30+00:00,223.73771574074075,post_disclosure,CVE-2022-45868,version_changed
51,liquibase,H2,4698,liquibase; liquibase-cdi; liquibase-cdi-jakarta; liquibase-cli; liquibase-core; liquibase-dist; liquibase-extension-examples; liquibase-extension-testing; liquibase-integration-tests; liquibase-maven-plugin; liquibase-snowflake; liquibase; liquibase-cdi; liquibase-cdi-jakarta; liquibase-cli; liquibase-core; liquibase-dist; liquibase-extension-examples; liquibase-extension-testing; liquibase-integration-tests; liquibase-maven-plugin; liquibase-snowflake; liquibase-standard; liquibase; liquibase-cdi; liquibase-cli; liquibase-core; liquibase-dist; liquibase-extension-examples; liquibase-extension-testing; liquibase-integration-tests; liquibase-maven-plugin; liquibase-snowflake,12,2.1.214,2023-07-05 14:57:30+00:00,2023-09-12 00:00:00+00:00,68.37673611111111,post_resolution,CVE-2022-45868,version_changed
51,liquibase,HyperSQL,4704,liquibase-cdi; liquibase-core; liquibase-integration-tests; liquibase-core; liquibase-core; liquibase-integration-tests; liquibase-integration-tests,3,2.2.9,2013-02-01 00:00:00+00:00,2020-02-06 00:00:00+00:00,2561.0,pre_disclosure,CVE-2022-41853,version_changed
51,liquibase,HyperSQL,4705,liquibase-cdi; liquibase-cli; liquibase-core; liquibase-dist; liquibase-extension-examples; liquibase-extension-testing; liquibase-integration-tests; liquibase-maven-plugin; liquibase-root; liquibase-cdi; liquibase-cli; liquibase-core; liquibase-dist; liquibase-extension-examples; liquibase-integration-tests; liquibase-maven-plugin; liquibase-root; liquibase-cdi; liquibase-core; liquibase-dist; liquibase-extension-examples; liquibase-integration-tests; liquibase-maven-plugin; liquibase-root; liquibase-cdi; liquibase-core; liquibase-dist; liquibase-integration-tests; liquibase-maven-plugin; liquibase-root; liquibase; liquibase-cdi; liquibase-cli; liquibase-core; liquibase-extension-examples; liquibase-extension-testing; liquibase-integration-tests; liquibase-maven-plugin,9,2.4.0,2020-02-06 00:00:00+00:00,2022-04-29 00:00:00+00:00,813.0,pre_disclosure,CVE-2022-41853,version_changed
51,liquibase,HyperSQL,4706,liquibase-cdi; liquibase-cli; liquibase-core; liquibase-dist; liquibase-extension-examples; liquibase-extension-testing; liquibase-integration-tests; liquibase-maven-plugin; liquibase-root; liquibase-dist; liquibase; liquibase-cdi; liquibase-cli; liquibase-core; liquibase-dist; liquibase-extension-examples; liquibase-extension-testing; liquibase-integration-tests; liquibase-maven-plugin; liquibase; liquibase-cdi; liquibase-cli; liquibase-core; liquibase-dist; liquibase-extension-examples; liquibase-extension-testing; liquibase-integration-tests; liquibase-maven-plugin; liquibase-snowflake,10,2.5.2,2021-10-20 00:00:00+00:00,2022-10-06 18:17:07.190000+00:00,351.76188877314814,pre_disclosure,CVE-2022-41853,version_changed
51,liquibase,HyperSQL,4706,liquibase-cdi; liquibase-cli; liquibase-core; liquibase-dist; liquibase-extension-examples; liquibase-extension-testing; liquibase-integration-tests; liquibase-maven-plugin; liquibase-root; liquibase-dist; liquibase; liquibase-cdi; liquibase-cli; liquibase-core; liquibase-dist; liquibase-extension-examples; liquibase-extension-testing; liquibase-integration-tests; liquibase-maven-plugin; liquibase; liquibase-cdi; liquibase-cli; liquibase-core; liquibase-dist; liquibase-extension-examples; liquibase-extension-testing; liquibase-integration-tests; liquibase-maven-plugin; liquibase-snowflake,10,2.5.2,2022-10-06 18:17:07.190000+00:00,2022-10-22 14:19:43+00:00,15.835136689814815,post_disclosure,CVE-2022-41853,version_changed
51,liquibase,HyperSQL,4706,liquibase-cdi; liquibase-cli; liquibase-core; liquibase-dist; liquibase-extension-examples; liquibase-extension-testing; liquibase-integration-tests; liquibase-maven-plugin; liquibase-root; liquibase-dist; liquibase; liquibase-cdi; liquibase-cli; liquibase-core; liquibase-dist; liquibase-extension-examples; liquibase-extension-testing; liquibase-integration-tests; liquibase-maven-plugin; liquibase; liquibase-cdi; liquibase-cli; liquibase-core; liquibase-dist; liquibase-extension-examples; liquibase-extension-testing; liquibase-integration-tests; liquibase-maven-plugin; liquibase-snowflake,10,2.5.2,2022-10-22 14:19:43+00:00,2022-11-07 00:00:00+00:00,15.402974537037037,post_resolution,CVE-2022-41853,version_changed
51,liquibase,MS SQL Server_Microsoft Azure SQL Database,4716,liquibase-cdi; liquibase-cli; liquibase-core; liquibase-dist; liquibase-extension-examples; liquibase-extension-testing; liquibase-integration-tests; liquibase-maven-plugin; liquibase-root; liquibase-dist,9,8.4.0.jre8,2021-10-20 00:00:00+00:00,2022-04-26 00:00:00+00:00,188.0,pre_disclosure,CVE-2025-59250,version_changed
51,liquibase,MS SQL Server_Microsoft Azure SQL Database,4717,liquibase; liquibase-cdi; liquibase-cli; liquibase-core; liquibase-dist; liquibase-extension-examples; liquibase-extension-testing; liquibase-integration-tests; liquibase-maven-plugin; liquibase; liquibase-cdi; liquibase-cli; liquibase-core; liquibase-dist; liquibase-extension-examples; liquibase-extension-testing; liquibase-integration-tests; liquibase-maven-plugin; liquibase-snowflake,10,10.2.0.jre8,2022-04-25 00:00:00+00:00,2022-06-14 00:00:00+00:00,50.0,pre_disclosure,CVE-2025-59250,version_changed
51,liquibase,MS SQL Server_Microsoft Azure SQL Database,4718,liquibase; liquibase-cdi; liquibase-cli; liquibase-core; liquibase-dist; liquibase-extension-examples; liquibase-extension-testing; liquibase-integration-tests; liquibase-maven-plugin; liquibase-snowflake,10,10.2.1.jre8,2022-06-14 00:00:00+00:00,2022-08-31 00:00:00+00:00,78.0,pre_disclosure,CVE-2025-59250,version_changed
51,liquibase,MS SQL Server_Microsoft Azure SQL Database,4719,liquibase; liquibase-cdi; liquibase-cli; liquibase-core; liquibase-dist; liquibase-extension-examples; liquibase-extension-testing; liquibase-integration-tests; liquibase-maven-plugin; liquibase-snowflake,10,11.2.0.jre8,2022-08-31 00:00:00+00:00,2022-09-11 00:00:00+00:00,11.0,pre_disclosure,CVE-2025-59250,version_changed
51,liquibase,MS SQL Server_Microsoft Azure SQL Database,4721,liquibase; liquibase-cdi; liquibase-cdi-jakarta; liquibase-cli; liquibase-core; liquibase-dist; liquibase-extension-examples; liquibase-extension-testing; liquibase-integration-tests; liquibase-maven-plugin; liquibase-snowflake; liquibase; liquibase-cdi; liquibase-cdi-jakarta; liquibase-cli; liquibase-core; liquibase-dist; liquibase-extension-examples; liquibase-extension-testing; liquibase-integration-tests; liquibase-maven-plugin; liquibase-snowflake; liquibase-standard; liquibase; liquibase-cdi; liquibase-cli; liquibase-core; liquibase-dist; liquibase-extension-examples; liquibase-extension-testing; liquibase-integration-tests; liquibase-maven-plugin; liquibase-snowflake,12,12.2.0.jre8,2023-02-14 00:00:00+00:00,2023-09-12 00:00:00+00:00,210.0,pre_disclosure,CVE-2025-59250,version_changed
51,liquibase,MS SQL Server_Microsoft Azure SQL Database,4722,liquibase; liquibase-cdi; liquibase-cdi-jakarta; liquibase-cli; liquibase-core; liquibase-dist; liquibase-extension-examples; liquibase-extension-testing; liquibase-integration-tests; liquibase-maven-plugin; liquibase-snowflake; liquibase-standard; liquibase; liquibase-cdi; liquibase-cdi-jakarta; liquibase-cli; liquibase-core; liquibase-dist; liquibase-extension-testing; liquibase-integration-tests; liquibase-maven-plugin; liquibase-snowflake; liquibase-standard,12,12.4.1.jre8,2023-09-01 00:00:00+00:00,2024-03-11 00:00:00+00:00,192.0,pre_disclosure,CVE-2025-59250,version_changed
51,liquibase,MS SQL Server_Microsoft Azure SQL Database,4723,liquibase; liquibase-cdi; liquibase-cdi-jakarta; liquibase-cli; liquibase-core; liquibase-dist; liquibase-extension-testing; liquibase-integration-tests; liquibase-maven-plugin; liquibase-snowflake; liquibase-standard,11,12.5.0.jre8-preview,2023-11-24 00:00:00+00:00,2023-12-07 00:00:00+00:00,13.0,pre_disclosure,CVE-2025-59250,version_changed
51,liquibase,MS SQL Server_Microsoft Azure SQL Database,4726,liquibase; liquibase-cdi; liquibase-cdi-jakarta; liquibase-cli; liquibase-core; liquibase-dist; liquibase-extension-testing; liquibase-integration-tests; liquibase-maven-plugin; liquibase-snowflake; liquibase-standard; liquibase; liquibase-cli; liquibase-core; liquibase-dist; liquibase-extension-testing; liquibase-integration-tests; liquibase-maven-plugin; liquibase-snowflake; liquibase-standard,11,12.10.0.jre8,2025-05-09 00:00:00+00:00,2025-07-02 00:00:00+00:00,54.0,pre_disclosure,CVE-2025-59250,version_changed
51,liquibase,MySQL,4748,liquibase-cdi; liquibase-cli; liquibase-core; liquibase-dist; liquibase-extension-examples; liquibase-extension-testing; liquibase-integration-tests; liquibase-maven-plugin; liquibase-root; liquibase-cdi; liquibase-cli; liquibase-core; liquibase-dist; liquibase-extension-examples; liquibase-integration-tests; liquibase-maven-plugin; liquibase-root; liquibase-cdi; liquibase-core; liquibase-dist; liquibase-extension-examples; liquibase-integration-tests; liquibase-maven-plugin; liquibase-root; liquibase-cdi; liquibase-core; liquibase-dist; liquibase-integration-tests; liquibase-maven-plugin; liquibase-root; liquibase; liquibase-cdi; liquibase-cli; liquibase-core; liquibase-dist; liquibase-extension-examples; liquibase-extension-testing; liquibase-integration-tests; liquibase-maven-plugin,9,6.0.6,2020-02-06 00:00:00+00:00,2021-09-28 18:17:43+00:00,600.7623032407407,post_resolution,CVE-2018-3258; CVE-2019-2692; CVE-2021-2471; CVE-2022-21363; CVE-2023-22102,version_changed
51,liquibase,MySQL,4748,liquibase-cdi; liquibase-cli; liquibase-core; liquibase-dist; liquibase-extension-examples; liquibase-extension-testing; liquibase-integration-tests; liquibase-maven-plugin; liquibase-root; liquibase-cdi; liquibase-cli; liquibase-core; liquibase-dist; liquibase-extension-examples; liquibase-integration-tests; liquibase-maven-plugin; liquibase-root; liquibase-cdi; liquibase-core; liquibase-dist; liquibase-extension-examples; liquibase-integration-tests; liquibase-maven-plugin; liquibase-root; liquibase-cdi; liquibase-core; liquibase-dist; liquibase-integration-tests; liquibase-maven-plugin; liquibase-root; liquibase; liquibase-cdi; liquibase-cli; liquibase-core; liquibase-dist; liquibase-extension-examples; liquibase-extension-testing; liquibase-integration-tests; liquibase-maven-plugin,9,6.0.6,2021-09-28 18:17:43+00:00,2021-10-20 11:16:17.117000+00:00,21.70733931712963,post_resolution,CVE-2018-3258; CVE-2019-2692; CVE-2021-2471; CVE-2022-21363; CVE-2023-22102,version_changed
51,liquibase,MySQL,4748,liquibase-cdi; liquibase-cli; liquibase-core; liquibase-dist; liquibase-extension-examples; liquibase-extension-testing; liquibase-integration-tests; liquibase-maven-plugin; liquibase-root; liquibase-cdi; liquibase-cli; liquibase-core; liquibase-dist; liquibase-extension-examples; liquibase-integration-tests; liquibase-maven-plugin; liquibase-root; liquibase-cdi; liquibase-core; liquibase-dist; liquibase-extension-examples; liquibase-integration-tests; liquibase-maven-plugin; liquibase-root; liquibase-cdi; liquibase-core; liquibase-dist; liquibase-integration-tests; liquibase-maven-plugin; liquibase-root; liquibase; liquibase-cdi; liquibase-cli; liquibase-core; liquibase-dist; liquibase-extension-examples; liquibase-extension-testing; liquibase-integration-tests; liquibase-maven-plugin,9,6.0.6,2021-10-20 11:16:17.117000+00:00,2021-12-16 00:25:41+00:00,56.548193090277785,post_resolution,CVE-2018-3258; CVE-2019-2692; CVE-2021-2471; CVE-2022-21363; CVE-2023-22102,version_changed
51,liquibase,MySQL,4748,liquibase-cdi; liquibase-cli; liquibase-core; liquibase-dist; liquibase-extension-examples; liquibase-extension-testing; liquibase-integration-tests; liquibase-maven-plugin; liquibase-root; liquibase-cdi; liquibase-cli; liquibase-core; liquibase-dist; liquibase-extension-examples; liquibase-integration-tests; liquibase-maven-plugin; liquibase-root; liquibase-cdi; liquibase-core; liquibase-dist; liquibase-extension-examples; liquibase-integration-tests; liquibase-maven-plugin; liquibase-root; liquibase-cdi; liquibase-core; liquibase-dist; liquibase-integration-tests; liquibase-maven-plugin; liquibase-root; liquibase; liquibase-cdi; liquibase-cli; liquibase-core; liquibase-dist; liquibase-extension-examples; liquibase-extension-testing; liquibase-integration-tests; liquibase-maven-plugin,9,6.0.6,2021-12-16 00:25:41+00:00,2022-01-19 12:15:15.680000+00:00,34.492762500000005,post_resolution,CVE-2018-3258; CVE-2019-2692; CVE-2021-2471; CVE-2022-21363; CVE-2023-22102,version_changed
51,liquibase,MySQL,4748,liquibase-cdi; liquibase-cli; liquibase-core; liquibase-dist; liquibase-extension-examples; liquibase-extension-testing; liquibase-integration-tests; liquibase-maven-plugin; liquibase-root; liquibase-cdi; liquibase-cli; liquibase-core; liquibase-dist; liquibase-extension-examples; liquibase-integration-tests; liquibase-maven-plugin; liquibase-root; liquibase-cdi; liquibase-core; liquibase-dist; liquibase-extension-examples; liquibase-integration-tests; liquibase-maven-plugin; liquibase-root; liquibase-cdi; liquibase-core; liquibase-dist; liquibase-integration-tests; liquibase-maven-plugin; liquibase-root; liquibase; liquibase-cdi; liquibase-cli; liquibase-core; liquibase-dist; liquibase-extension-examples; liquibase-extension-testing; liquibase-integration-tests; liquibase-maven-plugin,9,6.0.6,2022-01-19 12:15:15.680000+00:00,2022-02-16 00:00:00+00:00,27.48940185185185,post_resolution,CVE-2018-3258; CVE-2019-2692; CVE-2021-2471; CVE-2022-21363; CVE-2023-22102,version_changed
51,liquibase,MySQL,4749,liquibase-cdi; liquibase-cli; liquibase-core; liquibase-dist; liquibase-extension-examples; liquibase-extension-testing; liquibase-integration-tests; liquibase-maven-plugin; liquibase-root,9,8.0.21,2021-10-20 00:00:00+00:00,2021-10-20 11:16:17.117000+00:00,0.46964255787037035,post_resolution,CVE-2021-2471; CVE-2022-21363; CVE-2023-22102,version_changed
51,liquibase,MySQL,4749,liquibase-cdi; liquibase-cli; liquibase-core; liquibase-dist; liquibase-extension-examples; liquibase-extension-testing; liquibase-integration-tests; liquibase-maven-plugin; liquibase-root,9,8.0.21,2021-10-20 11:16:17.117000+00:00,2021-11-15 00:00:00+00:00,25.530357442129628,post_resolution,CVE-2021-2471; CVE-2022-21363; CVE-2023-22102,version_changed
51,liquibase,MySQL,4750,liquibase; liquibase-cdi; liquibase-cli; liquibase-core; liquibase-dist; liquibase-extension-examples; liquibase-extension-testing; liquibase-integration-tests; liquibase-maven-plugin,9,8.0.28,2022-02-16 00:00:00+00:00,2022-06-01 00:00:00+00:00,105.0,pre_disclosure,CVE-2023-22102,version_changed
51,liquibase,MySQL,4751,liquibase; liquibase-cdi; liquibase-cli; liquibase-core; liquibase-dist; liquibase-extension-examples; liquibase-extension-testing; liquibase-integration-tests; liquibase-maven-plugin; liquibase; liquibase-cdi; liquibase-cli; liquibase-core; liquibase-dist; liquibase-extension-examples; liquibase-extension-testing; liquibase-integration-tests; liquibase-maven-plugin; liquibase-snowflake,10,8.0.29,2022-06-01 00:00:00+00:00,2022-08-05 00:00:00+00:00,65.0,pre_disclosure,CVE-2023-22102,version_changed
51,liquibase,MySQL,4752,liquibase; liquibase-cdi; liquibase-cdi-jakarta; liquibase-cli; liquibase-core; liquibase-dist; liquibase-extension-examples; liquibase-extension-testing; liquibase-integration-tests; liquibase-maven-plugin; liquibase-snowflake; liquibase; liquibase-cdi; liquibase-cdi-jakarta; liquibase-cli; liquibase-core; liquibase-dist; liquibase-extension-examples; liquibase-extension-testing; liquibase-integration-tests; liquibase-maven-plugin; liquibase-snowflake; liquibase-standard; liquibase; liquibase-cdi; liquibase-cdi-jakarta; liquibase-cli; liquibase-core; liquibase-dist; liquibase-extension-testing; liquibase-integration-tests; liquibase-maven-plugin; liquibase-snowflake; liquibase-standard; liquibase; liquibase-cdi; liquibase-cli; liquibase-core; liquibase-dist; liquibase-extension-examples; liquibase-extension-testing; liquibase-integration-tests; liquibase-maven-plugin; liquibase-snowflake,12,8.0.30,2022-07-28 00:00:00+00:00,2023-10-17 22:15:15.100000+00:00,446.92725810185186,pre_disclosure,CVE-2023-22102,version_changed
51,liquibase,MySQL,4752,liquibase; liquibase-cdi; liquibase-cdi-jakarta; liquibase-cli; liquibase-core; liquibase-dist; liquibase-extension-examples; liquibase-extension-testing; liquibase-integration-tests; liquibase-maven-plugin; liquibase-snowflake; liquibase; liquibase-cdi; liquibase-cdi-jakarta; liquibase-cli; liquibase-core; liquibase-dist; liquibase-extension-examples; liquibase-extension-testing; liquibase-integration-tests; liquibase-maven-plugin; liquibase-snowflake; liquibase-standard; liquibase; liquibase-cdi; liquibase-cdi-jakarta; liquibase-cli; liquibase-core; liquibase-dist; liquibase-extension-testing; liquibase-integration-tests; liquibase-maven-plugin; liquibase-snowflake; liquibase-standard; liquibase; liquibase-cdi; liquibase-cli; liquibase-core; liquibase-dist; liquibase-extension-examples; liquibase-extension-testing; liquibase-integration-tests; liquibase-maven-plugin; liquibase-snowflake,12,8.0.30,2023-10-17 22:15:15.100000+00:00,2023-10-25 08:46:05+00:00,7.438077546296297,post_disclosure,CVE-2023-22102,version_changed
51,liquibase,MySQL,4752,liquibase; liquibase-cdi; liquibase-cdi-jakarta; liquibase-cli; liquibase-core; liquibase-dist; liquibase-extension-examples; liquibase-extension-testing; liquibase-integration-tests; liquibase-maven-plugin; liquibase-snowflake; liquibase; liquibase-cdi; liquibase-cdi-jakarta; liquibase-cli; liquibase-core; liquibase-dist; liquibase-extension-examples; liquibase-extension-testing; liquibase-integration-tests; liquibase-maven-plugin; liquibase-snowflake; liquibase-standard; liquibase; liquibase-cdi; liquibase-cdi-jakarta; liquibase-cli; liquibase-core; liquibase-dist; liquibase-extension-testing; liquibase-integration-tests; liquibase-maven-plugin; liquibase-snowflake; liquibase-standard; liquibase; liquibase-cdi; liquibase-cli; liquibase-core; liquibase-dist; liquibase-extension-examples; liquibase-extension-testing; liquibase-integration-tests; liquibase-maven-plugin; liquibase-snowflake,12,8.0.30,2023-10-25 08:46:05+00:00,2025-02-12 00:00:00+00:00,475.6346643518518,post_resolution,CVE-2023-22102,version_changed
51,liquibase,PostgreSQL,4773,liquibase-cdi; liquibase-cli; liquibase-core; liquibase-dist; liquibase-extension-examples; liquibase-extension-testing; liquibase-integration-tests; liquibase-maven-plugin; liquibase-root; liquibase-cdi; liquibase-cli; liquibase-core; liquibase-dist; liquibase-extension-examples; liquibase-integration-tests; liquibase-maven-plugin; liquibase-root; liquibase-cdi; liquibase-core; liquibase-dist; liquibase-extension-examples; liquibase-integration-tests; liquibase-maven-plugin; liquibase-root; liquibase; liquibase-cdi; liquibase-cli; liquibase-core; liquibase-extension-examples; liquibase-extension-testing; liquibase-integration-tests; liquibase-maven-plugin,9,42.2.12,2020-06-19 00:00:00+00:00,2022-02-14 00:00:00+00:00,605.0,post_resolution,CVE-2020-13692; CVE-2022-26520; CVE-2026-42198; GHSA-673j-qm5f-xpv8,version_changed
51,liquibase,PostgreSQL,4774,liquibase-cdi; liquibase-cli; liquibase-core; liquibase-dist; liquibase-extension-examples; liquibase-extension-testing; liquibase-integration-tests; liquibase-maven-plugin; liquibase-root; liquibase-dist,9,42.2.15,2021-10-20 00:00:00+00:00,2022-02-14 00:00:00+00:00,117.0,pre_disclosure,CVE-2022-26520; CVE-2026-42198; GHSA-673j-qm5f-xpv8,version_changed
51,liquibase,PostgreSQL,4775,liquibase; liquibase-cdi; liquibase-cli; liquibase-core; liquibase-dist; liquibase-extension-examples; liquibase-extension-testing; liquibase-integration-tests; liquibase-maven-plugin,9,42.3.2,2022-02-09 00:00:00+00:00,2022-02-15 19:06:43+00:00,6.796331018518519,pre_disclosure,CVE-2022-26520; CVE-2022-31197; CVE-2022-41946; CVE-2026-42198; GHSA-673j-qm5f-xpv8,version_changed
51,liquibase,PostgreSQL,4775,liquibase; liquibase-cdi; liquibase-cli; liquibase-core; liquibase-dist; liquibase-extension-examples; liquibase-extension-testing; liquibase-integration-tests; liquibase-maven-plugin,9,42.3.2,2022-02-15 19:06:43+00:00,2022-02-16 00:08:18+00:00,0.20943287037037037,post_resolution,CVE-2022-26520; CVE-2022-31197; CVE-2022-41946; CVE-2026-42198; GHSA-673j-qm5f-xpv8,version_changed
51,liquibase,PostgreSQL,4775,liquibase; liquibase-cdi; liquibase-cli; liquibase-core; liquibase-dist; liquibase-extension-examples; liquibase-extension-testing; liquibase-integration-tests; liquibase-maven-plugin,9,42.3.2,2022-02-16 00:08:18+00:00,2022-03-10 17:47:45.810000+00:00,22.735738541666667,post_resolution,CVE-2022-26520; CVE-2022-31197; CVE-2022-41946; CVE-2026-42198; GHSA-673j-qm5f-xpv8,version_changed
51,liquibase,PostgreSQL,4775,liquibase; liquibase-cdi; liquibase-cli; liquibase-core; liquibase-dist; liquibase-extension-examples; liquibase-extension-testing; liquibase-integration-tests; liquibase-maven-plugin,9,42.3.2,2022-03-10 17:47:45.810000+00:00,2022-04-26 00:00:00+00:00,46.258497569444444,post_resolution,CVE-2022-26520; CVE-2022-31197; CVE-2022-41946; CVE-2026-42198; GHSA-673j-qm5f-xpv8,version_changed
51,liquibase,PostgreSQL,4776,liquibase; liquibase-cdi; liquibase-cli; liquibase-core; liquibase-dist; liquibase-extension-examples; liquibase-extension-testing; liquibase-integration-tests; liquibase-maven-plugin; liquibase; liquibase-cdi; liquibase-cli; liquibase-core; liquibase-dist; liquibase-extension-examples; liquibase-extension-testing; liquibase-integration-tests; liquibase-maven-plugin; liquibase-snowflake,10,42.3.4,2022-04-26 00:00:00+00:00,2022-07-13 00:00:00+00:00,78.0,pre_disclosure,CVE-2022-31197; CVE-2022-41946; CVE-2026-42198,version_changed
51,liquibase,PostgreSQL,4777,liquibase; liquibase-cdi; liquibase-cli; liquibase-core; liquibase-dist; liquibase-extension-examples; liquibase-extension-testing; liquibase-integration-tests; liquibase-maven-plugin; liquibase-snowflake,10,42.4.0,2022-07-13 00:00:00+00:00,2022-08-05 00:00:00+00:00,23.0,pre_disclosure,CVE-2026-42198,version_changed
51,liquibase,PostgreSQL,4778,liquibase; liquibase-cdi; liquibase-cli; liquibase-core; liquibase-dist; liquibase-extension-examples; liquibase-extension-testing; liquibase-integration-tests; liquibase-maven-plugin; liquibase-snowflake,10,42.4.1,2022-08-05 00:00:00+00:00,2022-09-01 00:00:00+00:00,27.0,pre_disclosure,CVE-2026-42198,version_changed
51,liquibase,PostgreSQL,4779,liquibase; liquibase-cdi; liquibase-cli; liquibase-core; liquibase-dist; liquibase-extension-examples; liquibase-extension-testing; liquibase-integration-tests; liquibase-maven-plugin; liquibase-snowflake,10,42.5.0,2022-08-31 00:00:00+00:00,2022-11-25 00:00:00+00:00,86.0,pre_disclosure,CVE-2026-42198,version_changed
51,liquibase,PostgreSQL,4780,liquibase; liquibase-cdi; liquibase-cli; liquibase-core; liquibase-dist; liquibase-extension-examples; liquibase-extension-testing; liquibase-integration-tests; liquibase-maven-plugin; liquibase-snowflake,10,42.5.1,2022-11-25 00:00:00+00:00,2023-02-14 00:00:00+00:00,81.0,pre_disclosure,CVE-2026-42198,version_changed
51,liquibase,PostgreSQL,4781,liquibase; liquibase-cdi; liquibase-cli; liquibase-core; liquibase-dist; liquibase-extension-examples; liquibase-extension-testing; liquibase-integration-tests; liquibase-maven-plugin; liquibase-snowflake,10,42.5.3,2023-02-13 00:00:00+00:00,2023-02-17 00:00:00+00:00,4.0,pre_disclosure,CVE-2026-42198,version_changed
51,liquibase,PostgreSQL,4782,liquibase; liquibase-cdi; liquibase-cdi-jakarta; liquibase-cli; liquibase-core; liquibase-dist; liquibase-extension-examples; liquibase-extension-testing; liquibase-integration-tests; liquibase-maven-plugin; liquibase-snowflake; liquibase; liquibase-cdi; liquibase-cli; liquibase-core; liquibase-dist; liquibase-extension-examples; liquibase-extension-testing; liquibase-integration-tests; liquibase-maven-plugin; liquibase-snowflake,11,42.5.4,2023-02-17 00:00:00+00:00,2023-04-03 00:00:00+00:00,45.0,pre_disclosure,CVE-2026-42198,version_changed
51,liquibase,PostgreSQL,4783,liquibase; liquibase-cdi; liquibase-cdi-jakarta; liquibase-cli; liquibase-core; liquibase-dist; liquibase-extension-examples; liquibase-extension-testing; liquibase-integration-tests; liquibase-maven-plugin; liquibase-snowflake; liquibase; liquibase-cdi; liquibase-cdi-jakarta; liquibase-cli; liquibase-core; liquibase-dist; liquibase-extension-examples; liquibase-extension-testing; liquibase-integration-tests; liquibase-maven-plugin; liquibase-snowflake; liquibase-standard; liquibase; liquibase-cdi; liquibase-cdi-jakarta; liquibase-cli; liquibase-core; liquibase-dist; liquibase-extension-testing; liquibase-integration-tests; liquibase-maven-plugin; liquibase-snowflake; liquibase-standard,12,42.6.0,2023-03-31 00:00:00+00:00,2023-11-23 00:00:00+00:00,237.0,pre_disclosure,CVE-2026-42198,version_changed
51,liquibase,PostgreSQL,4784,liquibase; liquibase-cdi; liquibase-cdi-jakarta; liquibase-cli; liquibase-core; liquibase-dist; liquibase-extension-testing; liquibase-integration-tests; liquibase-maven-plugin; liquibase-snowflake; liquibase-standard,11,42.7.0,2023-11-23 00:00:00+00:00,2023-12-07 00:00:00+00:00,14.0,pre_disclosure,CVE-2024-1597; CVE-2026-42198,version_changed
51,liquibase,PostgreSQL,4785,liquibase; liquibase-cdi; liquibase-cdi-jakarta; liquibase-cli; liquibase-core; liquibase-dist; liquibase-extension-testing; liquibase-integration-tests; liquibase-maven-plugin; liquibase-snowflake; liquibase-standard,11,42.7.1,2023-12-07 00:00:00+00:00,2024-02-19 13:15:07.740000+00:00,74.55217291666666,pre_disclosure,CVE-2024-1597; CVE-2026-42198,version_changed
51,liquibase,PostgreSQL,4785,liquibase; liquibase-cdi; liquibase-cdi-jakarta; liquibase-cli; liquibase-core; liquibase-dist; liquibase-extension-testing; liquibase-integration-tests; liquibase-maven-plugin; liquibase-snowflake; liquibase-standard,11,42.7.1,2024-02-19 13:15:07.740000+00:00,2024-02-21 00:00:00+00:00,1.4478270833333333,post_disclosure,CVE-2024-1597; CVE-2026-42198,version_changed
51,liquibase,PostgreSQL,4786,liquibase; liquibase-cdi; liquibase-cdi-jakarta; liquibase-cli; liquibase-core; liquibase-dist; liquibase-extension-testing; liquibase-integration-tests; liquibase-maven-plugin; liquibase-snowflake; liquibase-standard,11,42.7.2,2024-02-21 00:00:00+00:00,2024-04-11 00:00:00+00:00,50.0,pre_disclosure,CVE-2026-42198,version_changed
51,liquibase,PostgreSQL,4787,liquibase; liquibase-cdi; liquibase-cdi-jakarta; liquibase-cli; liquibase-core; liquibase-dist; liquibase-extension-testing; liquibase-integration-tests; liquibase-maven-plugin; liquibase-snowflake; liquibase-standard,11,42.7.3,2024-04-10 00:00:00+00:00,2024-09-13 00:00:00+00:00,156.0,pre_disclosure,CVE-2026-42198,version_changed
51,liquibase,PostgreSQL,4788,liquibase; liquibase-cdi; liquibase-cdi-jakarta; liquibase-cli; liquibase-core; liquibase-dist; liquibase-extension-testing; liquibase-integration-tests; liquibase-maven-plugin; liquibase-snowflake; liquibase-standard,11,42.7.4,2024-09-11 00:00:00+00:00,2025-03-24 00:00:00+00:00,194.0,pre_disclosure,CVE-2025-49146; CVE-2026-42198,version_changed
51,liquibase,PostgreSQL,4789,liquibase; liquibase-cdi; liquibase-cdi-jakarta; liquibase-cli; liquibase-core; liquibase-dist; liquibase-extension-testing; liquibase-integration-tests; liquibase-maven-plugin; liquibase-snowflake; liquibase-standard; liquibase; liquibase-cli; liquibase-core; liquibase-dist; liquibase-extension-testing; liquibase-integration-tests; liquibase-maven-plugin; liquibase-snowflake; liquibase-standard,11,42.7.5,2025-03-24 00:00:00+00:00,2025-06-11 09:55:12+00:00,79.41333333333333,pre_disclosure,CVE-2025-49146; CVE-2026-42198,version_changed
51,liquibase,PostgreSQL,4789,liquibase; liquibase-cdi; liquibase-cdi-jakarta; liquibase-cli; liquibase-core; liquibase-dist; liquibase-extension-testing; liquibase-integration-tests; liquibase-maven-plugin; liquibase-snowflake; liquibase-standard; liquibase; liquibase-cli; liquibase-core; liquibase-dist; liquibase-extension-testing; liquibase-integration-tests; liquibase-maven-plugin; liquibase-snowflake; liquibase-standard,11,42.7.5,2025-06-11 09:55:12+00:00,2025-06-11 15:15:42.850000+00:00,0.2225792824074074,post_resolution,CVE-2025-49146; CVE-2026-42198,version_changed
51,liquibase,PostgreSQL,4789,liquibase; liquibase-cdi; liquibase-cdi-jakarta; liquibase-cli; liquibase-core; liquibase-dist; liquibase-extension-testing; liquibase-integration-tests; liquibase-maven-plugin; liquibase-snowflake; liquibase-standard; liquibase; liquibase-cli; liquibase-core; liquibase-dist; liquibase-extension-testing; liquibase-integration-tests; liquibase-maven-plugin; liquibase-snowflake; liquibase-standard,11,42.7.5,2025-06-11 15:15:42.850000+00:00,2025-06-18 00:00:00+00:00,6.36408738425926,post_resolution,CVE-2025-49146; CVE-2026-42198,version_changed
51,liquibase,PostgreSQL,4790,liquibase; liquibase-cli; liquibase-core; liquibase-dist; liquibase-extension-testing; liquibase-integration-tests; liquibase-maven-plugin; liquibase-snowflake; liquibase-standard,9,42.7.7,2025-06-18 00:00:00+00:00,2025-09-22 00:00:00+00:00,96.0,pre_disclosure,CVE-2026-42198,version_changed
51,liquibase,PostgreSQL,4791,liquibase; liquibase-cli; liquibase-core; liquibase-dist; liquibase-extension-testing; liquibase-integration-tests; liquibase-maven-plugin; liquibase-snowflake; liquibase-standard,9,42.7.8,2025-09-19 00:00:00+00:00,2026-01-05 00:00:00+00:00,108.0,pre_disclosure,CVE-2026-42198,right_censored_no_later_version
51,liquibase,SQLite,4792,liquibase-cdi; liquibase-cli; liquibase-core; liquibase-dist; liquibase-extension-examples; liquibase-extension-testing; liquibase-integration-tests; liquibase-maven-plugin; liquibase-root; liquibase-dist; liquibase; liquibase-cdi; liquibase-cli; liquibase-core; liquibase-dist; liquibase-extension-examples; liquibase-extension-testing; liquibase-integration-tests; liquibase-maven-plugin,9,3.34.0,2021-10-20 00:00:00+00:00,2022-04-29 00:00:00+00:00,191.0,pre_disclosure,CVE-2023-32697,version_changed
51,liquibase,SQLite,4793,liquibase; liquibase-cdi; liquibase-cli; liquibase-core; liquibase-dist; liquibase-extension-examples; liquibase-extension-testing; liquibase-integration-tests; liquibase-maven-plugin; liquibase; liquibase-cdi; liquibase-cli; liquibase-core; liquibase-dist; liquibase-extension-examples; liquibase-extension-testing; liquibase-integration-tests; liquibase-maven-plugin; liquibase-snowflake,10,3.36.0.3,2022-04-26 00:00:00+00:00,2022-08-31 00:00:00+00:00,127.0,pre_disclosure,CVE-2023-32697,version_changed
51,liquibase,SQLite,4794,liquibase; liquibase-cdi; liquibase-cli; liquibase-core; liquibase-dist; liquibase-extension-examples; liquibase-extension-testing; liquibase-integration-tests; liquibase-maven-plugin; liquibase-snowflake,10,3.39.2.0,2022-08-09 00:00:00+00:00,2022-09-01 00:00:00+00:00,23.0,pre_disclosure,CVE-2023-32697,version_changed
51,liquibase,SQLite,4795,liquibase; liquibase-cdi; liquibase-cli; liquibase-core; liquibase-dist; liquibase-extension-examples; liquibase-extension-testing; liquibase-integration-tests; liquibase-maven-plugin; liquibase-snowflake,10,3.39.2.1,2022-08-31 00:00:00+00:00,2022-09-21 00:00:00+00:00,21.0,pre_disclosure,CVE-2023-32697,version_changed
51,liquibase,SQLite,4796,liquibase; liquibase-cdi; liquibase-cli; liquibase-core; liquibase-dist; liquibase-extension-examples; liquibase-extension-testing; liquibase-integration-tests; liquibase-maven-plugin; liquibase-snowflake,10,3.39.3.0,2022-09-21 00:00:00+00:00,2022-12-08 00:00:00+00:00,78.0,pre_disclosure,CVE-2023-32697,version_changed
51,liquibase,SQLite,4797,liquibase; liquibase-cdi; liquibase-cli; liquibase-core; liquibase-dist; liquibase-extension-examples; liquibase-extension-testing; liquibase-integration-tests; liquibase-maven-plugin; liquibase-snowflake,10,3.39.4.0,2022-11-28 00:00:00+00:00,2022-12-09 00:00:00+00:00,11.0,pre_disclosure,CVE-2023-32697,version_changed
51,liquibase,SQLite,4798,liquibase; liquibase-cdi; liquibase-cli; liquibase-core; liquibase-dist; liquibase-extension-examples; liquibase-extension-testing; liquibase-integration-tests; liquibase-maven-plugin; liquibase-snowflake,10,3.40.0.0,2022-12-09 00:00:00+00:00,2023-02-15 00:00:00+00:00,68.0,pre_disclosure,CVE-2023-32697,version_changed
51,liquibase,SQLite,4799,liquibase; liquibase-cdi; liquibase-cdi-jakarta; liquibase-cli; liquibase-core; liquibase-dist; liquibase-extension-examples; liquibase-extension-testing; liquibase-integration-tests; liquibase-maven-plugin; liquibase-snowflake; liquibase; liquibase-cdi; liquibase-cli; liquibase-core; liquibase-dist; liquibase-extension-examples; liquibase-extension-testing; liquibase-integration-tests; liquibase-maven-plugin; liquibase-snowflake,11,3.40.1.0,2023-02-14 00:00:00+00:00,2023-03-17 00:00:00+00:00,31.0,pre_disclosure,CVE-2023-32697,version_changed
51,liquibase,SQLite,4800,liquibase; liquibase-cdi; liquibase-cdi-jakarta; liquibase-cli; liquibase-core; liquibase-dist; liquibase-extension-examples; liquibase-extension-testing; liquibase-integration-tests; liquibase-maven-plugin; liquibase-snowflake,11,3.41.0.0,2023-03-10 00:00:00+00:00,2023-04-19 00:00:00+00:00,40.0,pre_disclosure,CVE-2023-32697,version_changed
51,liquibase,SQLite,4801,liquibase; liquibase-cdi; liquibase-cdi-jakarta; liquibase-cli; liquibase-core; liquibase-dist; liquibase-extension-examples; liquibase-extension-testing; liquibase-integration-tests; liquibase-maven-plugin; liquibase-snowflake; liquibase; liquibase-cdi; liquibase-cdi-jakarta; liquibase-cli; liquibase-core; liquibase-dist; liquibase-extension-examples; liquibase-extension-testing; liquibase-integration-tests; liquibase-maven-plugin; liquibase-snowflake; liquibase-standard,12,3.41.2.1,2023-04-03 00:00:00+00:00,2023-05-19 10:50:50+00:00,46.451967592592595,pre_disclosure,CVE-2023-32697,version_changed
51,liquibase,SQLite,4801,liquibase; liquibase-cdi; liquibase-cdi-jakarta; liquibase-cli; liquibase-core; liquibase-dist; liquibase-extension-examples; liquibase-extension-testing; liquibase-integration-tests; liquibase-maven-plugin; liquibase-snowflake; liquibase; liquibase-cdi; liquibase-cdi-jakarta; liquibase-cli; liquibase-core; liquibase-dist; liquibase-extension-examples; liquibase-extension-testing; liquibase-integration-tests; liquibase-maven-plugin; liquibase-snowflake; liquibase-standard,12,3.41.2.1,2023-05-19 10:50:50+00:00,2023-05-23 23:15:09.337000+00:00,4.516890474537037,post_resolution,CVE-2023-32697,version_changed
51,liquibase,SQLite,4801,liquibase; liquibase-cdi; liquibase-cdi-jakarta; liquibase-cli; liquibase-core; liquibase-dist; liquibase-extension-examples; liquibase-extension-testing; liquibase-integration-tests; liquibase-maven-plugin; liquibase-snowflake; liquibase; liquibase-cdi; liquibase-cdi-jakarta; liquibase-cli; liquibase-core; liquibase-dist; liquibase-extension-examples; liquibase-extension-testing; liquibase-integration-tests; liquibase-maven-plugin; liquibase-snowflake; liquibase-standard,12,3.41.2.1,2023-05-23 23:15:09.337000+00:00,2023-05-25 00:00:00+00:00,1.0311419328703704,post_resolution,CVE-2023-32697,version_changed
51,liquibase,Snowflake,4821,liquibase; liquibase-cdi; liquibase-cli; liquibase-core; liquibase-dist; liquibase-extension-examples; liquibase-extension-testing; liquibase-integration-tests; liquibase-maven-plugin; liquibase-snowflake,10,3.13.19,2022-06-09 00:00:00+00:00,2022-06-28 00:00:00+00:00,19.0,pre_disclosure,CVE-2023-30535; CVE-2024-43382; CVE-2025-24789; CVE-2025-24790; CVE-2025-27496; CVE-2026-3293,version_changed
51,liquibase,Snowflake,4822,liquibase; liquibase-cdi; liquibase-cli; liquibase-core; liquibase-dist; liquibase-extension-examples; liquibase-extension-testing; liquibase-integration-tests; liquibase-maven-plugin; liquibase-snowflake,10,3.13.20,2022-06-28 00:00:00+00:00,2022-08-05 00:00:00+00:00,38.0,pre_disclosure,CVE-2023-30535; CVE-2024-43382; CVE-2025-24789; CVE-2025-24790; CVE-2025-27496; CVE-2026-3293,version_changed
51,liquibase,Snowflake,4823,liquibase; liquibase-cdi; liquibase-cli; liquibase-core; liquibase-dist; liquibase-extension-examples; liquibase-extension-testing; liquibase-integration-tests; liquibase-maven-plugin; liquibase-snowflake,10,3.13.21,2022-07-28 00:00:00+00:00,2022-09-20 00:00:00+00:00,54.0,pre_disclosure,CVE-2023-30535; CVE-2024-43382; CVE-2025-24789; CVE-2025-24790; CVE-2025-27496; CVE-2026-3293,version_changed
51,liquibase,Snowflake,4824,liquibase; liquibase-cdi; liquibase-cli; liquibase-core; liquibase-dist; liquibase-extension-examples; liquibase-extension-testing; liquibase-integration-tests; liquibase-maven-plugin; liquibase-snowflake,10,3.13.22,2022-09-20 00:00:00+00:00,2022-12-09 00:00:00+00:00,80.0,pre_disclosure,CVE-2023-30535; CVE-2024-43382; CVE-2025-24789; CVE-2025-24790; CVE-2025-27496; CVE-2026-3293,version_changed
51,liquibase,Snowflake,4825,liquibase; liquibase-cdi; liquibase-cli; liquibase-core; liquibase-dist; liquibase-extension-examples; liquibase-extension-testing; liquibase-integration-tests; liquibase-maven-plugin; liquibase-snowflake,10,3.13.25,2022-12-08 00:00:00+00:00,2023-01-05 00:00:00+00:00,28.0,pre_disclosure,CVE-2023-30535; CVE-2024-43382; CVE-2025-24789; CVE-2025-24790; CVE-2025-27496; CVE-2026-3293,version_changed
51,liquibase,Snowflake,4826,liquibase; liquibase-cdi; liquibase-cli; liquibase-core; liquibase-dist; liquibase-extension-examples; liquibase-extension-testing; liquibase-integration-tests; liquibase-maven-plugin; liquibase-snowflake,10,3.13.26,2023-01-03 00:00:00+00:00,2023-02-02 00:00:00+00:00,30.0,pre_disclosure,CVE-2023-30535; CVE-2024-43382; CVE-2025-24789; CVE-2025-24790; CVE-2025-27496; CVE-2026-3293,version_changed
51,liquibase,Snowflake,4827,liquibase; liquibase-cdi; liquibase-cdi-jakarta; liquibase-cli; liquibase-core; liquibase-dist; liquibase-extension-examples; liquibase-extension-testing; liquibase-integration-tests; liquibase-maven-plugin; liquibase-snowflake; liquibase; liquibase-cdi; liquibase-cli; liquibase-core; liquibase-dist; liquibase-extension-examples; liquibase-extension-testing; liquibase-integration-tests; liquibase-maven-plugin; liquibase-snowflake,11,3.13.27,2023-02-02 00:00:00+00:00,2023-03-17 00:00:00+00:00,43.0,pre_disclosure,CVE-2023-30535; CVE-2024-43382; CVE-2025-24789; CVE-2025-24790; CVE-2025-27496; CVE-2026-3293,version_changed
51,liquibase,Snowflake,4828,liquibase; liquibase-cdi; liquibase-cdi-jakarta; liquibase-cli; liquibase-core; liquibase-dist; liquibase-extension-examples; liquibase-extension-testing; liquibase-integration-tests; liquibase-maven-plugin; liquibase-snowflake,11,3.13.28,2023-03-10 00:00:00+00:00,2023-03-17 21:24:53+00:00,7.892280092592593,pre_disclosure,CVE-2023-30535; CVE-2024-43382; CVE-2025-24789; CVE-2025-24790; CVE-2025-27496; CVE-2026-3293,version_changed
51,liquibase,Snowflake,4828,liquibase; liquibase-cdi; liquibase-cdi-jakarta; liquibase-cli; liquibase-core; liquibase-dist; liquibase-extension-examples; liquibase-extension-testing; liquibase-integration-tests; liquibase-maven-plugin; liquibase-snowflake,11,3.13.28,2023-03-17 21:24:53+00:00,2023-03-31 00:00:00+00:00,13.107719907407407,post_resolution,CVE-2023-30535; CVE-2024-43382; CVE-2025-24789; CVE-2025-24790; CVE-2025-27496; CVE-2026-3293,version_changed
51,liquibase,Snowflake,4829,liquibase; liquibase-cdi; liquibase-cdi-jakarta; liquibase-cli; liquibase-core; liquibase-dist; liquibase-extension-examples; liquibase-extension-testing; liquibase-integration-tests; liquibase-maven-plugin; liquibase-snowflake; liquibase; liquibase-cdi; liquibase-cdi-jakarta; liquibase-cli; liquibase-core; liquibase-dist; liquibase-extension-examples; liquibase-extension-testing; liquibase-integration-tests; liquibase-maven-plugin; liquibase-snowflake; liquibase-standard,12,3.13.29,2023-03-31 00:00:00+00:00,2023-05-26 00:00:00+00:00,56.0,pre_disclosure,CVE-2024-43382; CVE-2025-24789; CVE-2025-24790; CVE-2025-27496; CVE-2026-3293,version_changed
51,liquibase,Snowflake,4830,liquibase; liquibase-cdi; liquibase-cdi-jakarta; liquibase-cli; liquibase-core; liquibase-dist; liquibase-extension-examples; liquibase-extension-testing; liquibase-integration-tests; liquibase-maven-plugin; liquibase-snowflake; liquibase-standard,12,3.13.32,2023-05-26 00:00:00+00:00,2023-09-12 00:00:00+00:00,109.0,pre_disclosure,CVE-2024-43382; CVE-2025-24789; CVE-2025-24790; CVE-2025-27496; CVE-2026-3293,version_changed
51,liquibase,Snowflake,4831,liquibase; liquibase-cdi; liquibase-cdi-jakarta; liquibase-cli; liquibase-core; liquibase-dist; liquibase-extension-examples; liquibase-extension-testing; liquibase-integration-tests; liquibase-maven-plugin; liquibase-snowflake; liquibase-standard,12,3.13.33,2023-07-05 00:00:00+00:00,2023-07-25 00:00:00+00:00,20.0,pre_disclosure,CVE-2024-43382; CVE-2025-24789; CVE-2025-24790; CVE-2025-27496; CVE-2026-3293,version_changed
51,liquibase,Snowflake,4832,liquibase; liquibase-cdi; liquibase-cdi-jakarta; liquibase-cli; liquibase-core; liquibase-dist; liquibase-extension-examples; liquibase-extension-testing; liquibase-integration-tests; liquibase-maven-plugin; liquibase-snowflake; liquibase-standard,12,3.14.0,2023-08-17 00:00:00+00:00,2023-09-05 00:00:00+00:00,19.0,pre_disclosure,CVE-2024-43382; CVE-2025-24789; CVE-2025-24790; CVE-2025-27496; CVE-2026-3293,version_changed
51,liquibase,Snowflake,4833,liquibase; liquibase-cdi; liquibase-cdi-jakarta; liquibase-cli; liquibase-core; liquibase-dist; liquibase-extension-examples; liquibase-extension-testing; liquibase-integration-tests; liquibase-maven-plugin; liquibase-snowflake; liquibase-standard; liquibase; liquibase-cdi; liquibase-cdi-jakarta; liquibase-cli; liquibase-core; liquibase-dist; liquibase-extension-testing; liquibase-integration-tests; liquibase-maven-plugin; liquibase-snowflake; liquibase-standard,12,3.14.1,2023-09-04 00:00:00+00:00,2023-11-24 00:00:00+00:00,81.0,pre_disclosure,CVE-2024-43382; CVE-2025-24789; CVE-2025-24790; CVE-2025-27496; CVE-2026-3293,version_changed
51,liquibase,Snowflake,4834,liquibase; liquibase-cdi; liquibase-cdi-jakarta; liquibase-cli; liquibase-core; liquibase-dist; liquibase-extension-testing; liquibase-integration-tests; liquibase-maven-plugin; liquibase-snowflake; liquibase-standard,11,3.14.3,2023-11-24 00:00:00+00:00,2024-01-15 00:00:00+00:00,52.0,pre_disclosure,CVE-2024-43382; CVE-2025-24789; CVE-2025-24790; CVE-2025-27496; CVE-2026-3293,version_changed
51,liquibase,Snowflake,4835,liquibase; liquibase-cdi; liquibase-cdi-jakarta; liquibase-cli; liquibase-core; liquibase-dist; liquibase-extension-testing; liquibase-integration-tests; liquibase-maven-plugin; liquibase-snowflake; liquibase-standard,11,3.14.4,2024-01-12 00:00:00+00:00,2024-04-03 00:00:00+00:00,82.0,pre_disclosure,CVE-2024-43382; CVE-2025-24789; CVE-2025-24790; CVE-2025-27496; CVE-2026-3293,version_changed
51,liquibase,Snowflake,4836,liquibase; liquibase-cdi; liquibase-cdi-jakarta; liquibase-cli; liquibase-core; liquibase-dist; liquibase-extension-testing; liquibase-integration-tests; liquibase-maven-plugin; liquibase-snowflake; liquibase-standard,11,3.15.0,2024-03-11 00:00:00+00:00,2024-04-11 00:00:00+00:00,31.0,pre_disclosure,CVE-2024-43382; CVE-2025-24789; CVE-2025-24790; CVE-2025-27496; CVE-2026-3293,version_changed
51,liquibase,Snowflake,4837,liquibase; liquibase-cdi; liquibase-cdi-jakarta; liquibase-cli; liquibase-core; liquibase-dist; liquibase-extension-testing; liquibase-integration-tests; liquibase-maven-plugin; liquibase-snowflake; liquibase-standard,11,3.15.1,2024-04-11 00:00:00+00:00,2024-05-13 00:00:00+00:00,32.0,pre_disclosure,CVE-2024-43382; CVE-2025-24789; CVE-2025-24790; CVE-2025-27496; CVE-2026-3293,version_changed
51,liquibase,Snowflake,4838,liquibase; liquibase-cdi; liquibase-cdi-jakarta; liquibase-cli; liquibase-core; liquibase-dist; liquibase-extension-testing; liquibase-integration-tests; liquibase-maven-plugin; liquibase-snowflake; liquibase-standard,11,3.16.0,2024-05-13 00:00:00+00:00,2024-06-19 00:00:00+00:00,37.0,pre_disclosure,CVE-2024-43382; CVE-2025-24789; CVE-2025-24790; CVE-2025-27496; CVE-2026-3293,version_changed
51,liquibase,Snowflake,4839,liquibase; liquibase-cdi; liquibase-cdi-jakarta; liquibase-cli; liquibase-core; liquibase-dist; liquibase-extension-testing; liquibase-integration-tests; liquibase-maven-plugin; liquibase-snowflake; liquibase-standard; liquibase; liquibase-cdi; liquibase-cdi-jakarta; liquibase-cli; liquibase-core; liquibase-extension-testing; liquibase-integration-tests; liquibase-maven-plugin; liquibase-snowflake; liquibase-standard,11,3.16.1,2024-06-19 00:00:00+00:00,2024-10-30 19:01:21+00:00,133.79260416666668,pre_disclosure,CVE-2024-43382; CVE-2025-24789; CVE-2025-24790; CVE-2025-27496; CVE-2026-3293,version_changed
51,liquibase,Snowflake,4839,liquibase; liquibase-cdi; liquibase-cdi-jakarta; liquibase-cli; liquibase-core; liquibase-dist; liquibase-extension-testing; liquibase-integration-tests; liquibase-maven-plugin; liquibase-snowflake; liquibase-standard; liquibase; liquibase-cdi; liquibase-cdi-jakarta; liquibase-cli; liquibase-core; liquibase-extension-testing; liquibase-integration-tests; liquibase-maven-plugin; liquibase-snowflake; liquibase-standard,11,3.16.1,2024-10-30 19:01:21+00:00,2024-10-30 21:15:14.160000+00:00,0.09297638888888889,post_resolution,CVE-2024-43382; CVE-2025-24789; CVE-2025-24790; CVE-2025-27496; CVE-2026-3293,version_changed
51,liquibase,Snowflake,4839,liquibase; liquibase-cdi; liquibase-cdi-jakarta; liquibase-cli; liquibase-core; liquibase-dist; liquibase-extension-testing; liquibase-integration-tests; liquibase-maven-plugin; liquibase-snowflake; liquibase-standard; liquibase; liquibase-cdi; liquibase-cdi-jakarta; liquibase-cli; liquibase-core; liquibase-extension-testing; liquibase-integration-tests; liquibase-maven-plugin; liquibase-snowflake; liquibase-standard,11,3.16.1,2024-10-30 21:15:14.160000+00:00,2024-11-15 00:00:00+00:00,15.114419444444446,post_resolution,CVE-2024-43382; CVE-2025-24789; CVE-2025-24790; CVE-2025-27496; CVE-2026-3293,version_changed
51,liquibase,Snowflake,4840,liquibase-dist; liquibase; liquibase-cdi; liquibase-cdi-jakarta; liquibase-cli; liquibase-core; liquibase-dist; liquibase-extension-testing; liquibase-integration-tests; liquibase-maven-plugin; liquibase-snowflake; liquibase-standard,11,3.18.0,2024-07-29 00:00:00+00:00,2024-10-30 19:01:21+00:00,93.79260416666666,pre_disclosure,CVE-2024-43382; CVE-2025-24789; CVE-2025-24790; CVE-2025-27496; CVE-2026-3293,version_changed
51,liquibase,Snowflake,4840,liquibase-dist; liquibase; liquibase-cdi; liquibase-cdi-jakarta; liquibase-cli; liquibase-core; liquibase-dist; liquibase-extension-testing; liquibase-integration-tests; liquibase-maven-plugin; liquibase-snowflake; liquibase-standard,11,3.18.0,2024-10-30 19:01:21+00:00,2024-10-30 21:15:14.160000+00:00,0.09297638888888889,post_resolution,CVE-2024-43382; CVE-2025-24789; CVE-2025-24790; CVE-2025-27496; CVE-2026-3293,version_changed
51,liquibase,Snowflake,4840,liquibase-dist; liquibase; liquibase-cdi; liquibase-cdi-jakarta; liquibase-cli; liquibase-core; liquibase-dist; liquibase-extension-testing; liquibase-integration-tests; liquibase-maven-plugin; liquibase-snowflake; liquibase-standard,11,3.18.0,2024-10-30 21:15:14.160000+00:00,2024-11-15 00:00:00+00:00,15.114419444444446,post_resolution,CVE-2024-43382; CVE-2025-24789; CVE-2025-24790; CVE-2025-27496; CVE-2026-3293,version_changed
51,liquibase,Snowflake,4841,liquibase; liquibase-cdi; liquibase-cdi-jakarta; liquibase-cli; liquibase-core; liquibase-dist; liquibase-extension-testing; liquibase-integration-tests; liquibase-maven-plugin; liquibase-snowflake; liquibase-standard,11,3.20.0,2024-11-15 00:00:00+00:00,2025-01-29 18:15:47.030000+00:00,75.76096099537037,pre_disclosure,CVE-2025-24789; CVE-2025-24790; CVE-2025-27496; CVE-2026-3293,version_changed
51,liquibase,Snowflake,4841,liquibase; liquibase-cdi; liquibase-cdi-jakarta; liquibase-cli; liquibase-core; liquibase-dist; liquibase-extension-testing; liquibase-integration-tests; liquibase-maven-plugin; liquibase-snowflake; liquibase-standard,11,3.20.0,2025-01-29 18:15:47.030000+00:00,2025-01-29 18:15:47.207000+00:00,2.048611111111111e-06,post_disclosure,CVE-2025-24789; CVE-2025-24790; CVE-2025-27496; CVE-2026-3293,version_changed
51,liquibase,Snowflake,4841,liquibase; liquibase-cdi; liquibase-cdi-jakarta; liquibase-cli; liquibase-core; liquibase-dist; liquibase-extension-testing; liquibase-integration-tests; liquibase-maven-plugin; liquibase-snowflake; liquibase-standard,11,3.20.0,2025-01-29 18:15:47.207000+00:00,2025-01-29 18:31:59+00:00,0.011247604166666666,post_disclosure,CVE-2025-24789; CVE-2025-24790; CVE-2025-27496; CVE-2026-3293,version_changed
51,liquibase,Snowflake,4841,liquibase; liquibase-cdi; liquibase-cdi-jakarta; liquibase-cli; liquibase-core; liquibase-dist; liquibase-extension-testing; liquibase-integration-tests; liquibase-maven-plugin; liquibase-snowflake; liquibase-standard,11,3.20.0,2025-01-29 18:31:59+00:00,2025-01-31 00:00:00+00:00,1.227789351851852,post_resolution,CVE-2025-24789; CVE-2025-24790; CVE-2025-27496; CVE-2026-3293,version_changed
51,liquibase,Snowflake,4842,liquibase; liquibase-cdi; liquibase-cdi-jakarta; liquibase-cli; liquibase-core; liquibase-dist; liquibase-extension-testing; liquibase-integration-tests; liquibase-maven-plugin; liquibase-snowflake; liquibase-standard,11,3.22.0,2025-01-31 00:00:00+00:00,2025-03-13 17:46:17+00:00,41.74047453703704,pre_disclosure,CVE-2025-27496; CVE-2026-3293,version_changed
51,liquibase,Snowflake,4842,liquibase; liquibase-cdi; liquibase-cdi-jakarta; liquibase-cli; liquibase-core; liquibase-dist; liquibase-extension-testing; liquibase-integration-tests; liquibase-maven-plugin; liquibase-snowflake; liquibase-standard,11,3.22.0,2025-03-13 17:46:17+00:00,2025-03-13 19:15:52.050000+00:00,0.062211226851851854,post_resolution,CVE-2025-27496; CVE-2026-3293,version_changed
51,liquibase,Snowflake,4842,liquibase; liquibase-cdi; liquibase-cdi-jakarta; liquibase-cli; liquibase-core; liquibase-dist; liquibase-extension-testing; liquibase-integration-tests; liquibase-maven-plugin; liquibase-snowflake; liquibase-standard,11,3.22.0,2025-03-13 19:15:52.050000+00:00,2025-05-09 00:00:00+00:00,56.19731423611111,post_resolution,CVE-2025-27496; CVE-2026-3293,version_changed
51,liquibase,Snowflake,4843,liquibase; liquibase-cdi; liquibase-cdi-jakarta; liquibase-cli; liquibase-core; liquibase-dist; liquibase-extension-testing; liquibase-integration-tests; liquibase-maven-plugin; liquibase-snowflake; liquibase-standard; liquibase; liquibase-cli; liquibase-core; liquibase-dist; liquibase-extension-testing; liquibase-integration-tests; liquibase-maven-plugin; liquibase-snowflake; liquibase-standard,11,3.24.0,2025-05-09 00:00:00+00:00,2025-07-02 00:00:00+00:00,54.0,pre_disclosure,CVE-2026-3293,version_changed
51,liquibase,Snowflake,4844,liquibase; liquibase-cli; liquibase-core; liquibase-dist; liquibase-extension-testing; liquibase-integration-tests; liquibase-maven-plugin; liquibase-snowflake; liquibase-standard,9,3.24.2,2025-07-01 00:00:00+00:00,2025-07-17 00:00:00+00:00,16.0,pre_disclosure,CVE-2026-3293,version_changed
51,liquibase,Snowflake,4845,liquibase; liquibase-cli; liquibase-core; liquibase-dist; liquibase-extension-testing; liquibase-integration-tests; liquibase-maven-plugin; liquibase-snowflake; liquibase-standard,9,3.25.0,2025-07-17 00:00:00+00:00,2025-07-25 00:00:00+00:00,8.0,pre_disclosure,CVE-2026-3293,version_changed
51,liquibase,Snowflake,4846,liquibase; liquibase-cli; liquibase-core; liquibase-dist; liquibase-extension-testing; liquibase-integration-tests; liquibase-maven-plugin; liquibase-snowflake; liquibase-standard,9,3.25.1,2025-07-24 00:00:00+00:00,2025-08-15 00:00:00+00:00,22.0,pre_disclosure,CVE-2026-3293,version_changed
51,liquibase,Snowflake,4847,liquibase; liquibase-cli; liquibase-core; liquibase-dist; liquibase-extension-testing; liquibase-integration-tests; liquibase-maven-plugin; liquibase-snowflake; liquibase-standard,9,3.26.0,2025-08-15 00:00:00+00:00,2025-09-03 00:00:00+00:00,19.0,pre_disclosure,CVE-2026-3293,version_changed
51,liquibase,Snowflake,4848,liquibase; liquibase-cli; liquibase-core; liquibase-dist; liquibase-extension-testing; liquibase-integration-tests; liquibase-maven-plugin; liquibase-snowflake; liquibase-standard,9,3.26.1,2025-09-03 00:00:00+00:00,2025-10-23 00:00:00+00:00,50.0,pre_disclosure,CVE-2026-3293,version_changed
51,liquibase,Snowflake,4849,liquibase; liquibase-cli; liquibase-core; liquibase-dist; liquibase-extension-testing; liquibase-integration-tests; liquibase-maven-plugin; liquibase-snowflake; liquibase-standard,9,3.27.0,2025-10-23 00:00:00+00:00,2025-11-05 00:00:00+00:00,13.0,pre_disclosure,CVE-2026-3293,version_changed
51,liquibase,Snowflake,4850,liquibase; liquibase-cli; liquibase-core; liquibase-dist; liquibase-extension-testing; liquibase-integration-tests; liquibase-maven-plugin; liquibase-snowflake; liquibase-standard,9,3.27.1,2025-11-05 00:00:00+00:00,2025-12-19 00:00:00+00:00,44.0,pre_disclosure,CVE-2026-3293,version_changed
51,liquibase,Snowflake,4851,liquibase; liquibase-cli; liquibase-core; liquibase-dist; liquibase-extension-testing; liquibase-integration-tests; liquibase-maven-plugin; liquibase-snowflake; liquibase-standard,9,3.28.0,2025-12-18 00:00:00+00:00,2026-01-05 00:00:00+00:00,18.0,pre_disclosure,CVE-2026-3293,right_censored_no_later_version
52,mage,H2,4852,mage; mage-client; mage-common; mage-counter-plugin; mage-deck-constructed; mage-deck-limited; mage-game-commanderduel; mage-game-commanderfreeforall; mage-game-freeforall; mage-game-twoplayerduel; mage-player-ai; mage-player-ai-draftbot; mage-player-ai-ma; mage-player-ai-mcts; mage-player-aiminimax; mage-player-human; mage-server; mage-sets; mage-stats; mage-tests; mage-theme-plugin; mage-tournament-boosterdraft; mage-tournament-constructed; mage-tournament-sealed; mage.server.console; mage; mage-client; mage-common; mage-counter-plugin; mage-deck-constructed; mage-deck-limited; mage-game-commanderduel; mage-game-commanderfreeforall; mage-game-freeforall; mage-game-twoplayerduel; mage-player-ai; mage-player-ai-draftbot; mage-player-ai-ma; mage-player-ai-mcts; mage-player-aiminimax; mage-player-human; mage-server; mage-sets; mage-tests; mage-theme-plugin; mage-tournament-boosterdraft; mage-tournament-constructed; mage-tournament-sealed; mage.server.console,25,1.4.178,2014-05-24 00:00:00+00:00,2015-02-20 00:00:00+00:00,272.0,pre_disclosure,CVE-2018-14335; CVE-2021-42392; CVE-2022-23221,version_changed
52,mage,H2,4853,mage; mage-client; mage-common; mage-counter-plugin; mage-deck-constructed; mage-deck-limited; mage-game-commanderduel; mage-game-commanderfreeforall; mage-game-freeforall; mage-game-tinyleadersduel; mage-game-twoplayerduel; mage-player-ai; mage-player-ai-draftbot; mage-player-ai-ma; mage-player-ai-mcts; mage-player-aiminimax; mage-player-human; mage-server; mage-sets; mage-stats; mage-tests; mage-theme-plugin; mage-tournament-boosterdraft; mage-tournament-constructed; mage-tournament-sealed; mage.server.console; mage; mage-client; mage-common; mage-counter-plugin; mage-deck-constructed; mage-deck-limited; mage-game-commanderduel; mage-game-commanderfreeforall; mage-game-freeforall; mage-game-tinyleadersduel; mage-game-twoplayerduel; mage-player-human; mage-server; mage-sets; mage-tests; mage-theme-plugin; mage.server.console; mage; mage-client; mage-common; mage-counter-plugin; mage-deck-constructed; mage-deck-limited; mage-game-commanderduel; mage-game-commanderfreeforall; mage-game-freeforall; mage-game-twoplayerduel; mage-player-ai; mage-player-ai-draftbot; mage-player-ai-ma; mage-player-ai-mcts; mage-player-aiminimax; mage-player-human; mage-server; mage-sets; mage-stats; mage-tests; mage-theme-plugin; mage-tournament-boosterdraft; mage-tournament-constructed; mage-tournament-sealed; mage.server.console,26,1.4.185,2015-02-20 00:00:00+00:00,2015-07-04 00:00:00+00:00,134.0,pre_disclosure,CVE-2018-14335; CVE-2021-42392; CVE-2022-23221,version_changed
52,mage,H2,4854,mage; mage-client; mage-common; mage-counter-plugin; mage-deck-constructed; mage-deck-limited; mage-game-brawlduel; mage-game-brawlfreeforall; mage-game-canadianhighlanderduel; mage-game-commanderduel; mage-game-commanderfreeforall; mage-game-freeforall; mage-game-freeformcommanderfreeforall; mage-game-momirduel; mage-game-momirfreeforall; mage-game-pennydreadfulcommanderfreeforall; mage-game-tinyleadersduel; mage-game-twoplayerduel; mage-player-ai; mage-player-ai-draftbot; mage-player-ai-ma; mage-player-ai-mcts; mage-player-aiminimax; mage-player-human; mage-server; mage-sets; mage-stats; mage-tests; mage-tournament-boosterdraft; mage-tournament-constructed; mage-tournament-sealed; mage-verify; mage.server.console; mage; mage-client; mage-common; mage-counter-plugin; mage-deck-constructed; mage-deck-limited; mage-game-canadianhighlanderduel; mage-game-commanderduel; mage-game-commanderfreeforall; mage-game-freeforall; mage-game-freeformcommanderfreeforall; mage-game-momirduel; mage-game-momirfreeforall; mage-game-pennydreadfulcommanderfreeforall; mage-game-tinyleadersduel; mage-game-twoplayerduel; mage-player-ai; mage-player-ai-draftbot; mage-player-ai-ma; mage-player-ai-mcts; mage-player-aiminimax; mage-player-human; mage-server; mage-sets; mage-stats; mage-tests; mage-tournament-boosterdraft; mage-tournament-constructed; mage-tournament-sealed; mage-verify; mage.server.console; mage; mage-client; mage-common; mage-counter-plugin; mage-deck-constructed; mage-deck-limited; mage-game-canadianhighlanderduel; mage-game-commanderduel; mage-game-commanderfreeforall; mage-game-freeforall; mage-game-momirduel; mage-game-momirfreeforall; mage-game-pennydreadfulcommanderfreeforall; mage-game-tinyleadersduel; mage-game-twoplayerduel; mage-player-ai; mage-player-ai-draftbot; mage-player-ai-ma; mage-player-ai-mcts; mage-player-aiminimax; mage-player-human; mage-server; mage-sets; mage-stats; mage-tests; mage-tournament-boosterdraft; mage-tournament-constructed; mage-tournament-sealed; mage-verify; mage.server.console; mage; mage-client; mage-common; mage-counter-plugin; mage-deck-constructed; mage-deck-limited; mage-game-canadianhighlanderduel; mage-game-commanderduel; mage-game-commanderfreeforall; mage-game-freeforall; mage-game-momirduel; mage-game-pennydreadfulcommanderfreeforall; mage-game-tinyleadersduel; mage-game-twoplayerduel; mage-player-ai; mage-player-ai-draftbot; mage-player-ai-ma; mage-player-ai-mcts; mage-player-aiminimax; mage-player-human; mage-server; mage-sets; mage-stats; mage-tests; mage-tournament-boosterdraft; mage-tournament-constructed; mage-tournament-sealed; mage-verify; mage.server.console; mage; mage-client; mage-common; mage-counter-plugin; mage-deck-constructed; mage-deck-limited; mage-game-canadianhighlanderduel; mage-game-commanderduel; mage-game-commanderfreeforall; mage-game-freeforall; mage-game-momirduel; mage-game-tinyleadersduel; mage-game-twoplayerduel; mage-player-ai; mage-player-ai-draftbot; mage-player-ai-ma; mage-player-ai-mcts; mage-player-aiminimax; mage-player-human; mage-server; mage-sets; mage-stats; mage-tests; mage-tournament-boosterdraft; mage-tournament-constructed; mage-tournament-sealed; mage-verify; mage.server.console; mage; mage-client; mage-common; mage-counter-plugin; mage-deck-constructed; mage-deck-limited; mage-game-commanderduel; mage-game-commanderfreeforall; mage-game-freeforall; mage-game-momirduel; mage-game-tinyleadersduel; mage-game-twoplayerduel; mage-player-ai; mage-player-ai-draftbot; mage-player-ai-ma; mage-player-ai-mcts; mage-player-aiminimax; mage-player-human; mage-server; mage-sets; mage-stats; mage-tests; mage-tournament-boosterdraft; mage-tournament-constructed; mage-tournament-sealed; mage-verify; mage.server.console; mage; mage-client; mage-common; mage-counter-plugin; mage-deck-constructed; mage-deck-limited; mage-game-commanderduel; mage-game-commanderfreeforall; mage-game-freeforall; mage-game-momirduel; mage-game-tinyleadersduel; mage-game-twoplayerduel; mage-player-ai; mage-player-ai-draftbot; mage-player-ai-ma; mage-player-ai-mcts; mage-player-aiminimax; mage-player-human; mage-server; mage-sets; mage-stats; mage-tests; mage-tournament-boosterdraft; mage-tournament-constructed; mage-tournament-sealed; mage.server.console; mage; mage-client; mage-common; mage-counter-plugin; mage-deck-constructed; mage-deck-limited; mage-game-commanderduel; mage-game-commanderfreeforall; mage-game-freeforall; mage-game-tinyleadersduel; mage-game-twoplayerduel; mage-player-ai; mage-player-ai-draftbot; mage-player-ai-ma; mage-player-ai-mcts; mage-player-aiminimax; mage-player-human; mage-server; mage-sets; mage-stats; mage-tests; mage-theme-plugin; mage-tournament-boosterdraft; mage-tournament-constructed; mage-tournament-sealed; mage.server.console,33,1.4.187,2015-07-04 00:00:00+00:00,2018-07-24 13:29:00.603000+00:00,1116.5618125347223,pre_disclosure,CVE-2018-14335; CVE-2021-42392; CVE-2022-23221,version_changed
52,mage,H2,4854,mage; mage-client; mage-common; mage-counter-plugin; mage-deck-constructed; mage-deck-limited; mage-game-brawlduel; mage-game-brawlfreeforall; mage-game-canadianhighlanderduel; mage-game-commanderduel; mage-game-commanderfreeforall; mage-game-freeforall; mage-game-freeformcommanderfreeforall; mage-game-momirduel; mage-game-momirfreeforall; mage-game-pennydreadfulcommanderfreeforall; mage-game-tinyleadersduel; mage-game-twoplayerduel; mage-player-ai; mage-player-ai-draftbot; mage-player-ai-ma; mage-player-ai-mcts; mage-player-aiminimax; mage-player-human; mage-server; mage-sets; mage-stats; mage-tests; mage-tournament-boosterdraft; mage-tournament-constructed; mage-tournament-sealed; mage-verify; mage.server.console; mage; mage-client; mage-common; mage-counter-plugin; mage-deck-constructed; mage-deck-limited; mage-game-canadianhighlanderduel; mage-game-commanderduel; mage-game-commanderfreeforall; mage-game-freeforall; mage-game-freeformcommanderfreeforall; mage-game-momirduel; mage-game-momirfreeforall; mage-game-pennydreadfulcommanderfreeforall; mage-game-tinyleadersduel; mage-game-twoplayerduel; mage-player-ai; mage-player-ai-draftbot; mage-player-ai-ma; mage-player-ai-mcts; mage-player-aiminimax; mage-player-human; mage-server; mage-sets; mage-stats; mage-tests; mage-tournament-boosterdraft; mage-tournament-constructed; mage-tournament-sealed; mage-verify; mage.server.console; mage; mage-client; mage-common; mage-counter-plugin; mage-deck-constructed; mage-deck-limited; mage-game-canadianhighlanderduel; mage-game-commanderduel; mage-game-commanderfreeforall; mage-game-freeforall; mage-game-momirduel; mage-game-momirfreeforall; mage-game-pennydreadfulcommanderfreeforall; mage-game-tinyleadersduel; mage-game-twoplayerduel; mage-player-ai; mage-player-ai-draftbot; mage-player-ai-ma; mage-player-ai-mcts; mage-player-aiminimax; mage-player-human; mage-server; mage-sets; mage-stats; mage-tests; mage-tournament-boosterdraft; mage-tournament-constructed; mage-tournament-sealed; mage-verify; mage.server.console; mage; mage-client; mage-common; mage-counter-plugin; mage-deck-constructed; mage-deck-limited; mage-game-canadianhighlanderduel; mage-game-commanderduel; mage-game-commanderfreeforall; mage-game-freeforall; mage-game-momirduel; mage-game-pennydreadfulcommanderfreeforall; mage-game-tinyleadersduel; mage-game-twoplayerduel; mage-player-ai; mage-player-ai-draftbot; mage-player-ai-ma; mage-player-ai-mcts; mage-player-aiminimax; mage-player-human; mage-server; mage-sets; mage-stats; mage-tests; mage-tournament-boosterdraft; mage-tournament-constructed; mage-tournament-sealed; mage-verify; mage.server.console; mage; mage-client; mage-common; mage-counter-plugin; mage-deck-constructed; mage-deck-limited; mage-game-canadianhighlanderduel; mage-game-commanderduel; mage-game-commanderfreeforall; mage-game-freeforall; mage-game-momirduel; mage-game-tinyleadersduel; mage-game-twoplayerduel; mage-player-ai; mage-player-ai-draftbot; mage-player-ai-ma; mage-player-ai-mcts; mage-player-aiminimax; mage-player-human; mage-server; mage-sets; mage-stats; mage-tests; mage-tournament-boosterdraft; mage-tournament-constructed; mage-tournament-sealed; mage-verify; mage.server.console; mage; mage-client; mage-common; mage-counter-plugin; mage-deck-constructed; mage-deck-limited; mage-game-commanderduel; mage-game-commanderfreeforall; mage-game-freeforall; mage-game-momirduel; mage-game-tinyleadersduel; mage-game-twoplayerduel; mage-player-ai; mage-player-ai-draftbot; mage-player-ai-ma; mage-player-ai-mcts; mage-player-aiminimax; mage-player-human; mage-server; mage-sets; mage-stats; mage-tests; mage-tournament-boosterdraft; mage-tournament-constructed; mage-tournament-sealed; mage-verify; mage.server.console; mage; mage-client; mage-common; mage-counter-plugin; mage-deck-constructed; mage-deck-limited; mage-game-commanderduel; mage-game-commanderfreeforall; mage-game-freeforall; mage-game-momirduel; mage-game-tinyleadersduel; mage-game-twoplayerduel; mage-player-ai; mage-player-ai-draftbot; mage-player-ai-ma; mage-player-ai-mcts; mage-player-aiminimax; mage-player-human; mage-server; mage-sets; mage-stats; mage-tests; mage-tournament-boosterdraft; mage-tournament-constructed; mage-tournament-sealed; mage.server.console; mage; mage-client; mage-common; mage-counter-plugin; mage-deck-constructed; mage-deck-limited; mage-game-commanderduel; mage-game-commanderfreeforall; mage-game-freeforall; mage-game-tinyleadersduel; mage-game-twoplayerduel; mage-player-ai; mage-player-ai-draftbot; mage-player-ai-ma; mage-player-ai-mcts; mage-player-aiminimax; mage-player-human; mage-server; mage-sets; mage-stats; mage-tests; mage-theme-plugin; mage-tournament-boosterdraft; mage-tournament-constructed; mage-tournament-sealed; mage.server.console,33,1.4.187,2018-07-24 13:29:00.603000+00:00,2019-02-17 00:00:00+00:00,207.43818746527776,post_disclosure,CVE-2018-14335; CVE-2021-42392; CVE-2022-23221,version_changed
52,mage,H2,4855,mage; mage-client; mage-common; mage-counter-plugin; mage-deck-constructed; mage-deck-limited; mage-game-brawlduel; mage-game-brawlfreeforall; mage-game-canadianhighlanderduel; mage-game-commanderduel; mage-game-commanderfreeforall; mage-game-custompillaroftheparunsduel; mage-game-freeforall; mage-game-freeformcommanderduel; mage-game-freeformcommanderfreeforall; mage-game-freeformunlimitedcommander; mage-game-momirduel; mage-game-momirfreeforall; mage-game-oathbreakerduel; mage-game-oathbreakerfreeforall; mage-game-pennydreadfulcommanderfreeforall; mage-game-tinyleadersduel; mage-game-twoplayerduel; mage-player-ai; mage-player-ai-draftbot; mage-player-ai-ma; mage-player-ai-mcts; mage-player-aiminimax; mage-player-human; mage-plugins; mage-reports; mage-root; mage-server; mage-server-plugins; mage-sets; mage-tests; mage-tournament-boosterdraft; mage-tournament-constructed; mage-tournament-sealed; mage-verify; mage.server.console; mage; mage-client; mage-common; mage-counter-plugin; mage-deck-constructed; mage-deck-limited; mage-game-brawlduel; mage-game-brawlfreeforall; mage-game-canadianhighlanderduel; mage-game-commanderduel; mage-game-commanderfreeforall; mage-game-custompillaroftheparunsduel; mage-game-freeforall; mage-game-freeformcommanderduel; mage-game-freeformcommanderfreeforall; mage-game-freeformunlimitedcommander; mage-game-momirduel; mage-game-momirfreeforall; mage-game-oathbreakerduel; mage-game-oathbreakerfreeforall; mage-game-pennydreadfulcommanderfreeforall; mage-game-tinyleadersduel; mage-game-twoplayerduel; mage-player-ai; mage-player-ai-draftbot; mage-player-ai-ma; mage-player-ai-mcts; mage-player-aiminimax; mage-player-human; mage-plugins; mage-root; mage-server; mage-server-plugins; mage-sets; mage-tests; mage-tournament-boosterdraft; mage-tournament-constructed; mage-tournament-sealed; mage-verify; mage.server.console; mage; mage-client; mage-common; mage-counter-plugin; mage-deck-constructed; mage-deck-limited; mage-game-brawlduel; mage-game-brawlfreeforall; mage-game-canadianhighlanderduel; mage-game-commanderduel; mage-game-commanderfreeforall; mage-game-custompillaroftheparunsduel; mage-game-freeforall; mage-game-freeformcommanderduel; mage-game-freeformcommanderfreeforall; mage-game-freeformunlimitedcommander; mage-game-momirduel; mage-game-momirfreeforall; mage-game-oathbreakerduel; mage-game-oathbreakerfreeforall; mage-game-pennydreadfulcommanderfreeforall; mage-game-tinyleadersduel; mage-game-twoplayerduel; mage-player-ai; mage-player-ai-draftbot; mage-player-ai-ma; mage-player-ai-mcts; mage-player-human; mage-plugins; mage-reports; mage-root; mage-server; mage-server-console; mage-server-plugins; mage-sets; mage-tests; mage-tournament-boosterdraft; mage-tournament-constructed; mage-tournament-sealed; mage-verify; mage; mage-client; mage-common; mage-counter-plugin; mage-deck-constructed; mage-deck-limited; mage-game-brawlduel; mage-game-brawlfreeforall; mage-game-canadianhighlanderduel; mage-game-commanderduel; mage-game-commanderfreeforall; mage-game-custompillaroftheparunsduel; mage-game-freeforall; mage-game-freeformcommanderduel; mage-game-freeformcommanderfreeforall; mage-game-freeformunlimitedcommander; mage-game-momirduel; mage-game-momirfreeforall; mage-game-oathbreakerduel; mage-game-oathbreakerfreeforall; mage-game-pennydreadfulcommanderfreeforall; mage-game-tinyleadersduel; mage-game-twoplayerduel; mage-player-ai; mage-player-ai-draftbot; mage-player-ai-ma; mage-player-ai-mcts; mage-player-human; mage-plugins; mage-reports; mage-root; mage-server; mage-server-plugins; mage-sets; mage-tests; mage-tournament-boosterdraft; mage-tournament-constructed; mage-tournament-sealed; mage-verify; mage.server.console; mage; mage-client; mage-common; mage-counter-plugin; mage-deck-constructed; mage-deck-limited; mage-game-brawlduel; mage-game-brawlfreeforall; mage-game-canadianhighlanderduel; mage-game-commanderduel; mage-game-commanderfreeforall; mage-game-freeforall; mage-game-freeformcommanderduel; mage-game-freeformcommanderfreeforall; mage-game-freeformunlimitedcommander; mage-game-momirduel; mage-game-momirfreeforall; mage-game-oathbreakerduel; mage-game-oathbreakerfreeforall; mage-game-pennydreadfulcommanderfreeforall; mage-game-tinyleadersduel; mage-game-twoplayerduel; mage-player-ai; mage-player-ai-draftbot; mage-player-ai-ma; mage-player-ai-mcts; mage-player-aiminimax; mage-player-human; mage-plugins; mage-root; mage-server; mage-server-plugins; mage-sets; mage-tests; mage-tournament-boosterdraft; mage-tournament-constructed; mage-tournament-sealed; mage-verify; mage.server.console; mage; mage-client; mage-common; mage-counter-plugin; mage-deck-constructed; mage-deck-limited; mage-game-brawlduel; mage-game-brawlfreeforall; mage-game-canadianhighlanderduel; mage-game-commanderduel; mage-game-commanderfreeforall; mage-game-freeforall; mage-game-freeformcommanderduel; mage-game-freeformcommanderfreeforall; mage-game-freeformunlimitedcommander; mage-game-momirduel; mage-game-momirfreeforall; mage-game-oathbreakerduel; mage-game-oathbreakerfreeforall; mage-game-pennydreadfulcommanderfreeforall; mage-game-tinyleadersduel; mage-game-twoplayerduel; mage-player-ai; mage-player-ai-draftbot; mage-player-ai-ma; mage-player-ai-mcts; mage-player-aiminimax; mage-player-human; mage-server; mage-sets; mage-tests; mage-tournament-boosterdraft; mage-tournament-constructed; mage-tournament-sealed; mage-verify; mage.server.console; mage; mage-client; mage-common; mage-counter-plugin; mage-deck-constructed; mage-deck-limited; mage-game-brawlduel; mage-game-brawlfreeforall; mage-game-canadianhighlanderduel; mage-game-commanderduel; mage-game-commanderfreeforall; mage-game-freeforall; mage-game-freeformcommanderduel; mage-game-freeformcommanderfreeforall; mage-game-momirduel; mage-game-momirfreeforall; mage-game-oathbreakerduel; mage-game-oathbreakerfreeforall; mage-game-pennydreadfulcommanderfreeforall; mage-game-tinyleadersduel; mage-game-twoplayerduel; mage-player-ai; mage-player-ai-draftbot; mage-player-ai-ma; mage-player-ai-mcts; mage-player-aiminimax; mage-player-human; mage-server; mage-sets; mage-tests; mage-tournament-boosterdraft; mage-tournament-constructed; mage-tournament-sealed; mage-verify; mage.server.console; mage; mage-client; mage-common; mage-counter-plugin; mage-deck-constructed; mage-deck-limited; mage-game-brawlduel; mage-game-brawlfreeforall; mage-game-canadianhighlanderduel; mage-game-commanderduel; mage-game-commanderfreeforall; mage-game-freeforall; mage-game-freeformcommanderduel; mage-game-freeformcommanderfreeforall; mage-game-momirduel; mage-game-momirfreeforall; mage-game-oathbreakerfreeforall; mage-game-pennydreadfulcommanderfreeforall; mage-game-tinyleadersduel; mage-game-twoplayerduel; mage-player-ai; mage-player-ai-draftbot; mage-player-ai-ma; mage-player-ai-mcts; mage-player-aiminimax; mage-player-human; mage-server; mage-sets; mage-tests; mage-tournament-boosterdraft; mage-tournament-constructed; mage-tournament-sealed; mage-verify; mage.server.console; mage; mage-client; mage-common; mage-counter-plugin; mage-deck-constructed; mage-deck-limited; mage-game-brawlduel; mage-game-brawlfreeforall; mage-game-canadianhighlanderduel; mage-game-commanderduel; mage-game-commanderfreeforall; mage-game-freeforall; mage-game-freeformcommanderduel; mage-game-freeformcommanderfreeforall; mage-game-momirduel; mage-game-momirfreeforall; mage-game-pennydreadfulcommanderfreeforall; mage-game-tinyleadersduel; mage-game-twoplayerduel; mage-player-ai; mage-player-ai-draftbot; mage-player-ai-ma; mage-player-ai-mcts; mage-player-aiminimax; mage-player-human; mage-server; mage-sets; mage-tests; mage-tournament-boosterdraft; mage-tournament-constructed; mage-tournament-sealed; mage-verify; mage.server.console; mage; mage-client; mage-common; mage-counter-plugin; mage-deck-constructed; mage-deck-limited; mage-game-brawlduel; mage-game-brawlfreeforall; mage-game-canadianhighlanderduel; mage-game-commanderduel; mage-game-commanderfreeforall; mage-game-freeforall; mage-game-freeformcommanderfreeforall; mage-game-momirduel; mage-game-momirfreeforall; mage-game-pennydreadfulcommanderfreeforall; mage-game-tinyleadersduel; mage-game-twoplayerduel; mage-player-ai; mage-player-ai-draftbot; mage-player-ai-ma; mage-player-ai-mcts; mage-player-aiminimax; mage-player-human; mage-server; mage-sets; mage-stats; mage-tests; mage-tournament-boosterdraft; mage-tournament-constructed; mage-tournament-sealed; mage-verify; mage.server.console; mage; mage-client; mage-common; mage-counter-plugin; mage-deck-constructed; mage-deck-limited; mage-game-brawlduel; mage-game-brawlfreeforall; mage-game-canadianhighlanderduel; mage-game-commanderduel; mage-game-commanderfreeforall; mage-game-freeforall; mage-game-freeformcommanderfreeforall; mage-game-momirduel; mage-game-momirfreeforall; mage-game-pennydreadfulcommanderfreeforall; mage-game-tinyleadersduel; mage-game-twoplayerduel; mage-player-ai; mage-player-ai-draftbot; mage-player-ai-ma; mage-player-ai-mcts; mage-player-aiminimax; mage-player-human; mage-server; mage-sets; mage-tests; mage-tournament-boosterdraft; mage-tournament-constructed; mage-tournament-sealed; mage-verify; mage.server.console,41,1.4.197,2019-02-17 00:00:00+00:00,2019-02-22 14:41:59+00:00,5.612488425925926,post_disclosure,CVE-2018-14335; CVE-2021-42392; CVE-2022-23221,right_censored_no_later_version
52,mage,H2,4855,mage; mage-client; mage-common; mage-counter-plugin; mage-deck-constructed; mage-deck-limited; mage-game-brawlduel; mage-game-brawlfreeforall; mage-game-canadianhighlanderduel; mage-game-commanderduel; mage-game-commanderfreeforall; mage-game-custompillaroftheparunsduel; mage-game-freeforall; mage-game-freeformcommanderduel; mage-game-freeformcommanderfreeforall; mage-game-freeformunlimitedcommander; mage-game-momirduel; mage-game-momirfreeforall; mage-game-oathbreakerduel; mage-game-oathbreakerfreeforall; mage-game-pennydreadfulcommanderfreeforall; mage-game-tinyleadersduel; mage-game-twoplayerduel; mage-player-ai; mage-player-ai-draftbot; mage-player-ai-ma; mage-player-ai-mcts; mage-player-aiminimax; mage-player-human; mage-plugins; mage-reports; mage-root; mage-server; mage-server-plugins; mage-sets; mage-tests; mage-tournament-boosterdraft; mage-tournament-constructed; mage-tournament-sealed; mage-verify; mage.server.console; mage; mage-client; mage-common; mage-counter-plugin; mage-deck-constructed; mage-deck-limited; mage-game-brawlduel; mage-game-brawlfreeforall; mage-game-canadianhighlanderduel; mage-game-commanderduel; mage-game-commanderfreeforall; mage-game-custompillaroftheparunsduel; mage-game-freeforall; mage-game-freeformcommanderduel; mage-game-freeformcommanderfreeforall; mage-game-freeformunlimitedcommander; mage-game-momirduel; mage-game-momirfreeforall; mage-game-oathbreakerduel; mage-game-oathbreakerfreeforall; mage-game-pennydreadfulcommanderfreeforall; mage-game-tinyleadersduel; mage-game-twoplayerduel; mage-player-ai; mage-player-ai-draftbot; mage-player-ai-ma; mage-player-ai-mcts; mage-player-aiminimax; mage-player-human; mage-plugins; mage-root; mage-server; mage-server-plugins; mage-sets; mage-tests; mage-tournament-boosterdraft; mage-tournament-constructed; mage-tournament-sealed; mage-verify; mage.server.console; mage; mage-client; mage-common; mage-counter-plugin; mage-deck-constructed; mage-deck-limited; mage-game-brawlduel; mage-game-brawlfreeforall; mage-game-canadianhighlanderduel; mage-game-commanderduel; mage-game-commanderfreeforall; mage-game-custompillaroftheparunsduel; mage-game-freeforall; mage-game-freeformcommanderduel; mage-game-freeformcommanderfreeforall; mage-game-freeformunlimitedcommander; mage-game-momirduel; mage-game-momirfreeforall; mage-game-oathbreakerduel; mage-game-oathbreakerfreeforall; mage-game-pennydreadfulcommanderfreeforall; mage-game-tinyleadersduel; mage-game-twoplayerduel; mage-player-ai; mage-player-ai-draftbot; mage-player-ai-ma; mage-player-ai-mcts; mage-player-human; mage-plugins; mage-reports; mage-root; mage-server; mage-server-console; mage-server-plugins; mage-sets; mage-tests; mage-tournament-boosterdraft; mage-tournament-constructed; mage-tournament-sealed; mage-verify; mage; mage-client; mage-common; mage-counter-plugin; mage-deck-constructed; mage-deck-limited; mage-game-brawlduel; mage-game-brawlfreeforall; mage-game-canadianhighlanderduel; mage-game-commanderduel; mage-game-commanderfreeforall; mage-game-custompillaroftheparunsduel; mage-game-freeforall; mage-game-freeformcommanderduel; mage-game-freeformcommanderfreeforall; mage-game-freeformunlimitedcommander; mage-game-momirduel; mage-game-momirfreeforall; mage-game-oathbreakerduel; mage-game-oathbreakerfreeforall; mage-game-pennydreadfulcommanderfreeforall; mage-game-tinyleadersduel; mage-game-twoplayerduel; mage-player-ai; mage-player-ai-draftbot; mage-player-ai-ma; mage-player-ai-mcts; mage-player-human; mage-plugins; mage-reports; mage-root; mage-server; mage-server-plugins; mage-sets; mage-tests; mage-tournament-boosterdraft; mage-tournament-constructed; mage-tournament-sealed; mage-verify; mage.server.console; mage; mage-client; mage-common; mage-counter-plugin; mage-deck-constructed; mage-deck-limited; mage-game-brawlduel; mage-game-brawlfreeforall; mage-game-canadianhighlanderduel; mage-game-commanderduel; mage-game-commanderfreeforall; mage-game-freeforall; mage-game-freeformcommanderduel; mage-game-freeformcommanderfreeforall; mage-game-freeformunlimitedcommander; mage-game-momirduel; mage-game-momirfreeforall; mage-game-oathbreakerduel; mage-game-oathbreakerfreeforall; mage-game-pennydreadfulcommanderfreeforall; mage-game-tinyleadersduel; mage-game-twoplayerduel; mage-player-ai; mage-player-ai-draftbot; mage-player-ai-ma; mage-player-ai-mcts; mage-player-aiminimax; mage-player-human; mage-plugins; mage-root; mage-server; mage-server-plugins; mage-sets; mage-tests; mage-tournament-boosterdraft; mage-tournament-constructed; mage-tournament-sealed; mage-verify; mage.server.console; mage; mage-client; mage-common; mage-counter-plugin; mage-deck-constructed; mage-deck-limited; mage-game-brawlduel; mage-game-brawlfreeforall; mage-game-canadianhighlanderduel; mage-game-commanderduel; mage-game-commanderfreeforall; mage-game-freeforall; mage-game-freeformcommanderduel; mage-game-freeformcommanderfreeforall; mage-game-freeformunlimitedcommander; mage-game-momirduel; mage-game-momirfreeforall; mage-game-oathbreakerduel; mage-game-oathbreakerfreeforall; mage-game-pennydreadfulcommanderfreeforall; mage-game-tinyleadersduel; mage-game-twoplayerduel; mage-player-ai; mage-player-ai-draftbot; mage-player-ai-ma; mage-player-ai-mcts; mage-player-aiminimax; mage-player-human; mage-server; mage-sets; mage-tests; mage-tournament-boosterdraft; mage-tournament-constructed; mage-tournament-sealed; mage-verify; mage.server.console; mage; mage-client; mage-common; mage-counter-plugin; mage-deck-constructed; mage-deck-limited; mage-game-brawlduel; mage-game-brawlfreeforall; mage-game-canadianhighlanderduel; mage-game-commanderduel; mage-game-commanderfreeforall; mage-game-freeforall; mage-game-freeformcommanderduel; mage-game-freeformcommanderfreeforall; mage-game-momirduel; mage-game-momirfreeforall; mage-game-oathbreakerduel; mage-game-oathbreakerfreeforall; mage-game-pennydreadfulcommanderfreeforall; mage-game-tinyleadersduel; mage-game-twoplayerduel; mage-player-ai; mage-player-ai-draftbot; mage-player-ai-ma; mage-player-ai-mcts; mage-player-aiminimax; mage-player-human; mage-server; mage-sets; mage-tests; mage-tournament-boosterdraft; mage-tournament-constructed; mage-tournament-sealed; mage-verify; mage.server.console; mage; mage-client; mage-common; mage-counter-plugin; mage-deck-constructed; mage-deck-limited; mage-game-brawlduel; mage-game-brawlfreeforall; mage-game-canadianhighlanderduel; mage-game-commanderduel; mage-game-commanderfreeforall; mage-game-freeforall; mage-game-freeformcommanderduel; mage-game-freeformcommanderfreeforall; mage-game-momirduel; mage-game-momirfreeforall; mage-game-oathbreakerfreeforall; mage-game-pennydreadfulcommanderfreeforall; mage-game-tinyleadersduel; mage-game-twoplayerduel; mage-player-ai; mage-player-ai-draftbot; mage-player-ai-ma; mage-player-ai-mcts; mage-player-aiminimax; mage-player-human; mage-server; mage-sets; mage-tests; mage-tournament-boosterdraft; mage-tournament-constructed; mage-tournament-sealed; mage-verify; mage.server.console; mage; mage-client; mage-common; mage-counter-plugin; mage-deck-constructed; mage-deck-limited; mage-game-brawlduel; mage-game-brawlfreeforall; mage-game-canadianhighlanderduel; mage-game-commanderduel; mage-game-commanderfreeforall; mage-game-freeforall; mage-game-freeformcommanderduel; mage-game-freeformcommanderfreeforall; mage-game-momirduel; mage-game-momirfreeforall; mage-game-pennydreadfulcommanderfreeforall; mage-game-tinyleadersduel; mage-game-twoplayerduel; mage-player-ai; mage-player-ai-draftbot; mage-player-ai-ma; mage-player-ai-mcts; mage-player-aiminimax; mage-player-human; mage-server; mage-sets; mage-tests; mage-tournament-boosterdraft; mage-tournament-constructed; mage-tournament-sealed; mage-verify; mage.server.console; mage; mage-client; mage-common; mage-counter-plugin; mage-deck-constructed; mage-deck-limited; mage-game-brawlduel; mage-game-brawlfreeforall; mage-game-canadianhighlanderduel; mage-game-commanderduel; mage-game-commanderfreeforall; mage-game-freeforall; mage-game-freeformcommanderfreeforall; mage-game-momirduel; mage-game-momirfreeforall; mage-game-pennydreadfulcommanderfreeforall; mage-game-tinyleadersduel; mage-game-twoplayerduel; mage-player-ai; mage-player-ai-draftbot; mage-player-ai-ma; mage-player-ai-mcts; mage-player-aiminimax; mage-player-human; mage-server; mage-sets; mage-stats; mage-tests; mage-tournament-boosterdraft; mage-tournament-constructed; mage-tournament-sealed; mage-verify; mage.server.console; mage; mage-client; mage-common; mage-counter-plugin; mage-deck-constructed; mage-deck-limited; mage-game-brawlduel; mage-game-brawlfreeforall; mage-game-canadianhighlanderduel; mage-game-commanderduel; mage-game-commanderfreeforall; mage-game-freeforall; mage-game-freeformcommanderfreeforall; mage-game-momirduel; mage-game-momirfreeforall; mage-game-pennydreadfulcommanderfreeforall; mage-game-tinyleadersduel; mage-game-twoplayerduel; mage-player-ai; mage-player-ai-draftbot; mage-player-ai-ma; mage-player-ai-mcts; mage-player-aiminimax; mage-player-human; mage-server; mage-sets; mage-tests; mage-tournament-boosterdraft; mage-tournament-constructed; mage-tournament-sealed; mage-verify; mage.server.console,41,1.4.197,2019-02-22 14:41:59+00:00,2022-01-04 20:53:00+00:00,1047.257650462963,post_resolution,CVE-2018-14335; CVE-2021-42392; CVE-2022-23221,right_censored_no_later_version
52,mage,H2,4855,mage; mage-client; mage-common; mage-counter-plugin; mage-deck-constructed; mage-deck-limited; mage-game-brawlduel; mage-game-brawlfreeforall; mage-game-canadianhighlanderduel; mage-game-commanderduel; mage-game-commanderfreeforall; mage-game-custompillaroftheparunsduel; mage-game-freeforall; mage-game-freeformcommanderduel; mage-game-freeformcommanderfreeforall; mage-game-freeformunlimitedcommander; mage-game-momirduel; mage-game-momirfreeforall; mage-game-oathbreakerduel; mage-game-oathbreakerfreeforall; mage-game-pennydreadfulcommanderfreeforall; mage-game-tinyleadersduel; mage-game-twoplayerduel; mage-player-ai; mage-player-ai-draftbot; mage-player-ai-ma; mage-player-ai-mcts; mage-player-aiminimax; mage-player-human; mage-plugins; mage-reports; mage-root; mage-server; mage-server-plugins; mage-sets; mage-tests; mage-tournament-boosterdraft; mage-tournament-constructed; mage-tournament-sealed; mage-verify; mage.server.console; mage; mage-client; mage-common; mage-counter-plugin; mage-deck-constructed; mage-deck-limited; mage-game-brawlduel; mage-game-brawlfreeforall; mage-game-canadianhighlanderduel; mage-game-commanderduel; mage-game-commanderfreeforall; mage-game-custompillaroftheparunsduel; mage-game-freeforall; mage-game-freeformcommanderduel; mage-game-freeformcommanderfreeforall; mage-game-freeformunlimitedcommander; mage-game-momirduel; mage-game-momirfreeforall; mage-game-oathbreakerduel; mage-game-oathbreakerfreeforall; mage-game-pennydreadfulcommanderfreeforall; mage-game-tinyleadersduel; mage-game-twoplayerduel; mage-player-ai; mage-player-ai-draftbot; mage-player-ai-ma; mage-player-ai-mcts; mage-player-aiminimax; mage-player-human; mage-plugins; mage-root; mage-server; mage-server-plugins; mage-sets; mage-tests; mage-tournament-boosterdraft; mage-tournament-constructed; mage-tournament-sealed; mage-verify; mage.server.console; mage; mage-client; mage-common; mage-counter-plugin; mage-deck-constructed; mage-deck-limited; mage-game-brawlduel; mage-game-brawlfreeforall; mage-game-canadianhighlanderduel; mage-game-commanderduel; mage-game-commanderfreeforall; mage-game-custompillaroftheparunsduel; mage-game-freeforall; mage-game-freeformcommanderduel; mage-game-freeformcommanderfreeforall; mage-game-freeformunlimitedcommander; mage-game-momirduel; mage-game-momirfreeforall; mage-game-oathbreakerduel; mage-game-oathbreakerfreeforall; mage-game-pennydreadfulcommanderfreeforall; mage-game-tinyleadersduel; mage-game-twoplayerduel; mage-player-ai; mage-player-ai-draftbot; mage-player-ai-ma; mage-player-ai-mcts; mage-player-human; mage-plugins; mage-reports; mage-root; mage-server; mage-server-console; mage-server-plugins; mage-sets; mage-tests; mage-tournament-boosterdraft; mage-tournament-constructed; mage-tournament-sealed; mage-verify; mage; mage-client; mage-common; mage-counter-plugin; mage-deck-constructed; mage-deck-limited; mage-game-brawlduel; mage-game-brawlfreeforall; mage-game-canadianhighlanderduel; mage-game-commanderduel; mage-game-commanderfreeforall; mage-game-custompillaroftheparunsduel; mage-game-freeforall; mage-game-freeformcommanderduel; mage-game-freeformcommanderfreeforall; mage-game-freeformunlimitedcommander; mage-game-momirduel; mage-game-momirfreeforall; mage-game-oathbreakerduel; mage-game-oathbreakerfreeforall; mage-game-pennydreadfulcommanderfreeforall; mage-game-tinyleadersduel; mage-game-twoplayerduel; mage-player-ai; mage-player-ai-draftbot; mage-player-ai-ma; mage-player-ai-mcts; mage-player-human; mage-plugins; mage-reports; mage-root; mage-server; mage-server-plugins; mage-sets; mage-tests; mage-tournament-boosterdraft; mage-tournament-constructed; mage-tournament-sealed; mage-verify; mage.server.console; mage; mage-client; mage-common; mage-counter-plugin; mage-deck-constructed; mage-deck-limited; mage-game-brawlduel; mage-game-brawlfreeforall; mage-game-canadianhighlanderduel; mage-game-commanderduel; mage-game-commanderfreeforall; mage-game-freeforall; mage-game-freeformcommanderduel; mage-game-freeformcommanderfreeforall; mage-game-freeformunlimitedcommander; mage-game-momirduel; mage-game-momirfreeforall; mage-game-oathbreakerduel; mage-game-oathbreakerfreeforall; mage-game-pennydreadfulcommanderfreeforall; mage-game-tinyleadersduel; mage-game-twoplayerduel; mage-player-ai; mage-player-ai-draftbot; mage-player-ai-ma; mage-player-ai-mcts; mage-player-aiminimax; mage-player-human; mage-plugins; mage-root; mage-server; mage-server-plugins; mage-sets; mage-tests; mage-tournament-boosterdraft; mage-tournament-constructed; mage-tournament-sealed; mage-verify; mage.server.console; mage; mage-client; mage-common; mage-counter-plugin; mage-deck-constructed; mage-deck-limited; mage-game-brawlduel; mage-game-brawlfreeforall; mage-game-canadianhighlanderduel; mage-game-commanderduel; mage-game-commanderfreeforall; mage-game-freeforall; mage-game-freeformcommanderduel; mage-game-freeformcommanderfreeforall; mage-game-freeformunlimitedcommander; mage-game-momirduel; mage-game-momirfreeforall; mage-game-oathbreakerduel; mage-game-oathbreakerfreeforall; mage-game-pennydreadfulcommanderfreeforall; mage-game-tinyleadersduel; mage-game-twoplayerduel; mage-player-ai; mage-player-ai-draftbot; mage-player-ai-ma; mage-player-ai-mcts; mage-player-aiminimax; mage-player-human; mage-server; mage-sets; mage-tests; mage-tournament-boosterdraft; mage-tournament-constructed; mage-tournament-sealed; mage-verify; mage.server.console; mage; mage-client; mage-common; mage-counter-plugin; mage-deck-constructed; mage-deck-limited; mage-game-brawlduel; mage-game-brawlfreeforall; mage-game-canadianhighlanderduel; mage-game-commanderduel; mage-game-commanderfreeforall; mage-game-freeforall; mage-game-freeformcommanderduel; mage-game-freeformcommanderfreeforall; mage-game-momirduel; mage-game-momirfreeforall; mage-game-oathbreakerduel; mage-game-oathbreakerfreeforall; mage-game-pennydreadfulcommanderfreeforall; mage-game-tinyleadersduel; mage-game-twoplayerduel; mage-player-ai; mage-player-ai-draftbot; mage-player-ai-ma; mage-player-ai-mcts; mage-player-aiminimax; mage-player-human; mage-server; mage-sets; mage-tests; mage-tournament-boosterdraft; mage-tournament-constructed; mage-tournament-sealed; mage-verify; mage.server.console; mage; mage-client; mage-common; mage-counter-plugin; mage-deck-constructed; mage-deck-limited; mage-game-brawlduel; mage-game-brawlfreeforall; mage-game-canadianhighlanderduel; mage-game-commanderduel; mage-game-commanderfreeforall; mage-game-freeforall; mage-game-freeformcommanderduel; mage-game-freeformcommanderfreeforall; mage-game-momirduel; mage-game-momirfreeforall; mage-game-oathbreakerfreeforall; mage-game-pennydreadfulcommanderfreeforall; mage-game-tinyleadersduel; mage-game-twoplayerduel; mage-player-ai; mage-player-ai-draftbot; mage-player-ai-ma; mage-player-ai-mcts; mage-player-aiminimax; mage-player-human; mage-server; mage-sets; mage-tests; mage-tournament-boosterdraft; mage-tournament-constructed; mage-tournament-sealed; mage-verify; mage.server.console; mage; mage-client; mage-common; mage-counter-plugin; mage-deck-constructed; mage-deck-limited; mage-game-brawlduel; mage-game-brawlfreeforall; mage-game-canadianhighlanderduel; mage-game-commanderduel; mage-game-commanderfreeforall; mage-game-freeforall; mage-game-freeformcommanderduel; mage-game-freeformcommanderfreeforall; mage-game-momirduel; mage-game-momirfreeforall; mage-game-pennydreadfulcommanderfreeforall; mage-game-tinyleadersduel; mage-game-twoplayerduel; mage-player-ai; mage-player-ai-draftbot; mage-player-ai-ma; mage-player-ai-mcts; mage-player-aiminimax; mage-player-human; mage-server; mage-sets; mage-tests; mage-tournament-boosterdraft; mage-tournament-constructed; mage-tournament-sealed; mage-verify; mage.server.console; mage; mage-client; mage-common; mage-counter-plugin; mage-deck-constructed; mage-deck-limited; mage-game-brawlduel; mage-game-brawlfreeforall; mage-game-canadianhighlanderduel; mage-game-commanderduel; mage-game-commanderfreeforall; mage-game-freeforall; mage-game-freeformcommanderfreeforall; mage-game-momirduel; mage-game-momirfreeforall; mage-game-pennydreadfulcommanderfreeforall; mage-game-tinyleadersduel; mage-game-twoplayerduel; mage-player-ai; mage-player-ai-draftbot; mage-player-ai-ma; mage-player-ai-mcts; mage-player-aiminimax; mage-player-human; mage-server; mage-sets; mage-stats; mage-tests; mage-tournament-boosterdraft; mage-tournament-constructed; mage-tournament-sealed; mage-verify; mage.server.console; mage; mage-client; mage-common; mage-counter-plugin; mage-deck-constructed; mage-deck-limited; mage-game-brawlduel; mage-game-brawlfreeforall; mage-game-canadianhighlanderduel; mage-game-commanderduel; mage-game-commanderfreeforall; mage-game-freeforall; mage-game-freeformcommanderfreeforall; mage-game-momirduel; mage-game-momirfreeforall; mage-game-pennydreadfulcommanderfreeforall; mage-game-tinyleadersduel; mage-game-twoplayerduel; mage-player-ai; mage-player-ai-draftbot; mage-player-ai-ma; mage-player-ai-mcts; mage-player-aiminimax; mage-player-human; mage-server; mage-sets; mage-tests; mage-tournament-boosterdraft; mage-tournament-constructed; mage-tournament-sealed; mage-verify; mage.server.console,41,1.4.197,2022-01-04 20:53:00+00:00,2022-01-10 14:10:23.643000+00:00,5.720412534722222,post_resolution,CVE-2018-14335; CVE-2021-42392; CVE-2022-23221,right_censored_no_later_version
52,mage,H2,4855,mage; mage-client; mage-common; mage-counter-plugin; mage-deck-constructed; mage-deck-limited; mage-game-brawlduel; mage-game-brawlfreeforall; mage-game-canadianhighlanderduel; mage-game-commanderduel; mage-game-commanderfreeforall; mage-game-custompillaroftheparunsduel; mage-game-freeforall; mage-game-freeformcommanderduel; mage-game-freeformcommanderfreeforall; mage-game-freeformunlimitedcommander; mage-game-momirduel; mage-game-momirfreeforall; mage-game-oathbreakerduel; mage-game-oathbreakerfreeforall; mage-game-pennydreadfulcommanderfreeforall; mage-game-tinyleadersduel; mage-game-twoplayerduel; mage-player-ai; mage-player-ai-draftbot; mage-player-ai-ma; mage-player-ai-mcts; mage-player-aiminimax; mage-player-human; mage-plugins; mage-reports; mage-root; mage-server; mage-server-plugins; mage-sets; mage-tests; mage-tournament-boosterdraft; mage-tournament-constructed; mage-tournament-sealed; mage-verify; mage.server.console; mage; mage-client; mage-common; mage-counter-plugin; mage-deck-constructed; mage-deck-limited; mage-game-brawlduel; mage-game-brawlfreeforall; mage-game-canadianhighlanderduel; mage-game-commanderduel; mage-game-commanderfreeforall; mage-game-custompillaroftheparunsduel; mage-game-freeforall; mage-game-freeformcommanderduel; mage-game-freeformcommanderfreeforall; mage-game-freeformunlimitedcommander; mage-game-momirduel; mage-game-momirfreeforall; mage-game-oathbreakerduel; mage-game-oathbreakerfreeforall; mage-game-pennydreadfulcommanderfreeforall; mage-game-tinyleadersduel; mage-game-twoplayerduel; mage-player-ai; mage-player-ai-draftbot; mage-player-ai-ma; mage-player-ai-mcts; mage-player-aiminimax; mage-player-human; mage-plugins; mage-root; mage-server; mage-server-plugins; mage-sets; mage-tests; mage-tournament-boosterdraft; mage-tournament-constructed; mage-tournament-sealed; mage-verify; mage.server.console; mage; mage-client; mage-common; mage-counter-plugin; mage-deck-constructed; mage-deck-limited; mage-game-brawlduel; mage-game-brawlfreeforall; mage-game-canadianhighlanderduel; mage-game-commanderduel; mage-game-commanderfreeforall; mage-game-custompillaroftheparunsduel; mage-game-freeforall; mage-game-freeformcommanderduel; mage-game-freeformcommanderfreeforall; mage-game-freeformunlimitedcommander; mage-game-momirduel; mage-game-momirfreeforall; mage-game-oathbreakerduel; mage-game-oathbreakerfreeforall; mage-game-pennydreadfulcommanderfreeforall; mage-game-tinyleadersduel; mage-game-twoplayerduel; mage-player-ai; mage-player-ai-draftbot; mage-player-ai-ma; mage-player-ai-mcts; mage-player-human; mage-plugins; mage-reports; mage-root; mage-server; mage-server-console; mage-server-plugins; mage-sets; mage-tests; mage-tournament-boosterdraft; mage-tournament-constructed; mage-tournament-sealed; mage-verify; mage; mage-client; mage-common; mage-counter-plugin; mage-deck-constructed; mage-deck-limited; mage-game-brawlduel; mage-game-brawlfreeforall; mage-game-canadianhighlanderduel; mage-game-commanderduel; mage-game-commanderfreeforall; mage-game-custompillaroftheparunsduel; mage-game-freeforall; mage-game-freeformcommanderduel; mage-game-freeformcommanderfreeforall; mage-game-freeformunlimitedcommander; mage-game-momirduel; mage-game-momirfreeforall; mage-game-oathbreakerduel; mage-game-oathbreakerfreeforall; mage-game-pennydreadfulcommanderfreeforall; mage-game-tinyleadersduel; mage-game-twoplayerduel; mage-player-ai; mage-player-ai-draftbot; mage-player-ai-ma; mage-player-ai-mcts; mage-player-human; mage-plugins; mage-reports; mage-root; mage-server; mage-server-plugins; mage-sets; mage-tests; mage-tournament-boosterdraft; mage-tournament-constructed; mage-tournament-sealed; mage-verify; mage.server.console; mage; mage-client; mage-common; mage-counter-plugin; mage-deck-constructed; mage-deck-limited; mage-game-brawlduel; mage-game-brawlfreeforall; mage-game-canadianhighlanderduel; mage-game-commanderduel; mage-game-commanderfreeforall; mage-game-freeforall; mage-game-freeformcommanderduel; mage-game-freeformcommanderfreeforall; mage-game-freeformunlimitedcommander; mage-game-momirduel; mage-game-momirfreeforall; mage-game-oathbreakerduel; mage-game-oathbreakerfreeforall; mage-game-pennydreadfulcommanderfreeforall; mage-game-tinyleadersduel; mage-game-twoplayerduel; mage-player-ai; mage-player-ai-draftbot; mage-player-ai-ma; mage-player-ai-mcts; mage-player-aiminimax; mage-player-human; mage-plugins; mage-root; mage-server; mage-server-plugins; mage-sets; mage-tests; mage-tournament-boosterdraft; mage-tournament-constructed; mage-tournament-sealed; mage-verify; mage.server.console; mage; mage-client; mage-common; mage-counter-plugin; mage-deck-constructed; mage-deck-limited; mage-game-brawlduel; mage-game-brawlfreeforall; mage-game-canadianhighlanderduel; mage-game-commanderduel; mage-game-commanderfreeforall; mage-game-freeforall; mage-game-freeformcommanderduel; mage-game-freeformcommanderfreeforall; mage-game-freeformunlimitedcommander; mage-game-momirduel; mage-game-momirfreeforall; mage-game-oathbreakerduel; mage-game-oathbreakerfreeforall; mage-game-pennydreadfulcommanderfreeforall; mage-game-tinyleadersduel; mage-game-twoplayerduel; mage-player-ai; mage-player-ai-draftbot; mage-player-ai-ma; mage-player-ai-mcts; mage-player-aiminimax; mage-player-human; mage-server; mage-sets; mage-tests; mage-tournament-boosterdraft; mage-tournament-constructed; mage-tournament-sealed; mage-verify; mage.server.console; mage; mage-client; mage-common; mage-counter-plugin; mage-deck-constructed; mage-deck-limited; mage-game-brawlduel; mage-game-brawlfreeforall; mage-game-canadianhighlanderduel; mage-game-commanderduel; mage-game-commanderfreeforall; mage-game-freeforall; mage-game-freeformcommanderduel; mage-game-freeformcommanderfreeforall; mage-game-momirduel; mage-game-momirfreeforall; mage-game-oathbreakerduel; mage-game-oathbreakerfreeforall; mage-game-pennydreadfulcommanderfreeforall; mage-game-tinyleadersduel; mage-game-twoplayerduel; mage-player-ai; mage-player-ai-draftbot; mage-player-ai-ma; mage-player-ai-mcts; mage-player-aiminimax; mage-player-human; mage-server; mage-sets; mage-tests; mage-tournament-boosterdraft; mage-tournament-constructed; mage-tournament-sealed; mage-verify; mage.server.console; mage; mage-client; mage-common; mage-counter-plugin; mage-deck-constructed; mage-deck-limited; mage-game-brawlduel; mage-game-brawlfreeforall; mage-game-canadianhighlanderduel; mage-game-commanderduel; mage-game-commanderfreeforall; mage-game-freeforall; mage-game-freeformcommanderduel; mage-game-freeformcommanderfreeforall; mage-game-momirduel; mage-game-momirfreeforall; mage-game-oathbreakerfreeforall; mage-game-pennydreadfulcommanderfreeforall; mage-game-tinyleadersduel; mage-game-twoplayerduel; mage-player-ai; mage-player-ai-draftbot; mage-player-ai-ma; mage-player-ai-mcts; mage-player-aiminimax; mage-player-human; mage-server; mage-sets; mage-tests; mage-tournament-boosterdraft; mage-tournament-constructed; mage-tournament-sealed; mage-verify; mage.server.console; mage; mage-client; mage-common; mage-counter-plugin; mage-deck-constructed; mage-deck-limited; mage-game-brawlduel; mage-game-brawlfreeforall; mage-game-canadianhighlanderduel; mage-game-commanderduel; mage-game-commanderfreeforall; mage-game-freeforall; mage-game-freeformcommanderduel; mage-game-freeformcommanderfreeforall; mage-game-momirduel; mage-game-momirfreeforall; mage-game-pennydreadfulcommanderfreeforall; mage-game-tinyleadersduel; mage-game-twoplayerduel; mage-player-ai; mage-player-ai-draftbot; mage-player-ai-ma; mage-player-ai-mcts; mage-player-aiminimax; mage-player-human; mage-server; mage-sets; mage-tests; mage-tournament-boosterdraft; mage-tournament-constructed; mage-tournament-sealed; mage-verify; mage.server.console; mage; mage-client; mage-common; mage-counter-plugin; mage-deck-constructed; mage-deck-limited; mage-game-brawlduel; mage-game-brawlfreeforall; mage-game-canadianhighlanderduel; mage-game-commanderduel; mage-game-commanderfreeforall; mage-game-freeforall; mage-game-freeformcommanderfreeforall; mage-game-momirduel; mage-game-momirfreeforall; mage-game-pennydreadfulcommanderfreeforall; mage-game-tinyleadersduel; mage-game-twoplayerduel; mage-player-ai; mage-player-ai-draftbot; mage-player-ai-ma; mage-player-ai-mcts; mage-player-aiminimax; mage-player-human; mage-server; mage-sets; mage-stats; mage-tests; mage-tournament-boosterdraft; mage-tournament-constructed; mage-tournament-sealed; mage-verify; mage.server.console; mage; mage-client; mage-common; mage-counter-plugin; mage-deck-constructed; mage-deck-limited; mage-game-brawlduel; mage-game-brawlfreeforall; mage-game-canadianhighlanderduel; mage-game-commanderduel; mage-game-commanderfreeforall; mage-game-freeforall; mage-game-freeformcommanderfreeforall; mage-game-momirduel; mage-game-momirfreeforall; mage-game-pennydreadfulcommanderfreeforall; mage-game-tinyleadersduel; mage-game-twoplayerduel; mage-player-ai; mage-player-ai-draftbot; mage-player-ai-ma; mage-player-ai-mcts; mage-player-aiminimax; mage-player-human; mage-server; mage-sets; mage-tests; mage-tournament-boosterdraft; mage-tournament-constructed; mage-tournament-sealed; mage-verify; mage.server.console,41,1.4.197,2022-01-10 14:10:23.643000+00:00,2022-01-17 16:18:52+00:00,7.089217094907407,post_resolution,CVE-2018-14335; CVE-2021-42392; CVE-2022-23221,right_censored_no_later_version
52,mage,H2,4855,mage; mage-client; mage-common; mage-counter-plugin; mage-deck-constructed; mage-deck-limited; mage-game-brawlduel; mage-game-brawlfreeforall; mage-game-canadianhighlanderduel; mage-game-commanderduel; mage-game-commanderfreeforall; mage-game-custompillaroftheparunsduel; mage-game-freeforall; mage-game-freeformcommanderduel; mage-game-freeformcommanderfreeforall; mage-game-freeformunlimitedcommander; mage-game-momirduel; mage-game-momirfreeforall; mage-game-oathbreakerduel; mage-game-oathbreakerfreeforall; mage-game-pennydreadfulcommanderfreeforall; mage-game-tinyleadersduel; mage-game-twoplayerduel; mage-player-ai; mage-player-ai-draftbot; mage-player-ai-ma; mage-player-ai-mcts; mage-player-aiminimax; mage-player-human; mage-plugins; mage-reports; mage-root; mage-server; mage-server-plugins; mage-sets; mage-tests; mage-tournament-boosterdraft; mage-tournament-constructed; mage-tournament-sealed; mage-verify; mage.server.console; mage; mage-client; mage-common; mage-counter-plugin; mage-deck-constructed; mage-deck-limited; mage-game-brawlduel; mage-game-brawlfreeforall; mage-game-canadianhighlanderduel; mage-game-commanderduel; mage-game-commanderfreeforall; mage-game-custompillaroftheparunsduel; mage-game-freeforall; mage-game-freeformcommanderduel; mage-game-freeformcommanderfreeforall; mage-game-freeformunlimitedcommander; mage-game-momirduel; mage-game-momirfreeforall; mage-game-oathbreakerduel; mage-game-oathbreakerfreeforall; mage-game-pennydreadfulcommanderfreeforall; mage-game-tinyleadersduel; mage-game-twoplayerduel; mage-player-ai; mage-player-ai-draftbot; mage-player-ai-ma; mage-player-ai-mcts; mage-player-aiminimax; mage-player-human; mage-plugins; mage-root; mage-server; mage-server-plugins; mage-sets; mage-tests; mage-tournament-boosterdraft; mage-tournament-constructed; mage-tournament-sealed; mage-verify; mage.server.console; mage; mage-client; mage-common; mage-counter-plugin; mage-deck-constructed; mage-deck-limited; mage-game-brawlduel; mage-game-brawlfreeforall; mage-game-canadianhighlanderduel; mage-game-commanderduel; mage-game-commanderfreeforall; mage-game-custompillaroftheparunsduel; mage-game-freeforall; mage-game-freeformcommanderduel; mage-game-freeformcommanderfreeforall; mage-game-freeformunlimitedcommander; mage-game-momirduel; mage-game-momirfreeforall; mage-game-oathbreakerduel; mage-game-oathbreakerfreeforall; mage-game-pennydreadfulcommanderfreeforall; mage-game-tinyleadersduel; mage-game-twoplayerduel; mage-player-ai; mage-player-ai-draftbot; mage-player-ai-ma; mage-player-ai-mcts; mage-player-human; mage-plugins; mage-reports; mage-root; mage-server; mage-server-console; mage-server-plugins; mage-sets; mage-tests; mage-tournament-boosterdraft; mage-tournament-constructed; mage-tournament-sealed; mage-verify; mage; mage-client; mage-common; mage-counter-plugin; mage-deck-constructed; mage-deck-limited; mage-game-brawlduel; mage-game-brawlfreeforall; mage-game-canadianhighlanderduel; mage-game-commanderduel; mage-game-commanderfreeforall; mage-game-custompillaroftheparunsduel; mage-game-freeforall; mage-game-freeformcommanderduel; mage-game-freeformcommanderfreeforall; mage-game-freeformunlimitedcommander; mage-game-momirduel; mage-game-momirfreeforall; mage-game-oathbreakerduel; mage-game-oathbreakerfreeforall; mage-game-pennydreadfulcommanderfreeforall; mage-game-tinyleadersduel; mage-game-twoplayerduel; mage-player-ai; mage-player-ai-draftbot; mage-player-ai-ma; mage-player-ai-mcts; mage-player-human; mage-plugins; mage-reports; mage-root; mage-server; mage-server-plugins; mage-sets; mage-tests; mage-tournament-boosterdraft; mage-tournament-constructed; mage-tournament-sealed; mage-verify; mage.server.console; mage; mage-client; mage-common; mage-counter-plugin; mage-deck-constructed; mage-deck-limited; mage-game-brawlduel; mage-game-brawlfreeforall; mage-game-canadianhighlanderduel; mage-game-commanderduel; mage-game-commanderfreeforall; mage-game-freeforall; mage-game-freeformcommanderduel; mage-game-freeformcommanderfreeforall; mage-game-freeformunlimitedcommander; mage-game-momirduel; mage-game-momirfreeforall; mage-game-oathbreakerduel; mage-game-oathbreakerfreeforall; mage-game-pennydreadfulcommanderfreeforall; mage-game-tinyleadersduel; mage-game-twoplayerduel; mage-player-ai; mage-player-ai-draftbot; mage-player-ai-ma; mage-player-ai-mcts; mage-player-aiminimax; mage-player-human; mage-plugins; mage-root; mage-server; mage-server-plugins; mage-sets; mage-tests; mage-tournament-boosterdraft; mage-tournament-constructed; mage-tournament-sealed; mage-verify; mage.server.console; mage; mage-client; mage-common; mage-counter-plugin; mage-deck-constructed; mage-deck-limited; mage-game-brawlduel; mage-game-brawlfreeforall; mage-game-canadianhighlanderduel; mage-game-commanderduel; mage-game-commanderfreeforall; mage-game-freeforall; mage-game-freeformcommanderduel; mage-game-freeformcommanderfreeforall; mage-game-freeformunlimitedcommander; mage-game-momirduel; mage-game-momirfreeforall; mage-game-oathbreakerduel; mage-game-oathbreakerfreeforall; mage-game-pennydreadfulcommanderfreeforall; mage-game-tinyleadersduel; mage-game-twoplayerduel; mage-player-ai; mage-player-ai-draftbot; mage-player-ai-ma; mage-player-ai-mcts; mage-player-aiminimax; mage-player-human; mage-server; mage-sets; mage-tests; mage-tournament-boosterdraft; mage-tournament-constructed; mage-tournament-sealed; mage-verify; mage.server.console; mage; mage-client; mage-common; mage-counter-plugin; mage-deck-constructed; mage-deck-limited; mage-game-brawlduel; mage-game-brawlfreeforall; mage-game-canadianhighlanderduel; mage-game-commanderduel; mage-game-commanderfreeforall; mage-game-freeforall; mage-game-freeformcommanderduel; mage-game-freeformcommanderfreeforall; mage-game-momirduel; mage-game-momirfreeforall; mage-game-oathbreakerduel; mage-game-oathbreakerfreeforall; mage-game-pennydreadfulcommanderfreeforall; mage-game-tinyleadersduel; mage-game-twoplayerduel; mage-player-ai; mage-player-ai-draftbot; mage-player-ai-ma; mage-player-ai-mcts; mage-player-aiminimax; mage-player-human; mage-server; mage-sets; mage-tests; mage-tournament-boosterdraft; mage-tournament-constructed; mage-tournament-sealed; mage-verify; mage.server.console; mage; mage-client; mage-common; mage-counter-plugin; mage-deck-constructed; mage-deck-limited; mage-game-brawlduel; mage-game-brawlfreeforall; mage-game-canadianhighlanderduel; mage-game-commanderduel; mage-game-commanderfreeforall; mage-game-freeforall; mage-game-freeformcommanderduel; mage-game-freeformcommanderfreeforall; mage-game-momirduel; mage-game-momirfreeforall; mage-game-oathbreakerfreeforall; mage-game-pennydreadfulcommanderfreeforall; mage-game-tinyleadersduel; mage-game-twoplayerduel; mage-player-ai; mage-player-ai-draftbot; mage-player-ai-ma; mage-player-ai-mcts; mage-player-aiminimax; mage-player-human; mage-server; mage-sets; mage-tests; mage-tournament-boosterdraft; mage-tournament-constructed; mage-tournament-sealed; mage-verify; mage.server.console; mage; mage-client; mage-common; mage-counter-plugin; mage-deck-constructed; mage-deck-limited; mage-game-brawlduel; mage-game-brawlfreeforall; mage-game-canadianhighlanderduel; mage-game-commanderduel; mage-game-commanderfreeforall; mage-game-freeforall; mage-game-freeformcommanderduel; mage-game-freeformcommanderfreeforall; mage-game-momirduel; mage-game-momirfreeforall; mage-game-pennydreadfulcommanderfreeforall; mage-game-tinyleadersduel; mage-game-twoplayerduel; mage-player-ai; mage-player-ai-draftbot; mage-player-ai-ma; mage-player-ai-mcts; mage-player-aiminimax; mage-player-human; mage-server; mage-sets; mage-tests; mage-tournament-boosterdraft; mage-tournament-constructed; mage-tournament-sealed; mage-verify; mage.server.console; mage; mage-client; mage-common; mage-counter-plugin; mage-deck-constructed; mage-deck-limited; mage-game-brawlduel; mage-game-brawlfreeforall; mage-game-canadianhighlanderduel; mage-game-commanderduel; mage-game-commanderfreeforall; mage-game-freeforall; mage-game-freeformcommanderfreeforall; mage-game-momirduel; mage-game-momirfreeforall; mage-game-pennydreadfulcommanderfreeforall; mage-game-tinyleadersduel; mage-game-twoplayerduel; mage-player-ai; mage-player-ai-draftbot; mage-player-ai-ma; mage-player-ai-mcts; mage-player-aiminimax; mage-player-human; mage-server; mage-sets; mage-stats; mage-tests; mage-tournament-boosterdraft; mage-tournament-constructed; mage-tournament-sealed; mage-verify; mage.server.console; mage; mage-client; mage-common; mage-counter-plugin; mage-deck-constructed; mage-deck-limited; mage-game-brawlduel; mage-game-brawlfreeforall; mage-game-canadianhighlanderduel; mage-game-commanderduel; mage-game-commanderfreeforall; mage-game-freeforall; mage-game-freeformcommanderfreeforall; mage-game-momirduel; mage-game-momirfreeforall; mage-game-pennydreadfulcommanderfreeforall; mage-game-tinyleadersduel; mage-game-twoplayerduel; mage-player-ai; mage-player-ai-draftbot; mage-player-ai-ma; mage-player-ai-mcts; mage-player-aiminimax; mage-player-human; mage-server; mage-sets; mage-tests; mage-tournament-boosterdraft; mage-tournament-constructed; mage-tournament-sealed; mage-verify; mage.server.console,41,1.4.197,2022-01-17 16:18:52+00:00,2022-01-19 17:15:09+00:00,2.039085648148148,post_resolution,CVE-2018-14335; CVE-2021-42392; CVE-2022-23221,right_censored_no_later_version
52,mage,H2,4855,mage; mage-client; mage-common; mage-counter-plugin; mage-deck-constructed; mage-deck-limited; mage-game-brawlduel; mage-game-brawlfreeforall; mage-game-canadianhighlanderduel; mage-game-commanderduel; mage-game-commanderfreeforall; mage-game-custompillaroftheparunsduel; mage-game-freeforall; mage-game-freeformcommanderduel; mage-game-freeformcommanderfreeforall; mage-game-freeformunlimitedcommander; mage-game-momirduel; mage-game-momirfreeforall; mage-game-oathbreakerduel; mage-game-oathbreakerfreeforall; mage-game-pennydreadfulcommanderfreeforall; mage-game-tinyleadersduel; mage-game-twoplayerduel; mage-player-ai; mage-player-ai-draftbot; mage-player-ai-ma; mage-player-ai-mcts; mage-player-aiminimax; mage-player-human; mage-plugins; mage-reports; mage-root; mage-server; mage-server-plugins; mage-sets; mage-tests; mage-tournament-boosterdraft; mage-tournament-constructed; mage-tournament-sealed; mage-verify; mage.server.console; mage; mage-client; mage-common; mage-counter-plugin; mage-deck-constructed; mage-deck-limited; mage-game-brawlduel; mage-game-brawlfreeforall; mage-game-canadianhighlanderduel; mage-game-commanderduel; mage-game-commanderfreeforall; mage-game-custompillaroftheparunsduel; mage-game-freeforall; mage-game-freeformcommanderduel; mage-game-freeformcommanderfreeforall; mage-game-freeformunlimitedcommander; mage-game-momirduel; mage-game-momirfreeforall; mage-game-oathbreakerduel; mage-game-oathbreakerfreeforall; mage-game-pennydreadfulcommanderfreeforall; mage-game-tinyleadersduel; mage-game-twoplayerduel; mage-player-ai; mage-player-ai-draftbot; mage-player-ai-ma; mage-player-ai-mcts; mage-player-aiminimax; mage-player-human; mage-plugins; mage-root; mage-server; mage-server-plugins; mage-sets; mage-tests; mage-tournament-boosterdraft; mage-tournament-constructed; mage-tournament-sealed; mage-verify; mage.server.console; mage; mage-client; mage-common; mage-counter-plugin; mage-deck-constructed; mage-deck-limited; mage-game-brawlduel; mage-game-brawlfreeforall; mage-game-canadianhighlanderduel; mage-game-commanderduel; mage-game-commanderfreeforall; mage-game-custompillaroftheparunsduel; mage-game-freeforall; mage-game-freeformcommanderduel; mage-game-freeformcommanderfreeforall; mage-game-freeformunlimitedcommander; mage-game-momirduel; mage-game-momirfreeforall; mage-game-oathbreakerduel; mage-game-oathbreakerfreeforall; mage-game-pennydreadfulcommanderfreeforall; mage-game-tinyleadersduel; mage-game-twoplayerduel; mage-player-ai; mage-player-ai-draftbot; mage-player-ai-ma; mage-player-ai-mcts; mage-player-human; mage-plugins; mage-reports; mage-root; mage-server; mage-server-console; mage-server-plugins; mage-sets; mage-tests; mage-tournament-boosterdraft; mage-tournament-constructed; mage-tournament-sealed; mage-verify; mage; mage-client; mage-common; mage-counter-plugin; mage-deck-constructed; mage-deck-limited; mage-game-brawlduel; mage-game-brawlfreeforall; mage-game-canadianhighlanderduel; mage-game-commanderduel; mage-game-commanderfreeforall; mage-game-custompillaroftheparunsduel; mage-game-freeforall; mage-game-freeformcommanderduel; mage-game-freeformcommanderfreeforall; mage-game-freeformunlimitedcommander; mage-game-momirduel; mage-game-momirfreeforall; mage-game-oathbreakerduel; mage-game-oathbreakerfreeforall; mage-game-pennydreadfulcommanderfreeforall; mage-game-tinyleadersduel; mage-game-twoplayerduel; mage-player-ai; mage-player-ai-draftbot; mage-player-ai-ma; mage-player-ai-mcts; mage-player-human; mage-plugins; mage-reports; mage-root; mage-server; mage-server-plugins; mage-sets; mage-tests; mage-tournament-boosterdraft; mage-tournament-constructed; mage-tournament-sealed; mage-verify; mage.server.console; mage; mage-client; mage-common; mage-counter-plugin; mage-deck-constructed; mage-deck-limited; mage-game-brawlduel; mage-game-brawlfreeforall; mage-game-canadianhighlanderduel; mage-game-commanderduel; mage-game-commanderfreeforall; mage-game-freeforall; mage-game-freeformcommanderduel; mage-game-freeformcommanderfreeforall; mage-game-freeformunlimitedcommander; mage-game-momirduel; mage-game-momirfreeforall; mage-game-oathbreakerduel; mage-game-oathbreakerfreeforall; mage-game-pennydreadfulcommanderfreeforall; mage-game-tinyleadersduel; mage-game-twoplayerduel; mage-player-ai; mage-player-ai-draftbot; mage-player-ai-ma; mage-player-ai-mcts; mage-player-aiminimax; mage-player-human; mage-plugins; mage-root; mage-server; mage-server-plugins; mage-sets; mage-tests; mage-tournament-boosterdraft; mage-tournament-constructed; mage-tournament-sealed; mage-verify; mage.server.console; mage; mage-client; mage-common; mage-counter-plugin; mage-deck-constructed; mage-deck-limited; mage-game-brawlduel; mage-game-brawlfreeforall; mage-game-canadianhighlanderduel; mage-game-commanderduel; mage-game-commanderfreeforall; mage-game-freeforall; mage-game-freeformcommanderduel; mage-game-freeformcommanderfreeforall; mage-game-freeformunlimitedcommander; mage-game-momirduel; mage-game-momirfreeforall; mage-game-oathbreakerduel; mage-game-oathbreakerfreeforall; mage-game-pennydreadfulcommanderfreeforall; mage-game-tinyleadersduel; mage-game-twoplayerduel; mage-player-ai; mage-player-ai-draftbot; mage-player-ai-ma; mage-player-ai-mcts; mage-player-aiminimax; mage-player-human; mage-server; mage-sets; mage-tests; mage-tournament-boosterdraft; mage-tournament-constructed; mage-tournament-sealed; mage-verify; mage.server.console; mage; mage-client; mage-common; mage-counter-plugin; mage-deck-constructed; mage-deck-limited; mage-game-brawlduel; mage-game-brawlfreeforall; mage-game-canadianhighlanderduel; mage-game-commanderduel; mage-game-commanderfreeforall; mage-game-freeforall; mage-game-freeformcommanderduel; mage-game-freeformcommanderfreeforall; mage-game-momirduel; mage-game-momirfreeforall; mage-game-oathbreakerduel; mage-game-oathbreakerfreeforall; mage-game-pennydreadfulcommanderfreeforall; mage-game-tinyleadersduel; mage-game-twoplayerduel; mage-player-ai; mage-player-ai-draftbot; mage-player-ai-ma; mage-player-ai-mcts; mage-player-aiminimax; mage-player-human; mage-server; mage-sets; mage-tests; mage-tournament-boosterdraft; mage-tournament-constructed; mage-tournament-sealed; mage-verify; mage.server.console; mage; mage-client; mage-common; mage-counter-plugin; mage-deck-constructed; mage-deck-limited; mage-game-brawlduel; mage-game-brawlfreeforall; mage-game-canadianhighlanderduel; mage-game-commanderduel; mage-game-commanderfreeforall; mage-game-freeforall; mage-game-freeformcommanderduel; mage-game-freeformcommanderfreeforall; mage-game-momirduel; mage-game-momirfreeforall; mage-game-oathbreakerfreeforall; mage-game-pennydreadfulcommanderfreeforall; mage-game-tinyleadersduel; mage-game-twoplayerduel; mage-player-ai; mage-player-ai-draftbot; mage-player-ai-ma; mage-player-ai-mcts; mage-player-aiminimax; mage-player-human; mage-server; mage-sets; mage-tests; mage-tournament-boosterdraft; mage-tournament-constructed; mage-tournament-sealed; mage-verify; mage.server.console; mage; mage-client; mage-common; mage-counter-plugin; mage-deck-constructed; mage-deck-limited; mage-game-brawlduel; mage-game-brawlfreeforall; mage-game-canadianhighlanderduel; mage-game-commanderduel; mage-game-commanderfreeforall; mage-game-freeforall; mage-game-freeformcommanderduel; mage-game-freeformcommanderfreeforall; mage-game-momirduel; mage-game-momirfreeforall; mage-game-pennydreadfulcommanderfreeforall; mage-game-tinyleadersduel; mage-game-twoplayerduel; mage-player-ai; mage-player-ai-draftbot; mage-player-ai-ma; mage-player-ai-mcts; mage-player-aiminimax; mage-player-human; mage-server; mage-sets; mage-tests; mage-tournament-boosterdraft; mage-tournament-constructed; mage-tournament-sealed; mage-verify; mage.server.console; mage; mage-client; mage-common; mage-counter-plugin; mage-deck-constructed; mage-deck-limited; mage-game-brawlduel; mage-game-brawlfreeforall; mage-game-canadianhighlanderduel; mage-game-commanderduel; mage-game-commanderfreeforall; mage-game-freeforall; mage-game-freeformcommanderfreeforall; mage-game-momirduel; mage-game-momirfreeforall; mage-game-pennydreadfulcommanderfreeforall; mage-game-tinyleadersduel; mage-game-twoplayerduel; mage-player-ai; mage-player-ai-draftbot; mage-player-ai-ma; mage-player-ai-mcts; mage-player-aiminimax; mage-player-human; mage-server; mage-sets; mage-stats; mage-tests; mage-tournament-boosterdraft; mage-tournament-constructed; mage-tournament-sealed; mage-verify; mage.server.console; mage; mage-client; mage-common; mage-counter-plugin; mage-deck-constructed; mage-deck-limited; mage-game-brawlduel; mage-game-brawlfreeforall; mage-game-canadianhighlanderduel; mage-game-commanderduel; mage-game-commanderfreeforall; mage-game-freeforall; mage-game-freeformcommanderfreeforall; mage-game-momirduel; mage-game-momirfreeforall; mage-game-pennydreadfulcommanderfreeforall; mage-game-tinyleadersduel; mage-game-twoplayerduel; mage-player-ai; mage-player-ai-draftbot; mage-player-ai-ma; mage-player-ai-mcts; mage-player-aiminimax; mage-player-human; mage-server; mage-sets; mage-tests; mage-tournament-boosterdraft; mage-tournament-constructed; mage-tournament-sealed; mage-verify; mage.server.console,41,1.4.197,2022-01-19 17:15:09+00:00,2025-10-06 00:00:00+00:00,1355.2811458333333,post_resolution,CVE-2018-14335; CVE-2021-42392; CVE-2022-23221,right_censored_no_later_version
52,mage,H2,4856,mage; mage-client; mage-common; mage-counter-plugin; mage-deck-constructed; mage-deck-limited; mage-game-brawlduel; mage-game-brawlfreeforall; mage-game-canadianhighlanderduel; mage-game-commanderduel; mage-game-commanderfreeforall; mage-game-freeforall; mage-game-freeformcommanderduel; mage-game-freeformcommanderfreeforall; mage-game-freeformunlimitedcommander; mage-game-momirduel; mage-game-momirfreeforall; mage-game-oathbreakerduel; mage-game-oathbreakerfreeforall; mage-game-pennydreadfulcommanderfreeforall; mage-game-tinyleadersduel; mage-game-twoplayerduel; mage-player-ai; mage-player-ai-draftbot; mage-player-ai-ma; mage-player-ai-mcts; mage-player-aiminimax; mage-player-human; mage-server; mage-sets; mage-tests; mage-tournament-boosterdraft; mage-tournament-constructed; mage-tournament-sealed; mage-verify; mage.server.console,36,1.4.200,2020-08-15 00:00:00+00:00,2020-08-18 00:00:00+00:00,3.0,pre_disclosure,CVE-2021-23463; CVE-2021-42392; CVE-2022-23221; CVE-2022-45868,version_changed
52,mage,SQLite,4857,mage-client; mage-common; mage-counter-plugin; mage-rating-plugin; mage-server; mage-tests; mage-theme-plugin; mage.server.console; mage-server; mage-stats; mage-tests; mage; mage-client; mage-common; mage-counter-plugin; mage-deck-constructed; mage-deck-limited; mage-game-commanderduel; mage-game-commanderfreeforall; mage-game-freeforall; mage-game-twoplayerduel; mage-player-ai; mage-player-ai-draftbot; mage-player-ai-ma; mage-player-ai-mcts; mage-player-aiminimax; mage-player-human; mage-server; mage-sets; mage-tests; mage-theme-plugin; mage-tournament-boosterdraft; mage-tournament-constructed; mage-tournament-sealed; mage.server.console; mage; mage-client; mage-common; mage-counter-plugin; mage-deck-constructed; mage-deck-limited; mage-game-commanderduel; mage-game-freeforall; mage-game-twoplayerduel; mage-player-ai; mage-player-ai-draftbot; mage-player-ai-ma; mage-player-ai-mcts; mage-player-aiminimax; mage-player-human; mage-server; mage-sets; mage-tests; mage-theme-plugin; mage-tournament-boosterdraft; mage-tournament-constructed; mage-tournament-sealed; mage.server.console; mage; mage-client; mage-common; mage-counter-plugin; mage-deck-constructed; mage-deck-limited; mage-game-commanderduel; mage-game-freeforall; mage-game-twoplayerduel; mage-player-ai; mage-player-ai-draftbot; mage-player-ai-ma; mage-player-ai-mcts; mage-player-aiminimax; mage-player-human; mage-server; mage-sets; mage-tests; mage-theme-plugin; mage-tournament-boosterdraft; mage-tournament-sealed; mage.server.console; mage; mage-client; mage-common; mage-counter-plugin; mage-deck-constructed; mage-deck-limited; mage-game-freeforall; mage-game-twoplayerduel; mage-player-ai; mage-player-ai-draftbot; mage-player-ai-ma; mage-player-ai-mcts; mage-player-aiminimax; mage-player-human; mage-rating-plugin; mage-server; mage-sets; mage-tests; mage-theme-plugin; mage-tournament-boosterdraft; mage-tournament-sealed; mage.server.console; mage; mage-client; mage-common; mage-counter-plugin; mage-deck-constructed; mage-deck-limited; mage-game-freeforall; mage-game-twoplayerduel; mage-player-ai; mage-player-ai-draftbot; mage-player-ai-ma; mage-player-ai-mcts; mage-player-aiminimax; mage-player-human; mage-server; mage-sets; mage-tests; mage-theme-plugin; mage-tournament-boosterdraft; mage-tournament-sealed; mage.server.console,24,3.7.2,2012-07-24 00:00:00+00:00,2018-10-21 00:00:00+00:00,2280.0,pre_disclosure,CVE-2023-32697,version_changed
52,mage,SQLite,4858,mage-server; mage-stats; mage-tests; mage-server; mage-tests,3,3.25.2,2018-10-21 00:00:00+00:00,2020-08-15 00:00:00+00:00,664.0,pre_disclosure,CVE-2023-32697,version_changed
52,mage,SQLite,4859,mage-server; mage-tests,2,3.32.3.1,2020-07-28 00:00:00+00:00,2020-08-18 00:00:00+00:00,21.0,pre_disclosure,CVE-2023-32697,version_changed
52,mage,SQLite,4860,mage-server; mage-tests; mage-server; mage-tests; mage-verify,3,3.32.3.2,2020-08-15 00:00:00+00:00,2023-05-19 10:50:50+00:00,1007.4519675925926,pre_disclosure,CVE-2023-32697,right_censored_no_later_version
52,mage,SQLite,4860,mage-server; mage-tests; mage-server; mage-tests; mage-verify,3,3.32.3.2,2023-05-19 10:50:50+00:00,2023-05-23 23:15:09.337000+00:00,4.516890474537037,post_resolution,CVE-2023-32697,right_censored_no_later_version
52,mage,SQLite,4860,mage-server; mage-tests; mage-server; mage-tests; mage-verify,3,3.32.3.2,2023-05-23 23:15:09.337000+00:00,2025-10-06 00:00:00+00:00,866.0311419328704,post_resolution,CVE-2023-32697,right_censored_no_later_version
53,manifold,H2,4861,manifold-sql-inproc-test; manifold-sql-test; manifold-sql-test; manifold-sql-test-res,2,2.1.214,2023-06-26 00:00:00+00:00,2023-07-05 14:57:30+00:00,9.62326388888889,post_disclosure,CVE-2022-45868,version_changed
53,manifold,H2,4861,manifold-sql-inproc-test; manifold-sql-test; manifold-sql-test; manifold-sql-test-res,2,2.1.214,2023-07-05 14:57:30+00:00,2024-07-06 00:00:00+00:00,366.3767361111111,post_resolution,CVE-2022-45868,version_changed
53,manifold,MS SQL Server_Microsoft Azure SQL Database,4863,manifold-sql-outproc-test; manifold-sql-test,1,12.4.1.jre8,2023-10-09 00:00:00+00:00,2023-11-04 00:00:00+00:00,26.0,pre_disclosure,CVE-2025-59250,right_censored_no_later_version
53,manifold,MySQL,4865,manifold-sql-outproc-test; manifold-sql-test,1,8.0.33,2023-09-26 00:00:00+00:00,2023-10-17 22:15:15.100000+00:00,21.92725810185185,pre_disclosure,CVE-2023-22102,right_censored_no_later_version
53,manifold,MySQL,4865,manifold-sql-outproc-test; manifold-sql-test,1,8.0.33,2023-10-17 22:15:15.100000+00:00,2023-10-25 08:46:05+00:00,7.438077546296297,post_disclosure,CVE-2023-22102,right_censored_no_later_version
53,manifold,MySQL,4865,manifold-sql-outproc-test; manifold-sql-test,1,8.0.33,2023-10-25 08:46:05+00:00,2023-11-04 00:00:00+00:00,9.634664351851852,post_resolution,CVE-2023-22102,right_censored_no_later_version
53,manifold,PostgreSQL,4867,manifold-sql-outproc-test; manifold-sql-test,1,42.6.0,2023-09-26 00:00:00+00:00,2023-11-04 00:00:00+00:00,39.0,pre_disclosure,CVE-2026-42198,right_censored_no_later_version
53,manifold,SQLite,4868,manifold-sql-test,1,3.39.4.1,2023-06-23 00:00:00+00:00,2023-06-24 00:00:00+00:00,1.0,post_resolution,CVE-2023-32697,version_changed
53,manifold,SQLite,4870,manifold-sql-inproc-test; manifold-sql-test,1,3.40.1.0,2023-08-31 00:00:00+00:00,2024-11-11 00:00:00+00:00,438.0,post_resolution,CVE-2023-32697,right_censored_no_later_version
54,OpenID-Connect-Java-Spring-Server,HyperSQL,4871,openid-connect-server-webapp,1,2.2.9,2014-08-06 00:00:00+00:00,2016-12-22 00:00:00+00:00,869.0,pre_disclosure,CVE-2022-41853,version_changed
54,OpenID-Connect-Java-Spring-Server,HyperSQL,4872,openid-connect-server-webapp; openid-connect-server; openid-connect-server-webapp,2,2.3.4,2016-12-22 00:00:00+00:00,2022-04-19 00:00:00+00:00,1944.0,pre_disclosure,CVE-2022-41853,right_censored_no_later_version
55,moquette,H2,4873,moquette-broker,1,1.4.191,2016-05-16 00:00:00+00:00,2018-07-24 13:29:00.603000+00:00,799.5618125347222,pre_disclosure,CVE-2018-14335; CVE-2021-42392; CVE-2022-23221,version_changed
55,moquette,H2,4873,moquette-broker,1,1.4.191,2018-07-24 13:29:00.603000+00:00,2019-02-22 14:41:59+00:00,213.0506758912037,post_disclosure,CVE-2018-14335; CVE-2021-42392; CVE-2022-23221,version_changed
55,moquette,H2,4873,moquette-broker,1,1.4.191,2019-02-22 14:41:59+00:00,2020-11-02 00:00:00+00:00,618.3875115740741,post_resolution,CVE-2018-14335; CVE-2021-42392; CVE-2022-23221,version_changed
55,moquette,H2,4874,distribution; moquette-h2-storage; distribution; moquette-h2-storage; moquette-osgi-test; moquette-h2-storage,3,1.4.192,2017-06-02 00:00:00+00:00,2018-07-24 13:29:00.603000+00:00,417.5618125347222,pre_disclosure,CVE-2018-14335; CVE-2021-42392; CVE-2022-23221,version_changed
55,moquette,H2,4874,distribution; moquette-h2-storage; distribution; moquette-h2-storage; moquette-osgi-test; moquette-h2-storage,3,1.4.192,2018-07-24 13:29:00.603000+00:00,2019-02-22 14:41:59+00:00,213.0506758912037,post_disclosure,CVE-2018-14335; CVE-2021-42392; CVE-2022-23221,version_changed
55,moquette,H2,4874,distribution; moquette-h2-storage; distribution; moquette-h2-storage; moquette-osgi-test; moquette-h2-storage,3,1.4.192,2019-02-22 14:41:59+00:00,2020-11-02 00:00:00+00:00,618.3875115740741,post_resolution,CVE-2018-14335; CVE-2021-42392; CVE-2022-23221,version_changed
55,moquette,H2,4875,distribution; embedded_test; moquette-broker,3,1.4.199,2020-11-02 00:00:00+00:00,2021-11-29 11:00:04+00:00,392.45837962962963,pre_disclosure,CVE-2021-23463; CVE-2021-42392; CVE-2022-23221; CVE-2022-45868,version_changed
55,moquette,H2,4875,distribution; embedded_test; moquette-broker,3,1.4.199,2021-11-29 11:00:04+00:00,2021-12-10 20:15:07.917000+00:00,11.385462002314815,post_resolution,CVE-2021-23463; CVE-2021-42392; CVE-2022-23221; CVE-2022-45868,version_changed
55,moquette,H2,4875,distribution; embedded_test; moquette-broker,3,1.4.199,2021-12-10 20:15:07.917000+00:00,2022-01-04 20:53:00+00:00,25.026297256944446,post_resolution,CVE-2021-23463; CVE-2021-42392; CVE-2022-23221; CVE-2022-45868,version_changed
55,moquette,H2,4875,distribution; embedded_test; moquette-broker,3,1.4.199,2022-01-04 20:53:00+00:00,2022-01-10 14:10:23.643000+00:00,5.720412534722222,post_resolution,CVE-2021-23463; CVE-2021-42392; CVE-2022-23221; CVE-2022-45868,version_changed
55,moquette,H2,4875,distribution; embedded_test; moquette-broker,3,1.4.199,2022-01-10 14:10:23.643000+00:00,2022-01-17 16:18:52+00:00,7.089217094907407,post_resolution,CVE-2021-23463; CVE-2021-42392; CVE-2022-23221; CVE-2022-45868,version_changed
55,moquette,H2,4875,distribution; embedded_test; moquette-broker,3,1.4.199,2022-01-17 16:18:52+00:00,2022-01-19 17:15:09+00:00,2.039085648148148,post_resolution,CVE-2021-23463; CVE-2021-42392; CVE-2022-23221; CVE-2022-45868,version_changed
55,moquette,H2,4875,distribution; embedded_test; moquette-broker,3,1.4.199,2022-01-19 17:15:09+00:00,2022-06-03 00:00:00+00:00,134.28114583333334,post_resolution,CVE-2021-23463; CVE-2021-42392; CVE-2022-23221; CVE-2022-45868,version_changed
55,moquette,H2,4876,distribution; embedded_test; moquette-broker,3,2.1.212,2022-06-03 00:00:00+00:00,2022-11-23 21:15:11.360000+00:00,173.88554814814813,pre_disclosure,CVE-2022-45868,version_changed
55,moquette,H2,4876,distribution; embedded_test; moquette-broker,3,2.1.212,2022-11-23 21:15:11.360000+00:00,2023-07-05 14:57:30+00:00,223.73771574074075,post_disclosure,CVE-2022-45868,version_changed
55,moquette,H2,4876,distribution; embedded_test; moquette-broker,3,2.1.212,2023-07-05 14:57:30+00:00,2024-12-27 00:00:00+00:00,540.3767361111111,post_resolution,CVE-2022-45868,version_changed
55,moquette,H2,4877,distribution; embedded_test; moquette-broker; distribution; embedded_test; moquette-broker; moquette-metrics-prometheus,4,2.1.214,2024-12-27 00:00:00+00:00,2025-08-11 00:00:00+00:00,227.0,post_resolution,CVE-2022-45868,right_censored_no_later_version
55,moquette,Hazelcast,4878,distribution; moquette-broker; moquette-embedded-test,3,3.5,2016-07-22 00:00:00+00:00,2016-12-12 00:00:00+00:00,143.0,pre_disclosure,CVE-2016-10750; CVE-2023-33265; CVE-2023-45860,version_changed
55,moquette,Hazelcast,4879,distribution; moquette-broker; moquette-embedded-test; distribution; moquette-broker; moquette-embedded-test; moquette-h2-storage; moquette-mapdb-storage; moquette-osgi-test; moquette-performance; distribution; moquette-broker; moquette-embedded-test; moquette-mapdb-storage; moquette-osgi-test; moquette-performance; distribution; moquette-broker; moquette-embedded-test; moquette-osgi-test; distribution; moquette-broker; moquette-embedded-test; moquette-osgi-test; moquette-performance,7,3.5.4,2016-07-22 00:00:00+00:00,2017-08-24 00:00:00+00:00,398.0,pre_disclosure,CVE-2016-10750; CVE-2023-33265; CVE-2023-45860,right_censored_no_later_version
56,morphia,MongoDB,4880,examples; morphia-core,2,4.0.0-beta1,2020-01-20 00:00:00+00:00,2020-02-23 00:00:00+00:00,34.0,pre_disclosure,CVE-2021-20328,version_changed
56,morphia,MongoDB,4881,examples; morphia-core,2,4.0.0-rc0,2020-02-23 00:00:00+00:00,2020-03-12 00:00:00+00:00,18.0,pre_disclosure,CVE-2021-20328,version_changed
56,morphia,MongoDB,4882,examples; morphia-core,2,4.0.0,2020-03-06 00:00:00+00:00,2020-04-30 00:00:00+00:00,55.0,pre_disclosure,CVE-2021-20328,version_changed
56,morphia,MongoDB,4883,examples; legacy-tests; morphia-core; examples; morphia-core,3,4.0.2,2020-04-30 00:00:00+00:00,2020-09-18 00:00:00+00:00,141.0,pre_disclosure,CVE-2021-20328,version_changed
56,morphia,MongoDB,4884,examples; legacy-tests; morphia-core,3,4.0.5,2020-09-18 00:00:00+00:00,2020-12-13 00:00:00+00:00,86.0,pre_disclosure,CVE-2021-20328,version_changed
57,light-4j,H2,4911,data-source; datasource,1,1.4.196,2018-06-17 00:00:00+00:00,2018-07-24 13:29:00.603000+00:00,37.56181253472222,pre_disclosure,CVE-2018-14335; CVE-2021-42392; CVE-2022-23221,version_changed
57,light-4j,H2,4911,data-source; datasource,1,1.4.196,2018-07-24 13:29:00.603000+00:00,2019-02-22 14:41:59+00:00,213.0506758912037,post_disclosure,CVE-2018-14335; CVE-2021-42392; CVE-2022-23221,version_changed
57,light-4j,H2,4911,data-source; datasource,1,1.4.196,2019-02-22 14:41:59+00:00,2022-01-04 20:53:00+00:00,1047.257650462963,post_resolution,CVE-2018-14335; CVE-2021-42392; CVE-2022-23221,version_changed
57,light-4j,H2,4911,data-source; datasource,1,1.4.196,2022-01-04 20:53:00+00:00,2022-01-07 00:00:00+00:00,2.129861111111111,post_resolution,CVE-2018-14335; CVE-2021-42392; CVE-2022-23221,version_changed
57,light-4j,H2,4912,data-source,1,2.0.206,2022-01-07 00:00:00+00:00,2022-01-17 16:18:52+00:00,10.679768518518518,pre_disclosure,CVE-2022-23221; CVE-2022-45868,version_changed
57,light-4j,H2,4912,data-source,1,2.0.206,2022-01-17 16:18:52+00:00,2022-01-19 17:15:09+00:00,2.039085648148148,post_resolution,CVE-2022-23221; CVE-2022-45868,version_changed
57,light-4j,H2,4912,data-source,1,2.0.206,2022-01-19 17:15:09+00:00,2022-01-23 00:00:00+00:00,3.2811458333333334,post_resolution,CVE-2022-23221; CVE-2022-45868,version_changed
57,light-4j,H2,4913,data-source,1,2.1.210,2022-01-23 00:00:00+00:00,2022-11-23 21:15:11.360000+00:00,304.88554814814813,pre_disclosure,CVE-2022-45868,version_changed
57,light-4j,H2,4913,data-source,1,2.1.210,2022-11-23 21:15:11.360000+00:00,2023-04-05 00:00:00+00:00,132.11445185185187,post_disclosure,CVE-2022-45868,version_changed
57,light-4j,H2,4914,data-source; data-source; db-provider,2,2.1.214,2023-04-05 00:00:00+00:00,2023-07-05 14:57:30+00:00,91.62326388888889,post_disclosure,CVE-2022-45868,version_changed
57,light-4j,H2,4914,data-source; data-source; db-provider,2,2.1.214,2023-07-05 14:57:30+00:00,2023-08-16 00:00:00+00:00,41.376736111111114,post_resolution,CVE-2022-45868,version_changed
57,light-4j,MySQL,4917,data-source; datasource,1,6.0.5,2018-06-17 00:00:00+00:00,2018-09-27 09:18:47+00:00,102.38804398148149,pre_disclosure,CVE-2018-3258; CVE-2019-2692; CVE-2021-2471; CVE-2022-21363; CVE-2023-22102,version_changed
57,light-4j,MySQL,4917,data-source; datasource,1,6.0.5,2018-09-27 09:18:47+00:00,2018-10-17 01:31:27.230000+00:00,19.675465625,post_resolution,CVE-2018-3258; CVE-2019-2692; CVE-2021-2471; CVE-2022-21363; CVE-2023-22102,version_changed
57,light-4j,MySQL,4917,data-source; datasource,1,6.0.5,2018-10-17 01:31:27.230000+00:00,2019-03-20 19:08:52+00:00,154.73431446759258,post_resolution,CVE-2018-3258; CVE-2019-2692; CVE-2021-2471; CVE-2022-21363; CVE-2023-22102,version_changed
57,light-4j,MySQL,4917,data-source; datasource,1,6.0.5,2019-03-20 19:08:52+00:00,2019-04-23 19:32:55.880000+00:00,34.01671157407407,post_resolution,CVE-2018-3258; CVE-2019-2692; CVE-2021-2471; CVE-2022-21363; CVE-2023-22102,version_changed
57,light-4j,MySQL,4917,data-source; datasource,1,6.0.5,2019-04-23 19:32:55.880000+00:00,2020-07-02 00:00:00+00:00,435.1854643518518,post_resolution,CVE-2018-3258; CVE-2019-2692; CVE-2021-2471; CVE-2022-21363; CVE-2023-22102,version_changed
57,light-4j,MySQL,4918,data-source,1,8.0.16,2020-07-02 00:00:00+00:00,2020-07-14 00:00:00+00:00,12.0,post_disclosure,CVE-2020-2934; CVE-2021-2471; CVE-2022-21363; CVE-2023-22102,version_changed
57,light-4j,MySQL,4918,data-source,1,8.0.16,2020-07-14 00:00:00+00:00,2021-09-28 18:17:43+00:00,441.7623032407407,post_resolution,CVE-2020-2934; CVE-2021-2471; CVE-2022-21363; CVE-2023-22102,version_changed
57,light-4j,MySQL,4918,data-source,1,8.0.16,2021-09-28 18:17:43+00:00,2021-10-20 11:16:17.117000+00:00,21.70733931712963,post_resolution,CVE-2020-2934; CVE-2021-2471; CVE-2022-21363; CVE-2023-22102,version_changed
57,light-4j,MySQL,4918,data-source,1,8.0.16,2021-10-20 11:16:17.117000+00:00,2021-12-16 00:25:41+00:00,56.548193090277785,post_resolution,CVE-2020-2934; CVE-2021-2471; CVE-2022-21363; CVE-2023-22102,version_changed
57,light-4j,MySQL,4918,data-source,1,8.0.16,2021-12-16 00:25:41+00:00,2022-01-19 12:15:15.680000+00:00,34.492762500000005,post_resolution,CVE-2020-2934; CVE-2021-2471; CVE-2022-21363; CVE-2023-22102,version_changed
57,light-4j,MySQL,4918,data-source,1,8.0.16,2022-01-19 12:15:15.680000+00:00,2022-11-30 00:00:00+00:00,314.4894018518519,post_resolution,CVE-2020-2934; CVE-2021-2471; CVE-2022-21363; CVE-2023-22102,version_changed
57,light-4j,MySQL,4919,data-source,1,8.0.28,2022-11-29 00:00:00+00:00,2023-02-14 00:00:00+00:00,77.0,pre_disclosure,CVE-2023-22102,version_changed
57,light-4j,MySQL,4920,data-source,1,8.0.32,2023-02-08 00:00:00+00:00,2023-10-17 22:15:15.100000+00:00,251.92725810185186,pre_disclosure,CVE-2023-22102,version_changed
57,light-4j,MySQL,4920,data-source,1,8.0.32,2023-10-17 22:15:15.100000+00:00,2023-10-25 08:46:05+00:00,7.438077546296297,post_disclosure,CVE-2023-22102,version_changed
57,light-4j,MySQL,4920,data-source,1,8.0.32,2023-10-25 08:46:05+00:00,2025-05-26 00:00:00+00:00,578.6346643518518,post_resolution,CVE-2023-22102,version_changed
57,light-4j,PostgreSQL,4922,data-source; datasource,1,9.4.1211,2018-06-17 00:00:00+00:00,2018-08-27 15:43:21+00:00,71.65510416666666,pre_disclosure,CVE-2018-10936; CVE-2020-13692; CVE-2022-41946,version_changed
57,light-4j,PostgreSQL,4922,data-source; datasource,1,9.4.1211,2018-08-27 15:43:21+00:00,2018-08-30 13:29:00.377000+00:00,2.906705752314815,post_resolution,CVE-2018-10936; CVE-2020-13692; CVE-2022-41946,version_changed
57,light-4j,PostgreSQL,4922,data-source; datasource,1,9.4.1211,2018-08-30 13:29:00.377000+00:00,2020-06-04 13:16:11+00:00,643.9910951736111,post_resolution,CVE-2018-10936; CVE-2020-13692; CVE-2022-41946,version_changed
57,light-4j,PostgreSQL,4922,data-source; datasource,1,9.4.1211,2020-06-04 13:16:11+00:00,2020-06-04 16:15:12.657000+00:00,0.12432473379629629,post_resolution,CVE-2018-10936; CVE-2020-13692; CVE-2022-41946,version_changed
57,light-4j,PostgreSQL,4922,data-source; datasource,1,9.4.1211,2020-06-04 16:15:12.657000+00:00,2022-02-01 00:00:00+00:00,606.3227701736112,post_resolution,CVE-2018-10936; CVE-2020-13692; CVE-2022-41946,version_changed
57,light-4j,PostgreSQL,4923,data-source,1,42.2.25,2022-02-01 00:00:00+00:00,2022-02-15 19:06:43+00:00,14.796331018518519,pre_disclosure,CVE-2022-26520; CVE-2026-42198; GHSA-673j-qm5f-xpv8,version_changed
57,light-4j,PostgreSQL,4923,data-source,1,42.2.25,2022-02-15 19:06:43+00:00,2022-02-16 00:00:00+00:00,0.2036689814814815,post_resolution,CVE-2022-26520; CVE-2026-42198; GHSA-673j-qm5f-xpv8,version_changed
57,light-4j,PostgreSQL,4924,data-source,1,42.3.3,2022-02-16 00:00:00+00:00,2022-08-03 19:15:08.630000+00:00,168.8021832175926,pre_disclosure,CVE-2022-31197; CVE-2022-41946; CVE-2026-42198,version_changed
57,light-4j,PostgreSQL,4924,data-source,1,42.3.3,2022-08-03 19:15:08.630000+00:00,2022-08-08 00:00:00+00:00,4.197816782407408,post_disclosure,CVE-2022-31197; CVE-2022-41946; CVE-2026-42198,version_changed
57,light-4j,PostgreSQL,4925,data-source,1,42.4.1,2022-08-08 00:00:00+00:00,2022-11-29 00:00:00+00:00,113.0,pre_disclosure,CVE-2026-42198,version_changed
57,light-4j,PostgreSQL,4926,data-source,1,42.4.3,2022-11-29 00:00:00+00:00,2023-02-14 00:00:00+00:00,77.0,pre_disclosure,CVE-2026-42198,version_changed
57,light-4j,PostgreSQL,4927,data-source,1,42.5.3,2023-02-08 00:00:00+00:00,2023-04-05 00:00:00+00:00,56.0,pre_disclosure,CVE-2026-42198,version_changed
57,light-4j,PostgreSQL,4928,data-source; db-provider,2,42.6.0,2023-04-05 00:00:00+00:00,2024-02-29 00:00:00+00:00,330.0,pre_disclosure,CVE-2026-42198,version_changed
57,light-4j,PostgreSQL,4929,data-source; db-provider,2,42.7.2,2024-02-28 00:00:00+00:00,2025-05-26 00:00:00+00:00,453.0,pre_disclosure,CVE-2026-42198,version_changed
57,light-4j,PostgreSQL,4930,data-source; db-provider,2,42.7.5,2025-05-26 00:00:00+00:00,2025-06-11 09:55:12+00:00,16.413333333333334,pre_disclosure,CVE-2025-49146; CVE-2026-42198,version_changed
57,light-4j,PostgreSQL,4930,data-source; db-provider,2,42.7.5,2025-06-11 09:55:12+00:00,2025-06-11 15:15:42.850000+00:00,0.2225792824074074,post_resolution,CVE-2025-49146; CVE-2026-42198,version_changed
57,light-4j,PostgreSQL,4930,data-source; db-provider,2,42.7.5,2025-06-11 15:15:42.850000+00:00,2025-08-11 00:00:00+00:00,60.364087384259264,post_resolution,CVE-2025-49146; CVE-2026-42198,version_changed
57,light-4j,PostgreSQL,4931,data-source; db-provider,2,42.7.7,2025-08-11 00:00:00+00:00,2025-12-23 00:00:00+00:00,134.0,pre_disclosure,CVE-2026-42198,right_censored_no_later_version
58,nutz,H2,4932,nutz,1,1.3.149,2011-01-30 00:00:00+00:00,2011-02-16 00:00:00+00:00,17.0,pre_disclosure,CVE-2018-14335; CVE-2021-42392; CVE-2022-23221,version_changed
58,nutz,H2,4933,nutz,1,1.3.151,2011-02-16 00:00:00+00:00,2011-05-18 00:00:00+00:00,91.0,pre_disclosure,CVE-2018-14335; CVE-2021-42392; CVE-2022-23221,version_changed
58,nutz,H2,4934,nutz,1,1.3.154,2011-05-18 00:00:00+00:00,2011-07-19 00:00:00+00:00,62.0,pre_disclosure,CVE-2018-14335; CVE-2021-42392; CVE-2022-23221,version_changed
58,nutz,H2,4935,nutz,1,1.3.158,2011-07-19 00:00:00+00:00,2012-06-03 00:00:00+00:00,320.0,pre_disclosure,CVE-2018-14335; CVE-2021-42392; CVE-2022-23221,version_changed
58,nutz,H2,4936,nutz,1,1.3.167,2012-06-03 00:00:00+00:00,2014-04-24 00:00:00+00:00,690.0,pre_disclosure,CVE-2018-14335; CVE-2021-42392; CVE-2022-23221,version_changed
58,nutz,H2,4937,nutz,1,1.4.177,2014-04-24 00:00:00+00:00,2014-08-07 00:00:00+00:00,105.0,pre_disclosure,CVE-2018-14335; CVE-2021-42392; CVE-2022-23221,version_changed
58,nutz,H2,4938,nutz,1,1.4.180,2014-08-07 00:00:00+00:00,2014-09-18 00:00:00+00:00,42.0,pre_disclosure,CVE-2018-14335; CVE-2021-42392; CVE-2022-23221,version_changed
58,nutz,H2,4939,nutz,1,1.4.181,2014-09-18 00:00:00+00:00,2017-07-15 00:00:00+00:00,1031.0,pre_disclosure,CVE-2018-14335; CVE-2021-42392; CVE-2022-23221,version_changed
58,nutz,H2,4940,nutz,1,1.4.196,2017-07-15 00:00:00+00:00,2018-07-24 13:29:00.603000+00:00,374.5618125347222,pre_disclosure,CVE-2018-14335; CVE-2021-42392; CVE-2022-23221,right_censored_no_later_version
58,nutz,H2,4940,nutz,1,1.4.196,2018-07-24 13:29:00.603000+00:00,2019-02-22 14:41:59+00:00,213.0506758912037,post_disclosure,CVE-2018-14335; CVE-2021-42392; CVE-2022-23221,right_censored_no_later_version
58,nutz,H2,4940,nutz,1,1.4.196,2019-02-22 14:41:59+00:00,2022-01-04 20:53:00+00:00,1047.257650462963,post_resolution,CVE-2018-14335; CVE-2021-42392; CVE-2022-23221,right_censored_no_later_version
58,nutz,H2,4940,nutz,1,1.4.196,2022-01-04 20:53:00+00:00,2022-01-10 14:10:23.643000+00:00,5.720412534722222,post_resolution,CVE-2018-14335; CVE-2021-42392; CVE-2022-23221,right_censored_no_later_version
58,nutz,H2,4940,nutz,1,1.4.196,2022-01-10 14:10:23.643000+00:00,2022-01-17 16:18:52+00:00,7.089217094907407,post_resolution,CVE-2018-14335; CVE-2021-42392; CVE-2022-23221,right_censored_no_later_version
58,nutz,H2,4940,nutz,1,1.4.196,2022-01-17 16:18:52+00:00,2022-01-19 17:15:09+00:00,2.039085648148148,post_resolution,CVE-2018-14335; CVE-2021-42392; CVE-2022-23221,right_censored_no_later_version
58,nutz,H2,4940,nutz,1,1.4.196,2022-01-19 17:15:09+00:00,2025-08-14 00:00:00+00:00,1302.2811458333333,post_resolution,CVE-2018-14335; CVE-2021-42392; CVE-2022-23221,right_censored_no_later_version
58,nutz,MySQL,4943,nutz,1,5.1.21,2013-01-23 00:00:00+00:00,2015-04-16 17:00:07.253000+00:00,813.7084172800927,pre_disclosure,CVE-2015-2575; CVE-2017-3523; CVE-2017-3586; CVE-2017-3589; CVE-2018-3258; CVE-2019-2692; CVE-2020-2934; CVE-2022-21363; CVE-2023-22102,version_changed
58,nutz,MySQL,4943,nutz,1,5.1.21,2015-04-16 17:00:07.253000+00:00,2015-05-08 10:55:46+00:00,21.746976238425926,post_disclosure,CVE-2015-2575; CVE-2017-3523; CVE-2017-3586; CVE-2017-3589; CVE-2018-3258; CVE-2019-2692; CVE-2020-2934; CVE-2022-21363; CVE-2023-22102,version_changed
58,nutz,MySQL,4943,nutz,1,5.1.21,2015-05-08 10:55:46+00:00,2015-07-30 00:00:00+00:00,82.54460648148148,post_resolution,CVE-2015-2575; CVE-2017-3523; CVE-2017-3586; CVE-2017-3589; CVE-2018-3258; CVE-2019-2692; CVE-2020-2934; CVE-2022-21363; CVE-2023-22102,version_changed
58,nutz,MySQL,4944,nutz,1,5.1.36,2015-07-30 00:00:00+00:00,2016-01-10 00:00:00+00:00,164.0,pre_disclosure,CVE-2017-3523; CVE-2017-3586; CVE-2017-3589; CVE-2018-3258; CVE-2019-2692; CVE-2020-2934; CVE-2022-21363; CVE-2023-22102,version_changed
58,nutz,MySQL,4945,nutz,1,5.1.37,2016-01-10 00:00:00+00:00,2016-05-17 00:00:00+00:00,128.0,pre_disclosure,CVE-2017-3523; CVE-2017-3586; CVE-2017-3589; CVE-2018-3258; CVE-2019-2692; CVE-2020-2934; CVE-2022-21363; CVE-2023-22102,version_changed
58,nutz,MySQL,4946,nutz,1,5.1.38,2016-05-07 00:00:00+00:00,2016-10-24 00:00:00+00:00,170.0,pre_disclosure,CVE-2017-3523; CVE-2017-3586; CVE-2017-3589; CVE-2018-3258; CVE-2019-2692; CVE-2020-2934; CVE-2022-21363; CVE-2023-22102,version_changed
58,nutz,MySQL,4947,nutz,1,5.1.39,2016-10-10 00:00:00+00:00,2016-12-18 00:00:00+00:00,69.0,pre_disclosure,CVE-2017-3523; CVE-2017-3586; CVE-2017-3589; CVE-2018-3258; CVE-2019-2692; CVE-2020-2934; CVE-2022-21363; CVE-2023-22102,version_changed
58,nutz,MySQL,4948,nutz,1,5.1.40,2016-12-18 00:00:00+00:00,2017-02-14 20:27:59+00:00,58.8527662037037,pre_disclosure,CVE-2017-3523; CVE-2017-3586; CVE-2017-3589; CVE-2018-3258; CVE-2019-2692; CVE-2020-2934; CVE-2022-21363; CVE-2023-22102,version_changed
58,nutz,MySQL,4948,nutz,1,5.1.40,2017-02-14 20:27:59+00:00,2017-04-17 18:23:36+00:00,61.91362268518518,post_resolution,CVE-2017-3523; CVE-2017-3586; CVE-2017-3589; CVE-2018-3258; CVE-2019-2692; CVE-2020-2934; CVE-2022-21363; CVE-2023-22102,version_changed
58,nutz,MySQL,4948,nutz,1,5.1.40,2017-04-17 18:23:36+00:00,2017-04-24 19:59:03.567000+00:00,7.066291284722222,post_resolution,CVE-2017-3523; CVE-2017-3586; CVE-2017-3589; CVE-2018-3258; CVE-2019-2692; CVE-2020-2934; CVE-2022-21363; CVE-2023-22102,version_changed
58,nutz,MySQL,4948,nutz,1,5.1.40,2017-04-24 19:59:03.567000+00:00,2017-04-24 19:59:05.597000+00:00,2.3495370370370367e-05,post_resolution,CVE-2017-3523; CVE-2017-3586; CVE-2017-3589; CVE-2018-3258; CVE-2019-2692; CVE-2020-2934; CVE-2022-21363; CVE-2023-22102,version_changed
58,nutz,MySQL,4948,nutz,1,5.1.40,2017-04-24 19:59:05.597000+00:00,2017-04-24 19:59:05.660000+00:00,7.291666666666666e-07,post_resolution,CVE-2017-3523; CVE-2017-3586; CVE-2017-3589; CVE-2018-3258; CVE-2019-2692; CVE-2020-2934; CVE-2022-21363; CVE-2023-22102,version_changed
58,nutz,MySQL,4948,nutz,1,5.1.40,2017-04-24 19:59:05.660000+00:00,2018-09-27 09:18:47+00:00,520.5553395833334,post_resolution,CVE-2017-3523; CVE-2017-3586; CVE-2017-3589; CVE-2018-3258; CVE-2019-2692; CVE-2020-2934; CVE-2022-21363; CVE-2023-22102,version_changed
58,nutz,MySQL,4948,nutz,1,5.1.40,2018-09-27 09:18:47+00:00,2018-10-17 01:31:27.230000+00:00,19.675465625,post_resolution,CVE-2017-3523; CVE-2017-3586; CVE-2017-3589; CVE-2018-3258; CVE-2019-2692; CVE-2020-2934; CVE-2022-21363; CVE-2023-22102,version_changed
58,nutz,MySQL,4948,nutz,1,5.1.40,2018-10-17 01:31:27.230000+00:00,2019-03-20 19:08:52+00:00,154.73431446759258,post_resolution,CVE-2017-3523; CVE-2017-3586; CVE-2017-3589; CVE-2018-3258; CVE-2019-2692; CVE-2020-2934; CVE-2022-21363; CVE-2023-22102,version_changed
58,nutz,MySQL,4948,nutz,1,5.1.40,2019-03-20 19:08:52+00:00,2019-04-23 19:32:55.880000+00:00,34.01671157407407,post_resolution,CVE-2017-3523; CVE-2017-3586; CVE-2017-3589; CVE-2018-3258; CVE-2019-2692; CVE-2020-2934; CVE-2022-21363; CVE-2023-22102,version_changed
58,nutz,MySQL,4948,nutz,1,5.1.40,2019-04-23 19:32:55.880000+00:00,2020-04-15 14:15:36.453000+00:00,357.77963626157407,post_resolution,CVE-2017-3523; CVE-2017-3586; CVE-2017-3589; CVE-2018-3258; CVE-2019-2692; CVE-2020-2934; CVE-2022-21363; CVE-2023-22102,version_changed
58,nutz,MySQL,4948,nutz,1,5.1.40,2020-04-15 14:15:36.453000+00:00,2020-07-14 00:00:00+00:00,89.40582809027778,post_resolution,CVE-2017-3523; CVE-2017-3586; CVE-2017-3589; CVE-2018-3258; CVE-2019-2692; CVE-2020-2934; CVE-2022-21363; CVE-2023-22102,version_changed
58,nutz,MySQL,4948,nutz,1,5.1.40,2020-07-14 00:00:00+00:00,2020-10-11 00:00:00+00:00,89.0,post_resolution,CVE-2017-3523; CVE-2017-3586; CVE-2017-3589; CVE-2018-3258; CVE-2019-2692; CVE-2020-2934; CVE-2022-21363; CVE-2023-22102,version_changed
58,nutz,MySQL,4949,nutz,1,8.0.21,2020-10-11 00:00:00+00:00,2021-09-28 18:17:43+00:00,352.7623032407407,pre_disclosure,CVE-2021-2471; CVE-2022-21363; CVE-2023-22102,version_changed
58,nutz,MySQL,4949,nutz,1,8.0.21,2021-09-28 18:17:43+00:00,2021-10-20 11:16:17.117000+00:00,21.70733931712963,post_resolution,CVE-2021-2471; CVE-2022-21363; CVE-2023-22102,version_changed
58,nutz,MySQL,4949,nutz,1,8.0.21,2021-10-20 11:16:17.117000+00:00,2021-12-16 00:25:41+00:00,56.548193090277785,post_resolution,CVE-2021-2471; CVE-2022-21363; CVE-2023-22102,version_changed
58,nutz,MySQL,4949,nutz,1,8.0.21,2021-12-16 00:25:41+00:00,2022-01-19 12:15:15.680000+00:00,34.492762500000005,post_resolution,CVE-2021-2471; CVE-2022-21363; CVE-2023-22102,version_changed
58,nutz,MySQL,4949,nutz,1,8.0.21,2022-01-19 12:15:15.680000+00:00,2023-10-17 22:15:15.100000+00:00,636.4166599537037,post_resolution,CVE-2021-2471; CVE-2022-21363; CVE-2023-22102,version_changed
58,nutz,MySQL,4949,nutz,1,8.0.21,2023-10-17 22:15:15.100000+00:00,2023-10-25 08:46:05+00:00,7.438077546296297,post_resolution,CVE-2021-2471; CVE-2022-21363; CVE-2023-22102,version_changed
58,nutz,MySQL,4949,nutz,1,8.0.21,2023-10-25 08:46:05+00:00,2025-08-14 00:00:00+00:00,658.6346643518518,post_resolution,CVE-2021-2471; CVE-2022-21363; CVE-2023-22102,version_changed
58,nutz,PostgreSQL,4951,nutz,1,9.1-901-1.jdbc4,2012-06-05 00:00:00+00:00,2014-08-07 00:00:00+00:00,793.0,pre_disclosure,CVE-2018-10936,version_changed
58,nutz,PostgreSQL,4952,nutz,1,9.3-1102-jdbc4,2014-08-07 00:00:00+00:00,2016-10-24 00:00:00+00:00,809.0,pre_disclosure,CVE-2018-10936; CVE-2020-13692,version_changed
58,nutz,PostgreSQL,4953,nutz,1,9.4-1206-jdbc41,2016-10-10 00:00:00+00:00,2018-08-27 15:43:21+00:00,686.6551041666667,pre_disclosure,CVE-2018-10936; CVE-2020-13692; CVE-2022-41946,version_changed
58,nutz,PostgreSQL,4953,nutz,1,9.4-1206-jdbc41,2018-08-27 15:43:21+00:00,2018-08-30 13:29:00.377000+00:00,2.906705752314815,post_resolution,CVE-2018-10936; CVE-2020-13692; CVE-2022-41946,version_changed
58,nutz,PostgreSQL,4953,nutz,1,9.4-1206-jdbc41,2018-08-30 13:29:00.377000+00:00,2020-06-04 13:16:11+00:00,643.9910951736111,post_resolution,CVE-2018-10936; CVE-2020-13692; CVE-2022-41946,version_changed
58,nutz,PostgreSQL,4953,nutz,1,9.4-1206-jdbc41,2020-06-04 13:16:11+00:00,2020-06-04 16:15:12.657000+00:00,0.12432473379629629,post_resolution,CVE-2018-10936; CVE-2020-13692; CVE-2022-41946,version_changed
58,nutz,PostgreSQL,4953,nutz,1,9.4-1206-jdbc41,2020-06-04 16:15:12.657000+00:00,2022-11-23 00:00:00+00:00,901.322770173611,post_resolution,CVE-2018-10936; CVE-2020-13692; CVE-2022-41946,version_changed
58,nutz,PostgreSQL,4953,nutz,1,9.4-1206-jdbc41,2022-11-23 00:00:00+00:00,2022-11-23 20:15:10.253000+00:00,0.8438686689814815,post_resolution,CVE-2018-10936; CVE-2020-13692; CVE-2022-41946,version_changed
58,nutz,PostgreSQL,4953,nutz,1,9.4-1206-jdbc41,2022-11-23 20:15:10.253000+00:00,2025-08-14 00:00:00+00:00,994.1561313310184,post_resolution,CVE-2018-10936; CVE-2020-13692; CVE-2022-41946,version_changed
58,nutz,PostgreSQL,4954,nutz,1,42.7.4,2024-09-10 00:00:00+00:00,2025-06-11 09:55:12+00:00,274.41333333333336,pre_disclosure,CVE-2025-49146; CVE-2026-42198,right_censored_no_later_version
58,nutz,PostgreSQL,4954,nutz,1,42.7.4,2025-06-11 09:55:12+00:00,2025-06-11 15:15:42.850000+00:00,0.2225792824074074,post_resolution,CVE-2025-49146; CVE-2026-42198,right_censored_no_later_version
58,nutz,PostgreSQL,4954,nutz,1,42.7.4,2025-06-11 15:15:42.850000+00:00,2025-08-14 00:00:00+00:00,63.364087384259264,post_resolution,CVE-2025-49146; CVE-2026-42198,right_censored_no_later_version
58,nutz,SQLite,4955,nutz,1,3.8.11.2,2016-12-24 00:00:00+00:00,2023-05-19 10:50:50+00:00,2337.4519675925926,pre_disclosure,CVE-2023-32697,right_censored_no_later_version
58,nutz,SQLite,4955,nutz,1,3.8.11.2,2023-05-19 10:50:50+00:00,2023-05-23 23:15:09.337000+00:00,4.516890474537037,post_resolution,CVE-2023-32697,right_censored_no_later_version
58,nutz,SQLite,4955,nutz,1,3.8.11.2,2023-05-23 23:15:09.337000+00:00,2025-08-14 00:00:00+00:00,813.0311419328704,post_resolution,CVE-2023-32697,right_censored_no_later_version
59,Chronicle-Queue,HyperSQL,4956,chronicle-queue,1,2.3.3,2016-04-10 00:00:00+00:00,2017-07-12 00:00:00+00:00,458.0,pre_disclosure,CVE-2022-41853,version_changed
59,Chronicle-Queue,HyperSQL,4957,chronicle-queue,1,2.4.0,2017-07-12 00:00:00+00:00,2020-09-28 00:00:00+00:00,1174.0,pre_disclosure,CVE-2022-41853,version_changed
59,Chronicle-Queue,HyperSQL,4958,chronicle-queue,1,2.5.1,2020-09-28 00:00:00+00:00,2021-06-10 00:00:00+00:00,255.0,pre_disclosure,CVE-2022-41853,version_changed
59,Chronicle-Queue,HyperSQL,4959,chronicle-queue,1,2.6.0,2021-06-10 00:00:00+00:00,2021-10-28 00:00:00+00:00,140.0,pre_disclosure,CVE-2022-41853,version_changed
59,Chronicle-Queue,HyperSQL,4960,chronicle-queue,1,2.6.1,2021-10-28 00:00:00+00:00,2022-10-06 18:17:07.190000+00:00,343.76188877314814,pre_disclosure,CVE-2022-41853,version_changed
59,Chronicle-Queue,HyperSQL,4960,chronicle-queue,1,2.6.1,2022-10-06 18:17:07.190000+00:00,2022-10-22 14:19:43+00:00,15.835136689814815,post_disclosure,CVE-2022-41853,version_changed
59,Chronicle-Queue,HyperSQL,4960,chronicle-queue,1,2.6.1,2022-10-22 14:19:43+00:00,2023-04-26 00:00:00+00:00,185.40297453703704,post_resolution,CVE-2022-41853,version_changed
60,BIMserver,SQLite,4962,bimserver; bimserverjar; bimserverwar,3,3.23.1,2019-08-29 00:00:00+00:00,2023-05-19 10:50:50+00:00,1359.4519675925926,pre_disclosure,CVE-2023-32697,version_changed
60,BIMserver,SQLite,4962,bimserver; bimserverjar; bimserverwar,3,3.23.1,2023-05-19 10:50:50+00:00,2023-05-23 23:15:09.337000+00:00,4.516890474537037,post_resolution,CVE-2023-32697,version_changed
60,BIMserver,SQLite,4962,bimserver; bimserverjar; bimserverwar,3,3.23.1,2023-05-23 23:15:09.337000+00:00,2024-12-18 00:00:00+00:00,574.0311419328704,post_resolution,CVE-2023-32697,version_changed
60,BIMserver,SQLite,4963,bimserver; bimserverjar; bimserverwar,3,3.27.2.1,2024-12-18 00:00:00+00:00,2025-12-30 00:00:00+00:00,377.0,post_resolution,CVE-2023-32697,right_censored_no_later_version
61,OpenTripPlanner,HyperSQL,4964,otp,1,2.4.1,2020-04-23 00:00:00+00:00,2022-10-06 18:17:07.190000+00:00,896.7618887731481,pre_disclosure,CVE-2022-41853,version_changed
61,OpenTripPlanner,HyperSQL,4964,otp,1,2.4.1,2022-10-06 18:17:07.190000+00:00,2022-10-22 14:19:43+00:00,15.835136689814815,post_disclosure,CVE-2022-41853,version_changed
61,OpenTripPlanner,HyperSQL,4964,otp,1,2.4.1,2022-10-22 14:19:43+00:00,2023-01-20 00:00:00+00:00,89.40297453703704,post_resolution,CVE-2022-41853,version_changed
62,zipkin,MySQL,5014,zipkin-java-interop; zipkin-java-server; zipkin-java-jdbc; zipkin-java-server,2,5.1.36,2015-09-23 00:00:00+00:00,2015-10-20 00:00:00+00:00,27.0,pre_disclosure,CVE-2017-3523; CVE-2017-3586; CVE-2017-3589; CVE-2018-3258; CVE-2019-2692; CVE-2020-2934; CVE-2022-21363; CVE-2023-22102,version_changed
62,zipkin,MySQL,5015,zipkin-java-interop; zipkin-java-server,2,5.1.37,2015-10-16 00:00:00+00:00,2015-11-04 00:00:00+00:00,19.0,pre_disclosure,CVE-2017-3523; CVE-2017-3586; CVE-2017-3589; CVE-2018-3258; CVE-2019-2692; CVE-2020-2934; CVE-2022-21363; CVE-2023-22102,right_censored_no_later_version
63,presto,Cassandra,5016,presto-cassandra,1,2.0.2,2014-01-23 00:00:00+00:00,2014-06-30 00:00:00+00:00,158.0,pre_disclosure,CVE-2015-0225; CVE-2020-17516; CVE-2025-23015,version_changed
63,presto,H2,5020,presto; presto-main,1,1.3.168,2012-09-12 00:00:00+00:00,2013-11-05 00:00:00+00:00,419.0,pre_disclosure,CVE-2018-14335; CVE-2021-42392; CVE-2022-23221,version_changed
63,presto,H2,5021,presto-benchmark; presto-jdbc; presto-main; presto-raptor; presto-server; presto-benchmark; presto-main; presto-raptor; presto-server; presto-tests; presto-cassandra; presto-hive; presto-main; presto-raptor; presto-tests; presto-jdbc; presto-main; presto-server,5,1.3.170,2013-11-05 00:00:00+00:00,2018-07-24 13:29:00.603000+00:00,1722.561812534722,pre_disclosure,CVE-2018-14335; CVE-2021-42392; CVE-2022-23221,version_changed
63,presto,H2,5021,presto-benchmark; presto-jdbc; presto-main; presto-raptor; presto-server; presto-benchmark; presto-main; presto-raptor; presto-server; presto-tests; presto-cassandra; presto-hive; presto-main; presto-raptor; presto-tests; presto-jdbc; presto-main; presto-server,5,1.3.170,2018-07-24 13:29:00.603000+00:00,2019-02-22 14:41:59+00:00,213.0506758912037,post_disclosure,CVE-2018-14335; CVE-2021-42392; CVE-2022-23221,version_changed
63,presto,H2,5021,presto-benchmark; presto-jdbc; presto-main; presto-raptor; presto-server; presto-benchmark; presto-main; presto-raptor; presto-server; presto-tests; presto-cassandra; presto-hive; presto-main; presto-raptor; presto-tests; presto-jdbc; presto-main; presto-server,5,1.3.170,2019-02-22 14:41:59+00:00,2022-01-04 20:53:00+00:00,1047.257650462963,post_resolution,CVE-2018-14335; CVE-2021-42392; CVE-2022-23221,version_changed
63,presto,H2,5021,presto-benchmark; presto-jdbc; presto-main; presto-raptor; presto-server; presto-benchmark; presto-main; presto-raptor; presto-server; presto-tests; presto-cassandra; presto-hive; presto-main; presto-raptor; presto-tests; presto-jdbc; presto-main; presto-server,5,1.3.170,2022-01-04 20:53:00+00:00,2022-01-10 14:10:23.643000+00:00,5.720412534722222,post_resolution,CVE-2018-14335; CVE-2021-42392; CVE-2022-23221,version_changed
63,presto,H2,5021,presto-benchmark; presto-jdbc; presto-main; presto-raptor; presto-server; presto-benchmark; presto-main; presto-raptor; presto-server; presto-tests; presto-cassandra; presto-hive; presto-main; presto-raptor; presto-tests; presto-jdbc; presto-main; presto-server,5,1.3.170,2022-01-10 14:10:23.643000+00:00,2022-01-17 16:18:52+00:00,7.089217094907407,post_resolution,CVE-2018-14335; CVE-2021-42392; CVE-2022-23221,version_changed
63,presto,H2,5021,presto-benchmark; presto-jdbc; presto-main; presto-raptor; presto-server; presto-benchmark; presto-main; presto-raptor; presto-server; presto-tests; presto-cassandra; presto-hive; presto-main; presto-raptor; presto-tests; presto-jdbc; presto-main; presto-server,5,1.3.170,2022-01-17 16:18:52+00:00,2022-01-19 17:15:09+00:00,2.039085648148148,post_resolution,CVE-2018-14335; CVE-2021-42392; CVE-2022-23221,version_changed
63,presto,H2,5021,presto-benchmark; presto-jdbc; presto-main; presto-raptor; presto-server; presto-benchmark; presto-main; presto-raptor; presto-server; presto-tests; presto-cassandra; presto-hive; presto-main; presto-raptor; presto-tests; presto-jdbc; presto-main; presto-server,5,1.3.170,2022-01-19 17:15:09+00:00,2024-08-23 00:00:00+00:00,946.2811458333333,post_resolution,CVE-2018-14335; CVE-2021-42392; CVE-2022-23221,version_changed
63,presto,H2,5022,presto-accumulo; presto-base-arrow-flight; presto-benchmark; presto-benchmark-runner; presto-cassandra; presto-delta; presto-elasticsearch; presto-grpc-testing-udf-server; presto-hana; presto-hive; presto-hive-function-namespace; presto-jdbc; presto-main-base; presto-native-sidecar-plugin; presto-native-tests; presto-oracle; presto-pinot; presto-plan-checker-router-plugin; presto-postgresql; presto-product-tests; presto-proxy; presto-singlestore; presto-spark-testing; presto-sqlserver; presto-thrift-connector; presto-accumulo; presto-base-arrow-flight; presto-benchmark; presto-benchto-benchmarks; presto-bigquery; presto-cassandra; presto-clickhouse; presto-druid; presto-elasticsearch; presto-google-sheets; presto-hive; presto-jdbc; presto-main-base; presto-native-sidecar-plugin; presto-orc; presto-parquet; presto-pinot-toolkit; presto-plan-checker-router-plugin; presto-redshift; presto-server; presto-singlestore; presto-spark-base; presto-spark-testing; presto-tests; presto-thrift-connector; presto-accumulo; presto-base-arrow-flight; presto-benchmark; presto-benchto-benchmarks; presto-bigquery; presto-cassandra; presto-druid; presto-hive; presto-hive-function-namespace; presto-hudi; presto-iceberg; presto-kafka; presto-kudu; presto-main-base; presto-native-sidecar-plugin; presto-oracle; presto-orc; presto-pinot; presto-plan-checker-router-plugin; presto-server; presto-singlestore; presto-spark-base; presto-spark-testing; presto-accumulo; presto-base-arrow-flight; presto-benchmark; presto-benchto-benchmarks; presto-bigquery; presto-clickhouse; presto-delta; presto-elasticsearch; presto-hive; presto-i18n-functions; presto-jdbc; presto-main; presto-main-base; presto-native-sidecar-plugin; presto-native-tests; presto-oracle; presto-parquet; presto-pinot-toolkit; presto-plan-checker-router-plugin; presto-redshift; presto-spark; presto-spark-base; presto-spark-testing; presto-tests; presto-thrift-connector; presto-accumulo; presto-base-arrow-flight; presto-benchmark; presto-benchto-benchmarks; presto-bigquery; presto-clickhouse; presto-elasticsearch; presto-google-sheets; presto-hive; presto-hive-function-namespace; presto-hudi; presto-iceberg; presto-jdbc; presto-main-base; presto-mysql; presto-native-sidecar-plugin; presto-native-tests; presto-oracle; presto-orc; presto-pinot; presto-plan-checker-router-plugin; presto-redshift; presto-singlestore; presto-spark-testing; presto-thrift-connector; presto-thrift-testing-server; redis-hbo-provider; presto-accumulo; presto-base-arrow-flight; presto-benchmark; presto-benchto-benchmarks; presto-bigquery; presto-delta; presto-druid; presto-elasticsearch; presto-google-sheets; presto-hive; presto-hive-function-namespace; presto-i18n-functions; presto-iceberg; presto-kafka; presto-main-base; presto-mysql; presto-native-execution; presto-native-sidecar-plugin; presto-native-tests; presto-oracle; presto-orc; presto-parquet; presto-pinot; presto-plan-checker-router-plugin; presto-postgresql; presto-spark-testing; presto-thrift-testing-server; presto-accumulo; presto-base-arrow-flight; presto-benchmark; presto-benchto-benchmarks; presto-bigquery; presto-druid; presto-function-server; presto-hive; presto-hive-hadoop2; presto-iceberg; presto-jdbc; presto-kafka; presto-main-base; presto-native-sidecar-plugin; presto-native-tests; presto-oracle; presto-orc; presto-pinot; presto-plan-checker-router-plugin; presto-product-tests; presto-singlestore; presto-spark-package; presto-sqlserver; redis-hbo-provider; presto-accumulo; presto-base-arrow-flight; presto-benchmark; presto-benchto-benchmarks; presto-bigquery; presto-druid; presto-hive; presto-hive-function-namespace; presto-kafka; presto-main-base; presto-orc; presto-parquet; presto-plan-checker-router-plugin; presto-postgresql; presto-server; presto-spark-base; presto-spark-package; presto-spark-testing; presto-tests; presto-verifier; redis-hbo-provider; presto-accumulo; presto-base-arrow-flight; presto-benchmark; presto-benchto-benchmarks; presto-bigquery; presto-elasticsearch; presto-google-sheets; presto-hana; presto-hive; presto-hive-function-namespace; presto-hudi; presto-kafka; presto-main-base; presto-native-execution; presto-native-sidecar-plugin; presto-native-tests; presto-oracle; presto-orc; presto-parquet; presto-pinot-toolkit; presto-plan-checker-router-plugin; presto-postgresql; presto-proxy; presto-redshift; presto-singlestore; presto-spark; presto-spark-base; presto-spark-testing; redis-hbo-provider; presto-accumulo; presto-base-arrow-flight; presto-benchmark; presto-benchto-benchmarks; presto-bigquery; presto-grpc-testing-udf-server; presto-hana; presto-hive; presto-hive-function-namespace; presto-jdbc; presto-kafka; presto-main-base; presto-native-execution; presto-native-sidecar-plugin; presto-native-tests; presto-plan-checker-router-plugin; presto-postgresql; presto-proxy; presto-spark-base; presto-spark-testing; presto-sqlserver; presto-tests; presto-thrift-connector; presto-accumulo; presto-base-arrow-flight; presto-benchmark; presto-benchto-benchmarks; presto-clickhouse; presto-delta; presto-druid; presto-grpc-testing-udf-server; presto-hana; presto-hive; presto-jdbc; presto-kafka; presto-native-execution; presto-native-tests; presto-orc; presto-parquet; presto-plan-checker-router-plugin; presto-redshift; presto-spark-testing; presto-sqlserver; presto-tests; redis-hbo-provider; presto-accumulo; presto-base-arrow-flight; presto-benchmark; presto-benchto-benchmarks; presto-clickhouse; presto-druid; presto-elasticsearch; presto-hive; presto-hive-function-namespace; presto-hudi; presto-iceberg; presto-jdbc; presto-main-base; presto-native-execution; presto-native-sidecar-plugin; presto-native-tests; presto-oracle; presto-parquet; presto-plan-checker-router-plugin; presto-record-decoder; presto-spark-base; presto-spark-testing; presto-sqlserver; presto-testing-server-launcher; presto-accumulo; presto-base-arrow-flight; presto-benchmark; presto-benchto-benchmarks; presto-delta; presto-druid; presto-google-sheets; presto-grpc-testing-udf-server; presto-hive; presto-hive-function-namespace; presto-iceberg; presto-jdbc; presto-kafka; presto-main-base; presto-mongodb; presto-mysql; presto-native-execution; presto-native-sidecar-plugin; presto-oracle; presto-parquet; presto-pinot; presto-pinot-toolkit; presto-plan-checker-router-plugin; presto-redis; presto-server; presto-singlestore; presto-spark-testing; presto-sqlserver; presto-tests; presto-thrift-connector; presto-accumulo; presto-base-arrow-flight; presto-benchmark; presto-benchto-benchmarks; presto-druid; presto-grpc-testing-udf-server; presto-hana; presto-hive; presto-hudi; presto-iceberg; presto-main-base; presto-native-sidecar-plugin; presto-native-tests; presto-parquet; presto-plan-checker-router-plugin; presto-proxy; presto-redshift; presto-singlestore; presto-spark-base; presto-spark-testing; presto-tests; presto-accumulo; presto-base-arrow-flight; presto-benchmark; presto-bigquery; presto-clickhouse; presto-delta; presto-druid; presto-function-server; presto-grpc-testing-udf-server; presto-hive; presto-hive-function-namespace; presto-jdbc; presto-kafka; presto-native-sidecar-plugin; presto-native-tests; presto-oracle; presto-orc; presto-parquet; presto-plan-checker-router-plugin; presto-redshift; presto-singlestore; presto-spark-base; presto-spark-testing; presto-sqlserver; presto-tests; presto-thrift-connector; presto-verifier; presto-accumulo; presto-base-arrow-flight; presto-benchmark; presto-bigquery; presto-clickhouse; presto-elasticsearch; presto-hive; presto-hive-function-namespace; presto-kafka; presto-main-base; presto-mysql; presto-native-execution; presto-native-sidecar-plugin; presto-native-tests; presto-orc; presto-parquet; presto-plan-checker-router-plugin; presto-postgresql; presto-product-tests; presto-proxy; presto-redis; presto-redshift; presto-router; presto-spark-base; presto-spark-testing; presto-sqlserver; presto-tests; presto-accumulo; presto-base-arrow-flight; presto-benchmark; presto-bigquery; presto-clickhouse; presto-hive; presto-hudi; presto-jdbc; presto-kafka; presto-main-base; presto-memory; presto-native-sidecar-plugin; presto-native-tests; presto-orc; presto-parquet; presto-pinot; presto-plan-checker-router-plugin; presto-redshift; presto-spark-base; presto-spark-testing; presto-sqlserver; presto-verifier; presto-accumulo; presto-base-arrow-flight; presto-benchmark; presto-cassandra; presto-elasticsearch; presto-hana; presto-hive; presto-hive-function-namespace; presto-iceberg; presto-jdbc; presto-kafka; presto-main; presto-main-base; presto-ml; presto-native-execution; presto-native-sidecar-plugin; presto-native-tests; presto-oracle; presto-parquet; presto-plan-checker-router-plugin; presto-postgresql; presto-product-tests; presto-redshift; presto-spark; presto-tests; presto-thrift-connector; presto-accumulo; presto-base-arrow-flight; presto-benchmark; presto-clickhouse; presto-elasticsearch; presto-hive; presto-iceberg; presto-lark-sheets; presto-main; presto-main-base; presto-native-sidecar-plugin; presto-oracle; presto-parquet; presto-plan-checker-router-plugin; presto-postgresql; presto-server; presto-singlestore; presto-spark; presto-spark-base; presto-spark-testing; presto-sqlserver; presto-tests; presto-thrift-connector; presto-tpcds; presto-verifier; presto-accumulo; presto-base-arrow-flight; presto-benchmark; presto-elasticsearch; presto-function-server; presto-hana; presto-hive; presto-hive-function-namespace; presto-hudi; presto-jdbc; presto-kafka; presto-kudu; presto-main-base; presto-mysql; presto-native-execution; presto-native-sidecar-plugin; presto-native-tests; presto-parquet; presto-pinot; presto-plan-checker-router-plugin; presto-proxy; presto-rcfile; presto-redis; presto-singlestore; presto-spark-base; presto-spark-package; presto-spark-testing; presto-thrift-connector; redis-hbo-provider; presto-accumulo; presto-base-arrow-flight; presto-benchto-benchmarks; presto-bigquery; presto-cassandra; presto-clickhouse; presto-druid; presto-elasticsearch; presto-google-sheets; presto-hana; presto-hive; presto-jdbc; presto-kafka; presto-main; presto-main-base; presto-native-sidecar-plugin; presto-native-tests; presto-oracle; presto-parquet; presto-pinot; presto-plan-checker-router-plugin; presto-postgresql; presto-redshift; presto-spark; presto-spark-base; presto-spark-package; presto-tests; presto-thrift-connector; presto-accumulo; presto-base-arrow-flight; presto-benchto-benchmarks; presto-bigquery; presto-cassandra; presto-druid; presto-elasticsearch; presto-hive; presto-iceberg; presto-jdbc; presto-kafka; presto-main-base; presto-native-sidecar-plugin; presto-oracle; presto-orc; presto-parquet; presto-pinot; presto-plan-checker-router-plugin; presto-redshift; presto-server; presto-spark; presto-spark-package; presto-spark-testing; presto-thrift-connector; presto-accumulo; presto-base-arrow-flight; presto-benchto-benchmarks; presto-bigquery; presto-clickhouse; presto-druid; presto-elasticsearch; presto-google-sheets; presto-hive; presto-iceberg; presto-kafka; presto-main-base; presto-mysql; presto-native-execution; presto-native-sidecar-plugin; presto-oracle; presto-orc; presto-pinot-toolkit; presto-plan-checker-router-plugin; presto-redshift; presto-server; presto-singlestore; presto-spark; presto-spark-base; presto-spark-testing; presto-sqlserver; presto-tests; presto-accumulo; presto-base-arrow-flight; presto-benchto-benchmarks; presto-bigquery; presto-clickhouse; presto-druid; presto-hana; presto-hive; presto-hive-function-namespace; presto-iceberg; presto-jdbc; presto-main-base; presto-native-execution; presto-native-sidecar-plugin; presto-native-tests; presto-orc; presto-parquet; presto-pinot-toolkit; presto-plan-checker-router-plugin; presto-product-tests; presto-spark; presto-tests; presto-thrift-connector; redis-hbo-provider; presto-accumulo; presto-base-arrow-flight; presto-benchto-benchmarks; presto-bigquery; presto-delta; presto-druid; presto-elasticsearch; presto-grpc-testing-udf-server; presto-hive; presto-jdbc; presto-native-execution; presto-native-sidecar-plugin; presto-native-tests; presto-oracle; presto-orc; presto-parquet; presto-plan-checker-router-plugin; presto-proxy; presto-redshift; presto-singlestore; presto-spark; presto-spark-package; presto-tests; presto-thrift-connector; presto-thrift-testing-server; presto-accumulo; presto-base-arrow-flight; presto-benchto-benchmarks; presto-bigquery; presto-druid; presto-google-sheets; presto-grpc-testing-udf-server; presto-hana; presto-hive; presto-jdbc; presto-kafka; presto-mongodb; presto-native-execution; presto-native-sidecar-plugin; presto-native-tests; presto-orc; presto-parquet; presto-pinot-toolkit; presto-plan-checker-router-plugin; presto-redshift; presto-singlestore; presto-spark-base; presto-tests; presto-accumulo; presto-base-arrow-flight; presto-benchto-benchmarks; presto-clickhouse; presto-druid; presto-hive; presto-hive-hadoop2; presto-iceberg; presto-jdbc; presto-main-base; presto-native-execution; presto-native-sidecar-plugin; presto-oracle; presto-orc; presto-parquet; presto-pinot; presto-plan-checker-router-plugin; presto-postgresql; presto-redshift; presto-server; presto-singlestore; presto-spark; presto-spark-testing; presto-sqlserver; presto-accumulo; presto-base-arrow-flight; presto-bigquery; presto-cassandra; presto-clickhouse; presto-delta; presto-hana; presto-hive; presto-hive-function-namespace; presto-iceberg; presto-jdbc; presto-kafka; presto-main-base; presto-native-sidecar-plugin; presto-native-tests; presto-orc; presto-parquet; presto-pinot; presto-plan-checker-router-plugin; presto-postgresql; presto-proxy; presto-redis; presto-singlestore; presto-spark; presto-spark-package; presto-spark-testing; presto-sqlserver; presto-accumulo; presto-base-arrow-flight; presto-bigquery; presto-cassandra; presto-druid; presto-elasticsearch; presto-example-http; presto-hive; presto-hive-function-namespace; presto-jdbc; presto-main-base; presto-native-sidecar-plugin; presto-native-tests; presto-parquet; presto-pinot; presto-plan-checker-router-plugin; presto-singlestore; presto-spark; presto-spark-testing; presto-sqlserver; presto-tests; presto-verifier; presto-accumulo; presto-base-arrow-flight; presto-bigquery; presto-clickhouse; presto-druid; presto-elasticsearch; presto-hive; presto-hive-function-namespace; presto-iceberg; presto-jdbc; presto-kafka; presto-main; presto-main-base; presto-mysql; presto-native-sidecar-plugin; presto-native-tests; presto-parquet; presto-pinot-toolkit; presto-plan-checker-router-plugin; presto-spark; presto-spark-base; presto-spark-testing; presto-thrift-connector; presto-thrift-testing-server; presto-tpcds; presto-accumulo; presto-base-arrow-flight; presto-bigquery; presto-clickhouse; presto-druid; presto-grpc-testing-udf-server; presto-hive; presto-hudi; presto-i18n-functions; presto-iceberg; presto-jdbc; presto-main-base; presto-mysql; presto-native-sidecar-plugin; presto-parquet; presto-plan-checker-router-plugin; presto-postgresql; presto-redshift; presto-server; presto-spark; presto-spark-package; presto-spark-testing; presto-tests; presto-verifier; presto-accumulo; presto-base-arrow-flight; presto-bigquery; presto-delta; presto-druid; presto-elasticsearch; presto-google-sheets; presto-grpc-testing-udf-server; presto-hana; presto-hive; presto-hive-function-namespace; presto-jdbc; presto-kafka; presto-mysql; presto-native-execution; presto-native-sidecar-plugin; presto-oracle; presto-orc; presto-parquet; presto-pinot; presto-plan-checker-router-plugin; presto-product-tests; presto-redshift; presto-server; presto-singlestore; presto-spark; presto-spark-testing; presto-sqlserver; presto-thrift-connector; redis-hbo-provider; presto-accumulo; presto-base-arrow-flight; presto-bigquery; presto-delta; presto-druid; presto-elasticsearch; presto-grpc-testing-udf-server; presto-hive; presto-hive-function-namespace; presto-iceberg; presto-jdbc; presto-lark-sheets; presto-main-base; presto-native-sidecar-plugin; presto-native-tests; presto-oracle; presto-parquet; presto-plan-checker-router-plugin; presto-redshift; presto-spark; presto-spark-testing; presto-sqlserver; presto-tests; presto-thrift-connector; presto-verifier; presto-accumulo; presto-base-arrow-flight; presto-bigquery; presto-druid; presto-elasticsearch; presto-hive; presto-hudi; presto-lark-sheets; presto-main-base; presto-native-execution; presto-native-sidecar-plugin; presto-native-tests; presto-parquet; presto-postgresql; presto-redshift; presto-resource-group-managers; presto-spark; presto-spark-base; presto-spark-testing; presto-sqlserver; presto-tests; presto-thrift-connector; presto-verifier; presto-accumulo; presto-base-arrow-flight; presto-elasticsearch; presto-example-http; presto-hana; presto-hive; presto-hive-metastore; presto-iceberg; presto-jdbc; presto-kafka; presto-main-base; presto-mysql; presto-native-sidecar-plugin; presto-native-tests; presto-plan-checker-router-plugin; presto-prometheus; presto-singlestore; presto-spark; presto-spark-package; presto-spark-testing; presto-tests; presto-thrift-connector; presto-accumulo; presto-base-jdbc; presto-benchmark; presto-clickhouse; presto-elasticsearch; presto-example-http; presto-grpc-testing-udf-server; presto-hive; presto-hive-function-namespace; presto-hudi; presto-jdbc; presto-kafka; presto-mongodb; presto-mysql; presto-native-sidecar-plugin; presto-native-tests; presto-parquet; presto-plan-checker-router-plugin; presto-postgresql; presto-product-tests; presto-redshift; presto-singlestore; presto-spark-base; presto-spark-package; presto-spark-testing; presto-tests; presto-thrift-connector; redis-hbo-provider; presto-accumulo; presto-base-jdbc; presto-clickhouse; presto-druid; presto-elasticsearch; presto-google-sheets; presto-hana; presto-hive; presto-hudi; presto-kafka; presto-main-base; presto-mysql; presto-native-sidecar-plugin; presto-native-tests; presto-orc; presto-parquet; presto-plan-checker-router-plugin; presto-proxy; presto-spark; presto-spark-base; presto-spark-testing; presto-sqlserver; presto-tests; presto-accumulo; presto-benchmark; presto-benchmark-runner; presto-clickhouse; presto-druid; presto-elasticsearch; presto-google-sheets; presto-hive; presto-hudi; presto-iceberg; presto-kafka; presto-main-base; presto-native-sidecar-plugin; presto-oracle; presto-orc; presto-parquet; presto-plan-checker-router-plugin; presto-product-tests; presto-server; presto-singlestore; presto-spark-testing; presto-sqlserver; presto-tests; presto-accumulo; presto-benchmark; presto-benchto-benchmarks; presto-bigquery; presto-clickhouse; presto-druid; presto-elasticsearch; presto-hive; presto-hive-function-namespace; presto-hudi; presto-jdbc; presto-kafka; presto-lark-sheets; presto-main; presto-main-base; presto-native-execution; presto-native-sidecar-plugin; presto-native-tests; presto-parquet; presto-pinot-toolkit; presto-plan-checker-router-plugin; presto-postgresql; presto-redshift; presto-spark-testing; presto-thrift-connector; redis-hbo-provider; presto-accumulo; presto-benchmark; presto-benchto-benchmarks; presto-bigquery; presto-clickhouse; presto-druid; presto-example-http; presto-grpc-testing-udf-server; presto-hudi; presto-iceberg; presto-jdbc; presto-kafka; presto-native-sidecar-plugin; presto-native-tests; presto-oracle; presto-parquet; presto-pinot; presto-plan-checker-router-plugin; presto-redis; presto-redshift; presto-singlestore; presto-spark; presto-spark-testing; presto-tests; presto-thrift-connector; presto-accumulo; presto-benchmark; presto-benchto-benchmarks; presto-bigquery; presto-hana; presto-hive; presto-hive-function-namespace; presto-main; presto-main-base; presto-native-execution; presto-native-sidecar-plugin; presto-native-tests; presto-parquet; presto-pinot-toolkit; presto-plan-checker-router-plugin; presto-postgresql; presto-proxy; presto-router; presto-singlestore; presto-spark-base; presto-spark-testing; presto-sqlserver; presto-tests; presto-accumulo; presto-benchmark; presto-benchto-benchmarks; presto-cassandra; presto-druid; presto-elasticsearch; presto-google-sheets; presto-hive; presto-iceberg; presto-jdbc; presto-kafka; presto-main-base; presto-mysql; presto-native-sidecar-plugin; presto-oracle; presto-orc; presto-parquet; presto-plan-checker-router-plugin; presto-redshift; presto-server; presto-spark; presto-spark-base; presto-spark-testing; presto-sqlserver; presto-tests; presto-thrift-connector; presto-accumulo; presto-benchmark; presto-benchto-benchmarks; presto-clickhouse; presto-elasticsearch; presto-hive; presto-hive-function-namespace; presto-hudi; presto-iceberg; presto-main-base; presto-mysql; presto-native-sidecar-plugin; presto-oracle; presto-parquet; presto-plan-checker-router-plugin; presto-redshift; presto-resource-group-managers; presto-server; presto-singlestore; presto-spark-base; presto-spark-testing; presto-sqlserver; presto-tests; presto-thrift-connector; presto-tpcds; redis-hbo-provider; presto-accumulo; presto-benchmark; presto-benchto-benchmarks; presto-delta; presto-grpc-testing-udf-server; presto-hive; presto-hive-function-namespace; presto-iceberg; presto-jdbc; presto-mysql; presto-native-execution; presto-native-sidecar-plugin; presto-native-tests; presto-oracle; presto-orc; presto-parquet; presto-plan-checker-router-plugin; presto-proxy; presto-redshift; presto-singlestore; presto-spark; presto-spark-testing; presto-tests; presto-thrift-connector; presto-accumulo; presto-benchmark; presto-benchto-benchmarks; presto-druid; presto-elasticsearch; presto-hana; presto-hive; presto-hive-function-namespace; presto-hudi; presto-iceberg; presto-jdbc; presto-kafka; presto-main-base; presto-mysql; presto-native-sidecar-plugin; presto-native-tests; presto-oracle; presto-orc; presto-parquet; presto-plan-checker-router-plugin; presto-product-tests; presto-redshift; presto-singlestore; presto-spark; presto-spark-testing; presto-tests; redis-hbo-provider; presto-accumulo; presto-benchmark; presto-bigquery; presto-cassandra; presto-clickhouse; presto-elasticsearch; presto-google-sheets; presto-hive; presto-hive-function-namespace; presto-hudi; presto-jdbc; presto-kudu; presto-lark-sheets; presto-main-base; presto-native-sidecar-plugin; presto-native-tests; presto-oracle; presto-orc; presto-parquet; presto-plan-checker-router-plugin; presto-redshift; presto-singlestore; presto-spark; presto-spark-base; presto-spark-testing; presto-tests; presto-thrift-connector; presto-accumulo; presto-benchmark; presto-bigquery; presto-clickhouse; presto-delta; presto-elasticsearch; presto-hive; presto-iceberg; presto-jdbc; presto-kafka; presto-kudu; presto-main-base; presto-mysql; presto-native-sidecar-plugin; presto-orc; presto-parquet; presto-pinot; presto-pinot-toolkit; presto-plan-checker-router-plugin; presto-postgresql; presto-redshift; presto-server; presto-spark-testing; presto-sqlserver; presto-tests; presto-thrift-connector; presto-verifier; redis-hbo-provider; presto-accumulo; presto-benchmark; presto-bigquery; presto-clickhouse; presto-druid; presto-hive; presto-hive-function-namespace; presto-jdbc; presto-kafka; presto-lark-sheets; presto-main-base; presto-mysql; presto-native-execution; presto-native-sidecar-plugin; presto-native-tests; presto-parquet; presto-plan-checker-router-plugin; presto-postgresql; presto-record-decoder; presto-spark-package; presto-spark-testing; presto-tests; presto-thrift-connector; presto-verifier; redis-hbo-provider; presto-accumulo; presto-benchmark; presto-bigquery; presto-clickhouse; presto-elasticsearch; presto-hana; presto-hive; presto-jdbc; presto-kafka; presto-main-base; presto-native-execution; presto-orc; presto-parquet; presto-pinot; presto-pinot-toolkit; presto-plan-checker-router-plugin; presto-postgresql; presto-proxy; presto-server; presto-spark-testing; presto-tests; presto-thrift-connector; redis-hbo-provider; presto-accumulo; presto-benchmark; presto-bigquery; presto-druid; presto-elasticsearch; presto-function-server; presto-hana; presto-hive; presto-hive-function-namespace; presto-hudi; presto-iceberg; presto-main-base; presto-mysql; presto-native-sidecar-plugin; presto-native-tests; presto-orc; presto-parquet; presto-plan-checker-router-plugin; presto-proxy; presto-singlestore; presto-spark; presto-spark-package; presto-spark-testing; presto-sqlserver; presto-tests; presto-thrift-connector; presto-verifier; presto-accumulo; presto-benchmark; presto-bigquery; presto-druid; presto-elasticsearch; presto-google-sheets; presto-hive; presto-hive-function-namespace; presto-iceberg; presto-jdbc; presto-main-base; presto-native-execution; presto-native-sidecar-plugin; presto-native-tests; presto-oracle; presto-orc; presto-parquet; presto-pinot; presto-plan-checker-router-plugin; presto-product-tests; presto-prometheus; presto-redshift; presto-spark-base; presto-accumulo; presto-benchmark; presto-bigquery; presto-druid; presto-google-sheets; presto-hive; presto-hive-function-namespace; presto-jmx; presto-kafka; presto-main; presto-main-base; presto-native-execution; presto-native-sidecar-plugin; presto-native-tests; presto-parquet; presto-plan-checker-router-plugin; presto-postgresql; presto-redis; presto-spark; presto-spark-base; presto-spark-package; presto-spark-testing; presto-sqlserver; presto-tests; presto-thrift-connector; presto-verifier; redis-hbo-provider; presto-accumulo; presto-benchmark; presto-clickhouse; presto-delta; presto-druid; presto-elasticsearch; presto-hana; presto-hive; presto-i18n-functions; presto-iceberg; presto-jdbc; presto-kafka; presto-main-base; presto-native-execution; presto-native-sidecar-plugin; presto-native-tests; presto-orc; presto-pinot; presto-pinot-toolkit; presto-plan-checker-router-plugin; presto-postgresql; presto-redshift; presto-spark; presto-spark-package; presto-tests; redis-hbo-provider; presto-accumulo; presto-benchmark; presto-clickhouse; presto-hive-function-namespace; presto-hudi; presto-kafka; presto-main-base; presto-native-sidecar-plugin; presto-native-tests; presto-orc; presto-parquet; presto-pinot; presto-plan-checker-router-plugin; presto-postgresql; presto-redshift; presto-spark; presto-spark-base; presto-spark-testing; presto-sqlserver; presto-tests; presto-thrift-connector; presto-tpcds; presto-verifier; redis-hbo-provider; presto-accumulo; presto-benchmark; presto-delta; presto-druid; presto-grpc-testing-udf-server; presto-hive; presto-hive-function-namespace; presto-jdbc; presto-kafka; presto-main; presto-native-execution; presto-native-sidecar-plugin; presto-native-tests; presto-oracle; presto-pinot-toolkit; presto-plan-checker-router-plugin; presto-redshift; presto-spark; presto-spark-base; presto-spark-testing; presto-sqlserver; presto-verifier; presto-accumulo; presto-benchmark; presto-druid; presto-elasticsearch; presto-function-server; presto-grpc-testing-udf-server; presto-hana; presto-hive; presto-hive-function-namespace; presto-jdbc; presto-main; presto-memory; presto-mysql; presto-native-execution; presto-parquet; presto-plan-checker-router-plugin; presto-postgresql; presto-redshift; presto-server; presto-singlestore; presto-spark; presto-spark-base; presto-spark-testing; presto-sqlserver; presto-tests; presto-thrift-connector; presto-accumulo; presto-benchmark; presto-elasticsearch; presto-hive; presto-hive-function-namespace; presto-hudi; presto-jdbc; presto-kafka; presto-main-base; presto-ml; presto-mysql; presto-native-execution; presto-native-sidecar-plugin; presto-native-tests; presto-orc; presto-parquet; presto-plan-checker-router-plugin; presto-product-tests; presto-prometheus; presto-spark; presto-tests; presto-thrift-connector; presto-accumulo; presto-benchto-benchmarks; presto-bigquery; presto-clickhouse; presto-delta; presto-druid; presto-example-http; presto-hive; presto-hive-function-namespace; presto-iceberg; presto-jdbc; presto-kafka; presto-main-base; presto-native-execution; presto-native-sidecar-plugin; presto-parquet; presto-pinot; presto-plan-checker-router-plugin; presto-postgresql; presto-redshift; presto-server; presto-singlestore; presto-spark-base; presto-spark-testing; presto-thrift-connector; redis-hbo-provider; presto-accumulo; presto-benchto-benchmarks; presto-bigquery; presto-druid; presto-example-http; presto-hana; presto-hive; presto-iceberg; presto-kafka; presto-lark-sheets; presto-main-base; presto-mysql; presto-native-sidecar-plugin; presto-native-tests; presto-parquet; presto-plan-checker-router-plugin; presto-postgresql; presto-proxy; presto-singlestore; presto-spark-base; presto-spark-testing; presto-tests; presto-accumulo; presto-benchto-benchmarks; presto-bigquery; presto-hive; presto-hive-function-namespace; presto-jdbc; presto-main-base; presto-native-execution; presto-native-sidecar-plugin; presto-oracle; presto-orc; presto-parquet; presto-plan-checker-router-plugin; presto-proxy; presto-server; presto-singlestore; presto-spark-base; presto-tests; redis-hbo-provider; presto-accumulo; presto-benchto-benchmarks; presto-cassandra; presto-clickhouse; presto-delta; presto-druid; presto-elasticsearch; presto-hive-function-namespace; presto-iceberg; presto-kafka; presto-main-base; presto-native-sidecar-plugin; presto-native-tests; presto-oracle; presto-orc; presto-pinot; presto-pinot-toolkit; presto-plan-checker-router-plugin; presto-postgresql; presto-router; presto-spark-base; presto-spark-package; presto-sqlserver; presto-tests; presto-accumulo; presto-bigquery; presto-cassandra; presto-druid; presto-google-sheets; presto-hive; presto-jdbc; presto-kafka; presto-kudu; presto-main-base; presto-mysql; presto-native-execution; presto-native-sidecar-plugin; presto-native-tests; presto-oracle; presto-parquet; presto-pinot-toolkit; presto-plan-checker-router-plugin; presto-product-tests; presto-record-decoder; presto-redshift; presto-singlestore; presto-spark; presto-sqlserver; presto-thrift-connector; presto-accumulo; presto-bigquery; presto-clickhouse; presto-druid; presto-elasticsearch; presto-hive-function-namespace; presto-iceberg; presto-main-base; presto-mongodb; presto-mysql; presto-native-sidecar-plugin; presto-native-tests; presto-orc; presto-parquet; presto-pinot; presto-plan-checker-router-plugin; presto-postgresql; presto-redis; presto-redshift; presto-router; presto-spark; presto-spark-base; presto-spark-testing; presto-tests; presto-accumulo; presto-bigquery; presto-druid; presto-elasticsearch; presto-hive; presto-hudi; presto-jdbc; presto-kafka; presto-main-base; presto-memory; presto-native-sidecar-plugin; presto-native-tests; presto-orc; presto-plan-checker-router-plugin; presto-proxy; presto-redshift; presto-singlestore; presto-spark; presto-spark-base; presto-spark-testing; presto-tests; presto-thrift-connector; presto-accumulo; presto-bigquery; presto-elasticsearch; presto-function-server; presto-hana; presto-hive; presto-hive-function-namespace; presto-iceberg; presto-jdbc; presto-kudu; presto-main; presto-main-base; presto-mysql; presto-native-sidecar-plugin; presto-native-tests; presto-oracle; presto-parquet; presto-plan-checker-router-plugin; presto-prometheus; presto-redshift; presto-singlestore; presto-spark; presto-spark-package; presto-spark-testing; presto-sqlserver; presto-tests; presto-thrift-connector; presto-verifier; presto-accumulo; presto-clickhouse; presto-example-http; presto-hana; presto-hive; presto-hive-function-namespace; presto-hudi; presto-jdbc; presto-main-base; presto-mysql; presto-native-sidecar-plugin; presto-oracle; presto-parquet; presto-plan-checker-router-plugin; presto-postgresql; presto-server; presto-singlestore; presto-spark-base; presto-spark-package; presto-spark-testing; presto-sqlserver; presto-tests; presto-thrift-connector; presto-tpcds; presto-verifier; presto-atop; presto-base-arrow-flight; presto-benchto-benchmarks; presto-elasticsearch; presto-hive; presto-hudi; presto-jdbc; presto-kafka; presto-main-base; presto-mysql; presto-native-sidecar-plugin; presto-native-tests; presto-orc; presto-pinot; presto-plan-checker-router-plugin; presto-postgresql; presto-singlestore; presto-spark-base; presto-spark-testing; presto-sqlserver; presto-thrift-connector; redis-hbo-provider; presto-atop; presto-benchmark; presto-bigquery; presto-druid; presto-google-sheets; presto-hana; presto-hive; presto-hive-function-namespace; presto-jdbc; presto-kafka; presto-main-base; presto-mysql; presto-native-execution; presto-native-tests; presto-oracle; presto-orc; presto-parquet; presto-pinot; presto-plan-checker-router-plugin; presto-singlestore; presto-spark; presto-spark-testing; presto-tests; presto-thrift-connector; presto-atop; presto-benchmark; presto-clickhouse; presto-delta; presto-druid; presto-elasticsearch; presto-grpc-testing-udf-server; presto-hive; presto-hive-function-namespace; presto-jdbc; presto-native-execution; presto-native-sidecar-plugin; presto-native-tests; presto-orc; presto-parquet; presto-plan-checker-router-plugin; presto-postgresql; presto-singlestore; presto-spark-package; presto-spark-testing; presto-tests; presto-verifier; redis-hbo-provider; presto-base-arrow-flight; presto-base-jdbc; presto-benchmark; presto-bigquery; presto-cassandra; presto-clickhouse; presto-druid; presto-elasticsearch; presto-hive; presto-hive-function-namespace; presto-hudi; presto-kafka; presto-main; presto-main-base; presto-mysql; presto-native-sidecar-plugin; presto-native-tests; presto-parquet; presto-plan-checker-router-plugin; presto-spark; presto-spark-base; presto-spark-testing; presto-sqlserver; presto-tests; presto-thrift-connector; presto-verifier; redis-hbo-provider; presto-base-arrow-flight; presto-base-jdbc; presto-benchto-benchmarks; presto-cassandra; presto-google-sheets; presto-hive; presto-hive-function-namespace; presto-jdbc; presto-kafka; presto-main-base; presto-native-sidecar-plugin; presto-native-tests; presto-oracle; presto-orc; presto-plan-checker-router-plugin; presto-redshift; presto-singlestore; presto-spark; presto-spark-testing; presto-sqlserver; presto-tests; presto-thrift-connector; redis-hbo-provider; presto-base-arrow-flight; presto-base-jdbc; presto-benchto-benchmarks; presto-druid; presto-elasticsearch; presto-hive; presto-hive-function-namespace; presto-iceberg; presto-kafka; presto-main-base; presto-native-sidecar-plugin; presto-oracle; presto-orc; presto-parquet; presto-pinot; presto-plan-checker-router-plugin; presto-proxy; presto-redshift; presto-server; presto-spark-base; presto-spark-testing; presto-sqlserver; presto-thrift-connector; presto-base-arrow-flight; presto-base-jdbc; presto-cassandra; presto-clickhouse; presto-hive; presto-hive-function-namespace; presto-hudi; presto-iceberg; presto-jdbc; presto-kafka; presto-main-base; presto-mysql; presto-native-sidecar-plugin; presto-native-tests; presto-orc; presto-parquet; presto-pinot; presto-plan-checker-router-plugin; presto-proxy; presto-router; presto-singlestore; presto-spark; presto-spark-package; presto-sqlserver; presto-base-arrow-flight; presto-benchmark; presto-benchmark-runner; presto-benchto-benchmarks; presto-bigquery; presto-druid; presto-elasticsearch; presto-grpc-testing-udf-server; presto-hive; presto-hive-common; presto-iceberg; presto-native-sidecar-plugin; presto-native-tests; presto-parquet; presto-plan-checker-router-plugin; presto-redshift; presto-singlestore; presto-spark-base; presto-spark-package; presto-spark-testing; presto-sqlserver; presto-teradata-functions; presto-tests; presto-verifier; redis-hbo-provider; presto-base-arrow-flight; presto-benchmark; presto-benchmark-runner; presto-bigquery; presto-elasticsearch; presto-grpc-testing-udf-server; presto-hudi; presto-main-base; presto-mysql; presto-native-sidecar-plugin; presto-native-tests; presto-parquet; presto-pinot; presto-plan-checker-router-plugin; presto-spark; presto-spark-base; presto-spark-package; presto-sqlserver; presto-tests; presto-thrift-connector; presto-base-arrow-flight; presto-benchmark; presto-benchmark-runner; presto-cassandra; presto-delta; presto-hive; presto-hive-function-namespace; presto-jdbc; presto-main-base; presto-native-execution; presto-native-sidecar-plugin; presto-native-tests; presto-oracle; presto-orc; presto-parquet; presto-plan-checker-router-plugin; presto-postgresql; presto-redshift; presto-spark; presto-spark-base; presto-tests; presto-base-arrow-flight; presto-benchmark; presto-benchto-benchmarks; presto-bigquery; presto-clickhouse; presto-delta; presto-druid; presto-grpc-testing-udf-server; presto-hana; presto-hive; presto-iceberg; presto-main-base; presto-mysql; presto-native-sidecar-plugin; presto-native-tests; presto-oracle; presto-parquet; presto-pinot-toolkit; presto-plan-checker-router-plugin; presto-postgresql; presto-redshift; presto-singlestore; presto-spark; presto-spark-testing; presto-tests; presto-thrift-connector; presto-tpcds; presto-base-arrow-flight; presto-benchmark; presto-benchto-benchmarks; presto-bigquery; presto-delta; presto-elasticsearch; presto-google-sheets; presto-hana; presto-hive; presto-hive-function-namespace; presto-iceberg; presto-jdbc; presto-kafka; presto-kudu; presto-main-base; presto-mysql; presto-native-execution; presto-native-sidecar-plugin; presto-native-tests; presto-orc; presto-pinot; presto-plan-checker-router-plugin; presto-product-tests; presto-singlestore; presto-spark; presto-spark-testing; presto-sqlserver; presto-base-arrow-flight; presto-benchmark; presto-benchto-benchmarks; presto-bigquery; presto-druid; presto-elasticsearch; presto-grpc-testing-udf-server; presto-hana; presto-hive; presto-hudi; presto-i18n-functions; presto-jdbc; presto-kafka; presto-main-base; presto-native-execution; presto-native-tests; presto-parquet; presto-pinot; presto-plan-checker-router-plugin; presto-singlestore; presto-spark; presto-spark-testing; presto-sqlserver; redis-hbo-provider; presto-base-arrow-flight; presto-benchmark; presto-benchto-benchmarks; presto-bigquery; presto-example-http; presto-google-sheets; presto-hana; presto-hive; presto-hive-function-namespace; presto-hudi; presto-iceberg; presto-jdbc; presto-main-base; presto-mysql; presto-native-execution; presto-native-sidecar-plugin; presto-oracle; presto-parquet; presto-plan-checker-router-plugin; presto-postgresql; presto-proxy; presto-redshift; presto-server; presto-singlestore; presto-sqlserver; presto-tests; presto-thrift-connector; presto-base-arrow-flight; presto-benchmark; presto-benchto-benchmarks; presto-clickhouse; presto-delta; presto-elasticsearch; presto-google-sheets; presto-grpc-testing-udf-server; presto-hive; presto-hive-function-namespace; presto-iceberg; presto-lark-sheets; presto-main; presto-native-sidecar-plugin; presto-parquet; presto-plan-checker-router-plugin; presto-redshift; presto-server; presto-spark-package; presto-sqlserver; presto-tests; redis-hbo-provider; presto-base-arrow-flight; presto-benchmark; presto-bigquery; presto-cassandra; presto-delta; presto-druid; presto-elasticsearch; presto-grpc-testing-udf-server; presto-hive; presto-kafka; presto-mysql; presto-native-execution; presto-native-sidecar-plugin; presto-oracle; presto-orc; presto-plan-checker-router-plugin; presto-proxy; presto-server; presto-spark; presto-spark-testing; presto-sqlserver; presto-tests; presto-thrift-connector; presto-tpcds; presto-base-arrow-flight; presto-benchmark; presto-bigquery; presto-cassandra; presto-druid; presto-google-sheets; presto-hive; presto-hudi; presto-main-base; presto-mysql; presto-native-sidecar-plugin; presto-native-tests; presto-oracle; presto-orc; presto-parquet; presto-pinot; presto-plan-checker-router-plugin; presto-postgresql; presto-redshift; presto-router; presto-spark-base; presto-spark-package; presto-sqlserver; presto-verifier; presto-base-arrow-flight; presto-benchmark; presto-bigquery; presto-clickhouse; presto-druid; presto-elasticsearch; presto-hive-metastore; presto-hudi; presto-iceberg; presto-main; presto-main-base; presto-native-execution; presto-native-sidecar-plugin; presto-native-tests; presto-parquet; presto-pinot; presto-plan-checker-router-plugin; presto-redshift; presto-singlestore; presto-spark; presto-spark-base; presto-verifier; redis-hbo-provider; presto-base-arrow-flight; presto-benchmark; presto-bigquery; presto-delta; presto-elasticsearch; presto-hana; presto-hive; presto-hive-function-namespace; presto-jdbc; presto-kafka; presto-kudu; presto-main-base; presto-native-execution; presto-native-sidecar-plugin; presto-oracle; presto-orc; presto-parquet; presto-pinot; presto-plan-checker-router-plugin; presto-postgresql; presto-redshift; presto-server; presto-singlestore; presto-spark; presto-spark-base; presto-spark-package; presto-spark-testing; presto-sqlserver; presto-tests; presto-verifier; redis-hbo-provider; presto-base-arrow-flight; presto-benchmark; presto-bigquery; presto-druid; presto-elasticsearch; presto-hive-function-namespace; presto-kafka; presto-main; presto-main-base; presto-mysql; presto-native-sidecar-plugin; presto-oracle; presto-parquet; presto-pinot; presto-pinot-toolkit; presto-plan-checker-router-plugin; presto-postgresql; presto-redshift; presto-server; presto-singlestore; presto-spark; presto-spark-base; presto-spark-testing; presto-sqlserver; presto-tests; presto-thrift-connector; presto-verifier; presto-base-arrow-flight; presto-benchmark; presto-cassandra; presto-clickhouse; presto-delta; presto-grpc-testing-udf-server; presto-hana; presto-hive; presto-hive-function-namespace; presto-jdbc; presto-main-base; presto-native-sidecar-plugin; presto-native-tests; presto-oracle; presto-parquet; presto-plan-checker-router-plugin; presto-prometheus; presto-redshift; presto-singlestore; presto-spark-testing; presto-sqlserver; presto-tests; presto-verifier; presto-base-arrow-flight; presto-benchto-benchmarks; presto-bigquery; presto-cassandra; presto-clickhouse; presto-druid; presto-google-sheets; presto-hana; presto-hive; presto-jdbc; presto-lark-sheets; presto-main-base; presto-mongodb; presto-mysql; presto-native-execution; presto-native-sidecar-plugin; presto-native-tests; presto-oracle; presto-orc; presto-parquet; presto-pinot-toolkit; presto-plan-checker-router-plugin; presto-postgresql; presto-redshift; presto-singlestore; presto-spark; presto-spark-base; presto-spark-testing; presto-sqlserver; presto-tpcds; presto-verifier; presto-base-arrow-flight; presto-benchto-benchmarks; presto-bigquery; presto-elasticsearch; presto-hive; presto-hive-hadoop2; presto-iceberg; presto-kafka; presto-main; presto-main-base; presto-native-sidecar-plugin; presto-pinot-toolkit; presto-plan-checker-router-plugin; presto-proxy; presto-server; presto-spark-testing; presto-sqlserver; presto-tests; presto-base-arrow-flight; presto-benchto-benchmarks; presto-cassandra; presto-clickhouse; presto-druid; presto-elasticsearch; presto-google-sheets; presto-hana; presto-hive; presto-iceberg; presto-jdbc; presto-kafka; presto-main-base; presto-mysql; presto-native-tests; presto-oracle; presto-orc; presto-parquet; presto-pinot; presto-plan-checker-router-plugin; presto-redis; presto-singlestore; presto-spark-base; presto-spark-testing; presto-sqlserver; redis-hbo-provider; presto-base-arrow-flight; presto-benchto-benchmarks; presto-delta; presto-druid; presto-hana; presto-hive; presto-hive-function-namespace; presto-iceberg; presto-jdbc; presto-main-base; presto-native-sidecar-plugin; presto-orc; presto-parquet; presto-pinot; presto-plan-checker-router-plugin; presto-proxy; presto-server; presto-singlestore; presto-spark; presto-spark-testing; presto-thrift-connector; presto-base-arrow-flight; presto-bigquery; presto-cache; presto-druid; presto-elasticsearch; presto-google-sheets; presto-hana; presto-hive; presto-hive-function-namespace; presto-hive-hadoop2; presto-jdbc; presto-mongodb; presto-mysql; presto-native-sidecar-plugin; presto-native-tests; presto-parquet; presto-plan-checker-router-plugin; presto-redshift; presto-resource-group-managers; presto-spark-package; presto-spark-testing; presto-tests; presto-verifier; presto-base-arrow-flight; presto-bigquery; presto-clickhouse; presto-druid; presto-elasticsearch; presto-google-sheets; presto-hana; presto-hive-function-namespace; presto-jdbc; presto-kafka; presto-main; presto-main-base; presto-native-sidecar-plugin; presto-native-tests; presto-oracle; presto-parquet; presto-pinot; presto-pinot-toolkit; presto-plan-checker-router-plugin; presto-postgresql; presto-spark-testing; presto-sqlserver; presto-tests; presto-thrift-connector; presto-verifier; presto-base-arrow-flight; presto-cassandra; presto-clickhouse; presto-druid; presto-elasticsearch; presto-grpc-testing-udf-server; presto-hana; presto-hive; presto-jdbc; presto-main-base; presto-native-execution; presto-native-sidecar-plugin; presto-parquet; presto-plan-checker-router-plugin; presto-postgresql; presto-product-tests; presto-proxy; presto-redis; presto-redshift; presto-server; presto-singlestore; presto-spark; presto-spark-package; presto-spark-testing; presto-tests; presto-thrift-connector; redis-hbo-provider; presto-base-jdbc; presto-benchmark; presto-bigquery; presto-druid; presto-elasticsearch; presto-hive; presto-jdbc; presto-main-base; presto-mysql; presto-native-sidecar-plugin; presto-native-tests; presto-oracle; presto-orc; presto-pinot-toolkit; presto-plan-checker-router-plugin; presto-spark; presto-spark-testing; presto-sqlserver; presto-tests; presto-thrift-connector; redis-hbo-provider; presto-base-jdbc; presto-benchmark; presto-clickhouse; presto-delta; presto-elasticsearch; presto-google-sheets; presto-grpc-testing-udf-server; presto-hive; presto-kafka; presto-main-base; presto-native-execution; presto-native-sidecar-plugin; presto-native-tests; presto-oracle; presto-parquet; presto-plan-checker-router-plugin; presto-proxy; presto-spark; presto-spark-testing; presto-tests; presto-thrift-connector; presto-benchmark-runner; presto-bigquery; presto-druid; presto-example-http; presto-hive; presto-hudi; presto-iceberg; presto-jdbc; presto-main-base; presto-mysql; presto-native-sidecar-plugin; presto-parquet; presto-pinot; presto-plan-checker-router-plugin; presto-redis; presto-redshift; presto-server; presto-spark-testing; presto-thrift-connector; presto-verifier; presto-benchmark; presto-benchto-benchmarks; presto-bigquery; presto-clickhouse; presto-delta; presto-druid; presto-elasticsearch; presto-hive; presto-hive-function-namespace; presto-kafka; presto-main-base; presto-native-tests; presto-oracle; presto-orc; presto-parquet; presto-pinot; presto-plan-checker-router-plugin; presto-product-tests; presto-proxy; presto-spark-base; presto-spark-package; presto-spark-testing; presto-sqlserver; presto-teradata-functions; presto-tests; presto-thrift-connector; presto-benchmark; presto-benchto-benchmarks; presto-bigquery; presto-delta; presto-druid; presto-elasticsearch; presto-function-server; presto-google-sheets; presto-grpc-testing-udf-server; presto-hana; presto-hive; presto-iceberg; presto-main-base; presto-native-sidecar-plugin; presto-native-tests; presto-parquet; presto-plan-checker-router-plugin; presto-postgresql; presto-redshift; presto-singlestore; presto-spark; presto-spark-base; presto-spark-testing; presto-tests; presto-verifier; redis-hbo-provider; presto-benchmark; presto-benchto-benchmarks; presto-bigquery; presto-delta; presto-hive; presto-hive-function-namespace; presto-jdbc; presto-main; presto-native-execution; presto-oracle; presto-orc; presto-parquet; presto-pinot; presto-redshift; presto-singlestore; presto-spark; presto-spark-testing; presto-thrift-connector; presto-benchmark; presto-benchto-benchmarks; presto-bigquery; presto-druid; presto-google-sheets; presto-grpc-testing-udf-server; presto-hive; presto-hudi; presto-jdbc; presto-kudu; presto-main-base; presto-mysql; presto-native-sidecar-plugin; presto-native-tests; presto-oracle; presto-parquet; presto-plan-checker-router-plugin; presto-singlestore; presto-spark-testing; presto-sqlserver; presto-tests; presto-thrift-connector; redis-hbo-provider; presto-benchmark; presto-benchto-benchmarks; presto-clickhouse; presto-elasticsearch; presto-google-sheets; presto-hana; presto-iceberg; presto-jdbc; presto-kafka; presto-main-base; presto-mysql; presto-native-execution; presto-native-sidecar-plugin; presto-oracle; presto-orc; presto-parquet; presto-pinot; presto-plan-checker-router-plugin; presto-postgresql; presto-server; presto-singlestore; presto-spark-base; presto-sqlserver; presto-tests; redis-hbo-provider; presto-benchmark; presto-benchto-benchmarks; presto-delta; presto-elasticsearch; presto-hana; presto-hive; presto-hive-function-namespace; presto-lark-sheets; presto-main; presto-main-base; presto-native-sidecar-plugin; presto-native-tests; presto-parquet; presto-pinot-toolkit; presto-plan-checker-router-plugin; presto-postgresql; presto-product-tests; presto-redis; presto-router; presto-spark-base; presto-spark-testing; presto-tests; presto-thrift-connector; presto-benchmark; presto-bigquery; presto-cache; presto-elasticsearch; presto-example-http; presto-hive; presto-jdbc; presto-kafka; presto-main-base; presto-mysql; presto-native-sidecar-plugin; presto-native-tests; presto-parquet; presto-plan-checker-router-plugin; presto-spark; presto-spark-base; presto-spark-package; presto-spark-testing; presto-tests; presto-verifier; presto-benchmark; presto-bigquery; presto-clickhouse; presto-hive; presto-hive-function-namespace; presto-iceberg; presto-jdbc; presto-kafka; presto-main-base; presto-native-execution; presto-native-sidecar-plugin; presto-native-tests; presto-oracle; presto-orc; presto-parquet; presto-pinot; presto-plan-checker-router-plugin; presto-singlestore; presto-spark-testing; presto-sqlserver; presto-thrift-connector; presto-tpcds; redis-hbo-provider; presto-benchmark; presto-bigquery; presto-delta; presto-grpc-testing-udf-server; presto-hive; presto-hive-function-namespace; presto-iceberg; presto-jdbc; presto-kafka; presto-main-base; presto-native-sidecar-plugin; presto-parquet; presto-plan-checker-router-plugin; presto-postgresql; presto-proxy; presto-server; presto-spark-testing; presto-sqlserver; presto-tests; presto-verifier; redis-hbo-provider; presto-benchmark; presto-bigquery; presto-hive; presto-hive-common; presto-hive-function-namespace; presto-iceberg; presto-jdbc; presto-main-base; presto-native-sidecar-plugin; presto-native-tests; presto-oracle; presto-parquet; presto-pinot; presto-spark; presto-spark-testing; presto-test-coverage; presto-benchmark; presto-bigquery; presto-hive; presto-hive-common; presto-hive-function-namespace; presto-iceberg; presto-jdbc; presto-main-base; presto-native-sidecar-plugin; presto-oracle; presto-parquet; presto-pinot; presto-product-tests; presto-spark; presto-test-coverage; presto-thrift-connector; presto-benchmark; presto-cache; presto-clickhouse; presto-elasticsearch; presto-example-http; presto-hive; presto-hive-function-namespace; presto-mysql; presto-native-execution; presto-native-sidecar-plugin; presto-native-tests; presto-oracle; presto-parquet; presto-pinot-toolkit; presto-plan-checker-router-plugin; presto-product-tests; presto-singlestore; presto-spark; presto-spark-base; presto-spark-testing; presto-tests; presto-thrift-connector; presto-thrift-testing-server; presto-verifier; presto-benchmark; presto-clickhouse; presto-druid; presto-hana; presto-hive; presto-hive-function-namespace; presto-jdbc; presto-lark-sheets; presto-main-base; presto-native-sidecar-plugin; presto-oracle; presto-orc; presto-pinot; presto-pinot-toolkit; presto-plan-checker-router-plugin; presto-redshift; presto-server; presto-singlestore; presto-spark; presto-spark-testing; presto-sqlserver; presto-tests; presto-benchmark; presto-clickhouse; presto-elasticsearch; presto-hana; presto-hive-function-namespace; presto-hudi; presto-iceberg; presto-kafka; presto-main-base; presto-mysql; presto-native-execution; presto-native-sidecar-plugin; presto-native-tests; presto-orc; presto-pinot; presto-pinot-toolkit; presto-plan-checker-router-plugin; presto-postgresql; presto-proxy; presto-redis; presto-singlestore; presto-spark; presto-sqlserver; presto-tests; presto-thrift-connector; presto-verifier; presto-benchmark; presto-hive; presto-hive-common; presto-hive-function-namespace; presto-iceberg; presto-jdbc; presto-main; presto-native-sidecar-plugin; presto-parquet; presto-pinot; presto-pinot-toolkit; presto-postgresql; presto-redshift; presto-spark; presto-spark-testing; presto-test-coverage; presto-bigquery; presto-cassandra; presto-druid; presto-example-http; presto-hana; presto-hive; presto-i18n-functions; presto-jdbc; presto-kafka; presto-main-base; presto-mongodb; presto-native-execution; presto-native-sidecar-plugin; presto-native-tests; presto-oracle; presto-parquet; presto-pinot; presto-plan-checker-router-plugin; presto-proxy; presto-singlestore; presto-spark-base; presto-verifier; presto-bigquery; presto-elasticsearch; presto-hana; presto-hudi; presto-iceberg; presto-jdbc; presto-kafka; presto-main-base; presto-mysql; presto-native-execution; presto-native-sidecar-plugin; presto-oracle; presto-orc; presto-parquet; presto-pinot-toolkit; presto-plan-checker-router-plugin; presto-product-tests; presto-redis; presto-server; presto-spark; presto-tests; presto-druid; presto-hive; presto-hive-function-namespace; presto-iceberg; presto-jdbc; presto-main; presto-native-execution; presto-native-sidecar-plugin; presto-parquet; presto-pinot; presto-pinot-toolkit; presto-postgresql; presto-spark; presto-sqlserver; presto-test-coverage; presto-hive; presto-hive-function-namespace; presto-iceberg; presto-jdbc; presto-kafka; presto-main-base; presto-native-sidecar-plugin; presto-pinot; presto-pinot-toolkit; presto-redshift; presto-spark; presto-spark-testing; presto-sqlserver; presto-test-coverage; presto-thrift-connector,31,1.4.199,2024-08-23 00:00:00+00:00,2026-01-08 00:00:00+00:00,503.0,post_resolution,CVE-2021-23463; CVE-2021-42392; CVE-2022-23221; CVE-2022-45868,right_censored_no_later_version
63,presto,MySQL,5028,presto-verifier,1,5.1.25,2014-06-17 00:00:00+00:00,2015-04-16 17:00:07.253000+00:00,303.7084172800926,pre_disclosure,CVE-2015-2575; CVE-2017-3523; CVE-2017-3586; CVE-2017-3589; CVE-2018-3258; CVE-2019-2692; CVE-2020-2934; CVE-2022-21363; CVE-2023-22102,version_changed
63,presto,MySQL,5028,presto-verifier,1,5.1.25,2015-04-16 17:00:07.253000+00:00,2015-05-08 10:55:46+00:00,21.746976238425926,post_disclosure,CVE-2015-2575; CVE-2017-3523; CVE-2017-3586; CVE-2017-3589; CVE-2018-3258; CVE-2019-2692; CVE-2020-2934; CVE-2022-21363; CVE-2023-22102,version_changed
63,presto,MySQL,5028,presto-verifier,1,5.1.25,2015-05-08 10:55:46+00:00,2017-02-14 20:27:59+00:00,648.3973726851851,post_resolution,CVE-2015-2575; CVE-2017-3523; CVE-2017-3586; CVE-2017-3589; CVE-2018-3258; CVE-2019-2692; CVE-2020-2934; CVE-2022-21363; CVE-2023-22102,version_changed
63,presto,MySQL,5028,presto-verifier,1,5.1.25,2017-02-14 20:27:59+00:00,2017-04-17 18:23:36+00:00,61.91362268518518,post_resolution,CVE-2015-2575; CVE-2017-3523; CVE-2017-3586; CVE-2017-3589; CVE-2018-3258; CVE-2019-2692; CVE-2020-2934; CVE-2022-21363; CVE-2023-22102,version_changed
63,presto,MySQL,5028,presto-verifier,1,5.1.25,2017-04-17 18:23:36+00:00,2017-04-24 19:59:03.567000+00:00,7.066291284722222,post_resolution,CVE-2015-2575; CVE-2017-3523; CVE-2017-3586; CVE-2017-3589; CVE-2018-3258; CVE-2019-2692; CVE-2020-2934; CVE-2022-21363; CVE-2023-22102,version_changed
63,presto,MySQL,5028,presto-verifier,1,5.1.25,2017-04-24 19:59:03.567000+00:00,2017-04-24 19:59:05.597000+00:00,2.3495370370370367e-05,post_resolution,CVE-2015-2575; CVE-2017-3523; CVE-2017-3586; CVE-2017-3589; CVE-2018-3258; CVE-2019-2692; CVE-2020-2934; CVE-2022-21363; CVE-2023-22102,version_changed
63,presto,MySQL,5028,presto-verifier,1,5.1.25,2017-04-24 19:59:05.597000+00:00,2017-04-24 19:59:05.660000+00:00,7.291666666666666e-07,post_resolution,CVE-2015-2575; CVE-2017-3523; CVE-2017-3586; CVE-2017-3589; CVE-2018-3258; CVE-2019-2692; CVE-2020-2934; CVE-2022-21363; CVE-2023-22102,version_changed
63,presto,MySQL,5028,presto-verifier,1,5.1.25,2017-04-24 19:59:05.660000+00:00,2018-09-27 09:18:47+00:00,520.5553395833334,post_resolution,CVE-2015-2575; CVE-2017-3523; CVE-2017-3586; CVE-2017-3589; CVE-2018-3258; CVE-2019-2692; CVE-2020-2934; CVE-2022-21363; CVE-2023-22102,version_changed
63,presto,MySQL,5028,presto-verifier,1,5.1.25,2018-09-27 09:18:47+00:00,2018-10-17 01:31:27.230000+00:00,19.675465625,post_resolution,CVE-2015-2575; CVE-2017-3523; CVE-2017-3586; CVE-2017-3589; CVE-2018-3258; CVE-2019-2692; CVE-2020-2934; CVE-2022-21363; CVE-2023-22102,version_changed
63,presto,MySQL,5028,presto-verifier,1,5.1.25,2018-10-17 01:31:27.230000+00:00,2019-03-20 19:08:52+00:00,154.73431446759258,post_resolution,CVE-2015-2575; CVE-2017-3523; CVE-2017-3586; CVE-2017-3589; CVE-2018-3258; CVE-2019-2692; CVE-2020-2934; CVE-2022-21363; CVE-2023-22102,version_changed
63,presto,MySQL,5028,presto-verifier,1,5.1.25,2019-03-20 19:08:52+00:00,2019-04-23 19:32:55.880000+00:00,34.01671157407407,post_resolution,CVE-2015-2575; CVE-2017-3523; CVE-2017-3586; CVE-2017-3589; CVE-2018-3258; CVE-2019-2692; CVE-2020-2934; CVE-2022-21363; CVE-2023-22102,version_changed
63,presto,MySQL,5028,presto-verifier,1,5.1.25,2019-04-23 19:32:55.880000+00:00,2020-04-15 14:15:36.453000+00:00,357.77963626157407,post_resolution,CVE-2015-2575; CVE-2017-3523; CVE-2017-3586; CVE-2017-3589; CVE-2018-3258; CVE-2019-2692; CVE-2020-2934; CVE-2022-21363; CVE-2023-22102,version_changed
63,presto,MySQL,5028,presto-verifier,1,5.1.25,2020-04-15 14:15:36.453000+00:00,2020-07-14 00:00:00+00:00,89.40582809027778,post_resolution,CVE-2015-2575; CVE-2017-3523; CVE-2017-3586; CVE-2017-3589; CVE-2018-3258; CVE-2019-2692; CVE-2020-2934; CVE-2022-21363; CVE-2023-22102,version_changed
63,presto,MySQL,5028,presto-verifier,1,5.1.25,2020-07-14 00:00:00+00:00,2021-12-16 00:25:41+00:00,520.0178356481481,post_resolution,CVE-2015-2575; CVE-2017-3523; CVE-2017-3586; CVE-2017-3589; CVE-2018-3258; CVE-2019-2692; CVE-2020-2934; CVE-2022-21363; CVE-2023-22102,version_changed
63,presto,MySQL,5028,presto-verifier,1,5.1.25,2021-12-16 00:25:41+00:00,2022-01-19 12:15:15.680000+00:00,34.492762500000005,post_resolution,CVE-2015-2575; CVE-2017-3523; CVE-2017-3586; CVE-2017-3589; CVE-2018-3258; CVE-2019-2692; CVE-2020-2934; CVE-2022-21363; CVE-2023-22102,version_changed
63,presto,MySQL,5028,presto-verifier,1,5.1.25,2022-01-19 12:15:15.680000+00:00,2023-10-17 22:15:15.100000+00:00,636.4166599537037,post_resolution,CVE-2015-2575; CVE-2017-3523; CVE-2017-3586; CVE-2017-3589; CVE-2018-3258; CVE-2019-2692; CVE-2020-2934; CVE-2022-21363; CVE-2023-22102,version_changed
63,presto,MySQL,5028,presto-verifier,1,5.1.25,2023-10-17 22:15:15.100000+00:00,2023-10-25 08:46:05+00:00,7.438077546296297,post_resolution,CVE-2015-2575; CVE-2017-3523; CVE-2017-3586; CVE-2017-3589; CVE-2018-3258; CVE-2019-2692; CVE-2020-2934; CVE-2022-21363; CVE-2023-22102,version_changed
63,presto,MySQL,5028,presto-verifier,1,5.1.25,2023-10-25 08:46:05+00:00,2024-08-23 00:00:00+00:00,302.6346643518518,post_resolution,CVE-2015-2575; CVE-2017-3523; CVE-2017-3586; CVE-2017-3589; CVE-2018-3258; CVE-2019-2692; CVE-2020-2934; CVE-2022-21363; CVE-2023-22102,version_changed
63,presto,MySQL,5029,presto-benchmark; presto-benchto-benchmarks; presto-bigquery; presto-delta; presto-function-namespace-managers; presto-hive; presto-hive-function-namespace; presto-jdbc; presto-main; presto-native-execution; presto-oracle; presto-orc; presto-parquet; presto-pinot; presto-redshift; presto-singlestore; presto-spark; presto-spark-testing; presto-thrift-connector; presto-benchmark; presto-bigquery; presto-grpc-testing-udf-server; presto-hive; presto-hive-common; presto-hive-function-namespace; presto-iceberg; presto-jdbc; presto-main-base; presto-native-sidecar-plugin; presto-oracle; presto-parquet; presto-pinot; presto-product-tests; presto-spark; presto-test-coverage; presto-thrift-connector; presto-benchmark; presto-function-namespace-managers; presto-hive; presto-hive-common; presto-hive-function-namespace; presto-iceberg; presto-jdbc; presto-main; presto-native-sidecar-plugin; presto-orc; presto-parquet; presto-pinot; presto-pinot-toolkit; presto-postgresql; presto-redshift; presto-spark; presto-spark-testing; presto-test-coverage; presto-druid; presto-function-namespace-managers; presto-hive; presto-hive-function-namespace; presto-iceberg; presto-jdbc; presto-main; presto-native-execution; presto-native-sidecar-plugin; presto-parquet; presto-pinot; presto-pinot-toolkit; presto-postgresql; presto-resource-group-managers; presto-spark; presto-spark-testing; presto-sqlserver; presto-test-coverage,19,5.1.48,2024-08-23 00:00:00+00:00,2025-05-29 00:00:00+00:00,279.0,post_resolution,CVE-2018-3258; CVE-2019-2692; CVE-2020-2934; CVE-2022-21363; CVE-2023-22102,version_changed
63,presto,PostgreSQL,5032,presto-benchto-benchmarks; presto-parquet,2,42.6.0,2024-08-23 00:00:00+00:00,2024-11-01 00:00:00+00:00,70.0,pre_disclosure,CVE-2026-42198,version_changed
63,presto,PostgreSQL,5033,presto-oracle; presto-postgresql; presto-singlestore,1,9.3-1102-jdbc41,2024-08-23 00:00:00+00:00,2025-05-29 00:00:00+00:00,279.0,post_resolution,CVE-2018-10936; CVE-2020-13692,version_changed
63,presto,PostgreSQL,5034,presto-accumulo; presto-verifier; presto-benchmark-runner; presto-hive-function-namespace; presto-benchmark-runner; presto-parquet; presto-benchmark-runner; presto-pinot; presto-benchmark-runner; presto-pinot-toolkit; presto-benchmark; presto-proxy; presto-benchmark; presto-verifier; presto-benchto-benchmarks; presto-elasticsearch; presto-benchto-benchmarks; presto-hana; presto-benchto-benchmarks; presto-hive-function-namespace; presto-benchto-benchmarks; presto-oracle; presto-benchto-benchmarks; presto-parquet; presto-benchto-benchmarks; presto-pinot-toolkit; presto-benchto-benchmarks; presto-postgresql; presto-benchto-benchmarks; presto-singlestore; presto-benchto-benchmarks; presto-thrift-connector; presto-bigquery; presto-proxy; presto-clickhouse; presto-spark; presto-clickhouse; presto-spark-testing; presto-clickhouse; presto-verifier; presto-hana; presto-spark; presto-hana; presto-spark-package; presto-hana; presto-verifier; presto-hive-function-namespace; presto-native-execution; presto-hive-function-namespace; presto-spark-testing; presto-hive-function-namespace; presto-verifier; presto-iceberg; presto-singlestore; presto-kafka; presto-thrift-connector; presto-mysql; presto-proxy; presto-mysql; presto-spark-package; presto-native-execution; presto-oracle; presto-oracle; presto-product-tests; presto-oracle; presto-proxy; presto-oracle; presto-spark; presto-oracle; presto-verifier; presto-parquet; presto-product-tests; presto-parquet; presto-proxy; presto-parquet; presto-spark; presto-parquet; presto-spark-testing; presto-parquet; presto-verifier; presto-pinot; presto-verifier; presto-postgresql; presto-spark; presto-postgresql; presto-spark-testing; presto-postgresql; presto-verifier; presto-product-tests; presto-singlestore; presto-product-tests; presto-thrift-connector; presto-proxy; presto-singlestore; presto-proxy; presto-thrift-connector; presto-singlestore; presto-spark; presto-singlestore; presto-spark-package; presto-spark-testing; presto-thrift-connector; presto-spark; presto-thrift-connector; presto-thrift-connector; presto-verifier,2,42.6.1,2024-11-01 00:00:00+00:00,2026-01-08 00:00:00+00:00,433.0,pre_disclosure,CVE-2026-42198,right_censored_no_later_version
63,presto,Redis,5035,presto-hive-function-namespace; presto-postgresql,1,6.2.4.RELEASE,2024-08-23 00:00:00+00:00,2024-12-01 20:35:13+00:00,100.85778935185185,pre_disclosure,GHSA-q4h9-7rxj-7gx2,version_changed
63,presto,Redis,5035,presto-hive-function-namespace; presto-postgresql,1,6.2.4.RELEASE,2024-12-01 20:35:13+00:00,2024-12-02 20:03:03+00:00,0.977662037037037,post_resolution,GHSA-q4h9-7rxj-7gx2,version_changed
63,presto,Redis,5035,presto-hive-function-namespace; presto-postgresql,1,6.2.4.RELEASE,2024-12-02 20:03:03+00:00,2025-01-27 00:00:00+00:00,55.16454861111111,post_resolution,GHSA-q4h9-7rxj-7gx2,version_changed
63,presto,Redis,5038,presto-accumulo; presto-atop; presto-base-arrow-flight; presto-base-jdbc; presto-benchmark; presto-bigquery; presto-cassandra; presto-druid; presto-elasticsearch; presto-google-sheets; presto-hana; presto-kafka; presto-mysql; presto-oracle; presto-postgresql; presto-redshift; presto-sqlserver; presto-thrift-connector; redis-hbo-provider,1,3.8.0,2025-08-12 00:00:00+00:00,2025-10-28 00:00:00+00:00,77.0,post_resolution,CVE-2023-42809,version_changed
64,primefaces,Hazelcast,5043,primefaces,1,2.6.5,2013-12-16 00:00:00+00:00,2018-03-06 00:00:00+00:00,1541.0,pre_disclosure,CVE-2016-10750; CVE-2023-33265; CVE-2023-45860,version_changed
64,primefaces,Hazelcast,5044,primefaces,1,3.9.2,2018-03-01 00:00:00+00:00,2018-10-23 13:23:32+00:00,236.55800925925925,pre_disclosure,CVE-2016-10750; CVE-2023-33265; CVE-2023-45860,version_changed
64,primefaces,Hazelcast,5044,primefaces,1,3.9.2,2018-10-23 13:23:32+00:00,2019-05-22 14:29:00.223000+00:00,211.0454655439815,post_resolution,CVE-2016-10750; CVE-2023-33265; CVE-2023-45860,version_changed
64,primefaces,Hazelcast,5044,primefaces,1,3.9.2,2019-05-22 14:29:00.223000+00:00,2019-06-07 00:00:00+00:00,15.39652519675926,post_resolution,CVE-2016-10750; CVE-2023-33265; CVE-2023-45860,version_changed
64,primefaces,Hazelcast,5045,primefaces,1,3.12,2019-06-07 00:00:00+00:00,2020-06-05 00:00:00+00:00,364.0,pre_disclosure,CVE-2023-33265; CVE-2023-45860,version_changed
64,primefaces,Hazelcast,5046,primefaces,1,4.0.1,2020-06-05 00:00:00+00:00,2020-08-31 00:00:00+00:00,87.0,pre_disclosure,CVE-2023-33265; CVE-2023-45860; GHSA-v57x-gxfj-484q,version_changed
64,primefaces,Hazelcast,5047,primefaces,1,4.0.2,2020-08-31 00:00:00+00:00,2020-09-09 00:00:00+00:00,9.0,pre_disclosure,CVE-2022-0265; CVE-2023-33265; CVE-2023-45860; GHSA-v57x-gxfj-484q,version_changed
64,primefaces,Hazelcast,5048,primefaces,1,4.1-BETA-1,2020-09-09 00:00:00+00:00,2020-09-21 00:00:00+00:00,12.0,pre_disclosure,CVE-2022-0265; CVE-2023-33265; CVE-2023-45860,version_changed
64,primefaces,Hazelcast,5049,primefaces,1,4.0.3,2020-09-21 00:00:00+00:00,2021-06-29 00:00:00+00:00,281.0,pre_disclosure,CVE-2022-0265; CVE-2023-33265; CVE-2023-45860; GHSA-v57x-gxfj-484q,version_changed
64,primefaces,Hazelcast,5050,primefaces,1,4.2,2021-06-28 00:00:00+00:00,2021-07-01 00:00:00+00:00,3.0,pre_disclosure,CVE-2023-33265; CVE-2023-45860,version_changed
64,primefaces,Hazelcast,5051,primefaces,1,4.2.1,2021-07-01 00:00:00+00:00,2021-08-11 00:00:00+00:00,41.0,pre_disclosure,CVE-2022-0265; CVE-2023-33265; CVE-2023-45860,version_changed
64,primefaces,Hazelcast,5052,primefaces,1,4.2.2,2021-08-11 00:00:00+00:00,2021-12-16 00:00:00+00:00,127.0,pre_disclosure,CVE-2022-0265; CVE-2023-33265; CVE-2023-45860,version_changed
64,primefaces,Hazelcast,5053,primefaces,1,4.2.3,2021-12-15 00:00:00+00:00,2021-12-23 00:00:00+00:00,8.0,pre_disclosure,CVE-2022-0265; CVE-2023-33265; CVE-2023-45860,version_changed
64,primefaces,Hazelcast,5054,primefaces,1,4.2.4,2021-12-20 00:00:00+00:00,2022-03-03 00:00:00+00:00,73.0,pre_disclosure,CVE-2022-0265; CVE-2023-33265; CVE-2023-45860,version_changed
64,primefaces,Hazelcast,5054,primefaces,1,4.2.4,2022-03-03 00:00:00+00:00,2022-03-03 22:15:08.577000+00:00,0.9271826041666668,post_resolution,CVE-2022-0265; CVE-2023-33265; CVE-2023-45860,version_changed
64,primefaces,Hazelcast,5054,primefaces,1,4.2.4,2022-03-03 22:15:08.577000+00:00,2022-03-09 00:00:00+00:00,5.072817395833334,post_resolution,CVE-2022-0265; CVE-2023-33265; CVE-2023-45860,version_changed
64,primefaces,Hazelcast,5055,primefaces,1,5.1,2022-03-09 00:00:00+00:00,2022-04-03 00:00:00+00:00,25.0,pre_disclosure,CVE-2022-36437; CVE-2023-45860,version_changed
64,primefaces,Hazelcast,5056,primefaces,1,5.1.1,2022-04-03 00:00:00+00:00,2022-06-16 00:00:00+00:00,74.0,pre_disclosure,CVE-2022-36437; CVE-2023-45860,version_changed
64,primefaces,Hazelcast,5057,primefaces,1,5.1.2,2022-06-16 00:00:00+00:00,2022-08-03 00:00:00+00:00,48.0,pre_disclosure,CVE-2022-36437; CVE-2023-45860,version_changed
64,primefaces,Hazelcast,5058,primefaces,1,5.1.3,2022-08-02 00:00:00+00:00,2023-02-18 00:00:00+00:00,200.0,pre_disclosure,CVE-2023-45860,version_changed
64,primefaces,Hazelcast,5060,primefaces,1,5.3.0,2023-05-22 00:00:00+00:00,2023-10-17 00:00:00+00:00,148.0,pre_disclosure,CVE-2023-45859,version_changed
64,primefaces,HyperSQL,5062,primefaces-integration-tests,1,2.3.2,2021-06-08 00:00:00+00:00,2021-09-09 00:00:00+00:00,93.0,pre_disclosure,CVE-2022-41853,version_changed
64,primefaces,HyperSQL,5063,primefaces-integration-tests,1,2.3.4,2021-09-09 00:00:00+00:00,2021-09-24 00:00:00+00:00,15.0,pre_disclosure,CVE-2022-41853,right_censored_no_later_version
66,logback,H2,5087,logback-classic,1,1.2.132,2010-03-23 00:00:00+00:00,2018-07-24 13:29:00.603000+00:00,3045.561812534722,pre_disclosure,CVE-2018-14335; CVE-2021-42392; CVE-2022-23221,right_censored_no_later_version
66,logback,H2,5087,logback-classic,1,1.2.132,2018-07-24 13:29:00.603000+00:00,2019-02-22 14:41:59+00:00,213.0506758912037,post_disclosure,CVE-2018-14335; CVE-2021-42392; CVE-2022-23221,right_censored_no_later_version
66,logback,H2,5087,logback-classic,1,1.2.132,2019-02-22 14:41:59+00:00,2022-01-04 20:53:00+00:00,1047.257650462963,post_resolution,CVE-2018-14335; CVE-2021-42392; CVE-2022-23221,right_censored_no_later_version
66,logback,H2,5087,logback-classic,1,1.2.132,2022-01-04 20:53:00+00:00,2022-01-10 14:10:23.643000+00:00,5.720412534722222,post_resolution,CVE-2018-14335; CVE-2021-42392; CVE-2022-23221,right_censored_no_later_version
66,logback,H2,5087,logback-classic,1,1.2.132,2022-01-10 14:10:23.643000+00:00,2022-01-17 16:18:52+00:00,7.089217094907407,post_resolution,CVE-2018-14335; CVE-2021-42392; CVE-2022-23221,right_censored_no_later_version
66,logback,H2,5087,logback-classic,1,1.2.132,2022-01-17 16:18:52+00:00,2022-01-19 17:15:09+00:00,2.039085648148148,post_resolution,CVE-2018-14335; CVE-2021-42392; CVE-2022-23221,right_censored_no_later_version
66,logback,H2,5087,logback-classic,1,1.2.132,2022-01-19 17:15:09+00:00,2022-03-18 00:00:00+00:00,57.28114583333333,post_resolution,CVE-2018-14335; CVE-2021-42392; CVE-2022-23221,right_censored_no_later_version
66,logback,HyperSQL,5088,logback-access; logback-classic,2,2.3.4,2017-03-16 00:00:00+00:00,2022-03-18 00:00:00+00:00,1828.0,pre_disclosure,CVE-2022-41853,right_censored_no_later_version
66,logback,MySQL,5089,logback-classic,1,5.1.9,2010-03-23 00:00:00+00:00,2015-04-16 17:00:07.253000+00:00,1850.7084172800926,pre_disclosure,CVE-2015-2575; CVE-2017-3523; CVE-2017-3586; CVE-2017-3589; CVE-2018-3258; CVE-2019-2692; CVE-2020-2934; CVE-2022-21363; CVE-2023-22102,right_censored_no_later_version
66,logback,MySQL,5089,logback-classic,1,5.1.9,2015-04-16 17:00:07.253000+00:00,2015-05-08 10:55:46+00:00,21.746976238425926,post_disclosure,CVE-2015-2575; CVE-2017-3523; CVE-2017-3586; CVE-2017-3589; CVE-2018-3258; CVE-2019-2692; CVE-2020-2934; CVE-2022-21363; CVE-2023-22102,right_censored_no_later_version
66,logback,MySQL,5089,logback-classic,1,5.1.9,2015-05-08 10:55:46+00:00,2017-02-14 20:27:59+00:00,648.3973726851851,post_resolution,CVE-2015-2575; CVE-2017-3523; CVE-2017-3586; CVE-2017-3589; CVE-2018-3258; CVE-2019-2692; CVE-2020-2934; CVE-2022-21363; CVE-2023-22102,right_censored_no_later_version
66,logback,MySQL,5089,logback-classic,1,5.1.9,2017-02-14 20:27:59+00:00,2017-04-17 18:23:36+00:00,61.91362268518518,post_resolution,CVE-2015-2575; CVE-2017-3523; CVE-2017-3586; CVE-2017-3589; CVE-2018-3258; CVE-2019-2692; CVE-2020-2934; CVE-2022-21363; CVE-2023-22102,right_censored_no_later_version
66,logback,MySQL,5089,logback-classic,1,5.1.9,2017-04-17 18:23:36+00:00,2017-04-24 19:59:03.567000+00:00,7.066291284722222,post_resolution,CVE-2015-2575; CVE-2017-3523; CVE-2017-3586; CVE-2017-3589; CVE-2018-3258; CVE-2019-2692; CVE-2020-2934; CVE-2022-21363; CVE-2023-22102,right_censored_no_later_version
66,logback,MySQL,5089,logback-classic,1,5.1.9,2017-04-24 19:59:03.567000+00:00,2017-04-24 19:59:05.597000+00:00,2.3495370370370367e-05,post_resolution,CVE-2015-2575; CVE-2017-3523; CVE-2017-3586; CVE-2017-3589; CVE-2018-3258; CVE-2019-2692; CVE-2020-2934; CVE-2022-21363; CVE-2023-22102,right_censored_no_later_version
66,logback,MySQL,5089,logback-classic,1,5.1.9,2017-04-24 19:59:05.597000+00:00,2017-04-24 19:59:05.660000+00:00,7.291666666666666e-07,post_resolution,CVE-2015-2575; CVE-2017-3523; CVE-2017-3586; CVE-2017-3589; CVE-2018-3258; CVE-2019-2692; CVE-2020-2934; CVE-2022-21363; CVE-2023-22102,right_censored_no_later_version
66,logback,MySQL,5089,logback-classic,1,5.1.9,2017-04-24 19:59:05.660000+00:00,2018-09-27 09:18:47+00:00,520.5553395833334,post_resolution,CVE-2015-2575; CVE-2017-3523; CVE-2017-3586; CVE-2017-3589; CVE-2018-3258; CVE-2019-2692; CVE-2020-2934; CVE-2022-21363; CVE-2023-22102,right_censored_no_later_version
66,logback,MySQL,5089,logback-classic,1,5.1.9,2018-09-27 09:18:47+00:00,2018-10-17 01:31:27.230000+00:00,19.675465625,post_resolution,CVE-2015-2575; CVE-2017-3523; CVE-2017-3586; CVE-2017-3589; CVE-2018-3258; CVE-2019-2692; CVE-2020-2934; CVE-2022-21363; CVE-2023-22102,right_censored_no_later_version
66,logback,MySQL,5089,logback-classic,1,5.1.9,2018-10-17 01:31:27.230000+00:00,2019-03-20 19:08:52+00:00,154.73431446759258,post_resolution,CVE-2015-2575; CVE-2017-3523; CVE-2017-3586; CVE-2017-3589; CVE-2018-3258; CVE-2019-2692; CVE-2020-2934; CVE-2022-21363; CVE-2023-22102,right_censored_no_later_version
66,logback,MySQL,5089,logback-classic,1,5.1.9,2019-03-20 19:08:52+00:00,2019-04-23 19:32:55.880000+00:00,34.01671157407407,post_resolution,CVE-2015-2575; CVE-2017-3523; CVE-2017-3586; CVE-2017-3589; CVE-2018-3258; CVE-2019-2692; CVE-2020-2934; CVE-2022-21363; CVE-2023-22102,right_censored_no_later_version
66,logback,MySQL,5089,logback-classic,1,5.1.9,2019-04-23 19:32:55.880000+00:00,2020-04-15 14:15:36.453000+00:00,357.77963626157407,post_resolution,CVE-2015-2575; CVE-2017-3523; CVE-2017-3586; CVE-2017-3589; CVE-2018-3258; CVE-2019-2692; CVE-2020-2934; CVE-2022-21363; CVE-2023-22102,right_censored_no_later_version
66,logback,MySQL,5089,logback-classic,1,5.1.9,2020-04-15 14:15:36.453000+00:00,2020-07-14 00:00:00+00:00,89.40582809027778,post_resolution,CVE-2015-2575; CVE-2017-3523; CVE-2017-3586; CVE-2017-3589; CVE-2018-3258; CVE-2019-2692; CVE-2020-2934; CVE-2022-21363; CVE-2023-22102,right_censored_no_later_version
66,logback,MySQL,5089,logback-classic,1,5.1.9,2020-07-14 00:00:00+00:00,2021-12-16 00:25:41+00:00,520.0178356481481,post_resolution,CVE-2015-2575; CVE-2017-3523; CVE-2017-3586; CVE-2017-3589; CVE-2018-3258; CVE-2019-2692; CVE-2020-2934; CVE-2022-21363; CVE-2023-22102,right_censored_no_later_version
66,logback,MySQL,5089,logback-classic,1,5.1.9,2021-12-16 00:25:41+00:00,2022-01-19 12:15:15.680000+00:00,34.492762500000005,post_resolution,CVE-2015-2575; CVE-2017-3523; CVE-2017-3586; CVE-2017-3589; CVE-2018-3258; CVE-2019-2692; CVE-2020-2934; CVE-2022-21363; CVE-2023-22102,right_censored_no_later_version
66,logback,MySQL,5089,logback-classic,1,5.1.9,2022-01-19 12:15:15.680000+00:00,2022-03-18 00:00:00+00:00,57.48940185185185,post_resolution,CVE-2015-2575; CVE-2017-3523; CVE-2017-3586; CVE-2017-3589; CVE-2018-3258; CVE-2019-2692; CVE-2020-2934; CVE-2022-21363; CVE-2023-22102,right_censored_no_later_version
66,logback,PostgreSQL,5090,logback-classic,1,8.4-701.jdbc4,2010-03-22 00:00:00+00:00,2018-08-27 15:43:21+00:00,3080.6551041666667,pre_disclosure,CVE-2018-10936,right_censored_no_later_version
66,logback,PostgreSQL,5090,logback-classic,1,8.4-701.jdbc4,2018-08-27 15:43:21+00:00,2018-08-30 13:29:00.377000+00:00,2.906705752314815,post_resolution,CVE-2018-10936,right_censored_no_later_version
66,logback,PostgreSQL,5090,logback-classic,1,8.4-701.jdbc4,2018-08-30 13:29:00.377000+00:00,2022-03-18 00:00:00+00:00,1295.4381900810185,post_resolution,CVE-2018-10936,right_censored_no_later_version
68,redisson,H2,5093,redisson-hibernate; redisson-hibernate-4; redisson-hibernate-5; redisson-hibernate-52; redisson-hibernate-53; redisson-hibernate; redisson-hibernate-53,5,1.4.192,2018-12-24 00:00:00+00:00,2019-02-22 14:41:59+00:00,60.612488425925925,post_disclosure,CVE-2018-14335; CVE-2021-42392; CVE-2022-23221,version_changed
68,redisson,H2,5093,redisson-hibernate; redisson-hibernate-4; redisson-hibernate-5; redisson-hibernate-52; redisson-hibernate-53; redisson-hibernate; redisson-hibernate-53,5,1.4.192,2019-02-22 14:41:59+00:00,2020-02-28 00:00:00+00:00,370.3875115740741,post_resolution,CVE-2018-14335; CVE-2021-42392; CVE-2022-23221,version_changed
68,redisson,H2,5094,redisson-hibernate; redisson-hibernate-4; redisson-hibernate-5; redisson-hibernate-52; redisson-hibernate-53; redisson-hibernate; redisson-hibernate-52; redisson-hibernate-53; redisson-hibernate; redisson-hibernate-53,5,1.4.200,2020-02-28 00:00:00+00:00,2021-11-29 11:00:04+00:00,640.4583796296296,pre_disclosure,CVE-2021-23463; CVE-2021-42392; CVE-2022-23221; CVE-2022-45868,version_changed
68,redisson,H2,5094,redisson-hibernate; redisson-hibernate-4; redisson-hibernate-5; redisson-hibernate-52; redisson-hibernate-53; redisson-hibernate; redisson-hibernate-52; redisson-hibernate-53; redisson-hibernate; redisson-hibernate-53,5,1.4.200,2021-11-29 11:00:04+00:00,2021-12-10 20:15:07.917000+00:00,11.385462002314815,post_resolution,CVE-2021-23463; CVE-2021-42392; CVE-2022-23221; CVE-2022-45868,version_changed
68,redisson,H2,5094,redisson-hibernate; redisson-hibernate-4; redisson-hibernate-5; redisson-hibernate-52; redisson-hibernate-53; redisson-hibernate; redisson-hibernate-52; redisson-hibernate-53; redisson-hibernate; redisson-hibernate-53,5,1.4.200,2021-12-10 20:15:07.917000+00:00,2021-12-28 00:00:00+00:00,17.156158368055557,post_resolution,CVE-2021-23463; CVE-2021-42392; CVE-2022-23221; CVE-2022-45868,version_changed
68,redisson,H2,5095,redisson-hibernate; redisson-hibernate-4; redisson-hibernate-5; redisson-hibernate-52; redisson-hibernate-53,5,2.0.202,2021-12-28 00:00:00+00:00,2022-01-04 20:53:00+00:00,7.870138888888889,pre_disclosure,CVE-2021-42392; CVE-2022-23221; CVE-2022-45868,version_changed
68,redisson,H2,5095,redisson-hibernate; redisson-hibernate-4; redisson-hibernate-5; redisson-hibernate-52; redisson-hibernate-53,5,2.0.202,2022-01-04 20:53:00+00:00,2022-01-10 00:00:00+00:00,5.129861111111111,post_resolution,CVE-2021-42392; CVE-2022-23221; CVE-2022-45868,version_changed
68,redisson,H2,5096,redisson-hibernate; redisson-hibernate-4; redisson-hibernate-5; redisson-hibernate-52; redisson-hibernate-53,5,2.0.206,2022-01-10 00:00:00+00:00,2022-01-17 16:18:52+00:00,7.679768518518519,pre_disclosure,CVE-2022-23221; CVE-2022-45868,version_changed
68,redisson,H2,5096,redisson-hibernate; redisson-hibernate-4; redisson-hibernate-5; redisson-hibernate-52; redisson-hibernate-53,5,2.0.206,2022-01-17 16:18:52+00:00,2022-01-19 17:15:09+00:00,2.039085648148148,post_resolution,CVE-2022-23221; CVE-2022-45868,version_changed
68,redisson,H2,5096,redisson-hibernate; redisson-hibernate-4; redisson-hibernate-5; redisson-hibernate-52; redisson-hibernate-53,5,2.0.206,2022-01-19 17:15:09+00:00,2022-01-24 00:00:00+00:00,4.281145833333333,post_resolution,CVE-2022-23221; CVE-2022-45868,version_changed
68,redisson,H2,5097,redisson-hibernate; redisson-hibernate-4; redisson-hibernate-5; redisson-hibernate-52; redisson-hibernate-53; redisson-hibernate; redisson-hibernate-4; redisson-hibernate-5; redisson-hibernate-52; redisson-hibernate-53; redisson-hibernate-6,6,2.1.210,2022-01-24 00:00:00+00:00,2022-11-23 21:15:11.360000+00:00,303.88554814814813,pre_disclosure,CVE-2022-45868,version_changed
68,redisson,H2,5097,redisson-hibernate; redisson-hibernate-4; redisson-hibernate-5; redisson-hibernate-52; redisson-hibernate-53; redisson-hibernate; redisson-hibernate-4; redisson-hibernate-5; redisson-hibernate-52; redisson-hibernate-53; redisson-hibernate-6,6,2.1.210,2022-11-23 21:15:11.360000+00:00,2023-07-05 14:57:30+00:00,223.73771574074075,post_disclosure,CVE-2022-45868,version_changed
68,redisson,H2,5097,redisson-hibernate; redisson-hibernate-4; redisson-hibernate-5; redisson-hibernate-52; redisson-hibernate-53; redisson-hibernate; redisson-hibernate-4; redisson-hibernate-5; redisson-hibernate-52; redisson-hibernate-53; redisson-hibernate-6,6,2.1.210,2023-07-05 14:57:30+00:00,2023-07-10 00:00:00+00:00,4.376736111111111,post_resolution,CVE-2022-45868,version_changed
68,redisson,Redis,5101,redisson,1,1.0.0-SNAPSHOT,2013-12-22 00:00:00+00:00,2014-01-21 00:00:00+00:00,30.0,pre_disclosure,CVE-2023-42809,version_changed
68,redisson,Redis,5102,redisson,1,2.2.1,2013-12-22 00:00:00+00:00,2015-12-14 00:00:00+00:00,722.0,pre_disclosure,CVE-2023-42809,version_changed
68,redisson,Redis,5103,redisson,1,1.0.0,2014-01-17 00:00:00+00:00,2014-01-21 00:00:00+00:00,4.0,pre_disclosure,CVE-2023-42809,version_changed
68,redisson,Redis,5104,redisson,1,1.0.1,2014-01-17 00:00:00+00:00,2014-01-21 00:00:00+00:00,4.0,pre_disclosure,CVE-2023-42809,version_changed
68,redisson,Redis,5105,redisson,1,1.0.1-SNAPSHOT,2014-01-17 00:00:00+00:00,2014-01-21 00:00:00+00:00,4.0,pre_disclosure,CVE-2023-42809,version_changed
68,redisson,Redis,5106,redisson,1,1.0.2-SNAPSHOT,2014-01-17 00:00:00+00:00,2014-02-05 00:00:00+00:00,19.0,pre_disclosure,CVE-2023-42809,version_changed
68,redisson,Redis,5107,redisson,1,1.0.2,2014-02-05 00:00:00+00:00,2014-03-26 00:00:00+00:00,49.0,pre_disclosure,CVE-2023-42809,version_changed
68,redisson,Redis,5108,redisson,1,1.0.3-SNAPSHOT,2014-02-05 00:00:00+00:00,2014-04-22 00:00:00+00:00,76.0,pre_disclosure,CVE-2023-42809,version_changed
68,redisson,Redis,5109,redisson,1,1.0.3,2014-03-26 00:00:00+00:00,2014-04-22 00:00:00+00:00,27.0,pre_disclosure,CVE-2023-42809,version_changed
68,redisson,Redis,5110,redisson,1,1.0.4-SNAPSHOT,2014-03-26 00:00:00+00:00,2014-05-04 00:00:00+00:00,39.0,pre_disclosure,CVE-2023-42809,version_changed
68,redisson,Redis,5111,redisson,1,1.0.4,2014-05-04 00:00:00+00:00,2014-05-09 00:00:00+00:00,5.0,pre_disclosure,CVE-2023-42809,version_changed
68,redisson,Redis,5112,redisson,1,1.0.5-SNAPSHOT,2014-05-04 00:00:00+00:00,2014-06-07 00:00:00+00:00,34.0,pre_disclosure,CVE-2023-42809,version_changed
68,redisson,Redis,5113,redisson,1,1.1.0,2014-06-07 00:00:00+00:00,2014-06-17 00:00:00+00:00,10.0,pre_disclosure,CVE-2023-42809,version_changed
68,redisson,Redis,5114,redisson,1,1.1.0-SNAPSHOT,2014-06-07 00:00:00+00:00,2014-06-17 00:00:00+00:00,10.0,pre_disclosure,CVE-2023-42809,version_changed
68,redisson,Redis,5115,redisson,1,1.1.1-SNAPSHOT,2014-06-07 00:00:00+00:00,2014-06-17 00:00:00+00:00,10.0,pre_disclosure,CVE-2023-42809,version_changed
68,redisson,Redis,5116,redisson,1,1.1.1,2014-06-17 00:00:00+00:00,2014-07-03 00:00:00+00:00,16.0,pre_disclosure,CVE-2023-42809,version_changed
68,redisson,Redis,5117,redisson,1,1.1.2-SNAPSHOT,2014-06-17 00:00:00+00:00,2014-07-03 00:00:00+00:00,16.0,pre_disclosure,CVE-2023-42809,version_changed
68,redisson,Redis,5118,redisson,1,1.1.2,2014-07-03 00:00:00+00:00,2014-07-13 00:00:00+00:00,10.0,pre_disclosure,CVE-2023-42809,version_changed
68,redisson,Redis,5119,redisson,1,1.1.3-SNAPSHOT,2014-07-03 00:00:00+00:00,2014-07-13 00:00:00+00:00,10.0,pre_disclosure,CVE-2023-42809,version_changed
68,redisson,Redis,5120,redisson,1,1.1.3,2014-07-13 00:00:00+00:00,2014-07-15 00:00:00+00:00,2.0,pre_disclosure,CVE-2023-42809,version_changed
68,redisson,Redis,5121,redisson,1,1.1.4-SNAPSHOT,2014-07-13 00:00:00+00:00,2014-07-23 00:00:00+00:00,10.0,pre_disclosure,CVE-2023-42809,version_changed
68,redisson,Redis,5122,redisson,1,1.1.4,2014-07-15 00:00:00+00:00,2014-07-23 00:00:00+00:00,8.0,pre_disclosure,CVE-2023-42809,version_changed
68,redisson,Redis,5123,redisson,1,1.1.5-SNAPSHOT,2014-07-15 00:00:00+00:00,2014-07-23 00:00:00+00:00,8.0,pre_disclosure,CVE-2023-42809,version_changed
68,redisson,Redis,5124,redisson,1,1.1.5,2014-07-23 00:00:00+00:00,2014-11-08 00:00:00+00:00,108.0,pre_disclosure,CVE-2023-42809,version_changed
68,redisson,Redis,5125,redisson,1,1.1.6-SNAPSHOT,2014-07-23 00:00:00+00:00,2014-11-19 00:00:00+00:00,119.0,pre_disclosure,CVE-2023-42809,version_changed
68,redisson,Redis,5126,redisson,1,1.1.6,2014-11-19 00:00:00+00:00,2014-11-27 00:00:00+00:00,8.0,pre_disclosure,CVE-2023-42809,version_changed
68,redisson,Redis,5127,redisson,1,1.1.7-SNAPSHOT,2014-11-19 00:00:00+00:00,2014-12-16 00:00:00+00:00,27.0,pre_disclosure,CVE-2023-42809,version_changed
68,redisson,Redis,5128,redisson,1,1.1.7,2014-12-16 00:00:00+00:00,2015-01-06 00:00:00+00:00,21.0,pre_disclosure,CVE-2023-42809,version_changed
68,redisson,Redis,5129,redisson,1,1.1.8-SNAPSHOT,2014-12-16 00:00:00+00:00,2015-01-25 00:00:00+00:00,40.0,pre_disclosure,CVE-2023-42809,version_changed
68,redisson,Redis,5130,redisson,1,1.2.0,2015-01-09 00:00:00+00:00,2015-01-25 00:00:00+00:00,16.0,pre_disclosure,CVE-2023-42809,version_changed
68,redisson,Redis,5131,redisson,1,1.2.0-SNAPSHOT,2015-01-09 00:00:00+00:00,2015-01-25 00:00:00+00:00,16.0,pre_disclosure,CVE-2023-42809,version_changed
68,redisson,Redis,5132,redisson,1,1.2.1-SNAPSHOT,2015-01-09 00:00:00+00:00,2015-04-02 00:00:00+00:00,83.0,pre_disclosure,CVE-2023-42809,version_changed
68,redisson,Redis,5133,redisson,1,1.2.1,2015-04-02 00:00:00+00:00,2015-04-11 00:00:00+00:00,9.0,pre_disclosure,CVE-2023-42809,version_changed
68,redisson,Redis,5134,redisson,1,1.2.2-SNAPSHOT,2015-04-02 00:00:00+00:00,2015-07-04 00:00:00+00:00,93.0,pre_disclosure,CVE-2023-42809,version_changed
68,redisson,Redis,5135,redisson,1,1.3.0,2015-07-04 00:00:00+00:00,2015-07-22 00:00:00+00:00,18.0,pre_disclosure,CVE-2023-42809,version_changed
68,redisson,Redis,5136,redisson,1,1.3.0-SNAPSHOT,2015-07-04 00:00:00+00:00,2015-07-22 00:00:00+00:00,18.0,pre_disclosure,CVE-2023-42809,version_changed
68,redisson,Redis,5137,redisson,1,1.3.1-SNAPSHOT,2015-07-04 00:00:00+00:00,2015-07-22 00:00:00+00:00,18.0,pre_disclosure,CVE-2023-42809,version_changed
68,redisson,Redis,5138,redisson,1,1.3.2-SNAPSHOT,2015-07-22 00:00:00+00:00,2015-07-26 00:00:00+00:00,4.0,pre_disclosure,CVE-2023-42809,version_changed
68,redisson,Redis,5139,redisson,1,2.0.0,2015-07-26 00:00:00+00:00,2015-08-03 00:00:00+00:00,8.0,pre_disclosure,CVE-2023-42809,version_changed
68,redisson,Redis,5140,redisson,1,2.0.1-SNAPSHOT,2015-07-26 00:00:00+00:00,2015-08-15 00:00:00+00:00,20.0,pre_disclosure,CVE-2023-42809,version_changed
68,redisson,Redis,5141,redisson,1,2.1.0,2015-08-03 00:00:00+00:00,2015-08-15 00:00:00+00:00,12.0,pre_disclosure,CVE-2023-42809,version_changed
68,redisson,Redis,5142,redisson,1,2.1.1-SNAPSHOT,2015-08-03 00:00:00+00:00,2015-08-15 00:00:00+00:00,12.0,pre_disclosure,CVE-2023-42809,version_changed
68,redisson,Redis,5143,redisson,1,2.1.1,2015-08-15 00:00:00+00:00,2015-09-05 00:00:00+00:00,21.0,pre_disclosure,CVE-2023-42809,version_changed
68,redisson,Redis,5144,redisson,1,2.1.2-SNAPSHOT,2015-08-15 00:00:00+00:00,2015-09-05 00:00:00+00:00,21.0,pre_disclosure,CVE-2023-42809,version_changed
68,redisson,Redis,5145,redisson,1,2.1.2,2015-09-05 00:00:00+00:00,2015-09-17 00:00:00+00:00,12.0,pre_disclosure,CVE-2023-42809,version_changed
68,redisson,Redis,5146,redisson,1,2.1.3-SNAPSHOT,2015-09-05 00:00:00+00:00,2015-09-17 00:00:00+00:00,12.0,pre_disclosure,CVE-2023-42809,version_changed
68,redisson,Redis,5147,redisson,1,2.1.3,2015-09-17 00:00:00+00:00,2015-10-19 00:00:00+00:00,32.0,pre_disclosure,CVE-2023-42809,version_changed
68,redisson,Redis,5148,redisson,1,2.1.4-SNAPSHOT,2015-09-17 00:00:00+00:00,2015-11-14 00:00:00+00:00,58.0,pre_disclosure,CVE-2023-42809,version_changed
68,redisson,Redis,5149,redisson,1,2.1.4,2015-11-14 00:00:00+00:00,2015-11-24 00:00:00+00:00,10.0,pre_disclosure,CVE-2023-42809,version_changed
68,redisson,Redis,5150,redisson,1,2.1.5-SNAPSHOT,2015-11-14 00:00:00+00:00,2015-11-24 00:00:00+00:00,10.0,pre_disclosure,CVE-2023-42809,version_changed
68,redisson,Redis,5151,redisson,1,2.1.5,2015-11-24 00:00:00+00:00,2015-11-27 00:00:00+00:00,3.0,pre_disclosure,CVE-2023-42809,version_changed
68,redisson,Redis,5152,redisson,1,2.1.6-SNAPSHOT,2015-11-24 00:00:00+00:00,2015-11-30 00:00:00+00:00,6.0,pre_disclosure,CVE-2023-42809,version_changed
68,redisson,Redis,5153,redisson,1,2.1.7-SNAPSHOT,2015-11-30 00:00:00+00:00,2015-12-04 00:00:00+00:00,4.0,pre_disclosure,CVE-2023-42809,version_changed
68,redisson,Redis,5154,redisson,1,2.1.7,2015-12-04 00:00:00+00:00,2015-12-10 00:00:00+00:00,6.0,pre_disclosure,CVE-2023-42809,version_changed
68,redisson,Redis,5155,redisson,1,2.1.8-SNAPSHOT,2015-12-04 00:00:00+00:00,2015-12-10 00:00:00+00:00,6.0,pre_disclosure,CVE-2023-42809,version_changed
68,redisson,Redis,5156,redisson,1,2.2.0,2015-12-04 00:00:00+00:00,2015-12-10 00:00:00+00:00,6.0,pre_disclosure,CVE-2023-42809,version_changed
68,redisson,Redis,5157,redisson,1,2.2.0-SNAPSHOT,2015-12-04 00:00:00+00:00,2015-12-10 00:00:00+00:00,6.0,pre_disclosure,CVE-2023-42809,version_changed
68,redisson,Redis,5158,redisson,1,2.2.1-SNAPSHOT,2015-12-04 00:00:00+00:00,2015-12-11 00:00:00+00:00,7.0,pre_disclosure,CVE-2023-42809,version_changed
68,redisson,Redis,5159,redisson,1,2.2.2-SNAPSHOT,2015-12-11 00:00:00+00:00,2015-12-14 00:00:00+00:00,3.0,pre_disclosure,CVE-2023-42809,version_changed
68,redisson,Redis,5160,redisson,1,2.2.2,2015-12-14 00:00:00+00:00,2015-12-15 00:00:00+00:00,1.0,pre_disclosure,CVE-2023-42809,version_changed
68,redisson,Redis,5161,redisson,1,2.2.3-SNAPSHOT,2015-12-14 00:00:00+00:00,2015-12-16 00:00:00+00:00,2.0,pre_disclosure,CVE-2023-42809,version_changed
68,redisson,Redis,5162,redisson,1,2.2.3,2015-12-15 00:00:00+00:00,2015-12-16 00:00:00+00:00,1.0,pre_disclosure,CVE-2023-42809,version_changed
68,redisson,Redis,5163,redisson,1,2.2.4-SNAPSHOT,2015-12-15 00:00:00+00:00,2016-01-01 00:00:00+00:00,17.0,pre_disclosure,CVE-2023-42809,version_changed
68,redisson,Redis,5164,redisson,1,2.2.4,2015-12-25 00:00:00+00:00,2016-01-01 00:00:00+00:00,7.0,pre_disclosure,CVE-2023-42809,version_changed
68,redisson,Redis,5165,redisson,1,2.2.5-SNAPSHOT,2015-12-25 00:00:00+00:00,2016-01-22 00:00:00+00:00,28.0,pre_disclosure,CVE-2023-42809,version_changed
68,redisson,Redis,5166,redisson,1,2.2.5,2016-01-09 00:00:00+00:00,2016-01-22 00:00:00+00:00,13.0,pre_disclosure,CVE-2023-42809,version_changed
68,redisson,Redis,5167,redisson,1,2.2.6-SNAPSHOT,2016-01-09 00:00:00+00:00,2016-01-30 00:00:00+00:00,21.0,pre_disclosure,CVE-2023-42809,version_changed
68,redisson,Redis,5168,redisson,1,2.2.6,2016-01-28 00:00:00+00:00,2016-01-30 00:00:00+00:00,2.0,pre_disclosure,CVE-2023-42809,version_changed
68,redisson,Redis,5169,redisson,1,2.2.7-SNAPSHOT,2016-01-28 00:00:00+00:00,2016-02-03 00:00:00+00:00,6.0,pre_disclosure,CVE-2023-42809,version_changed
68,redisson,Redis,5170,redisson,1,2.2.7,2016-02-03 00:00:00+00:00,2016-02-05 00:00:00+00:00,2.0,pre_disclosure,CVE-2023-42809,version_changed
68,redisson,Redis,5171,redisson,1,2.2.8-SNAPSHOT,2016-02-03 00:00:00+00:00,2016-03-03 00:00:00+00:00,29.0,pre_disclosure,CVE-2023-42809,version_changed
68,redisson,Redis,5172,redisson,1,2.2.8,2016-02-12 00:00:00+00:00,2016-03-03 00:00:00+00:00,20.0,pre_disclosure,CVE-2023-42809,version_changed
68,redisson,Redis,5173,redisson,1,2.2.9-SNAPSHOT,2016-02-12 00:00:00+00:00,2016-03-04 00:00:00+00:00,21.0,pre_disclosure,CVE-2023-42809,version_changed
68,redisson,Redis,5174,redisson,1,2.2.9,2016-03-04 00:00:00+00:00,2016-03-18 00:00:00+00:00,14.0,pre_disclosure,CVE-2023-42809,version_changed
68,redisson,Redis,5175,redisson,1,2.2.10-SNAPSHOT,2016-03-04 00:00:00+00:00,2016-03-23 00:00:00+00:00,19.0,pre_disclosure,CVE-2023-42809,version_changed
68,redisson,Redis,5176,redisson,1,2.2.10,2016-03-23 00:00:00+00:00,2016-03-24 00:00:00+00:00,1.0,pre_disclosure,CVE-2023-42809,version_changed
68,redisson,Redis,5177,redisson,1,2.2.11-SNAPSHOT,2016-03-23 00:00:00+00:00,2016-04-04 00:00:00+00:00,12.0,pre_disclosure,CVE-2023-42809,version_changed
68,redisson,Redis,5178,redisson,1,2.2.11,2016-04-04 00:00:00+00:00,2016-04-05 00:00:00+00:00,1.0,pre_disclosure,CVE-2023-42809,version_changed
68,redisson,Redis,5179,redisson,1,2.2.12-SNAPSHOT,2016-04-04 00:00:00+00:00,2016-04-30 00:00:00+00:00,26.0,pre_disclosure,CVE-2023-42809,version_changed
68,redisson,Redis,5180,redisson,1,2.2.12,2016-04-22 00:00:00+00:00,2016-04-30 00:00:00+00:00,8.0,pre_disclosure,CVE-2023-42809,version_changed
68,redisson,Redis,5181,redisson,1,2.2.13-SNAPSHOT,2016-04-22 00:00:00+00:00,2016-04-30 00:00:00+00:00,8.0,pre_disclosure,CVE-2023-42809,version_changed
68,redisson,Redis,5182,redisson,1,2.2.13,2016-04-30 00:00:00+00:00,2016-05-24 00:00:00+00:00,24.0,pre_disclosure,CVE-2023-42809,version_changed
68,redisson,Redis,5183,redisson,1,2.2.14-SNAPSHOT,2016-04-30 00:00:00+00:00,2016-05-27 00:00:00+00:00,27.0,pre_disclosure,CVE-2023-42809,version_changed
68,redisson,Redis,5184,redisson,1,2.2.14,2016-05-27 00:00:00+00:00,2016-06-08 00:00:00+00:00,12.0,pre_disclosure,CVE-2023-42809,version_changed
68,redisson,Redis,5185,redisson,1,2.2.15-SNAPSHOT,2016-05-27 00:00:00+00:00,2016-06-08 00:00:00+00:00,12.0,pre_disclosure,CVE-2023-42809,version_changed
68,redisson,Redis,5186,redisson,1,2.2.15,2016-06-08 00:00:00+00:00,2016-06-10 00:00:00+00:00,2.0,pre_disclosure,CVE-2023-42809,version_changed
68,redisson,Redis,5187,redisson,1,2.2.16-SNAPSHOT,2016-06-08 00:00:00+00:00,2016-06-30 00:00:00+00:00,22.0,pre_disclosure,CVE-2023-42809,version_changed
68,redisson,Redis,5188,redisson,1,2.2.16,2016-06-12 00:00:00+00:00,2016-06-30 00:00:00+00:00,18.0,pre_disclosure,CVE-2023-42809,version_changed
68,redisson,Redis,5189,redisson,1,2.2.17-SNAPSHOT,2016-06-12 00:00:00+00:00,2016-07-13 00:00:00+00:00,31.0,pre_disclosure,CVE-2023-42809,version_changed
68,redisson,Redis,5190,redisson,1,2.2.17,2016-06-30 00:00:00+00:00,2016-07-13 00:00:00+00:00,13.0,pre_disclosure,CVE-2023-42809,version_changed
68,redisson,Redis,5191,redisson,1,2.2.18-SNAPSHOT,2016-06-30 00:00:00+00:00,2016-07-14 00:00:00+00:00,14.0,pre_disclosure,CVE-2023-42809,version_changed
68,redisson,Redis,5192,redisson,1,2.2.18,2016-07-13 00:00:00+00:00,2016-07-14 00:00:00+00:00,1.0,pre_disclosure,CVE-2023-42809,version_changed
68,redisson,Redis,5193,redisson,1,2.2.19,2016-07-13 00:00:00+00:00,2016-07-14 00:00:00+00:00,1.0,pre_disclosure,CVE-2023-42809,version_changed
68,redisson,Redis,5194,redisson,1,2.2.19-SNAPSHOT,2016-07-13 00:00:00+00:00,2016-07-14 00:00:00+00:00,1.0,pre_disclosure,CVE-2023-42809,version_changed
68,redisson,Redis,5195,redisson,1,2.2.20-SNAPSHOT,2016-07-13 00:00:00+00:00,2016-07-14 00:00:00+00:00,1.0,pre_disclosure,CVE-2023-42809,version_changed
68,redisson,Redis,5196,redisson,1,2.2.20,2016-07-14 00:00:00+00:00,2016-07-15 00:00:00+00:00,1.0,pre_disclosure,CVE-2023-42809,version_changed
68,redisson,Redis,5197,redisson,1,2.2.21-SNAPSHOT,2016-07-14 00:00:00+00:00,2016-07-25 00:00:00+00:00,11.0,pre_disclosure,CVE-2023-42809,version_changed
68,redisson,Redis,5198,redisson,1,2.2.21,2016-07-15 00:00:00+00:00,2016-07-25 00:00:00+00:00,10.0,pre_disclosure,CVE-2023-42809,version_changed
68,redisson,Redis,5199,redisson,1,2.2.22-SNAPSHOT,2016-07-15 00:00:00+00:00,2016-07-29 00:00:00+00:00,14.0,pre_disclosure,CVE-2023-42809,version_changed
68,redisson,Redis,5200,redisson,1,2.2.23-SNAPSHOT,2016-07-29 00:00:00+00:00,2016-08-04 00:00:00+00:00,6.0,pre_disclosure,CVE-2023-42809,version_changed
68,redisson,Redis,5201,redisson,1,2.2.24-SNAPSHOT,2016-08-04 00:00:00+00:00,2016-08-10 00:00:00+00:00,6.0,pre_disclosure,CVE-2023-42809,version_changed
68,redisson,Redis,5202,redisson; redisson-all; redisson-parent,3,0.9.0,2016-08-09 00:00:00+00:00,2016-08-11 00:00:00+00:00,2.0,pre_disclosure,CVE-2023-42809,version_changed
68,redisson,Redis,5203,redisson; redisson-all; redisson-parent,3,0.9.0-SNAPSHOT,2016-08-09 00:00:00+00:00,2016-08-11 00:00:00+00:00,2.0,pre_disclosure,CVE-2023-42809,version_changed
68,redisson,Redis,5204,redisson; redisson-all; redisson-parent,3,0.9.1-SNAPSHOT,2016-08-09 00:00:00+00:00,2016-08-24 00:00:00+00:00,15.0,pre_disclosure,CVE-2023-42809,version_changed
68,redisson,Redis,5205,redisson; redisson-all; redisson-parent,3,2.3.0,2016-08-09 00:00:00+00:00,2016-09-02 00:00:00+00:00,24.0,pre_disclosure,CVE-2023-42809,version_changed
68,redisson,Redis,5206,redisson; redisson-all; redisson-parent,3,2.3.0-SNAPSHOT,2016-08-09 00:00:00+00:00,2016-09-02 00:00:00+00:00,24.0,pre_disclosure,CVE-2023-42809,version_changed
68,redisson,Redis,5207,redisson; redisson-all; redisson-parent,3,2.3.1-SNAPSHOT,2016-08-09 00:00:00+00:00,2016-10-10 00:00:00+00:00,62.0,pre_disclosure,CVE-2023-42809,version_changed
68,redisson,Redis,5208,redisson; redisson-all; redisson-parent,3,2.4.1-SNAPSHOT,2016-10-10 00:00:00+00:00,2016-10-12 00:00:00+00:00,2.0,pre_disclosure,CVE-2023-42809,version_changed
68,redisson,Redis,5209,redisson; redisson-all; redisson-parent,3,2.5.0-SNAPSHOT,2016-10-12 00:00:00+00:00,2016-10-17 00:00:00+00:00,5.0,pre_disclosure,CVE-2023-42809,version_changed
68,redisson,Redis,5210,redisson; redisson-all; redisson-parent,3,2.5.1-SNAPSHOT,2016-10-17 00:00:00+00:00,2016-10-27 00:00:00+00:00,10.0,pre_disclosure,CVE-2023-42809,version_changed
68,redisson,Redis,5211,redisson; redisson-all; redisson-parent,3,3.0.0-SNAPSHOT,2016-10-17 00:00:00+00:00,2016-10-27 00:00:00+00:00,10.0,pre_disclosure,CVE-2023-42809,version_changed
68,redisson,Redis,5212,redisson; redisson-all; redisson-parent,3,3.0.1-SNAPSHOT,2016-10-17 00:00:00+00:00,2016-10-27 00:00:00+00:00,10.0,pre_disclosure,CVE-2023-42809,version_changed
68,redisson,Redis,5213,redisson-spring-boot-starter; redisson-spring-data-30; redisson-spring-data-30; redisson; redisson-all; redisson-parent,3,3.0.0,2016-10-17 00:00:00+00:00,2023-03-27 00:00:00+00:00,2352.0,pre_disclosure,CVE-2023-42809,version_changed
68,redisson,Redis,5214,redisson; redisson-all; redisson-parent,3,3.0.2-SNAPSHOT,2016-10-27 00:00:00+00:00,2016-11-26 00:00:00+00:00,30.0,pre_disclosure,CVE-2023-42809,version_changed
68,redisson,Redis,5215,redisson-spring-boot-starter; redisson; redisson-all; redisson-parent,3,3.0.1,2016-10-27 00:00:00+00:00,2023-03-23 00:00:00+00:00,2338.0,pre_disclosure,CVE-2023-42809,version_changed
68,redisson,Redis,5216,redisson; redisson-all; redisson-parent,3,3.1.1-SNAPSHOT,2016-11-07 00:00:00+00:00,2016-11-26 00:00:00+00:00,19.0,pre_disclosure,CVE-2023-42809,version_changed
68,redisson,Redis,5217,redisson-spring-boot-starter; redisson-spring-data-31; redisson-spring-data-31; redisson; redisson-all; redisson-parent,3,3.1.0,2016-11-07 00:00:00+00:00,2023-06-05 08:30:59+00:00,2401.354849537037,pre_disclosure,CVE-2023-42809,version_changed
68,redisson,Redis,5217,redisson-spring-boot-starter; redisson-spring-data-31; redisson-spring-data-31; redisson; redisson-all; redisson-parent,3,3.1.0,2023-06-05 08:30:59+00:00,2023-10-04 20:15:10.263000+00:00,121.48901924768519,post_resolution,CVE-2023-42809,version_changed
68,redisson,Redis,5217,redisson-spring-boot-starter; redisson-spring-data-31; redisson-spring-data-31; redisson; redisson-all; redisson-parent,3,3.1.0,2023-10-04 20:15:10.263000+00:00,2023-11-24 00:00:00+00:00,50.156131215277775,post_resolution,CVE-2023-42809,version_changed
68,redisson,Redis,5218,redisson-all; redisson-tomcat; redisson-tomcat-6; redisson-tomcat-7; redisson-tomcat-8; redisson-spring-boot-starter; redisson-spring-data-32; redisson-spring-data-32,5,3.2.0,2016-11-26 00:00:00+00:00,2023-06-05 08:30:59+00:00,2382.354849537037,pre_disclosure,CVE-2023-42809,version_changed
68,redisson,Redis,5218,redisson-all; redisson-tomcat; redisson-tomcat-6; redisson-tomcat-7; redisson-tomcat-8; redisson-spring-boot-starter; redisson-spring-data-32; redisson-spring-data-32,5,3.2.0,2023-06-05 08:30:59+00:00,2023-10-04 20:15:10.263000+00:00,121.48901924768519,post_resolution,CVE-2023-42809,version_changed
68,redisson,Redis,5218,redisson-all; redisson-tomcat; redisson-tomcat-6; redisson-tomcat-7; redisson-tomcat-8; redisson-spring-boot-starter; redisson-spring-data-32; redisson-spring-data-32,5,3.2.0,2023-10-04 20:15:10.263000+00:00,2024-02-22 00:00:00+00:00,140.15613121527778,post_resolution,CVE-2023-42809,version_changed
68,redisson,Redis,5219,redisson-all; redisson-tomcat; redisson-tomcat-6; redisson-tomcat-7; redisson-tomcat-8,5,3.2.1,2016-12-14 00:00:00+00:00,2016-12-19 00:00:00+00:00,5.0,pre_disclosure,CVE-2023-42809,version_changed
68,redisson,Redis,5220,redisson-all; redisson-tomcat; redisson-tomcat-6; redisson-tomcat-7; redisson-tomcat-8; redisson-spring-boot-starter,5,3.2.2,2016-12-19 00:00:00+00:00,2023-06-05 08:30:59+00:00,2359.354849537037,pre_disclosure,CVE-2023-42809,version_changed
68,redisson,Redis,5220,redisson-all; redisson-tomcat; redisson-tomcat-6; redisson-tomcat-7; redisson-tomcat-8; redisson-spring-boot-starter,5,3.2.2,2023-06-05 08:30:59+00:00,2023-10-04 20:15:10.263000+00:00,121.48901924768519,post_resolution,CVE-2023-42809,version_changed
68,redisson,Redis,5220,redisson-all; redisson-tomcat; redisson-tomcat-6; redisson-tomcat-7; redisson-tomcat-8; redisson-spring-boot-starter,5,3.2.2,2023-10-04 20:15:10.263000+00:00,2024-05-15 00:00:00+00:00,223.15613121527778,post_resolution,CVE-2023-42809,version_changed
68,redisson,Redis,5221,redisson-all; redisson-tomcat; redisson-tomcat-6; redisson-tomcat-7; redisson-tomcat-8; redisson-spring-data-32,5,3.2.3,2017-01-12 00:00:00+00:00,2023-06-05 08:30:59+00:00,2335.354849537037,pre_disclosure,CVE-2023-42809,right_censored_no_later_version
68,redisson,Redis,5221,redisson-all; redisson-tomcat; redisson-tomcat-6; redisson-tomcat-7; redisson-tomcat-8; redisson-spring-data-32,5,3.2.3,2023-06-05 08:30:59+00:00,2023-10-04 20:15:10.263000+00:00,121.48901924768519,post_resolution,CVE-2023-42809,right_censored_no_later_version
68,redisson,Redis,5221,redisson-all; redisson-tomcat; redisson-tomcat-6; redisson-tomcat-7; redisson-tomcat-8; redisson-spring-data-32,5,3.2.3,2023-10-04 20:15:10.263000+00:00,2026-01-05 00:00:00+00:00,823.1561312152778,post_resolution,CVE-2023-42809,right_censored_no_later_version
68,redisson,Redis,5222,redisson-all; redisson-tomcat; redisson-tomcat-6; redisson-tomcat-7; redisson-tomcat-8,5,3.2.4,2017-02-02 00:00:00+00:00,2017-02-19 00:00:00+00:00,17.0,pre_disclosure,CVE-2023-42809,version_changed
68,redisson,Redis,5223,redisson-all; redisson-tomcat; redisson-tomcat-6; redisson-tomcat-7; redisson-tomcat-8; redisson-spring-boot-starter; redisson-spring-data-33; redisson-spring-data-33,5,3.3.0,2017-02-19 00:00:00+00:00,2023-06-05 08:30:59+00:00,2297.354849537037,pre_disclosure,CVE-2023-42809,version_changed
68,redisson,Redis,5223,redisson-all; redisson-tomcat; redisson-tomcat-6; redisson-tomcat-7; redisson-tomcat-8; redisson-spring-boot-starter; redisson-spring-data-33; redisson-spring-data-33,5,3.3.0,2023-06-05 08:30:59+00:00,2023-10-04 20:15:10.263000+00:00,121.48901924768519,post_resolution,CVE-2023-42809,version_changed
68,redisson,Redis,5223,redisson-all; redisson-tomcat; redisson-tomcat-6; redisson-tomcat-7; redisson-tomcat-8; redisson-spring-boot-starter; redisson-spring-data-33; redisson-spring-data-33,5,3.3.0,2023-10-04 20:15:10.263000+00:00,2024-08-17 00:00:00+00:00,317.15613121527775,post_resolution,CVE-2023-42809,version_changed
68,redisson,Redis,5224,redisson-all; redisson-tomcat; redisson-tomcat-6; redisson-tomcat-7; redisson-tomcat-8,5,3.3.1,2017-03-04 00:00:00+00:00,2017-03-21 00:00:00+00:00,17.0,pre_disclosure,CVE-2023-42809,version_changed
68,redisson,Redis,5225,redisson-all; redisson-tomcat; redisson-tomcat-6; redisson-tomcat-7; redisson-tomcat-8; redisson-spring-boot-starter; redisson-spring-boot-starter; redisson-spring-data-33; redisson-spring-data-33,5,3.3.2,2017-03-21 00:00:00+00:00,2023-06-05 08:30:59+00:00,2267.354849537037,pre_disclosure,CVE-2023-42809,right_censored_no_later_version
68,redisson,Redis,5225,redisson-all; redisson-tomcat; redisson-tomcat-6; redisson-tomcat-7; redisson-tomcat-8; redisson-spring-boot-starter; redisson-spring-boot-starter; redisson-spring-data-33; redisson-spring-data-33,5,3.3.2,2023-06-05 08:30:59+00:00,2023-10-04 20:15:10.263000+00:00,121.48901924768519,post_resolution,CVE-2023-42809,right_censored_no_later_version
68,redisson,Redis,5225,redisson-all; redisson-tomcat; redisson-tomcat-6; redisson-tomcat-7; redisson-tomcat-8; redisson-spring-boot-starter; redisson-spring-boot-starter; redisson-spring-data-33; redisson-spring-data-33,5,3.3.2,2023-10-04 20:15:10.263000+00:00,2026-01-05 00:00:00+00:00,823.1561312152778,post_resolution,CVE-2023-42809,right_censored_no_later_version
68,redisson,Redis,5226,redisson-all; redisson-tomcat; redisson-tomcat-6; redisson-tomcat-7; redisson-tomcat-8; redisson-spring-boot-starter; redisson-spring-data-34; redisson-spring-data-34,5,3.4.0,2017-04-26 00:00:00+00:00,2023-06-05 08:30:59+00:00,2231.354849537037,pre_disclosure,CVE-2023-42809,version_changed
68,redisson,Redis,5226,redisson-all; redisson-tomcat; redisson-tomcat-6; redisson-tomcat-7; redisson-tomcat-8; redisson-spring-boot-starter; redisson-spring-data-34; redisson-spring-data-34,5,3.4.0,2023-06-05 08:30:59+00:00,2023-10-04 20:15:10.263000+00:00,121.48901924768519,post_resolution,CVE-2023-42809,version_changed
68,redisson,Redis,5226,redisson-all; redisson-tomcat; redisson-tomcat-6; redisson-tomcat-7; redisson-tomcat-8; redisson-spring-boot-starter; redisson-spring-data-34; redisson-spring-data-34,5,3.4.0,2023-10-04 20:15:10.263000+00:00,2025-07-24 00:00:00+00:00,658.1561312152778,post_resolution,CVE-2023-42809,version_changed
68,redisson,Redis,5227,redisson-all; redisson-tomcat; redisson-tomcat-6; redisson-tomcat-7; redisson-tomcat-8,5,3.4.1,2017-04-27 00:00:00+00:00,2017-05-09 00:00:00+00:00,12.0,pre_disclosure,CVE-2023-42809,version_changed
68,redisson,Redis,5228,redisson-all; redisson-tomcat; redisson-tomcat-6; redisson-tomcat-7; redisson-tomcat-8; redisson-spring-boot-starter,5,3.4.2,2017-05-09 00:00:00+00:00,2023-06-05 08:30:59+00:00,2218.354849537037,pre_disclosure,CVE-2023-42809,version_changed
68,redisson,Redis,5228,redisson-all; redisson-tomcat; redisson-tomcat-6; redisson-tomcat-7; redisson-tomcat-8; redisson-spring-boot-starter,5,3.4.2,2023-06-05 08:30:59+00:00,2023-10-04 20:15:10.263000+00:00,121.48901924768519,post_resolution,CVE-2023-42809,version_changed
68,redisson,Redis,5228,redisson-all; redisson-tomcat; redisson-tomcat-6; redisson-tomcat-7; redisson-tomcat-8; redisson-spring-boot-starter,5,3.4.2,2023-10-04 20:15:10.263000+00:00,2025-05-26 00:00:00+00:00,599.1561312152778,post_resolution,CVE-2023-42809,version_changed
68,redisson,Redis,5229,redisson-all; redisson-tomcat; redisson-tomcat-6; redisson-tomcat-7; redisson-tomcat-8,5,3.4.3,2017-06-09 00:00:00+00:00,2017-07-12 00:00:00+00:00,33.0,pre_disclosure,CVE-2023-42809,version_changed
68,redisson,Redis,5230,redisson-all; redisson-tomcat; redisson-tomcat-6; redisson-tomcat-7; redisson-tomcat-8,5,3.4.4,2017-07-12 00:00:00+00:00,2017-07-28 00:00:00+00:00,16.0,pre_disclosure,CVE-2023-42809,version_changed
68,redisson,Redis,5231,redisson-all; redisson-tomcat; redisson-tomcat-6; redisson-tomcat-7; redisson-tomcat-8; redisson-spring-boot-starter; redisson-spring-data-35; redisson-spring-data-35,5,3.5.0,2017-07-28 00:00:00+00:00,2023-06-05 08:30:59+00:00,2138.354849537037,pre_disclosure,CVE-2023-42809,version_changed
68,redisson,Redis,5231,redisson-all; redisson-tomcat; redisson-tomcat-6; redisson-tomcat-7; redisson-tomcat-8; redisson-spring-boot-starter; redisson-spring-data-35; redisson-spring-data-35,5,3.5.0,2023-06-05 08:30:59+00:00,2023-10-04 20:15:10.263000+00:00,121.48901924768519,post_resolution,CVE-2023-42809,version_changed
68,redisson,Redis,5231,redisson-all; redisson-tomcat; redisson-tomcat-6; redisson-tomcat-7; redisson-tomcat-8; redisson-spring-boot-starter; redisson-spring-data-35; redisson-spring-data-35,5,3.5.0,2023-10-04 20:15:10.263000+00:00,2025-07-24 00:00:00+00:00,658.1561312152778,post_resolution,CVE-2023-42809,version_changed
68,redisson,Redis,5232,redisson-all; redisson-tomcat; redisson-tomcat-6; redisson-tomcat-7; redisson-tomcat-8; redisson-spring-boot-starter,5,3.5.1,2017-08-29 00:00:00+00:00,2023-06-05 08:30:59+00:00,2106.354849537037,pre_disclosure,CVE-2023-42809,version_changed
68,redisson,Redis,5232,redisson-all; redisson-tomcat; redisson-tomcat-6; redisson-tomcat-7; redisson-tomcat-8; redisson-spring-boot-starter,5,3.5.1,2023-06-05 08:30:59+00:00,2023-10-04 20:15:10.263000+00:00,121.48901924768519,post_resolution,CVE-2023-42809,version_changed
68,redisson,Redis,5232,redisson-all; redisson-tomcat; redisson-tomcat-6; redisson-tomcat-7; redisson-tomcat-8; redisson-spring-boot-starter,5,3.5.1,2023-10-04 20:15:10.263000+00:00,2025-08-22 00:00:00+00:00,687.1561312152778,post_resolution,CVE-2023-42809,version_changed
68,redisson,Redis,5233,redisson-all; redisson-tomcat; redisson-tomcat-6; redisson-tomcat-7; redisson-tomcat-8; redisson-spring-boot-starter; redisson-spring-data-35; redisson-spring-data-35,5,3.5.2,2017-09-12 00:00:00+00:00,2023-06-05 08:30:59+00:00,2092.354849537037,pre_disclosure,CVE-2023-42809,version_changed
68,redisson,Redis,5233,redisson-all; redisson-tomcat; redisson-tomcat-6; redisson-tomcat-7; redisson-tomcat-8; redisson-spring-boot-starter; redisson-spring-data-35; redisson-spring-data-35,5,3.5.2,2023-06-05 08:30:59+00:00,2023-10-04 20:15:10.263000+00:00,121.48901924768519,post_resolution,CVE-2023-42809,version_changed
68,redisson,Redis,5233,redisson-all; redisson-tomcat; redisson-tomcat-6; redisson-tomcat-7; redisson-tomcat-8; redisson-spring-boot-starter; redisson-spring-data-35; redisson-spring-data-35,5,3.5.2,2023-10-04 20:15:10.263000+00:00,2025-12-06 00:00:00+00:00,793.1561312152778,post_resolution,CVE-2023-42809,version_changed
68,redisson,Redis,5234,redisson-all; redisson-tomcat; redisson-tomcat-6; redisson-tomcat-7; redisson-tomcat-8; redisson-spring-boot-starter,5,3.5.3,2017-09-13 00:00:00+00:00,2023-06-05 08:30:59+00:00,2091.354849537037,pre_disclosure,CVE-2023-42809,version_changed
68,redisson,Redis,5234,redisson-all; redisson-tomcat; redisson-tomcat-6; redisson-tomcat-7; redisson-tomcat-8; redisson-spring-boot-starter,5,3.5.3,2023-06-05 08:30:59+00:00,2023-10-04 20:15:10.263000+00:00,121.48901924768519,post_resolution,CVE-2023-42809,version_changed
68,redisson,Redis,5234,redisson-all; redisson-tomcat; redisson-tomcat-6; redisson-tomcat-7; redisson-tomcat-8; redisson-spring-boot-starter,5,3.5.3,2023-10-04 20:15:10.263000+00:00,2025-12-06 00:00:00+00:00,793.1561312152778,post_resolution,CVE-2023-42809,version_changed
68,redisson,Redis,5235,redisson-all; redisson-tomcat; redisson-tomcat-6; redisson-tomcat-7; redisson-tomcat-8,5,3.5.4,2017-09-28 00:00:00+00:00,2017-10-31 00:00:00+00:00,33.0,pre_disclosure,CVE-2023-42809,version_changed
68,redisson,Redis,5236,redisson-all; redisson-tomcat; redisson-tomcat-6; redisson-tomcat-7; redisson-tomcat-8; redisson-spring-boot-starter,5,3.5.5,2017-10-31 00:00:00+00:00,2023-06-05 08:30:59+00:00,2043.3548495370371,pre_disclosure,CVE-2023-42809,version_changed
68,redisson,Redis,5236,redisson-all; redisson-tomcat; redisson-tomcat-6; redisson-tomcat-7; redisson-tomcat-8; redisson-spring-boot-starter,5,3.5.5,2023-06-05 08:30:59+00:00,2023-10-04 20:15:10.263000+00:00,121.48901924768519,post_resolution,CVE-2023-42809,version_changed
68,redisson,Redis,5236,redisson-all; redisson-tomcat; redisson-tomcat-6; redisson-tomcat-7; redisson-tomcat-8; redisson-spring-boot-starter,5,3.5.5,2023-10-04 20:15:10.263000+00:00,2025-12-06 00:00:00+00:00,793.1561312152778,post_resolution,CVE-2023-42809,version_changed
68,redisson,Redis,5237,redisson-all; redisson-tomcat; redisson-tomcat-6; redisson-tomcat-7; redisson-tomcat-8; redisson-spring-data-35,5,3.5.6,2017-12-08 00:00:00+00:00,2023-06-05 08:30:59+00:00,2005.3548495370371,pre_disclosure,CVE-2023-42809,right_censored_no_later_version
68,redisson,Redis,5237,redisson-all; redisson-tomcat; redisson-tomcat-6; redisson-tomcat-7; redisson-tomcat-8; redisson-spring-data-35,5,3.5.6,2023-06-05 08:30:59+00:00,2023-10-04 20:15:10.263000+00:00,121.48901924768519,post_resolution,CVE-2023-42809,right_censored_no_later_version
68,redisson,Redis,5237,redisson-all; redisson-tomcat; redisson-tomcat-6; redisson-tomcat-7; redisson-tomcat-8; redisson-spring-data-35,5,3.5.6,2023-10-04 20:15:10.263000+00:00,2026-01-05 00:00:00+00:00,823.1561312152778,post_resolution,CVE-2023-42809,right_censored_no_later_version
68,redisson,Redis,5238,redisson-all; redisson-tomcat; redisson-tomcat-6; redisson-tomcat-7; redisson-tomcat-8,5,3.5.7,2017-12-25 00:00:00+00:00,2018-01-29 00:00:00+00:00,35.0,pre_disclosure,CVE-2023-42809,version_changed
68,redisson,Redis,5239,redisson-all; redisson-tomcat; redisson-tomcat-6; redisson-tomcat-7; redisson-tomcat-8; redisson-tomcat-9,6,3.6.0,2018-01-29 00:00:00+00:00,2018-02-15 00:00:00+00:00,17.0,pre_disclosure,CVE-2023-42809,version_changed
68,redisson,Redis,5240,redisson-all; redisson-tomcat; redisson-tomcat-6; redisson-tomcat-7; redisson-tomcat-8; redisson-tomcat-9,6,3.6.1,2018-02-15 00:00:00+00:00,2018-03-05 00:00:00+00:00,18.0,pre_disclosure,CVE-2023-42809,version_changed
68,redisson,Redis,5241,redisson-all; redisson-tomcat; redisson-tomcat-6; redisson-tomcat-7; redisson-tomcat-8; redisson-tomcat-9,6,3.6.2,2018-03-05 00:00:00+00:00,2018-03-14 00:00:00+00:00,9.0,pre_disclosure,CVE-2023-42809,version_changed
68,redisson,Redis,5242,redisson-all; redisson-tomcat; redisson-tomcat-6; redisson-tomcat-7; redisson-tomcat-8; redisson-tomcat-9,6,3.6.3,2018-03-14 00:00:00+00:00,2018-03-27 00:00:00+00:00,13.0,pre_disclosure,CVE-2023-42809,version_changed
68,redisson,Redis,5243,redisson-all; redisson-tomcat; redisson-tomcat-6; redisson-tomcat-7; redisson-tomcat-8; redisson-tomcat-9,6,3.6.4,2018-03-27 00:00:00+00:00,2018-04-09 00:00:00+00:00,13.0,pre_disclosure,CVE-2023-42809,version_changed
68,redisson,Redis,5244,redisson-all; redisson-tomcat; redisson-tomcat-6; redisson-tomcat-7; redisson-tomcat-8; redisson-tomcat-9,6,3.6.5,2018-04-09 00:00:00+00:00,2018-05-14 00:00:00+00:00,35.0,pre_disclosure,CVE-2023-42809,version_changed
68,redisson,Redis,5245,redisson-all; redisson-tomcat; redisson-tomcat-6; redisson-tomcat-7; redisson-tomcat-8; redisson-tomcat-9,6,3.7.0,2018-05-14 00:00:00+00:00,2018-06-01 00:00:00+00:00,18.0,pre_disclosure,CVE-2023-42809,version_changed
68,redisson,Redis,5246,redisson-all; redisson-tomcat; redisson-tomcat-6; redisson-tomcat-7; redisson-tomcat-8; redisson-tomcat-9,6,3.7.1,2018-06-01 00:00:00+00:00,2018-06-14 00:00:00+00:00,13.0,pre_disclosure,CVE-2023-42809,version_changed
68,redisson,Redis,5247,redisson-all; redisson-tomcat; redisson-tomcat-6; redisson-tomcat-7; redisson-tomcat-8; redisson-tomcat-9,6,3.7.2,2018-06-14 00:00:00+00:00,2018-06-27 00:00:00+00:00,13.0,pre_disclosure,CVE-2023-42809,version_changed
68,redisson,Redis,5248,redisson-all; redisson-tomcat; redisson-tomcat-6; redisson-tomcat-7; redisson-tomcat-8; redisson-tomcat-9,6,3.7.3,2018-06-27 00:00:00+00:00,2018-07-16 00:00:00+00:00,19.0,pre_disclosure,CVE-2023-42809,version_changed
68,redisson,Redis,5249,redisson-all; redisson-tomcat; redisson-tomcat-6; redisson-tomcat-7; redisson-tomcat-8; redisson-tomcat-9,6,3.7.4,2018-07-16 00:00:00+00:00,2018-07-19 00:00:00+00:00,3.0,pre_disclosure,CVE-2023-42809,version_changed
68,redisson,Redis,5250,redisson-all; redisson-tomcat; redisson-tomcat-6; redisson-tomcat-7; redisson-tomcat-8; redisson-tomcat-9,6,3.7.5,2018-07-19 00:00:00+00:00,2018-09-03 00:00:00+00:00,46.0,pre_disclosure,CVE-2023-42809,version_changed
68,redisson,Redis,5251,redisson-all; redisson-spring-boot-starter; redisson-spring-data; redisson-spring-data-16; redisson-spring-data-17; redisson-spring-data-18; redisson-spring-data-20; redisson-tomcat; redisson-tomcat-6; redisson-tomcat-7; redisson-tomcat-8; redisson-tomcat-9,12,3.8.0,2018-09-03 00:00:00+00:00,2018-09-18 00:00:00+00:00,15.0,pre_disclosure,CVE-2023-42809,version_changed
68,redisson,Redis,5258,redisson-all; redisson-spring-boot-starter; redisson-spring-data; redisson-spring-data-16; redisson-spring-data-17; redisson-spring-data-18; redisson-spring-data-20; redisson-tomcat; redisson-tomcat-6; redisson-tomcat-7; redisson-tomcat-8; redisson-tomcat-9,12,3.8.1,2018-09-18 00:00:00+00:00,2018-10-06 00:00:00+00:00,18.0,pre_disclosure,CVE-2023-42809,version_changed
68,redisson,Redis,5259,redisson-all; redisson-spring-boot-starter; redisson-spring-data; redisson-spring-data-16; redisson-spring-data-17; redisson-spring-data-18; redisson-spring-data-20; redisson-tomcat; redisson-tomcat-6; redisson-tomcat-7; redisson-tomcat-8; redisson-tomcat-9,12,3.8.2,2018-10-06 00:00:00+00:00,2018-10-31 00:00:00+00:00,25.0,pre_disclosure,CVE-2023-42809,version_changed
68,redisson,Redis,5262,redisson-spring-boot-starter,1,5.0.5.RELEASE,2018-10-06 00:00:00+00:00,2018-12-24 00:00:00+00:00,79.0,pre_disclosure,GHSA-q4h9-7rxj-7gx2,version_changed
68,redisson,Redis,5263,redisson-all; redisson-spring-boot-starter; redisson-spring-data; redisson-spring-data-16; redisson-spring-data-17; redisson-spring-data-18; redisson-spring-data-20; redisson-tomcat; redisson-tomcat-6; redisson-tomcat-7; redisson-tomcat-8; redisson-tomcat-9,12,3.9.0,2018-10-31 00:00:00+00:00,2018-11-21 00:00:00+00:00,21.0,pre_disclosure,CVE-2023-42809,version_changed
68,redisson,Redis,5264,redisson-all; redisson-spring-boot-starter; redisson-spring-data; redisson-spring-data-16; redisson-spring-data-17; redisson-spring-data-18; redisson-spring-data-20; redisson-tomcat; redisson-tomcat-6; redisson-tomcat-7; redisson-tomcat-8; redisson-tomcat-9,12,3.9.1,2018-11-21 00:00:00+00:00,2018-12-24 00:00:00+00:00,33.0,pre_disclosure,CVE-2023-42809,version_changed
68,redisson,Redis,5265,redisson; redisson-all; redisson-hibernate; redisson-hibernate-4; redisson-hibernate-5; redisson-hibernate-52; redisson-hibernate-53; redisson-parent; redisson-spring-boot-starter; redisson-spring-data; redisson-spring-data-16; redisson-spring-data-17; redisson-spring-data-18; redisson-spring-data-20; redisson-spring-data-21; redisson-tomcat; redisson-tomcat-6; redisson-tomcat-7; redisson-tomcat-8; redisson-tomcat-9,20,3.9.2-SNAPSHOT,2018-12-24 00:00:00+00:00,2018-12-27 00:00:00+00:00,3.0,pre_disclosure,CVE-2023-42809,version_changed
68,redisson,Redis,5269,redisson-spring-data; redisson-spring-data-16; redisson-spring-data-17; redisson-spring-data-18; redisson-spring-data-20; redisson-spring-data-21; redisson-spring-data; redisson-spring-data-16; redisson-spring-data-17; redisson-spring-data-18; redisson-spring-data-20; redisson-spring-data-21; redisson-spring-data-22; redisson-spring-data; redisson-spring-data-16; redisson-spring-data-17; redisson-spring-data-18; redisson-spring-data-20; redisson-spring-data-21; redisson-spring-data-22; redisson-spring-data-23; redisson-spring-data; redisson-spring-data-16; redisson-spring-data-17; redisson-spring-data-18; redisson-spring-data-20; redisson-spring-data-21; redisson-spring-data-22; redisson-spring-data-23; redisson-spring-data-24; redisson-spring-data; redisson-spring-data-16; redisson-spring-data-17; redisson-spring-data-18; redisson-spring-data-20; redisson-spring-data-21; redisson-spring-data-22; redisson-spring-data-23; redisson-spring-data-24; redisson-spring-data-25; redisson-spring-data; redisson-spring-data-16; redisson-spring-data-17; redisson-spring-data-18; redisson-spring-data-20; redisson-spring-data-21; redisson-spring-data-22; redisson-spring-data-23; redisson-spring-data-24; redisson-spring-data-25; redisson-spring-data-26; redisson-spring-data; redisson-spring-data-16; redisson-spring-data-17; redisson-spring-data-18; redisson-spring-data-20; redisson-spring-data-21; redisson-spring-data-22; redisson-spring-data-23; redisson-spring-data-24; redisson-spring-data-25; redisson-spring-data-26; redisson-spring-data-27; redisson-spring-data; redisson-spring-data-16; redisson-spring-data-17; redisson-spring-data-18; redisson-spring-data-20; redisson-spring-data-21; redisson-spring-data-22; redisson-spring-data-23; redisson-spring-data-24; redisson-spring-data-25; redisson-spring-data-26; redisson-spring-data-27; redisson-spring-data-30; redisson-spring-data; redisson-spring-data-16; redisson-spring-data-17; redisson-spring-data-18; redisson-spring-data-20; redisson-spring-data-21; redisson-spring-data-22; redisson-spring-data-23; redisson-spring-data-24; redisson-spring-data-25; redisson-spring-data-26; redisson-spring-data-27; redisson-spring-data-30; redisson-spring-data-31; redisson-spring-data; redisson-spring-data-16; redisson-spring-data-17; redisson-spring-data-18; redisson-spring-data-20; redisson-spring-data-21; redisson-spring-data-22; redisson-spring-data-23; redisson-spring-data-24; redisson-spring-data-25; redisson-spring-data-26; redisson-spring-data-27; redisson-spring-data-30; redisson-spring-data-31; redisson-spring-data-32; redisson-spring-data; redisson-spring-data-18; redisson-spring-data-20; redisson-spring-data-21; redisson-spring-data-22,15,5.1.3.RELEASE,2018-12-24 00:00:00+00:00,2024-04-16 00:00:00+00:00,1940.0,pre_disclosure,GHSA-q4h9-7rxj-7gx2,version_changed
68,redisson,Redis,5270,redisson; redisson-all; redisson-hibernate; redisson-hibernate-4; redisson-hibernate-5; redisson-hibernate-52; redisson-hibernate-53; redisson-parent; redisson-spring-boot-starter; redisson-spring-data; redisson-spring-data-16; redisson-spring-data-17; redisson-spring-data-18; redisson-spring-data-20; redisson-spring-data-21; redisson-tomcat; redisson-tomcat-6; redisson-tomcat-7; redisson-tomcat-8; redisson-tomcat-9,20,3.10.0,2018-12-27 00:00:00+00:00,2019-01-10 00:00:00+00:00,14.0,pre_disclosure,CVE-2023-42809,version_changed
68,redisson,Redis,5271,redisson; redisson-all; redisson-hibernate; redisson-hibernate-4; redisson-hibernate-5; redisson-hibernate-52; redisson-hibernate-53; redisson-parent; redisson-spring-boot-starter; redisson-spring-data; redisson-spring-data-16; redisson-spring-data-17; redisson-spring-data-18; redisson-spring-data-20; redisson-spring-data-21; redisson-tomcat; redisson-tomcat-6; redisson-tomcat-7; redisson-tomcat-8; redisson-tomcat-9,20,3.10.1-SNAPSHOT,2018-12-27 00:00:00+00:00,2019-01-21 00:00:00+00:00,25.0,pre_disclosure,CVE-2023-42809,version_changed
68,redisson,Redis,5272,redisson; redisson-all; redisson-hibernate; redisson-hibernate-4; redisson-hibernate-5; redisson-hibernate-52; redisson-hibernate-53; redisson-parent; redisson-spring-boot-starter; redisson-spring-data; redisson-spring-data-16; redisson-spring-data-17; redisson-spring-data-18; redisson-spring-data-20; redisson-spring-data-21; redisson-tomcat; redisson-tomcat-6; redisson-tomcat-7; redisson-tomcat-8; redisson-tomcat-9,20,3.10.1,2019-01-21 00:00:00+00:00,2019-01-25 00:00:00+00:00,4.0,pre_disclosure,CVE-2023-42809,version_changed
68,redisson,Redis,5273,redisson; redisson-all; redisson-hibernate; redisson-hibernate-4; redisson-hibernate-5; redisson-hibernate-52; redisson-hibernate-53; redisson-parent; redisson-spring-boot-starter; redisson-spring-data; redisson-spring-data-16; redisson-spring-data-17; redisson-spring-data-18; redisson-spring-data-20; redisson-spring-data-21; redisson-tomcat; redisson-tomcat-6; redisson-tomcat-7; redisson-tomcat-8; redisson-tomcat-9,20,3.10.2-SNAPSHOT,2019-01-21 00:00:00+00:00,2019-02-07 00:00:00+00:00,17.0,pre_disclosure,CVE-2023-42809,version_changed
68,redisson,Redis,5274,redisson; redisson-all; redisson-hibernate; redisson-hibernate-4; redisson-hibernate-5; redisson-hibernate-52; redisson-hibernate-53; redisson-parent; redisson-spring-boot-starter; redisson-spring-data; redisson-spring-data-16; redisson-spring-data-17; redisson-spring-data-18; redisson-spring-data-20; redisson-spring-data-21; redisson-tomcat; redisson-tomcat-6; redisson-tomcat-7; redisson-tomcat-8; redisson-tomcat-9,20,3.10.2,2019-02-07 00:00:00+00:00,2019-02-14 00:00:00+00:00,7.0,pre_disclosure,CVE-2023-42809,version_changed
68,redisson,Redis,5275,redisson; redisson-all; redisson-hibernate; redisson-hibernate-4; redisson-hibernate-5; redisson-hibernate-52; redisson-hibernate-53; redisson-parent; redisson-spring-boot-starter; redisson-spring-data; redisson-spring-data-16; redisson-spring-data-17; redisson-spring-data-18; redisson-spring-data-20; redisson-spring-data-21; redisson-tomcat; redisson-tomcat-6; redisson-tomcat-7; redisson-tomcat-8; redisson-tomcat-9,20,3.10.3-SNAPSHOT,2019-02-07 00:00:00+00:00,2019-03-08 00:00:00+00:00,29.0,pre_disclosure,CVE-2023-42809,version_changed
68,redisson,Redis,5276,redisson; redisson-all; redisson-hibernate; redisson-hibernate-4; redisson-hibernate-5; redisson-hibernate-52; redisson-hibernate-53; redisson-parent; redisson-spring-boot-starter; redisson-spring-data; redisson-spring-data-16; redisson-spring-data-17; redisson-spring-data-18; redisson-spring-data-20; redisson-spring-data-21; redisson-tomcat; redisson-tomcat-6; redisson-tomcat-7; redisson-tomcat-8; redisson-tomcat-9,20,3.10.3,2019-02-26 00:00:00+00:00,2019-03-08 00:00:00+00:00,10.0,pre_disclosure,CVE-2023-42809,version_changed
68,redisson,Redis,5277,redisson; redisson-all; redisson-hibernate; redisson-hibernate-4; redisson-hibernate-5; redisson-hibernate-52; redisson-hibernate-53; redisson-parent; redisson-spring-boot-starter; redisson-spring-data; redisson-spring-data-16; redisson-spring-data-17; redisson-spring-data-18; redisson-spring-data-20; redisson-spring-data-21; redisson-tomcat; redisson-tomcat-6; redisson-tomcat-7; redisson-tomcat-8; redisson-tomcat-9,20,3.10.4-SNAPSHOT,2019-02-26 00:00:00+00:00,2019-03-08 00:00:00+00:00,10.0,pre_disclosure,CVE-2023-42809,version_changed
68,redisson,Redis,5278,redisson; redisson-all; redisson-hibernate; redisson-hibernate-4; redisson-hibernate-5; redisson-hibernate-52; redisson-hibernate-53; redisson-parent; redisson-spring-boot-starter; redisson-spring-data; redisson-spring-data-16; redisson-spring-data-17; redisson-spring-data-18; redisson-spring-data-20; redisson-spring-data-21; redisson-tomcat; redisson-tomcat-6; redisson-tomcat-7; redisson-tomcat-8; redisson-tomcat-9,20,3.10.4,2019-03-08 00:00:00+00:00,2019-03-14 00:00:00+00:00,6.0,pre_disclosure,CVE-2023-42809,version_changed
68,redisson,Redis,5279,redisson; redisson-all; redisson-hibernate; redisson-hibernate-4; redisson-hibernate-5; redisson-hibernate-52; redisson-hibernate-53; redisson-parent; redisson-spring-boot-starter; redisson-spring-data; redisson-spring-data-16; redisson-spring-data-17; redisson-spring-data-18; redisson-spring-data-20; redisson-spring-data-21; redisson-tomcat; redisson-tomcat-6; redisson-tomcat-7; redisson-tomcat-8; redisson-tomcat-9,20,3.10.5-SNAPSHOT,2019-03-08 00:00:00+00:00,2019-04-05 00:00:00+00:00,28.0,pre_disclosure,CVE-2023-42809,version_changed
68,redisson,Redis,5280,redisson; redisson-all; redisson-hibernate; redisson-hibernate-4; redisson-hibernate-5; redisson-hibernate-52; redisson-hibernate-53; redisson-parent; redisson-spring-boot-starter; redisson-spring-data; redisson-spring-data-16; redisson-spring-data-17; redisson-spring-data-18; redisson-spring-data-20; redisson-spring-data-21; redisson-tomcat; redisson-tomcat-6; redisson-tomcat-7; redisson-tomcat-8; redisson-tomcat-9,20,3.10.5,2019-03-20 00:00:00+00:00,2019-04-05 00:00:00+00:00,16.0,pre_disclosure,CVE-2023-42809,version_changed
68,redisson,Redis,5281,redisson; redisson-all; redisson-hibernate; redisson-hibernate-4; redisson-hibernate-5; redisson-hibernate-52; redisson-hibernate-53; redisson-parent; redisson-spring-boot-starter; redisson-spring-data; redisson-spring-data-16; redisson-spring-data-17; redisson-spring-data-18; redisson-spring-data-20; redisson-spring-data-21; redisson-tomcat; redisson-tomcat-6; redisson-tomcat-7; redisson-tomcat-8; redisson-tomcat-9,20,3.10.6-SNAPSHOT,2019-03-20 00:00:00+00:00,2019-04-05 00:00:00+00:00,16.0,pre_disclosure,CVE-2023-42809,version_changed
68,redisson,Redis,5282,redisson; redisson-all; redisson-hibernate; redisson-hibernate-4; redisson-hibernate-5; redisson-hibernate-52; redisson-hibernate-53; redisson-parent; redisson-spring-boot-starter; redisson-spring-data; redisson-spring-data-16; redisson-spring-data-17; redisson-spring-data-18; redisson-spring-data-20; redisson-spring-data-21; redisson-tomcat; redisson-tomcat-6; redisson-tomcat-7; redisson-tomcat-8; redisson-tomcat-9,20,3.10.6,2019-04-05 00:00:00+00:00,2019-04-18 00:00:00+00:00,13.0,pre_disclosure,CVE-2023-42809,version_changed
68,redisson,Redis,5283,redisson; redisson-all; redisson-hibernate; redisson-hibernate-4; redisson-hibernate-5; redisson-hibernate-52; redisson-hibernate-53; redisson-parent; redisson-spring-boot-starter; redisson-spring-data; redisson-spring-data-16; redisson-spring-data-17; redisson-spring-data-18; redisson-spring-data-20; redisson-spring-data-21; redisson-tomcat; redisson-tomcat-6; redisson-tomcat-7; redisson-tomcat-8; redisson-tomcat-9,20,3.10.7-SNAPSHOT,2019-04-05 00:00:00+00:00,2019-04-29 00:00:00+00:00,24.0,pre_disclosure,CVE-2023-42809,version_changed
68,redisson,Redis,5284,redisson; redisson-all; redisson-hibernate; redisson-hibernate-4; redisson-hibernate-5; redisson-hibernate-52; redisson-hibernate-53; redisson-parent; redisson-spring-boot-starter; redisson-spring-data; redisson-spring-data-16; redisson-spring-data-17; redisson-spring-data-18; redisson-spring-data-20; redisson-spring-data-21; redisson-tomcat; redisson-tomcat-6; redisson-tomcat-7; redisson-tomcat-8; redisson-tomcat-9,20,3.10.7,2019-04-29 00:00:00+00:00,2019-05-24 00:00:00+00:00,25.0,pre_disclosure,CVE-2023-42809,version_changed
68,redisson,Redis,5285,redisson; redisson-all; redisson-hibernate; redisson-hibernate-4; redisson-hibernate-5; redisson-hibernate-52; redisson-hibernate-53; redisson-parent; redisson-spring-boot-starter; redisson-spring-data; redisson-spring-data-16; redisson-spring-data-17; redisson-spring-data-18; redisson-spring-data-20; redisson-spring-data-21; redisson-tomcat; redisson-tomcat-6; redisson-tomcat-7; redisson-tomcat-8; redisson-tomcat-9,20,3.10.8-SNAPSHOT,2019-04-29 00:00:00+00:00,2019-06-14 00:00:00+00:00,46.0,pre_disclosure,CVE-2023-42809,version_changed
68,redisson,Redis,5286,redisson; redisson-all; redisson-hibernate; redisson-hibernate-4; redisson-hibernate-5; redisson-hibernate-52; redisson-hibernate-53; redisson-parent; redisson-spring-boot-starter; redisson-spring-data; redisson-spring-data-16; redisson-spring-data-17; redisson-spring-data-18; redisson-spring-data-20; redisson-spring-data-21; redisson-tomcat; redisson-tomcat-6; redisson-tomcat-7; redisson-tomcat-8; redisson-tomcat-9,20,3.11.0,2019-05-28 00:00:00+00:00,2019-06-14 00:00:00+00:00,17.0,pre_disclosure,CVE-2023-42809,version_changed
68,redisson,Redis,5287,redisson; redisson-all; redisson-hibernate; redisson-hibernate-4; redisson-hibernate-5; redisson-hibernate-52; redisson-hibernate-53; redisson-parent; redisson-spring-boot-starter; redisson-spring-data; redisson-spring-data-16; redisson-spring-data-17; redisson-spring-data-18; redisson-spring-data-20; redisson-spring-data-21; redisson-tomcat; redisson-tomcat-6; redisson-tomcat-7; redisson-tomcat-8; redisson-tomcat-9,20,3.11.1-SNAPSHOT,2019-05-28 00:00:00+00:00,2019-06-25 00:00:00+00:00,28.0,pre_disclosure,CVE-2023-42809,version_changed
68,redisson,Redis,5288,redisson; redisson-all; redisson-hibernate; redisson-hibernate-4; redisson-hibernate-5; redisson-hibernate-52; redisson-hibernate-53; redisson-parent; redisson-spring-boot-starter; redisson-spring-data; redisson-spring-data-16; redisson-spring-data-17; redisson-spring-data-18; redisson-spring-data-20; redisson-spring-data-21; redisson-tomcat; redisson-tomcat-6; redisson-tomcat-7; redisson-tomcat-8; redisson-tomcat-9,20,3.11.1,2019-06-25 00:00:00+00:00,2019-07-18 00:00:00+00:00,23.0,pre_disclosure,CVE-2023-42809,version_changed
68,redisson,Redis,5289,redisson; redisson-all; redisson-hibernate; redisson-hibernate-4; redisson-hibernate-5; redisson-hibernate-52; redisson-hibernate-53; redisson-parent; redisson-spring-boot-starter; redisson-spring-data; redisson-spring-data-16; redisson-spring-data-17; redisson-spring-data-18; redisson-spring-data-20; redisson-spring-data-21; redisson-tomcat; redisson-tomcat-6; redisson-tomcat-7; redisson-tomcat-8; redisson-tomcat-9,20,3.11.2-SNAPSHOT,2019-06-25 00:00:00+00:00,2019-08-16 00:00:00+00:00,52.0,pre_disclosure,CVE-2023-42809,version_changed
68,redisson,Redis,5290,redisson; redisson-all; redisson-hibernate; redisson-hibernate-4; redisson-hibernate-5; redisson-hibernate-52; redisson-hibernate-53; redisson-parent; redisson-spring-boot-starter; redisson-spring-data; redisson-spring-data-16; redisson-spring-data-17; redisson-spring-data-18; redisson-spring-data-20; redisson-spring-data-21; redisson-tomcat; redisson-tomcat-6; redisson-tomcat-7; redisson-tomcat-8; redisson-tomcat-9,20,3.11.2,2019-08-03 00:00:00+00:00,2019-08-16 00:00:00+00:00,13.0,pre_disclosure,CVE-2023-42809,version_changed
68,redisson,Redis,5291,redisson; redisson-all; redisson-hibernate; redisson-hibernate-4; redisson-hibernate-5; redisson-hibernate-52; redisson-hibernate-53; redisson-parent; redisson-spring-boot-starter; redisson-spring-data; redisson-spring-data-16; redisson-spring-data-17; redisson-spring-data-18; redisson-spring-data-20; redisson-spring-data-21; redisson-tomcat; redisson-tomcat-6; redisson-tomcat-7; redisson-tomcat-8; redisson-tomcat-9,20,3.11.3-SNAPSHOT,2019-08-03 00:00:00+00:00,2019-08-30 00:00:00+00:00,27.0,pre_disclosure,CVE-2023-42809,version_changed
68,redisson,Redis,5296,redisson; redisson-all; redisson-hibernate; redisson-hibernate-4; redisson-hibernate-5; redisson-hibernate-52; redisson-hibernate-53; redisson-parent; redisson-spring-boot-starter; redisson-spring-data; redisson-spring-data-16; redisson-spring-data-17; redisson-spring-data-18; redisson-spring-data-20; redisson-spring-data-21; redisson-tomcat; redisson-tomcat-6; redisson-tomcat-7; redisson-tomcat-8; redisson-tomcat-9,20,3.11.3,2019-08-30 00:00:00+00:00,2019-09-23 00:00:00+00:00,24.0,pre_disclosure,CVE-2023-42809,version_changed
68,redisson,Redis,5297,redisson; redisson-all; redisson-hibernate; redisson-hibernate-4; redisson-hibernate-5; redisson-hibernate-52; redisson-hibernate-53; redisson-parent; redisson-spring-boot-starter; redisson-spring-data; redisson-spring-data-16; redisson-spring-data-17; redisson-spring-data-18; redisson-spring-data-20; redisson-spring-data-21; redisson-tomcat; redisson-tomcat-6; redisson-tomcat-7; redisson-tomcat-8; redisson-tomcat-9,20,3.11.4-SNAPSHOT,2019-08-30 00:00:00+00:00,2019-09-26 00:00:00+00:00,27.0,pre_disclosure,CVE-2023-42809,version_changed
68,redisson,Redis,5298,redisson; redisson-all; redisson-hibernate; redisson-hibernate-4; redisson-hibernate-5; redisson-hibernate-52; redisson-hibernate-53; redisson-parent; redisson-spring-boot-starter; redisson-spring-data; redisson-spring-data-16; redisson-spring-data-17; redisson-spring-data-18; redisson-spring-data-20; redisson-spring-data-21; redisson-tomcat; redisson-tomcat-6; redisson-tomcat-7; redisson-tomcat-8; redisson-tomcat-9,20,3.11.4,2019-09-24 00:00:00+00:00,2019-09-26 00:00:00+00:00,2.0,pre_disclosure,CVE-2023-42809,version_changed
68,redisson,Redis,5299,redisson; redisson-all; redisson-hibernate; redisson-hibernate-4; redisson-hibernate-5; redisson-hibernate-52; redisson-hibernate-53; redisson-parent; redisson-spring-boot-starter; redisson-spring-data; redisson-spring-data-16; redisson-spring-data-17; redisson-spring-data-18; redisson-spring-data-20; redisson-spring-data-21; redisson-spring-data-22; redisson-tomcat; redisson-tomcat-6; redisson-tomcat-7; redisson-tomcat-8; redisson-tomcat-9; redisson; redisson-all; redisson-hibernate; redisson-hibernate-4; redisson-hibernate-5; redisson-hibernate-52; redisson-hibernate-53; redisson-parent; redisson-spring-boot-starter; redisson-spring-data; redisson-spring-data-16; redisson-spring-data-17; redisson-spring-data-18; redisson-spring-data-20; redisson-spring-data-21; redisson-tomcat; redisson-tomcat-6; redisson-tomcat-7; redisson-tomcat-8; redisson-tomcat-9,21,3.11.5-SNAPSHOT,2019-09-24 00:00:00+00:00,2019-10-26 00:00:00+00:00,32.0,pre_disclosure,CVE-2023-42809,version_changed
68,redisson,Redis,5301,redisson; redisson-all; redisson-hibernate; redisson-hibernate-4; redisson-hibernate-5; redisson-hibernate-52; redisson-hibernate-53; redisson-parent; redisson-spring-boot-starter; redisson-spring-data; redisson-spring-data-16; redisson-spring-data-17; redisson-spring-data-18; redisson-spring-data-20; redisson-spring-data-21; redisson-spring-data-22; redisson-tomcat; redisson-tomcat-6; redisson-tomcat-7; redisson-tomcat-8; redisson-tomcat-9,21,3.11.5,2019-10-26 00:00:00+00:00,2019-10-28 00:00:00+00:00,2.0,pre_disclosure,CVE-2023-42809,version_changed
68,redisson,Redis,5302,redisson; redisson-all; redisson-hibernate; redisson-hibernate-4; redisson-hibernate-5; redisson-hibernate-52; redisson-hibernate-53; redisson-parent; redisson-spring-boot-starter; redisson-spring-data; redisson-spring-data-16; redisson-spring-data-17; redisson-spring-data-18; redisson-spring-data-20; redisson-spring-data-21; redisson-spring-data-22; redisson-tomcat; redisson-tomcat-6; redisson-tomcat-7; redisson-tomcat-8; redisson-tomcat-9,21,3.11.6-SNAPSHOT,2019-10-26 00:00:00+00:00,2019-12-05 00:00:00+00:00,40.0,pre_disclosure,CVE-2023-42809,version_changed
68,redisson,Redis,5303,redisson; redisson-all; redisson-hibernate; redisson-hibernate-4; redisson-hibernate-5; redisson-hibernate-52; redisson-hibernate-53; redisson-parent; redisson-spring-boot-starter; redisson-spring-data; redisson-spring-data-16; redisson-spring-data-17; redisson-spring-data-18; redisson-spring-data-20; redisson-spring-data-21; redisson-spring-data-22; redisson-tomcat; redisson-tomcat-6; redisson-tomcat-7; redisson-tomcat-8; redisson-tomcat-9,21,3.11.6,2019-11-28 00:00:00+00:00,2019-12-05 00:00:00+00:00,7.0,pre_disclosure,CVE-2023-42809,version_changed
68,redisson,Redis,5304,redisson; redisson-all; redisson-hibernate; redisson-hibernate-4; redisson-hibernate-5; redisson-hibernate-52; redisson-hibernate-53; redisson-parent; redisson-spring-boot-starter; redisson-spring-data; redisson-spring-data-16; redisson-spring-data-17; redisson-spring-data-18; redisson-spring-data-20; redisson-spring-data-21; redisson-spring-data-22; redisson-tomcat; redisson-tomcat-6; redisson-tomcat-7; redisson-tomcat-8; redisson-tomcat-9; redisson; redisson-all; redisson-hibernate; redisson-hibernate-53; redisson-mybatis; redisson-parent; redisson-spring-boot-starter; redisson-spring-data; redisson-spring-data-18; redisson-spring-data-20; redisson-spring-data-21; redisson-spring-data-22; redisson-tomcat; redisson-tomcat-7; redisson-tomcat-8; redisson-tomcat-9; redisson; redisson-all; redisson-hibernate; redisson-hibernate-53; redisson-parent; redisson-spring-boot-starter; redisson-spring-data; redisson-spring-data-18; redisson-spring-data-20; redisson-spring-data-21; redisson-spring-data-22; redisson-tomcat; redisson-tomcat-7; redisson-tomcat-8; redisson-tomcat-9,21,3.11.7-SNAPSHOT,2019-11-28 00:00:00+00:00,2019-12-26 00:00:00+00:00,28.0,pre_disclosure,CVE-2023-42809,version_changed
68,redisson,Redis,5305,redisson; redisson-all; redisson-hibernate; redisson-hibernate-53; redisson-mybatis; redisson-parent; redisson-spring-boot-starter; redisson-spring-data; redisson-spring-data-18; redisson-spring-data-20; redisson-spring-data-21; redisson-spring-data-22; redisson-tomcat; redisson-tomcat-7; redisson-tomcat-8; redisson-tomcat-9,16,3.12.0,2019-12-26 00:00:00+00:00,2019-12-30 00:00:00+00:00,4.0,pre_disclosure,CVE-2023-42809,version_changed
68,redisson,Redis,5306,redisson; redisson-all; redisson-hibernate; redisson-hibernate-53; redisson-mybatis; redisson-parent; redisson-spring-boot-starter; redisson-spring-data; redisson-spring-data-16; redisson-spring-data-17; redisson-spring-data-18; redisson-spring-data-20; redisson-spring-data-21; redisson-spring-data-22; redisson-tomcat; redisson-tomcat-7; redisson-tomcat-8; redisson-tomcat-9; redisson; redisson-all; redisson-hibernate; redisson-hibernate-53; redisson-mybatis; redisson-parent; redisson-spring-boot-starter; redisson-spring-data; redisson-spring-data-18; redisson-spring-data-20; redisson-spring-data-21; redisson-spring-data-22; redisson-tomcat; redisson-tomcat-7; redisson-tomcat-8; redisson-tomcat-9,18,3.12.1-SNAPSHOT,2019-12-26 00:00:00+00:00,2020-01-30 00:00:00+00:00,35.0,pre_disclosure,CVE-2023-42809,version_changed
68,redisson,Redis,5307,redisson; redisson-all; redisson-hibernate; redisson-hibernate-53; redisson-mybatis; redisson-parent; redisson-spring-boot-starter; redisson-spring-data; redisson-spring-data-16; redisson-spring-data-17; redisson-spring-data-18; redisson-spring-data-20; redisson-spring-data-21; redisson-spring-data-22; redisson-tomcat; redisson-tomcat-7; redisson-tomcat-8; redisson-tomcat-9,18,3.12.1,2020-01-30 00:00:00+00:00,2020-02-06 00:00:00+00:00,7.0,pre_disclosure,CVE-2023-42809,version_changed
68,redisson,Redis,5308,redisson; redisson-all; redisson-hibernate; redisson-hibernate-53; redisson-mybatis; redisson-parent; redisson-spring-boot-starter; redisson-spring-data; redisson-spring-data-16; redisson-spring-data-17; redisson-spring-data-18; redisson-spring-data-20; redisson-spring-data-21; redisson-spring-data-22; redisson-tomcat; redisson-tomcat-7; redisson-tomcat-8; redisson-tomcat-9,18,3.12.2-SNAPSHOT,2020-01-30 00:00:00+00:00,2020-02-18 00:00:00+00:00,19.0,pre_disclosure,CVE-2023-42809,version_changed
68,redisson,Redis,5309,redisson; redisson-all; redisson-hibernate; redisson-hibernate-53; redisson-mybatis; redisson-parent; redisson-spring-boot-starter; redisson-spring-data; redisson-spring-data-16; redisson-spring-data-17; redisson-spring-data-18; redisson-spring-data-20; redisson-spring-data-21; redisson-spring-data-22; redisson-tomcat; redisson-tomcat-7; redisson-tomcat-8; redisson-tomcat-9,18,3.12.2,2020-02-18 00:00:00+00:00,2020-02-20 00:00:00+00:00,2.0,pre_disclosure,CVE-2023-42809,version_changed
68,redisson,Redis,5310,redisson; redisson-all; redisson-hibernate; redisson-hibernate-53; redisson-mybatis; redisson-parent; redisson-spring-boot-starter; redisson-spring-data; redisson-spring-data-16; redisson-spring-data-17; redisson-spring-data-18; redisson-spring-data-20; redisson-spring-data-21; redisson-spring-data-22; redisson-tomcat; redisson-tomcat-7; redisson-tomcat-8; redisson-tomcat-9,18,3.12.3-SNAPSHOT,2020-02-18 00:00:00+00:00,2020-03-03 00:00:00+00:00,14.0,pre_disclosure,CVE-2023-42809,version_changed
68,redisson,Redis,5311,redisson; redisson-all; redisson-hibernate; redisson-hibernate-53; redisson-mybatis; redisson-parent; redisson-spring-boot-starter; redisson-spring-data; redisson-spring-data-16; redisson-spring-data-17; redisson-spring-data-18; redisson-spring-data-20; redisson-spring-data-21; redisson-spring-data-22; redisson-tomcat; redisson-tomcat-7; redisson-tomcat-8; redisson-tomcat-9,18,3.12.3,2020-02-28 00:00:00+00:00,2020-03-03 00:00:00+00:00,4.0,pre_disclosure,CVE-2023-42809,version_changed
68,redisson,Redis,5312,redisson; redisson-all; redisson-hibernate; redisson-hibernate-4; redisson-hibernate-5; redisson-hibernate-52; redisson-hibernate-53; redisson-mybatis; redisson-parent; redisson-spring-boot-starter; redisson-spring-data; redisson-spring-data-16; redisson-spring-data-17; redisson-spring-data-18; redisson-spring-data-20; redisson-spring-data-21; redisson-spring-data-22; redisson-tomcat; redisson-tomcat-7; redisson-tomcat-8; redisson-tomcat-9; redisson; redisson-all; redisson-hibernate; redisson-hibernate-52; redisson-hibernate-53; redisson-mybatis; redisson-parent; redisson-spring-boot-starter; redisson-spring-data; redisson-spring-data-16; redisson-spring-data-17; redisson-spring-data-18; redisson-spring-data-20; redisson-spring-data-21; redisson-spring-data-22; redisson-tomcat; redisson-tomcat-7; redisson-tomcat-8; redisson-tomcat-9; redisson; redisson-all; redisson-hibernate; redisson-hibernate-53; redisson-mybatis; redisson-parent; redisson-spring-boot-starter; redisson-spring-data; redisson-spring-data-16; redisson-spring-data-17; redisson-spring-data-18; redisson-spring-data-20; redisson-spring-data-21; redisson-spring-data-22; redisson-tomcat; redisson-tomcat-7; redisson-tomcat-8; redisson-tomcat-9,21,3.12.4-SNAPSHOT,2020-02-28 00:00:00+00:00,2020-04-09 00:00:00+00:00,41.0,pre_disclosure,CVE-2023-42809,version_changed
68,redisson,Redis,5313,redisson; redisson-all; redisson-hibernate; redisson-hibernate-4; redisson-hibernate-5; redisson-hibernate-52; redisson-hibernate-53; redisson-mybatis; redisson-parent; redisson-spring-boot-starter; redisson-spring-data; redisson-spring-data-16; redisson-spring-data-17; redisson-spring-data-18; redisson-spring-data-20; redisson-spring-data-21; redisson-spring-data-22; redisson-tomcat; redisson-tomcat-7; redisson-tomcat-8; redisson-tomcat-9,21,3.12.4,2020-03-30 00:00:00+00:00,2020-04-09 00:00:00+00:00,10.0,pre_disclosure,CVE-2023-42809,version_changed
68,redisson,Redis,5314,redisson; redisson-all; redisson-hibernate; redisson-hibernate-4; redisson-hibernate-5; redisson-hibernate-52; redisson-hibernate-53; redisson-mybatis; redisson-parent; redisson-spring-boot-starter; redisson-spring-data; redisson-spring-data-16; redisson-spring-data-17; redisson-spring-data-18; redisson-spring-data-20; redisson-spring-data-21; redisson-spring-data-22; redisson-tomcat; redisson-tomcat-7; redisson-tomcat-8; redisson-tomcat-9,21,3.12.5-SNAPSHOT,2020-03-30 00:00:00+00:00,2020-04-20 00:00:00+00:00,21.0,pre_disclosure,CVE-2023-42809,version_changed
68,redisson,Redis,5315,redisson; redisson-all; redisson-hibernate; redisson-hibernate-4; redisson-hibernate-5; redisson-hibernate-52; redisson-hibernate-53; redisson-mybatis; redisson-parent; redisson-spring-boot-starter; redisson-spring-data; redisson-spring-data-16; redisson-spring-data-17; redisson-spring-data-18; redisson-spring-data-20; redisson-spring-data-21; redisson-spring-data-22; redisson-tomcat; redisson-tomcat-7; redisson-tomcat-8; redisson-tomcat-9,21,3.12.5,2020-04-16 00:00:00+00:00,2020-04-20 00:00:00+00:00,4.0,pre_disclosure,CVE-2023-42809,version_changed
68,redisson,Redis,5316,redisson; redisson-all; redisson-hibernate; redisson-hibernate-4; redisson-hibernate-5; redisson-hibernate-52; redisson-hibernate-53; redisson-mybatis; redisson-parent; redisson-spring-boot-starter; redisson-spring-data; redisson-spring-data-16; redisson-spring-data-17; redisson-spring-data-18; redisson-spring-data-20; redisson-spring-data-21; redisson-spring-data-22; redisson-tomcat; redisson-tomcat-7; redisson-tomcat-8; redisson-tomcat-9,21,3.12.6-SNAPSHOT,2020-04-16 00:00:00+00:00,2020-05-26 00:00:00+00:00,40.0,pre_disclosure,CVE-2023-42809,version_changed
68,redisson,Redis,5317,redisson; redisson-all; redisson-hibernate; redisson-hibernate-4; redisson-hibernate-5; redisson-hibernate-52; redisson-hibernate-53; redisson-mybatis; redisson-parent; redisson-spring-boot-starter; redisson-spring-data; redisson-spring-data-16; redisson-spring-data-17; redisson-spring-data-18; redisson-spring-data-20; redisson-spring-data-21; redisson-spring-data-22; redisson-tomcat; redisson-tomcat-7; redisson-tomcat-8; redisson-tomcat-9,21,3.13.0,2020-05-22 00:00:00+00:00,2020-05-26 00:00:00+00:00,4.0,pre_disclosure,CVE-2023-42809,version_changed
68,redisson,Redis,5318,redisson; redisson-all; redisson-hibernate; redisson-hibernate-4; redisson-hibernate-5; redisson-hibernate-52; redisson-hibernate-53; redisson-mybatis; redisson-parent; redisson-spring-boot-starter; redisson-spring-data; redisson-spring-data-16; redisson-spring-data-17; redisson-spring-data-18; redisson-spring-data-20; redisson-spring-data-21; redisson-spring-data-22; redisson-spring-data-23; redisson-tomcat; redisson-tomcat-7; redisson-tomcat-8; redisson-tomcat-9; redisson; redisson-all; redisson-hibernate; redisson-hibernate-4; redisson-hibernate-5; redisson-hibernate-52; redisson-hibernate-53; redisson-mybatis; redisson-parent; redisson-spring-boot-starter; redisson-spring-data; redisson-spring-data-16; redisson-spring-data-17; redisson-spring-data-18; redisson-spring-data-20; redisson-spring-data-21; redisson-spring-data-22; redisson-tomcat; redisson-tomcat-7; redisson-tomcat-8; redisson-tomcat-9,22,3.13.1-SNAPSHOT,2020-05-22 00:00:00+00:00,2020-06-19 00:00:00+00:00,28.0,pre_disclosure,CVE-2023-42809,version_changed
68,redisson,Redis,5320,redisson; redisson-all; redisson-hibernate; redisson-hibernate-4; redisson-hibernate-5; redisson-hibernate-52; redisson-hibernate-53; redisson-mybatis; redisson-parent; redisson-spring-boot-starter; redisson-spring-data; redisson-spring-data-16; redisson-spring-data-17; redisson-spring-data-18; redisson-spring-data-20; redisson-spring-data-21; redisson-spring-data-22; redisson-spring-data-23; redisson-tomcat; redisson-tomcat-7; redisson-tomcat-8; redisson-tomcat-9,22,3.13.1,2020-06-09 00:00:00+00:00,2020-06-19 00:00:00+00:00,10.0,pre_disclosure,CVE-2023-42809,version_changed
68,redisson,Redis,5321,redisson; redisson-all; redisson-hibernate; redisson-hibernate-4; redisson-hibernate-5; redisson-hibernate-52; redisson-hibernate-53; redisson-mybatis; redisson-parent; redisson-spring-boot-starter; redisson-spring-data; redisson-spring-data-16; redisson-spring-data-17; redisson-spring-data-18; redisson-spring-data-20; redisson-spring-data-21; redisson-spring-data-22; redisson-spring-data-23; redisson-tomcat; redisson-tomcat-7; redisson-tomcat-8; redisson-tomcat-9,22,3.13.2-SNAPSHOT,2020-06-09 00:00:00+00:00,2020-07-02 00:00:00+00:00,23.0,pre_disclosure,CVE-2023-42809,version_changed
68,redisson,Redis,5322,redisson; redisson-all; redisson-hibernate; redisson-hibernate-4; redisson-hibernate-5; redisson-hibernate-52; redisson-hibernate-53; redisson-mybatis; redisson-parent; redisson-spring-boot-starter; redisson-spring-data; redisson-spring-data-16; redisson-spring-data-17; redisson-spring-data-18; redisson-spring-data-20; redisson-spring-data-21; redisson-spring-data-22; redisson-spring-data-23; redisson-tomcat; redisson-tomcat-7; redisson-tomcat-8; redisson-tomcat-9,22,3.13.2,2020-07-02 00:00:00+00:00,2020-07-03 00:00:00+00:00,1.0,pre_disclosure,CVE-2023-42809,version_changed
68,redisson,Redis,5323,redisson; redisson-all; redisson-hibernate; redisson-hibernate-4; redisson-hibernate-5; redisson-hibernate-52; redisson-hibernate-53; redisson-mybatis; redisson-parent; redisson-spring-boot-starter; redisson-spring-data; redisson-spring-data-16; redisson-spring-data-17; redisson-spring-data-18; redisson-spring-data-20; redisson-spring-data-21; redisson-spring-data-22; redisson-spring-data-23; redisson-tomcat; redisson-tomcat-7; redisson-tomcat-8; redisson-tomcat-9,22,3.13.3-SNAPSHOT,2020-07-02 00:00:00+00:00,2020-08-04 00:00:00+00:00,33.0,pre_disclosure,CVE-2023-42809,version_changed
68,redisson,Redis,5324,redisson; redisson-all; redisson-hibernate; redisson-hibernate-4; redisson-hibernate-5; redisson-hibernate-52; redisson-hibernate-53; redisson-mybatis; redisson-parent; redisson-spring-boot-starter; redisson-spring-data; redisson-spring-data-16; redisson-spring-data-17; redisson-spring-data-18; redisson-spring-data-20; redisson-spring-data-21; redisson-spring-data-22; redisson-spring-data-23; redisson-tomcat; redisson-tomcat-7; redisson-tomcat-8; redisson-tomcat-9,22,3.13.3,2020-08-04 00:00:00+00:00,2020-08-13 00:00:00+00:00,9.0,pre_disclosure,CVE-2023-42809,version_changed
68,redisson,Redis,5325,redisson; redisson-all; redisson-hibernate; redisson-hibernate-4; redisson-hibernate-5; redisson-hibernate-52; redisson-hibernate-53; redisson-mybatis; redisson-parent; redisson-spring-boot-starter; redisson-spring-data; redisson-spring-data-16; redisson-spring-data-17; redisson-spring-data-18; redisson-spring-data-20; redisson-spring-data-21; redisson-spring-data-22; redisson-spring-data-23; redisson-tomcat; redisson-tomcat-7; redisson-tomcat-8; redisson-tomcat-9,22,3.13.4-SNAPSHOT,2020-08-04 00:00:00+00:00,2020-09-02 00:00:00+00:00,29.0,pre_disclosure,CVE-2023-42809,version_changed
68,redisson,Redis,5329,redisson; redisson-all; redisson-hibernate; redisson-hibernate-4; redisson-hibernate-5; redisson-hibernate-52; redisson-hibernate-53; redisson-mybatis; redisson-parent; redisson-spring-boot-starter; redisson-spring-data; redisson-spring-data-16; redisson-spring-data-17; redisson-spring-data-18; redisson-spring-data-20; redisson-spring-data-21; redisson-spring-data-22; redisson-spring-data-23; redisson-tomcat; redisson-tomcat-7; redisson-tomcat-8; redisson-tomcat-9,22,3.13.4,2020-09-02 00:00:00+00:00,2020-09-10 00:00:00+00:00,8.0,pre_disclosure,CVE-2023-42809,version_changed
68,redisson,Redis,5330,redisson; redisson-all; redisson-hibernate; redisson-hibernate-4; redisson-hibernate-5; redisson-hibernate-52; redisson-hibernate-53; redisson-mybatis; redisson-parent; redisson-spring-boot-starter; redisson-spring-data; redisson-spring-data-16; redisson-spring-data-17; redisson-spring-data-18; redisson-spring-data-20; redisson-spring-data-21; redisson-spring-data-22; redisson-spring-data-23; redisson-tomcat; redisson-tomcat-7; redisson-tomcat-8; redisson-tomcat-9,22,3.13.5-SNAPSHOT,2020-09-02 00:00:00+00:00,2020-09-28 00:00:00+00:00,26.0,pre_disclosure,CVE-2023-42809,version_changed
68,redisson,Redis,5331,redisson; redisson-all; redisson-hibernate; redisson-hibernate-4; redisson-hibernate-5; redisson-hibernate-52; redisson-hibernate-53; redisson-mybatis; redisson-parent; redisson-spring-boot-starter; redisson-spring-data; redisson-spring-data-16; redisson-spring-data-17; redisson-spring-data-18; redisson-spring-data-20; redisson-spring-data-21; redisson-spring-data-22; redisson-spring-data-23; redisson-tomcat; redisson-tomcat-7; redisson-tomcat-8; redisson-tomcat-9,22,3.13.5,2020-09-28 00:00:00+00:00,2020-09-30 00:00:00+00:00,2.0,pre_disclosure,CVE-2023-42809,version_changed
68,redisson,Redis,5332,redisson; redisson-all; redisson-hibernate; redisson-hibernate-4; redisson-hibernate-5; redisson-hibernate-52; redisson-hibernate-53; redisson-mybatis; redisson-parent; redisson-spring-boot-starter; redisson-spring-data; redisson-spring-data-16; redisson-spring-data-17; redisson-spring-data-18; redisson-spring-data-20; redisson-spring-data-21; redisson-spring-data-22; redisson-spring-data-23; redisson-tomcat; redisson-tomcat-7; redisson-tomcat-8; redisson-tomcat-9,22,3.13.6-SNAPSHOT,2020-09-28 00:00:00+00:00,2020-10-14 00:00:00+00:00,16.0,pre_disclosure,CVE-2023-42809,version_changed
68,redisson,Redis,5333,redisson; redisson-all; redisson-hibernate; redisson-hibernate-4; redisson-hibernate-5; redisson-hibernate-52; redisson-hibernate-53; redisson-mybatis; redisson-parent; redisson-spring-boot-starter; redisson-spring-data; redisson-spring-data-16; redisson-spring-data-17; redisson-spring-data-18; redisson-spring-data-20; redisson-spring-data-21; redisson-spring-data-22; redisson-spring-data-23; redisson-tomcat; redisson-tomcat-7; redisson-tomcat-8; redisson-tomcat-9,22,3.13.6,2020-10-13 00:00:00+00:00,2020-10-14 00:00:00+00:00,1.0,pre_disclosure,CVE-2023-42809,version_changed
68,redisson,Redis,5334,redisson; redisson-all; redisson-hibernate; redisson-hibernate-4; redisson-hibernate-5; redisson-hibernate-52; redisson-hibernate-53; redisson-mybatis; redisson-parent; redisson-spring-boot-starter; redisson-spring-data; redisson-spring-data-16; redisson-spring-data-17; redisson-spring-data-18; redisson-spring-data-20; redisson-spring-data-21; redisson-spring-data-22; redisson-spring-data-23; redisson-spring-data-24; redisson-tomcat; redisson-tomcat-7; redisson-tomcat-8; redisson-tomcat-9; redisson; redisson-all; redisson-hibernate; redisson-hibernate-4; redisson-hibernate-5; redisson-hibernate-52; redisson-hibernate-53; redisson-mybatis; redisson-parent; redisson-spring-boot-starter; redisson-spring-data; redisson-spring-data-16; redisson-spring-data-17; redisson-spring-data-18; redisson-spring-data-20; redisson-spring-data-21; redisson-spring-data-22; redisson-spring-data-23; redisson-tomcat; redisson-tomcat-7; redisson-tomcat-8; redisson-tomcat-9,23,3.13.7-SNAPSHOT,2020-10-13 00:00:00+00:00,2020-11-21 00:00:00+00:00,39.0,pre_disclosure,CVE-2023-42809,version_changed
68,redisson,Redis,5337,redisson; redisson-all; redisson-hibernate; redisson-hibernate-4; redisson-hibernate-5; redisson-hibernate-52; redisson-hibernate-53; redisson-mybatis; redisson-parent; redisson-spring-boot-starter; redisson-spring-data; redisson-spring-data-16; redisson-spring-data-17; redisson-spring-data-18; redisson-spring-data-20; redisson-spring-data-21; redisson-spring-data-22; redisson-spring-data-23; redisson-spring-data-24; redisson-tomcat; redisson-tomcat-7; redisson-tomcat-8; redisson-tomcat-9,23,3.14.0,2020-11-21 00:00:00+00:00,2020-12-21 00:00:00+00:00,30.0,pre_disclosure,CVE-2023-42809,version_changed
68,redisson,Redis,5338,redisson; redisson-all; redisson-hibernate; redisson-hibernate-4; redisson-hibernate-5; redisson-hibernate-52; redisson-hibernate-53; redisson-mybatis; redisson-parent; redisson-spring-boot-starter; redisson-spring-data; redisson-spring-data-16; redisson-spring-data-17; redisson-spring-data-18; redisson-spring-data-20; redisson-spring-data-21; redisson-spring-data-22; redisson-spring-data-23; redisson-spring-data-24; redisson-tomcat; redisson-tomcat-7; redisson-tomcat-8; redisson-tomcat-9,23,3.14.1-SNAPSHOT,2020-11-21 00:00:00+00:00,2020-12-22 00:00:00+00:00,31.0,pre_disclosure,CVE-2023-42809,version_changed
68,redisson,Redis,5339,redisson; redisson-all; redisson-hibernate; redisson-hibernate-4; redisson-hibernate-5; redisson-hibernate-52; redisson-hibernate-53; redisson-mybatis; redisson-parent; redisson-spring-boot-starter; redisson-spring-data; redisson-spring-data-16; redisson-spring-data-17; redisson-spring-data-18; redisson-spring-data-20; redisson-spring-data-21; redisson-spring-data-22; redisson-spring-data-23; redisson-spring-data-24; redisson-tomcat; redisson-tomcat-7; redisson-tomcat-8; redisson-tomcat-9,23,3.14.1,2020-12-22 00:00:00+00:00,2020-12-29 00:00:00+00:00,7.0,pre_disclosure,CVE-2023-42809,version_changed
68,redisson,Redis,5340,redisson; redisson-all; redisson-hibernate; redisson-hibernate-4; redisson-hibernate-5; redisson-hibernate-52; redisson-hibernate-53; redisson-mybatis; redisson-parent; redisson-spring-boot-starter; redisson-spring-data; redisson-spring-data-16; redisson-spring-data-17; redisson-spring-data-18; redisson-spring-data-20; redisson-spring-data-21; redisson-spring-data-22; redisson-spring-data-23; redisson-spring-data-24; redisson-tomcat; redisson-tomcat-10; redisson-tomcat-7; redisson-tomcat-8; redisson-tomcat-9; redisson; redisson-all; redisson-hibernate; redisson-hibernate-4; redisson-hibernate-5; redisson-hibernate-52; redisson-hibernate-53; redisson-mybatis; redisson-parent; redisson-spring-boot-starter; redisson-spring-data; redisson-spring-data-16; redisson-spring-data-17; redisson-spring-data-18; redisson-spring-data-20; redisson-spring-data-21; redisson-spring-data-22; redisson-spring-data-23; redisson-spring-data-24; redisson-tomcat; redisson-tomcat-7; redisson-tomcat-8; redisson-tomcat-9,24,3.14.2-SNAPSHOT,2020-12-22 00:00:00+00:00,2021-01-28 00:00:00+00:00,37.0,pre_disclosure,CVE-2023-42809,version_changed
68,redisson,Redis,5342,redisson; redisson-all; redisson-hibernate; redisson-hibernate-4; redisson-hibernate-5; redisson-hibernate-52; redisson-hibernate-53; redisson-mybatis; redisson-parent; redisson-spring-boot-starter; redisson-spring-data; redisson-spring-data-16; redisson-spring-data-17; redisson-spring-data-18; redisson-spring-data-20; redisson-spring-data-21; redisson-spring-data-22; redisson-spring-data-23; redisson-spring-data-24; redisson-tomcat; redisson-tomcat-10; redisson-tomcat-7; redisson-tomcat-8; redisson-tomcat-9,24,3.15.0,2021-01-28 00:00:00+00:00,2021-02-07 00:00:00+00:00,10.0,pre_disclosure,CVE-2023-42809,version_changed
68,redisson,Redis,5343,redisson; redisson-all; redisson-hibernate; redisson-hibernate-4; redisson-hibernate-5; redisson-hibernate-52; redisson-hibernate-53; redisson-mybatis; redisson-parent; redisson-spring-boot-starter; redisson-spring-data; redisson-spring-data-16; redisson-spring-data-17; redisson-spring-data-18; redisson-spring-data-20; redisson-spring-data-21; redisson-spring-data-22; redisson-spring-data-23; redisson-spring-data-24; redisson-tomcat; redisson-tomcat-10; redisson-tomcat-7; redisson-tomcat-8; redisson-tomcat-9,24,3.15.1-SNAPSHOT,2021-01-28 00:00:00+00:00,2021-03-03 00:00:00+00:00,34.0,pre_disclosure,CVE-2023-42809,version_changed
68,redisson,Redis,5344,redisson; redisson-all; redisson-hibernate; redisson-hibernate-4; redisson-hibernate-5; redisson-hibernate-52; redisson-hibernate-53; redisson-mybatis; redisson-parent; redisson-spring-boot-starter; redisson-spring-data; redisson-spring-data-16; redisson-spring-data-17; redisson-spring-data-18; redisson-spring-data-20; redisson-spring-data-21; redisson-spring-data-22; redisson-spring-data-23; redisson-spring-data-24; redisson-tomcat; redisson-tomcat-10; redisson-tomcat-7; redisson-tomcat-8; redisson-tomcat-9,24,3.15.1,2021-03-03 00:00:00+00:00,2021-03-15 00:00:00+00:00,12.0,pre_disclosure,CVE-2023-42809,version_changed
68,redisson,Redis,5345,redisson; redisson-all; redisson-hibernate; redisson-hibernate-4; redisson-hibernate-5; redisson-hibernate-52; redisson-hibernate-53; redisson-mybatis; redisson-parent; redisson-spring-boot-starter; redisson-spring-data; redisson-spring-data-16; redisson-spring-data-17; redisson-spring-data-18; redisson-spring-data-20; redisson-spring-data-21; redisson-spring-data-22; redisson-spring-data-23; redisson-spring-data-24; redisson-tomcat; redisson-tomcat-10; redisson-tomcat-7; redisson-tomcat-8; redisson-tomcat-9,24,3.15.2-SNAPSHOT,2021-03-03 00:00:00+00:00,2021-03-22 00:00:00+00:00,19.0,pre_disclosure,CVE-2023-42809,version_changed
68,redisson,Redis,5350,redisson; redisson-all; redisson-hibernate; redisson-hibernate-4; redisson-hibernate-5; redisson-hibernate-52; redisson-hibernate-53; redisson-mybatis; redisson-parent; redisson-spring-boot-starter; redisson-spring-data; redisson-spring-data-16; redisson-spring-data-17; redisson-spring-data-18; redisson-spring-data-20; redisson-spring-data-21; redisson-spring-data-22; redisson-spring-data-23; redisson-spring-data-24; redisson-tomcat; redisson-tomcat-10; redisson-tomcat-7; redisson-tomcat-8; redisson-tomcat-9,24,3.15.2,2021-03-22 00:00:00+00:00,2021-03-30 00:00:00+00:00,8.0,pre_disclosure,CVE-2023-42809,version_changed
68,redisson,Redis,5351,redisson; redisson-all; redisson-hibernate; redisson-hibernate-4; redisson-hibernate-5; redisson-hibernate-52; redisson-hibernate-53; redisson-mybatis; redisson-parent; redisson-spring-boot-starter; redisson-spring-data; redisson-spring-data-16; redisson-spring-data-17; redisson-spring-data-18; redisson-spring-data-20; redisson-spring-data-21; redisson-spring-data-22; redisson-spring-data-23; redisson-spring-data-24; redisson-tomcat; redisson-tomcat-10; redisson-tomcat-7; redisson-tomcat-8; redisson-tomcat-9,24,3.15.3-SNAPSHOT,2021-03-22 00:00:00+00:00,2021-03-30 00:00:00+00:00,8.0,pre_disclosure,CVE-2023-42809,version_changed
68,redisson,Redis,5352,redisson; redisson-all; redisson-hibernate; redisson-hibernate-4; redisson-hibernate-5; redisson-hibernate-52; redisson-hibernate-53; redisson-mybatis; redisson-parent; redisson-spring-boot-starter; redisson-spring-data; redisson-spring-data-16; redisson-spring-data-17; redisson-spring-data-18; redisson-spring-data-20; redisson-spring-data-21; redisson-spring-data-22; redisson-spring-data-23; redisson-spring-data-24; redisson-tomcat; redisson-tomcat-10; redisson-tomcat-7; redisson-tomcat-8; redisson-tomcat-9,24,3.15.3,2021-03-30 00:00:00+00:00,2021-04-12 00:00:00+00:00,13.0,pre_disclosure,CVE-2023-42809,version_changed
68,redisson,Redis,5353,redisson; redisson-all; redisson-hibernate; redisson-hibernate-4; redisson-hibernate-5; redisson-hibernate-52; redisson-hibernate-53; redisson-mybatis; redisson-parent; redisson-spring-boot-starter; redisson-spring-data; redisson-spring-data-16; redisson-spring-data-17; redisson-spring-data-18; redisson-spring-data-20; redisson-spring-data-21; redisson-spring-data-22; redisson-spring-data-23; redisson-spring-data-24; redisson-tomcat; redisson-tomcat-10; redisson-tomcat-7; redisson-tomcat-8; redisson-tomcat-9,24,3.15.4-SNAPSHOT,2021-03-30 00:00:00+00:00,2021-04-20 00:00:00+00:00,21.0,pre_disclosure,CVE-2023-42809,version_changed
68,redisson,Redis,5354,redisson; redisson-all; redisson-hibernate; redisson-hibernate-4; redisson-hibernate-5; redisson-hibernate-52; redisson-hibernate-53; redisson-mybatis; redisson-parent; redisson-spring-boot-starter; redisson-spring-data; redisson-spring-data-16; redisson-spring-data-17; redisson-spring-data-18; redisson-spring-data-20; redisson-spring-data-21; redisson-spring-data-22; redisson-spring-data-23; redisson-spring-data-24; redisson-tomcat; redisson-tomcat-10; redisson-tomcat-7; redisson-tomcat-8; redisson-tomcat-9,24,3.15.4,2021-04-20 00:00:00+00:00,2021-04-23 00:00:00+00:00,3.0,pre_disclosure,CVE-2023-42809,version_changed
68,redisson,Redis,5355,redisson; redisson-all; redisson-hibernate; redisson-hibernate-4; redisson-hibernate-5; redisson-hibernate-52; redisson-hibernate-53; redisson-mybatis; redisson-parent; redisson-spring-boot-starter; redisson-spring-data; redisson-spring-data-16; redisson-spring-data-17; redisson-spring-data-18; redisson-spring-data-20; redisson-spring-data-21; redisson-spring-data-22; redisson-spring-data-23; redisson-spring-data-24; redisson-tomcat; redisson-tomcat-10; redisson-tomcat-7; redisson-tomcat-8; redisson-tomcat-9,24,3.15.5-SNAPSHOT,2021-04-20 00:00:00+00:00,2021-06-04 00:00:00+00:00,45.0,pre_disclosure,CVE-2023-42809,version_changed
68,redisson,Redis,5358,redisson; redisson-all; redisson-hibernate; redisson-hibernate-4; redisson-hibernate-5; redisson-hibernate-52; redisson-hibernate-53; redisson-mybatis; redisson-parent; redisson-spring-boot-starter; redisson-spring-data; redisson-spring-data-16; redisson-spring-data-17; redisson-spring-data-18; redisson-spring-data-20; redisson-spring-data-21; redisson-spring-data-22; redisson-spring-data-23; redisson-spring-data-24; redisson-tomcat; redisson-tomcat-10; redisson-tomcat-7; redisson-tomcat-8; redisson-tomcat-9,24,3.15.5,2021-05-12 00:00:00+00:00,2021-06-04 00:00:00+00:00,23.0,pre_disclosure,CVE-2023-42809,version_changed
68,redisson,Redis,5359,redisson; redisson-all; redisson-hibernate; redisson-hibernate-4; redisson-hibernate-5; redisson-hibernate-52; redisson-hibernate-53; redisson-mybatis; redisson-parent; redisson-spring-boot-starter; redisson-spring-data; redisson-spring-data-16; redisson-spring-data-17; redisson-spring-data-18; redisson-spring-data-20; redisson-spring-data-21; redisson-spring-data-22; redisson-spring-data-23; redisson-spring-data-24; redisson-tomcat; redisson-tomcat-10; redisson-tomcat-7; redisson-tomcat-8; redisson-tomcat-9,24,3.15.6-SNAPSHOT,2021-05-12 00:00:00+00:00,2021-06-08 00:00:00+00:00,27.0,pre_disclosure,CVE-2023-42809,version_changed
68,redisson,Redis,5360,redisson; redisson-all; redisson-hibernate; redisson-hibernate-4; redisson-hibernate-5; redisson-hibernate-52; redisson-hibernate-53; redisson-mybatis; redisson-parent; redisson-spring-boot-starter; redisson-spring-data; redisson-spring-data-16; redisson-spring-data-17; redisson-spring-data-18; redisson-spring-data-20; redisson-spring-data-21; redisson-spring-data-22; redisson-spring-data-23; redisson-spring-data-24; redisson-tomcat; redisson-tomcat-10; redisson-tomcat-7; redisson-tomcat-8; redisson-tomcat-9,24,3.15.6,2021-06-07 00:00:00+00:00,2021-06-08 00:00:00+00:00,1.0,pre_disclosure,CVE-2023-42809,version_changed
68,redisson,Redis,5361,redisson; redisson-all; redisson-helidon; redisson-hibernate; redisson-hibernate-4; redisson-hibernate-5; redisson-hibernate-52; redisson-hibernate-53; redisson-micronaut; redisson-mybatis; redisson-parent; redisson-quarkus; redisson-quarkus-16; redisson-quarkus-16-deployment; redisson-quarkus-16-integration-tests; redisson-quarkus-16-parent; redisson-quarkus-20; redisson-quarkus-20-deployment; redisson-quarkus-20-integration-tests; redisson-quarkus-20-parent; redisson-spring-boot-starter; redisson-spring-data; redisson-spring-data-16; redisson-spring-data-17; redisson-spring-data-18; redisson-spring-data-20; redisson-spring-data-21; redisson-spring-data-22; redisson-spring-data-23; redisson-spring-data-24; redisson-spring-data-25; redisson-tomcat; redisson-tomcat-10; redisson-tomcat-7; redisson-tomcat-8; redisson-tomcat-9; redisson; redisson-all; redisson-helidon; redisson-hibernate; redisson-hibernate-4; redisson-hibernate-5; redisson-hibernate-52; redisson-hibernate-53; redisson-micronaut; redisson-mybatis; redisson-parent; redisson-quarkus; redisson-quarkus-16; redisson-quarkus-16-deployment; redisson-quarkus-16-integration-tests; redisson-quarkus-16-parent; redisson-quarkus-20; redisson-quarkus-20-deployment; redisson-quarkus-20-integration-tests; redisson-quarkus-20-parent; redisson-spring-boot-starter; redisson-spring-data; redisson-spring-data-16; redisson-spring-data-17; redisson-spring-data-18; redisson-spring-data-20; redisson-spring-data-21; redisson-spring-data-22; redisson-spring-data-23; redisson-spring-data-24; redisson-tomcat; redisson-tomcat-10; redisson-tomcat-7; redisson-tomcat-8; redisson-tomcat-9; redisson; redisson-all; redisson-helidon; redisson-hibernate; redisson-hibernate-4; redisson-hibernate-5; redisson-hibernate-52; redisson-hibernate-53; redisson-mybatis; redisson-parent; redisson-quarkus; redisson-quarkus-16; redisson-quarkus-16-deployment; redisson-quarkus-16-integration-tests; redisson-quarkus-16-parent; redisson-quarkus-20; redisson-quarkus-20-deployment; redisson-quarkus-20-integration-tests; redisson-quarkus-20-parent; redisson-spring-boot-starter; redisson-spring-data; redisson-spring-data-16; redisson-spring-data-17; redisson-spring-data-18; redisson-spring-data-20; redisson-spring-data-21; redisson-spring-data-22; redisson-spring-data-23; redisson-spring-data-24; redisson-tomcat; redisson-tomcat-10; redisson-tomcat-7; redisson-tomcat-8; redisson-tomcat-9; redisson; redisson-all; redisson-helidon; redisson-hibernate; redisson-hibernate-4; redisson-hibernate-5; redisson-hibernate-52; redisson-hibernate-53; redisson-mybatis; redisson-parent; redisson-spring-boot-starter; redisson-spring-data; redisson-spring-data-16; redisson-spring-data-17; redisson-spring-data-18; redisson-spring-data-20; redisson-spring-data-21; redisson-spring-data-22; redisson-spring-data-23; redisson-spring-data-24; redisson-tomcat; redisson-tomcat-10; redisson-tomcat-7; redisson-tomcat-8; redisson-tomcat-9; redisson; redisson-all; redisson-hibernate; redisson-hibernate-4; redisson-hibernate-5; redisson-hibernate-52; redisson-hibernate-53; redisson-mybatis; redisson-parent; redisson-spring-boot-starter; redisson-spring-data; redisson-spring-data-16; redisson-spring-data-17; redisson-spring-data-18; redisson-spring-data-20; redisson-spring-data-21; redisson-spring-data-22; redisson-spring-data-23; redisson-spring-data-24; redisson-tomcat; redisson-tomcat-10; redisson-tomcat-7; redisson-tomcat-8; redisson-tomcat-9,36,3.15.7-SNAPSHOT,2021-06-07 00:00:00+00:00,2021-06-30 00:00:00+00:00,23.0,pre_disclosure,CVE-2023-42809,version_changed
68,redisson,Redis,5363,redisson; redisson-all; redisson-helidon; redisson-hibernate; redisson-hibernate-4; redisson-hibernate-5; redisson-hibernate-52; redisson-hibernate-53; redisson-micronaut; redisson-mybatis; redisson-parent; redisson-quarkus; redisson-quarkus-16; redisson-quarkus-16-deployment; redisson-quarkus-16-integration-tests; redisson-quarkus-16-parent; redisson-quarkus-20; redisson-quarkus-20-deployment; redisson-quarkus-20-integration-tests; redisson-quarkus-20-parent; redisson-spring-boot-starter; redisson-spring-data; redisson-spring-data-16; redisson-spring-data-17; redisson-spring-data-18; redisson-spring-data-20; redisson-spring-data-21; redisson-spring-data-22; redisson-spring-data-23; redisson-spring-data-24; redisson-spring-data-25; redisson-tomcat; redisson-tomcat-10; redisson-tomcat-7; redisson-tomcat-8; redisson-tomcat-9,36,3.16.0,2021-06-28 00:00:00+00:00,2021-06-30 00:00:00+00:00,2.0,pre_disclosure,CVE-2023-42809,version_changed
68,redisson,Redis,5364,redisson; redisson-all; redisson-helidon; redisson-hibernate; redisson-hibernate-4; redisson-hibernate-5; redisson-hibernate-52; redisson-hibernate-53; redisson-micronaut; redisson-mybatis; redisson-parent; redisson-quarkus; redisson-quarkus-16; redisson-quarkus-16-deployment; redisson-quarkus-16-integration-tests; redisson-quarkus-16-parent; redisson-quarkus-20; redisson-quarkus-20-deployment; redisson-quarkus-20-integration-tests; redisson-quarkus-20-parent; redisson-spring-boot-starter; redisson-spring-data; redisson-spring-data-16; redisson-spring-data-17; redisson-spring-data-18; redisson-spring-data-20; redisson-spring-data-21; redisson-spring-data-22; redisson-spring-data-23; redisson-spring-data-24; redisson-spring-data-25; redisson-tomcat; redisson-tomcat-10; redisson-tomcat-7; redisson-tomcat-8; redisson-tomcat-9,36,3.16.1-SNAPSHOT,2021-06-28 00:00:00+00:00,2021-07-26 00:00:00+00:00,28.0,pre_disclosure,CVE-2023-42809,version_changed
68,redisson,Redis,5366,redisson; redisson-all; redisson-helidon; redisson-hibernate; redisson-hibernate-4; redisson-hibernate-5; redisson-hibernate-52; redisson-hibernate-53; redisson-micronaut; redisson-mybatis; redisson-parent; redisson-quarkus; redisson-quarkus-16; redisson-quarkus-16-deployment; redisson-quarkus-16-integration-tests; redisson-quarkus-16-parent; redisson-quarkus-20; redisson-quarkus-20-deployment; redisson-quarkus-20-integration-tests; redisson-quarkus-20-parent; redisson-spring-boot-starter; redisson-spring-data; redisson-spring-data-16; redisson-spring-data-17; redisson-spring-data-18; redisson-spring-data-20; redisson-spring-data-21; redisson-spring-data-22; redisson-spring-data-23; redisson-spring-data-24; redisson-spring-data-25; redisson-tomcat; redisson-tomcat-10; redisson-tomcat-7; redisson-tomcat-8; redisson-tomcat-9,36,3.16.1,2021-07-26 00:00:00+00:00,2021-08-16 00:00:00+00:00,21.0,pre_disclosure,CVE-2023-42809,version_changed
68,redisson,Redis,5367,redisson; redisson-all; redisson-helidon; redisson-hibernate; redisson-hibernate-4; redisson-hibernate-5; redisson-hibernate-52; redisson-hibernate-53; redisson-micronaut; redisson-micronaut-20; redisson-micronaut-30; redisson-mybatis; redisson-parent; redisson-quarkus; redisson-quarkus-16; redisson-quarkus-16-deployment; redisson-quarkus-16-integration-tests; redisson-quarkus-16-parent; redisson-quarkus-20; redisson-quarkus-20-deployment; redisson-quarkus-20-integration-tests; redisson-quarkus-20-parent; redisson-spring-boot-starter; redisson-spring-data; redisson-spring-data-16; redisson-spring-data-17; redisson-spring-data-18; redisson-spring-data-20; redisson-spring-data-21; redisson-spring-data-22; redisson-spring-data-23; redisson-spring-data-24; redisson-spring-data-25; redisson-tomcat; redisson-tomcat-10; redisson-tomcat-7; redisson-tomcat-8; redisson-tomcat-9; redisson; redisson-all; redisson-helidon; redisson-hibernate; redisson-hibernate-4; redisson-hibernate-5; redisson-hibernate-52; redisson-hibernate-53; redisson-micronaut; redisson-mybatis; redisson-parent; redisson-quarkus; redisson-quarkus-16; redisson-quarkus-16-deployment; redisson-quarkus-16-integration-tests; redisson-quarkus-16-parent; redisson-quarkus-20; redisson-quarkus-20-deployment; redisson-quarkus-20-integration-tests; redisson-quarkus-20-parent; redisson-spring-boot-starter; redisson-spring-data; redisson-spring-data-16; redisson-spring-data-17; redisson-spring-data-18; redisson-spring-data-20; redisson-spring-data-21; redisson-spring-data-22; redisson-spring-data-23; redisson-spring-data-24; redisson-spring-data-25; redisson-tomcat; redisson-tomcat-10; redisson-tomcat-7; redisson-tomcat-8; redisson-tomcat-9,38,3.16.2-SNAPSHOT,2021-07-26 00:00:00+00:00,2021-09-03 00:00:00+00:00,39.0,pre_disclosure,CVE-2023-42809,version_changed
68,redisson,Redis,5368,redisson; redisson-all; redisson-helidon; redisson-hibernate; redisson-hibernate-4; redisson-hibernate-5; redisson-hibernate-52; redisson-hibernate-53; redisson-micronaut; redisson-micronaut-20; redisson-micronaut-30; redisson-mybatis; redisson-parent; redisson-quarkus; redisson-quarkus-16; redisson-quarkus-16-deployment; redisson-quarkus-16-integration-tests; redisson-quarkus-16-parent; redisson-quarkus-20; redisson-quarkus-20-deployment; redisson-quarkus-20-integration-tests; redisson-quarkus-20-parent; redisson-spring-boot-starter; redisson-spring-data; redisson-spring-data-16; redisson-spring-data-17; redisson-spring-data-18; redisson-spring-data-20; redisson-spring-data-21; redisson-spring-data-22; redisson-spring-data-23; redisson-spring-data-24; redisson-spring-data-25; redisson-tomcat; redisson-tomcat-10; redisson-tomcat-7; redisson-tomcat-8; redisson-tomcat-9,38,3.16.2,2021-09-03 00:00:00+00:00,2021-09-10 00:00:00+00:00,7.0,pre_disclosure,CVE-2023-42809,version_changed
68,redisson,Redis,5369,redisson; redisson-all; redisson-helidon; redisson-hibernate; redisson-hibernate-4; redisson-hibernate-5; redisson-hibernate-52; redisson-hibernate-53; redisson-micronaut; redisson-micronaut-20; redisson-micronaut-30; redisson-mybatis; redisson-parent; redisson-quarkus; redisson-quarkus-16; redisson-quarkus-16-deployment; redisson-quarkus-16-integration-tests; redisson-quarkus-16-parent; redisson-quarkus-20; redisson-quarkus-20-deployment; redisson-quarkus-20-integration-tests; redisson-quarkus-20-parent; redisson-spring-boot-starter; redisson-spring-data; redisson-spring-data-16; redisson-spring-data-17; redisson-spring-data-18; redisson-spring-data-20; redisson-spring-data-21; redisson-spring-data-22; redisson-spring-data-23; redisson-spring-data-24; redisson-spring-data-25; redisson-tomcat; redisson-tomcat-10; redisson-tomcat-7; redisson-tomcat-8; redisson-tomcat-9,38,3.16.3-SNAPSHOT,2021-09-03 00:00:00+00:00,2021-09-21 00:00:00+00:00,18.0,pre_disclosure,CVE-2023-42809,version_changed
68,redisson,Redis,5370,redisson; redisson-all; redisson-helidon; redisson-hibernate; redisson-hibernate-4; redisson-hibernate-5; redisson-hibernate-52; redisson-hibernate-53; redisson-micronaut; redisson-micronaut-20; redisson-micronaut-30; redisson-mybatis; redisson-parent; redisson-quarkus; redisson-quarkus-16; redisson-quarkus-16-deployment; redisson-quarkus-16-integration-tests; redisson-quarkus-16-parent; redisson-quarkus-20; redisson-quarkus-20-deployment; redisson-quarkus-20-integration-tests; redisson-quarkus-20-parent; redisson-spring-boot-starter; redisson-spring-data; redisson-spring-data-16; redisson-spring-data-17; redisson-spring-data-18; redisson-spring-data-20; redisson-spring-data-21; redisson-spring-data-22; redisson-spring-data-23; redisson-spring-data-24; redisson-spring-data-25; redisson-tomcat; redisson-tomcat-10; redisson-tomcat-7; redisson-tomcat-8; redisson-tomcat-9,38,3.16.3,2021-09-21 00:00:00+00:00,2021-10-06 00:00:00+00:00,15.0,pre_disclosure,CVE-2023-42809,version_changed
68,redisson,Redis,5371,redisson; redisson-all; redisson-helidon; redisson-hibernate; redisson-hibernate-4; redisson-hibernate-5; redisson-hibernate-52; redisson-hibernate-53; redisson-micronaut; redisson-micronaut-20; redisson-micronaut-30; redisson-mybatis; redisson-parent; redisson-quarkus; redisson-quarkus-16; redisson-quarkus-16-deployment; redisson-quarkus-16-integration-tests; redisson-quarkus-16-parent; redisson-quarkus-20; redisson-quarkus-20-deployment; redisson-quarkus-20-integration-tests; redisson-quarkus-20-parent; redisson-spring-boot-starter; redisson-spring-data; redisson-spring-data-16; redisson-spring-data-17; redisson-spring-data-18; redisson-spring-data-20; redisson-spring-data-21; redisson-spring-data-22; redisson-spring-data-23; redisson-spring-data-24; redisson-spring-data-25; redisson-tomcat; redisson-tomcat-10; redisson-tomcat-7; redisson-tomcat-8; redisson-tomcat-9,38,3.16.4-SNAPSHOT,2021-09-21 00:00:00+00:00,2021-10-29 00:00:00+00:00,38.0,pre_disclosure,CVE-2023-42809,version_changed
68,redisson,Redis,5373,redisson; redisson-all; redisson-helidon; redisson-hibernate; redisson-hibernate-4; redisson-hibernate-5; redisson-hibernate-52; redisson-hibernate-53; redisson-micronaut; redisson-micronaut-20; redisson-micronaut-30; redisson-mybatis; redisson-parent; redisson-quarkus; redisson-quarkus-16; redisson-quarkus-16-deployment; redisson-quarkus-16-integration-tests; redisson-quarkus-16-parent; redisson-quarkus-20; redisson-quarkus-20-deployment; redisson-quarkus-20-integration-tests; redisson-quarkus-20-parent; redisson-spring-boot-starter; redisson-spring-data; redisson-spring-data-16; redisson-spring-data-17; redisson-spring-data-18; redisson-spring-data-20; redisson-spring-data-21; redisson-spring-data-22; redisson-spring-data-23; redisson-spring-data-24; redisson-spring-data-25; redisson-tomcat; redisson-tomcat-10; redisson-tomcat-7; redisson-tomcat-8; redisson-tomcat-9,38,3.16.4,2021-10-29 00:00:00+00:00,2021-11-04 00:00:00+00:00,6.0,pre_disclosure,CVE-2023-42809,version_changed
68,redisson,Redis,5374,redisson; redisson-all; redisson-helidon; redisson-hibernate; redisson-hibernate-4; redisson-hibernate-5; redisson-hibernate-52; redisson-hibernate-53; redisson-micronaut; redisson-micronaut-20; redisson-micronaut-30; redisson-mybatis; redisson-parent; redisson-quarkus; redisson-quarkus-16; redisson-quarkus-16-deployment; redisson-quarkus-16-integration-tests; redisson-quarkus-16-parent; redisson-quarkus-20; redisson-quarkus-20-deployment; redisson-quarkus-20-integration-tests; redisson-quarkus-20-parent; redisson-spring-boot-starter; redisson-spring-data; redisson-spring-data-16; redisson-spring-data-17; redisson-spring-data-18; redisson-spring-data-20; redisson-spring-data-21; redisson-spring-data-22; redisson-spring-data-23; redisson-spring-data-24; redisson-spring-data-25; redisson-spring-data-26; redisson-tomcat; redisson-tomcat-10; redisson-tomcat-7; redisson-tomcat-8; redisson-tomcat-9; redisson; redisson-all; redisson-helidon; redisson-hibernate; redisson-hibernate-4; redisson-hibernate-5; redisson-hibernate-52; redisson-hibernate-53; redisson-micronaut; redisson-micronaut-20; redisson-micronaut-30; redisson-mybatis; redisson-parent; redisson-quarkus; redisson-quarkus-16; redisson-quarkus-16-deployment; redisson-quarkus-16-integration-tests; redisson-quarkus-16-parent; redisson-quarkus-20; redisson-quarkus-20-deployment; redisson-quarkus-20-integration-tests; redisson-quarkus-20-parent; redisson-spring-boot-starter; redisson-spring-data; redisson-spring-data-16; redisson-spring-data-17; redisson-spring-data-18; redisson-spring-data-20; redisson-spring-data-21; redisson-spring-data-22; redisson-spring-data-23; redisson-spring-data-24; redisson-spring-data-25; redisson-tomcat; redisson-tomcat-10; redisson-tomcat-7; redisson-tomcat-8; redisson-tomcat-9,39,3.16.5-SNAPSHOT,2021-10-29 00:00:00+00:00,2021-12-06 00:00:00+00:00,38.0,pre_disclosure,CVE-2023-42809,version_changed
68,redisson,Redis,5376,redisson; redisson-all; redisson-helidon; redisson-hibernate; redisson-hibernate-4; redisson-hibernate-5; redisson-hibernate-52; redisson-hibernate-53; redisson-micronaut; redisson-micronaut-20; redisson-micronaut-30; redisson-mybatis; redisson-parent; redisson-quarkus; redisson-quarkus-16; redisson-quarkus-16-deployment; redisson-quarkus-16-integration-tests; redisson-quarkus-16-parent; redisson-quarkus-20; redisson-quarkus-20-deployment; redisson-quarkus-20-integration-tests; redisson-quarkus-20-parent; redisson-spring-boot-starter; redisson-spring-data; redisson-spring-data-16; redisson-spring-data-17; redisson-spring-data-18; redisson-spring-data-20; redisson-spring-data-21; redisson-spring-data-22; redisson-spring-data-23; redisson-spring-data-24; redisson-spring-data-25; redisson-spring-data-26; redisson-tomcat; redisson-tomcat-10; redisson-tomcat-7; redisson-tomcat-8; redisson-tomcat-9,39,3.16.5,2021-11-30 00:00:00+00:00,2021-12-06 00:00:00+00:00,6.0,pre_disclosure,CVE-2023-42809,version_changed
68,redisson,Redis,5377,redisson; redisson-all; redisson-helidon; redisson-hibernate; redisson-hibernate-4; redisson-hibernate-5; redisson-hibernate-52; redisson-hibernate-53; redisson-micronaut; redisson-micronaut-20; redisson-micronaut-30; redisson-mybatis; redisson-parent; redisson-quarkus; redisson-quarkus-16; redisson-quarkus-16-deployment; redisson-quarkus-16-integration-tests; redisson-quarkus-16-parent; redisson-quarkus-20; redisson-quarkus-20-deployment; redisson-quarkus-20-integration-tests; redisson-quarkus-20-parent; redisson-spring-boot-starter; redisson-spring-data; redisson-spring-data-16; redisson-spring-data-17; redisson-spring-data-18; redisson-spring-data-20; redisson-spring-data-21; redisson-spring-data-22; redisson-spring-data-23; redisson-spring-data-24; redisson-spring-data-25; redisson-spring-data-26; redisson-tomcat; redisson-tomcat-10; redisson-tomcat-7; redisson-tomcat-8; redisson-tomcat-9,39,3.16.6-SNAPSHOT,2021-11-30 00:00:00+00:00,2021-12-06 00:00:00+00:00,6.0,pre_disclosure,CVE-2023-42809,version_changed
68,redisson,Redis,5379,redisson; redisson-all; redisson-helidon; redisson-hibernate; redisson-hibernate-4; redisson-hibernate-5; redisson-hibernate-52; redisson-hibernate-53; redisson-micronaut; redisson-micronaut-20; redisson-micronaut-30; redisson-mybatis; redisson-parent; redisson-quarkus; redisson-quarkus-16; redisson-quarkus-16-deployment; redisson-quarkus-16-integration-tests; redisson-quarkus-16-parent; redisson-quarkus-20; redisson-quarkus-20-deployment; redisson-quarkus-20-integration-tests; redisson-quarkus-20-parent; redisson-spring-boot-starter; redisson-spring-data; redisson-spring-data-16; redisson-spring-data-17; redisson-spring-data-18; redisson-spring-data-20; redisson-spring-data-21; redisson-spring-data-22; redisson-spring-data-23; redisson-spring-data-24; redisson-spring-data-25; redisson-spring-data-26; redisson-tomcat; redisson-tomcat-10; redisson-tomcat-7; redisson-tomcat-8; redisson-tomcat-9,39,3.16.6,2021-12-06 00:00:00+00:00,2021-12-23 00:00:00+00:00,17.0,pre_disclosure,CVE-2023-42809,version_changed
68,redisson,Redis,5380,redisson; redisson-all; redisson-helidon; redisson-hibernate; redisson-hibernate-4; redisson-hibernate-5; redisson-hibernate-52; redisson-hibernate-53; redisson-micronaut; redisson-micronaut-20; redisson-micronaut-30; redisson-mybatis; redisson-parent; redisson-quarkus; redisson-quarkus-16; redisson-quarkus-16-deployment; redisson-quarkus-16-integration-tests; redisson-quarkus-16-parent; redisson-quarkus-20; redisson-quarkus-20-deployment; redisson-quarkus-20-integration-tests; redisson-quarkus-20-parent; redisson-spring-boot-starter; redisson-spring-data; redisson-spring-data-16; redisson-spring-data-17; redisson-spring-data-18; redisson-spring-data-20; redisson-spring-data-21; redisson-spring-data-22; redisson-spring-data-23; redisson-spring-data-24; redisson-spring-data-25; redisson-spring-data-26; redisson-tomcat; redisson-tomcat-10; redisson-tomcat-7; redisson-tomcat-8; redisson-tomcat-9,39,3.16.7-SNAPSHOT,2021-12-06 00:00:00+00:00,2021-12-23 00:00:00+00:00,17.0,pre_disclosure,CVE-2023-42809,version_changed
68,redisson,Redis,5381,redisson; redisson-all; redisson-helidon; redisson-hibernate; redisson-hibernate-4; redisson-hibernate-5; redisson-hibernate-52; redisson-hibernate-53; redisson-micronaut; redisson-micronaut-20; redisson-micronaut-30; redisson-mybatis; redisson-parent; redisson-quarkus; redisson-quarkus-16; redisson-quarkus-16-deployment; redisson-quarkus-16-integration-tests; redisson-quarkus-16-parent; redisson-quarkus-20; redisson-quarkus-20-deployment; redisson-quarkus-20-integration-tests; redisson-quarkus-20-parent; redisson-spring-boot-starter; redisson-spring-data; redisson-spring-data-16; redisson-spring-data-17; redisson-spring-data-18; redisson-spring-data-20; redisson-spring-data-21; redisson-spring-data-22; redisson-spring-data-23; redisson-spring-data-24; redisson-spring-data-25; redisson-spring-data-26; redisson-tomcat; redisson-tomcat-10; redisson-tomcat-7; redisson-tomcat-8; redisson-tomcat-9,39,3.16.7,2021-12-23 00:00:00+00:00,2021-12-28 00:00:00+00:00,5.0,pre_disclosure,CVE-2023-42809,version_changed
68,redisson,Redis,5382,redisson; redisson-all; redisson-helidon; redisson-hibernate; redisson-hibernate-4; redisson-hibernate-5; redisson-hibernate-52; redisson-hibernate-53; redisson-micronaut; redisson-micronaut-20; redisson-micronaut-30; redisson-mybatis; redisson-parent; redisson-quarkus; redisson-quarkus-16; redisson-quarkus-16-deployment; redisson-quarkus-16-integration-tests; redisson-quarkus-16-parent; redisson-quarkus-20; redisson-quarkus-20-deployment; redisson-quarkus-20-integration-tests; redisson-quarkus-20-parent; redisson-spring-boot-starter; redisson-spring-data; redisson-spring-data-16; redisson-spring-data-17; redisson-spring-data-18; redisson-spring-data-20; redisson-spring-data-21; redisson-spring-data-22; redisson-spring-data-23; redisson-spring-data-24; redisson-spring-data-25; redisson-spring-data-26; redisson-tomcat; redisson-tomcat-10; redisson-tomcat-7; redisson-tomcat-8; redisson-tomcat-9,39,3.16.8-SNAPSHOT,2021-12-23 00:00:00+00:00,2022-01-21 00:00:00+00:00,29.0,pre_disclosure,CVE-2023-42809,version_changed
68,redisson,Redis,5383,redisson; redisson-all; redisson-helidon; redisson-hibernate; redisson-hibernate-4; redisson-hibernate-5; redisson-hibernate-52; redisson-hibernate-53; redisson-micronaut; redisson-micronaut-20; redisson-micronaut-30; redisson-mybatis; redisson-parent; redisson-quarkus; redisson-quarkus-16; redisson-quarkus-16-deployment; redisson-quarkus-16-integration-tests; redisson-quarkus-16-parent; redisson-quarkus-20; redisson-quarkus-20-deployment; redisson-quarkus-20-integration-tests; redisson-quarkus-20-parent; redisson-spring-boot-starter; redisson-spring-data; redisson-spring-data-16; redisson-spring-data-17; redisson-spring-data-18; redisson-spring-data-20; redisson-spring-data-21; redisson-spring-data-22; redisson-spring-data-23; redisson-spring-data-24; redisson-spring-data-25; redisson-spring-data-26; redisson-tomcat; redisson-tomcat-10; redisson-tomcat-7; redisson-tomcat-8; redisson-tomcat-9,39,3.16.8,2022-01-21 00:00:00+00:00,2022-01-24 00:00:00+00:00,3.0,pre_disclosure,CVE-2023-42809,version_changed
68,redisson,Redis,5384,redisson; redisson-all; redisson-helidon; redisson-hibernate; redisson-hibernate-4; redisson-hibernate-5; redisson-hibernate-52; redisson-hibernate-53; redisson-micronaut; redisson-micronaut-20; redisson-micronaut-30; redisson-mybatis; redisson-parent; redisson-quarkus; redisson-quarkus-16; redisson-quarkus-16-deployment; redisson-quarkus-16-integration-tests; redisson-quarkus-16-parent; redisson-quarkus-20; redisson-quarkus-20-deployment; redisson-quarkus-20-integration-tests; redisson-quarkus-20-parent; redisson-spring-boot-starter; redisson-spring-data; redisson-spring-data-16; redisson-spring-data-17; redisson-spring-data-18; redisson-spring-data-20; redisson-spring-data-21; redisson-spring-data-22; redisson-spring-data-23; redisson-spring-data-24; redisson-spring-data-25; redisson-spring-data-26; redisson-tomcat; redisson-tomcat-10; redisson-tomcat-7; redisson-tomcat-8; redisson-tomcat-9,39,3.16.9-SNAPSHOT,2022-01-21 00:00:00+00:00,2022-03-19 00:00:00+00:00,57.0,pre_disclosure,CVE-2023-42809,version_changed
68,redisson,Redis,5385,redisson; redisson-all; redisson-helidon; redisson-hibernate; redisson-hibernate-4; redisson-hibernate-5; redisson-hibernate-52; redisson-hibernate-53; redisson-micronaut; redisson-micronaut-20; redisson-micronaut-30; redisson-mybatis; redisson-parent; redisson-quarkus; redisson-quarkus-16; redisson-quarkus-16-deployment; redisson-quarkus-16-integration-tests; redisson-quarkus-16-parent; redisson-quarkus-20; redisson-quarkus-20-deployment; redisson-quarkus-20-integration-tests; redisson-quarkus-20-parent; redisson-spring-boot-starter; redisson-spring-data; redisson-spring-data-16; redisson-spring-data-17; redisson-spring-data-18; redisson-spring-data-20; redisson-spring-data-21; redisson-spring-data-22; redisson-spring-data-23; redisson-spring-data-24; redisson-spring-data-25; redisson-spring-data-26; redisson-tomcat; redisson-tomcat-10; redisson-tomcat-7; redisson-tomcat-8; redisson-tomcat-9,39,3.17.0,2022-03-19 00:00:00+00:00,2022-04-12 00:00:00+00:00,24.0,pre_disclosure,CVE-2023-42809,version_changed
68,redisson,Redis,5386,redisson; redisson-all; redisson-helidon; redisson-hibernate; redisson-hibernate-4; redisson-hibernate-5; redisson-hibernate-52; redisson-hibernate-53; redisson-micronaut; redisson-micronaut-20; redisson-micronaut-30; redisson-mybatis; redisson-parent; redisson-quarkus; redisson-quarkus-16; redisson-quarkus-16-deployment; redisson-quarkus-16-integration-tests; redisson-quarkus-16-parent; redisson-quarkus-20; redisson-quarkus-20-deployment; redisson-quarkus-20-integration-tests; redisson-quarkus-20-parent; redisson-spring-boot-starter; redisson-spring-data; redisson-spring-data-16; redisson-spring-data-17; redisson-spring-data-18; redisson-spring-data-20; redisson-spring-data-21; redisson-spring-data-22; redisson-spring-data-23; redisson-spring-data-24; redisson-spring-data-25; redisson-spring-data-26; redisson-tomcat; redisson-tomcat-10; redisson-tomcat-7; redisson-tomcat-8; redisson-tomcat-9,39,3.17.1-SNAPSHOT,2022-03-19 00:00:00+00:00,2022-04-25 00:00:00+00:00,37.0,pre_disclosure,CVE-2023-42809,version_changed
68,redisson,Redis,5387,redisson; redisson-all; redisson-helidon; redisson-hibernate; redisson-hibernate-4; redisson-hibernate-5; redisson-hibernate-52; redisson-hibernate-53; redisson-micronaut; redisson-micronaut-20; redisson-micronaut-30; redisson-mybatis; redisson-parent; redisson-quarkus; redisson-quarkus-16; redisson-quarkus-16-deployment; redisson-quarkus-16-integration-tests; redisson-quarkus-16-parent; redisson-quarkus-20; redisson-quarkus-20-deployment; redisson-quarkus-20-integration-tests; redisson-quarkus-20-parent; redisson-spring-boot-starter; redisson-spring-data; redisson-spring-data-16; redisson-spring-data-17; redisson-spring-data-18; redisson-spring-data-20; redisson-spring-data-21; redisson-spring-data-22; redisson-spring-data-23; redisson-spring-data-24; redisson-spring-data-25; redisson-spring-data-26; redisson-tomcat; redisson-tomcat-10; redisson-tomcat-7; redisson-tomcat-8; redisson-tomcat-9,39,3.17.1,2022-04-25 00:00:00+00:00,2022-05-06 00:00:00+00:00,11.0,pre_disclosure,CVE-2023-42809,version_changed
68,redisson,Redis,5388,redisson; redisson-all; redisson-helidon; redisson-hibernate; redisson-hibernate-4; redisson-hibernate-5; redisson-hibernate-52; redisson-hibernate-53; redisson-micronaut; redisson-micronaut-20; redisson-micronaut-30; redisson-mybatis; redisson-parent; redisson-quarkus; redisson-quarkus-16; redisson-quarkus-16-deployment; redisson-quarkus-16-integration-tests; redisson-quarkus-16-parent; redisson-quarkus-20; redisson-quarkus-20-deployment; redisson-quarkus-20-integration-tests; redisson-quarkus-20-parent; redisson-spring-boot-starter; redisson-spring-data; redisson-spring-data-16; redisson-spring-data-17; redisson-spring-data-18; redisson-spring-data-20; redisson-spring-data-21; redisson-spring-data-22; redisson-spring-data-23; redisson-spring-data-24; redisson-spring-data-25; redisson-spring-data-26; redisson-spring-data-27; redisson-tomcat; redisson-tomcat-10; redisson-tomcat-7; redisson-tomcat-8; redisson-tomcat-9; redisson; redisson-all; redisson-helidon; redisson-hibernate; redisson-hibernate-4; redisson-hibernate-5; redisson-hibernate-52; redisson-hibernate-53; redisson-micronaut; redisson-micronaut-20; redisson-micronaut-30; redisson-mybatis; redisson-parent; redisson-quarkus; redisson-quarkus-16; redisson-quarkus-16-deployment; redisson-quarkus-16-integration-tests; redisson-quarkus-16-parent; redisson-quarkus-20; redisson-quarkus-20-deployment; redisson-quarkus-20-integration-tests; redisson-quarkus-20-parent; redisson-spring-boot-starter; redisson-spring-data; redisson-spring-data-16; redisson-spring-data-17; redisson-spring-data-18; redisson-spring-data-20; redisson-spring-data-21; redisson-spring-data-22; redisson-spring-data-23; redisson-spring-data-24; redisson-spring-data-25; redisson-spring-data-26; redisson-tomcat; redisson-tomcat-10; redisson-tomcat-7; redisson-tomcat-8; redisson-tomcat-9,40,3.17.2-SNAPSHOT,2022-04-25 00:00:00+00:00,2022-05-23 00:00:00+00:00,28.0,pre_disclosure,CVE-2023-42809,version_changed
68,redisson,Redis,5390,redisson; redisson-all; redisson-helidon; redisson-hibernate; redisson-hibernate-4; redisson-hibernate-5; redisson-hibernate-52; redisson-hibernate-53; redisson-micronaut; redisson-micronaut-20; redisson-micronaut-30; redisson-mybatis; redisson-parent; redisson-quarkus; redisson-quarkus-16; redisson-quarkus-16-deployment; redisson-quarkus-16-integration-tests; redisson-quarkus-16-parent; redisson-quarkus-20; redisson-quarkus-20-deployment; redisson-quarkus-20-integration-tests; redisson-quarkus-20-parent; redisson-spring-boot-starter; redisson-spring-data; redisson-spring-data-16; redisson-spring-data-17; redisson-spring-data-18; redisson-spring-data-20; redisson-spring-data-21; redisson-spring-data-22; redisson-spring-data-23; redisson-spring-data-24; redisson-spring-data-25; redisson-spring-data-26; redisson-spring-data-27; redisson-tomcat; redisson-tomcat-10; redisson-tomcat-7; redisson-tomcat-8; redisson-tomcat-9,40,3.17.2,2022-05-23 00:00:00+00:00,2022-05-27 00:00:00+00:00,4.0,pre_disclosure,CVE-2023-42809,version_changed
68,redisson,Redis,5391,redisson; redisson-all; redisson-helidon; redisson-hibernate; redisson-hibernate-4; redisson-hibernate-5; redisson-hibernate-52; redisson-hibernate-53; redisson-hibernate-6; redisson-micronaut; redisson-micronaut-20; redisson-micronaut-30; redisson-mybatis; redisson-parent; redisson-quarkus; redisson-quarkus-16; redisson-quarkus-16-deployment; redisson-quarkus-16-integration-tests; redisson-quarkus-16-parent; redisson-quarkus-20; redisson-quarkus-20-deployment; redisson-quarkus-20-integration-tests; redisson-quarkus-20-parent; redisson-spring-boot-starter; redisson-spring-data; redisson-spring-data-16; redisson-spring-data-17; redisson-spring-data-18; redisson-spring-data-20; redisson-spring-data-21; redisson-spring-data-22; redisson-spring-data-23; redisson-spring-data-24; redisson-spring-data-25; redisson-spring-data-26; redisson-spring-data-27; redisson-tomcat; redisson-tomcat-10; redisson-tomcat-7; redisson-tomcat-8; redisson-tomcat-9; redisson; redisson-all; redisson-helidon; redisson-hibernate; redisson-hibernate-4; redisson-hibernate-5; redisson-hibernate-52; redisson-hibernate-53; redisson-micronaut; redisson-micronaut-20; redisson-micronaut-30; redisson-mybatis; redisson-parent; redisson-quarkus; redisson-quarkus-16; redisson-quarkus-16-deployment; redisson-quarkus-16-integration-tests; redisson-quarkus-16-parent; redisson-quarkus-20; redisson-quarkus-20-deployment; redisson-quarkus-20-integration-tests; redisson-quarkus-20-parent; redisson-spring-boot-starter; redisson-spring-data; redisson-spring-data-16; redisson-spring-data-17; redisson-spring-data-18; redisson-spring-data-20; redisson-spring-data-21; redisson-spring-data-22; redisson-spring-data-23; redisson-spring-data-24; redisson-spring-data-25; redisson-spring-data-26; redisson-spring-data-27; redisson-tomcat; redisson-tomcat-10; redisson-tomcat-7; redisson-tomcat-8; redisson-tomcat-9,41,3.17.3-SNAPSHOT,2022-05-23 00:00:00+00:00,2022-06-10 00:00:00+00:00,18.0,pre_disclosure,CVE-2023-42809,version_changed
68,redisson,Redis,5392,redisson; redisson-all; redisson-helidon; redisson-hibernate; redisson-hibernate-4; redisson-hibernate-5; redisson-hibernate-52; redisson-hibernate-53; redisson-hibernate-6; redisson-micronaut; redisson-micronaut-20; redisson-micronaut-30; redisson-mybatis; redisson-parent; redisson-quarkus; redisson-quarkus-16; redisson-quarkus-16-deployment; redisson-quarkus-16-integration-tests; redisson-quarkus-16-parent; redisson-quarkus-20; redisson-quarkus-20-deployment; redisson-quarkus-20-integration-tests; redisson-quarkus-20-parent; redisson-spring-boot-starter; redisson-spring-data; redisson-spring-data-16; redisson-spring-data-17; redisson-spring-data-18; redisson-spring-data-20; redisson-spring-data-21; redisson-spring-data-22; redisson-spring-data-23; redisson-spring-data-24; redisson-spring-data-25; redisson-spring-data-26; redisson-spring-data-27; redisson-tomcat; redisson-tomcat-10; redisson-tomcat-7; redisson-tomcat-8; redisson-tomcat-9,41,3.17.3,2022-05-27 00:00:00+00:00,2022-06-10 00:00:00+00:00,14.0,pre_disclosure,CVE-2023-42809,version_changed
68,redisson,Redis,5393,redisson; redisson-all; redisson-helidon; redisson-hibernate; redisson-hibernate-4; redisson-hibernate-5; redisson-hibernate-52; redisson-hibernate-53; redisson-hibernate-6; redisson-micronaut; redisson-micronaut-20; redisson-micronaut-30; redisson-mybatis; redisson-parent; redisson-quarkus; redisson-quarkus-16; redisson-quarkus-16-deployment; redisson-quarkus-16-integration-tests; redisson-quarkus-16-parent; redisson-quarkus-20; redisson-quarkus-20-deployment; redisson-quarkus-20-integration-tests; redisson-quarkus-20-parent; redisson-spring-boot-starter; redisson-spring-data; redisson-spring-data-16; redisson-spring-data-17; redisson-spring-data-18; redisson-spring-data-20; redisson-spring-data-21; redisson-spring-data-22; redisson-spring-data-23; redisson-spring-data-24; redisson-spring-data-25; redisson-spring-data-26; redisson-spring-data-27; redisson-tomcat; redisson-tomcat-10; redisson-tomcat-7; redisson-tomcat-8; redisson-tomcat-9,41,3.17.4-SNAPSHOT,2022-05-27 00:00:00+00:00,2022-06-16 00:00:00+00:00,20.0,pre_disclosure,CVE-2023-42809,version_changed
68,redisson,Redis,5394,redisson; redisson-all; redisson-helidon; redisson-hibernate; redisson-hibernate-4; redisson-hibernate-5; redisson-hibernate-52; redisson-hibernate-53; redisson-hibernate-6; redisson-micronaut; redisson-micronaut-20; redisson-micronaut-30; redisson-mybatis; redisson-parent; redisson-quarkus; redisson-quarkus-16; redisson-quarkus-16-deployment; redisson-quarkus-16-integration-tests; redisson-quarkus-16-parent; redisson-quarkus-20; redisson-quarkus-20-deployment; redisson-quarkus-20-integration-tests; redisson-quarkus-20-parent; redisson-spring-boot-starter; redisson-spring-data; redisson-spring-data-16; redisson-spring-data-17; redisson-spring-data-18; redisson-spring-data-20; redisson-spring-data-21; redisson-spring-data-22; redisson-spring-data-23; redisson-spring-data-24; redisson-spring-data-25; redisson-spring-data-26; redisson-spring-data-27; redisson-tomcat; redisson-tomcat-10; redisson-tomcat-7; redisson-tomcat-8; redisson-tomcat-9,41,3.17.4,2022-06-16 00:00:00+00:00,2022-07-01 00:00:00+00:00,15.0,pre_disclosure,CVE-2023-42809,version_changed
68,redisson,Redis,5395,redisson; redisson-all; redisson-helidon; redisson-hibernate; redisson-hibernate-4; redisson-hibernate-5; redisson-hibernate-52; redisson-hibernate-53; redisson-hibernate-6; redisson-micronaut; redisson-micronaut-20; redisson-micronaut-30; redisson-mybatis; redisson-parent; redisson-quarkus; redisson-quarkus-16; redisson-quarkus-16-deployment; redisson-quarkus-16-integration-tests; redisson-quarkus-16-parent; redisson-quarkus-20; redisson-quarkus-20-deployment; redisson-quarkus-20-integration-tests; redisson-quarkus-20-parent; redisson-spring-boot-starter; redisson-spring-data; redisson-spring-data-16; redisson-spring-data-17; redisson-spring-data-18; redisson-spring-data-20; redisson-spring-data-21; redisson-spring-data-22; redisson-spring-data-23; redisson-spring-data-24; redisson-spring-data-25; redisson-spring-data-26; redisson-spring-data-27; redisson-tomcat; redisson-tomcat-10; redisson-tomcat-7; redisson-tomcat-8; redisson-tomcat-9,41,3.17.5-SNAPSHOT,2022-06-16 00:00:00+00:00,2022-08-02 00:00:00+00:00,47.0,pre_disclosure,CVE-2023-42809,version_changed
68,redisson,Redis,5396,redisson; redisson-all; redisson-helidon; redisson-hibernate; redisson-hibernate-4; redisson-hibernate-5; redisson-hibernate-52; redisson-hibernate-53; redisson-hibernate-6; redisson-micronaut; redisson-micronaut-20; redisson-micronaut-30; redisson-mybatis; redisson-parent; redisson-quarkus; redisson-quarkus-16; redisson-quarkus-16-deployment; redisson-quarkus-16-integration-tests; redisson-quarkus-16-parent; redisson-quarkus-20; redisson-quarkus-20-deployment; redisson-quarkus-20-integration-tests; redisson-quarkus-20-parent; redisson-spring-boot-starter; redisson-spring-data; redisson-spring-data-16; redisson-spring-data-17; redisson-spring-data-18; redisson-spring-data-20; redisson-spring-data-21; redisson-spring-data-22; redisson-spring-data-23; redisson-spring-data-24; redisson-spring-data-25; redisson-spring-data-26; redisson-spring-data-27; redisson-tomcat; redisson-tomcat-10; redisson-tomcat-7; redisson-tomcat-8; redisson-tomcat-9,41,3.17.5,2022-07-22 00:00:00+00:00,2022-08-02 00:00:00+00:00,11.0,pre_disclosure,CVE-2023-42809,version_changed
68,redisson,Redis,5397,redisson; redisson-all; redisson-helidon; redisson-helidon-20; redisson-helidon-30; redisson-hibernate; redisson-hibernate-4; redisson-hibernate-5; redisson-hibernate-52; redisson-hibernate-53; redisson-hibernate-6; redisson-micronaut; redisson-micronaut-20; redisson-micronaut-30; redisson-mybatis; redisson-parent; redisson-quarkus; redisson-quarkus-16; redisson-quarkus-16-deployment; redisson-quarkus-16-integration-tests; redisson-quarkus-16-parent; redisson-quarkus-20; redisson-quarkus-20-deployment; redisson-quarkus-20-integration-tests; redisson-quarkus-20-parent; redisson-spring-boot-starter; redisson-spring-data; redisson-spring-data-16; redisson-spring-data-17; redisson-spring-data-18; redisson-spring-data-20; redisson-spring-data-21; redisson-spring-data-22; redisson-spring-data-23; redisson-spring-data-24; redisson-spring-data-25; redisson-spring-data-26; redisson-spring-data-27; redisson-tomcat; redisson-tomcat-10; redisson-tomcat-7; redisson-tomcat-8; redisson-tomcat-9; redisson; redisson-all; redisson-helidon; redisson-hibernate; redisson-hibernate-4; redisson-hibernate-5; redisson-hibernate-52; redisson-hibernate-53; redisson-hibernate-6; redisson-micronaut; redisson-micronaut-20; redisson-micronaut-30; redisson-mybatis; redisson-parent; redisson-quarkus; redisson-quarkus-16; redisson-quarkus-16-deployment; redisson-quarkus-16-integration-tests; redisson-quarkus-16-parent; redisson-quarkus-20; redisson-quarkus-20-deployment; redisson-quarkus-20-integration-tests; redisson-quarkus-20-parent; redisson-spring-boot-starter; redisson-spring-data; redisson-spring-data-16; redisson-spring-data-17; redisson-spring-data-18; redisson-spring-data-20; redisson-spring-data-21; redisson-spring-data-22; redisson-spring-data-23; redisson-spring-data-24; redisson-spring-data-25; redisson-spring-data-26; redisson-spring-data-27; redisson-tomcat; redisson-tomcat-10; redisson-tomcat-7; redisson-tomcat-8; redisson-tomcat-9,43,3.17.6-SNAPSHOT,2022-07-22 00:00:00+00:00,2022-08-24 00:00:00+00:00,33.0,pre_disclosure,CVE-2023-42809,version_changed
68,redisson,Redis,5400,redisson; redisson-all; redisson-helidon; redisson-helidon-20; redisson-helidon-30; redisson-hibernate; redisson-hibernate-4; redisson-hibernate-5; redisson-hibernate-52; redisson-hibernate-53; redisson-hibernate-6; redisson-micronaut; redisson-micronaut-20; redisson-micronaut-30; redisson-mybatis; redisson-parent; redisson-quarkus; redisson-quarkus-16; redisson-quarkus-16-deployment; redisson-quarkus-16-integration-tests; redisson-quarkus-16-parent; redisson-quarkus-20; redisson-quarkus-20-deployment; redisson-quarkus-20-integration-tests; redisson-quarkus-20-parent; redisson-spring-boot-starter; redisson-spring-data; redisson-spring-data-16; redisson-spring-data-17; redisson-spring-data-18; redisson-spring-data-20; redisson-spring-data-21; redisson-spring-data-22; redisson-spring-data-23; redisson-spring-data-24; redisson-spring-data-25; redisson-spring-data-26; redisson-spring-data-27; redisson-tomcat; redisson-tomcat-10; redisson-tomcat-7; redisson-tomcat-8; redisson-tomcat-9,43,3.17.6,2022-08-24 00:00:00+00:00,2022-08-30 00:00:00+00:00,6.0,pre_disclosure,CVE-2023-42809,version_changed
68,redisson,Redis,5401,redisson; redisson-all; redisson-helidon; redisson-helidon-20; redisson-helidon-30; redisson-hibernate; redisson-hibernate-4; redisson-hibernate-5; redisson-hibernate-52; redisson-hibernate-53; redisson-hibernate-6; redisson-micronaut; redisson-micronaut-20; redisson-micronaut-30; redisson-mybatis; redisson-parent; redisson-quarkus; redisson-quarkus-16; redisson-quarkus-16-deployment; redisson-quarkus-16-integration-tests; redisson-quarkus-16-parent; redisson-quarkus-20; redisson-quarkus-20-deployment; redisson-quarkus-20-integration-tests; redisson-quarkus-20-parent; redisson-spring-boot-starter; redisson-spring-data; redisson-spring-data-16; redisson-spring-data-17; redisson-spring-data-18; redisson-spring-data-20; redisson-spring-data-21; redisson-spring-data-22; redisson-spring-data-23; redisson-spring-data-24; redisson-spring-data-25; redisson-spring-data-26; redisson-spring-data-27; redisson-tomcat; redisson-tomcat-10; redisson-tomcat-7; redisson-tomcat-8; redisson-tomcat-9,43,3.17.7-SNAPSHOT,2022-08-24 00:00:00+00:00,2022-10-03 00:00:00+00:00,40.0,pre_disclosure,CVE-2023-42809,version_changed
68,redisson,Redis,5402,redisson; redisson-all; redisson-helidon; redisson-helidon-20; redisson-helidon-30; redisson-hibernate; redisson-hibernate-4; redisson-hibernate-5; redisson-hibernate-52; redisson-hibernate-53; redisson-hibernate-6; redisson-micronaut; redisson-micronaut-20; redisson-micronaut-30; redisson-mybatis; redisson-parent; redisson-quarkus; redisson-quarkus-16; redisson-quarkus-16-deployment; redisson-quarkus-16-integration-tests; redisson-quarkus-16-parent; redisson-quarkus-20; redisson-quarkus-20-deployment; redisson-quarkus-20-integration-tests; redisson-quarkus-20-parent; redisson-spring-boot-starter; redisson-spring-data; redisson-spring-data-16; redisson-spring-data-17; redisson-spring-data-18; redisson-spring-data-20; redisson-spring-data-21; redisson-spring-data-22; redisson-spring-data-23; redisson-spring-data-24; redisson-spring-data-25; redisson-spring-data-26; redisson-spring-data-27; redisson-tomcat; redisson-tomcat-10; redisson-tomcat-7; redisson-tomcat-8; redisson-tomcat-9,43,3.17.7,2022-10-03 00:00:00+00:00,2022-10-05 00:00:00+00:00,2.0,pre_disclosure,CVE-2023-42809,version_changed
68,redisson,Redis,5403,redisson; redisson-all; redisson-helidon; redisson-helidon-20; redisson-helidon-30; redisson-hibernate; redisson-hibernate-4; redisson-hibernate-5; redisson-hibernate-52; redisson-hibernate-53; redisson-hibernate-6; redisson-micronaut; redisson-micronaut-20; redisson-micronaut-30; redisson-mybatis; redisson-parent; redisson-quarkus; redisson-quarkus-16; redisson-quarkus-16-deployment; redisson-quarkus-16-integration-tests; redisson-quarkus-16-parent; redisson-quarkus-20; redisson-quarkus-20-deployment; redisson-quarkus-20-integration-tests; redisson-quarkus-20-parent; redisson-spring-boot-starter; redisson-spring-data; redisson-spring-data-16; redisson-spring-data-17; redisson-spring-data-18; redisson-spring-data-20; redisson-spring-data-21; redisson-spring-data-22; redisson-spring-data-23; redisson-spring-data-24; redisson-spring-data-25; redisson-spring-data-26; redisson-spring-data-27; redisson-tomcat; redisson-tomcat-10; redisson-tomcat-7; redisson-tomcat-8; redisson-tomcat-9,43,3.17.8-SNAPSHOT,2022-10-03 00:00:00+00:00,2022-11-21 00:00:00+00:00,49.0,pre_disclosure,CVE-2023-42809,version_changed
68,redisson,Redis,5409,redisson; redisson-all; redisson-helidon; redisson-helidon-20; redisson-helidon-30; redisson-hibernate; redisson-hibernate-4; redisson-hibernate-5; redisson-hibernate-52; redisson-hibernate-53; redisson-hibernate-6; redisson-micronaut; redisson-micronaut-20; redisson-micronaut-30; redisson-mybatis; redisson-parent; redisson-quarkus; redisson-quarkus-16; redisson-quarkus-16-deployment; redisson-quarkus-16-integration-tests; redisson-quarkus-16-parent; redisson-quarkus-20; redisson-quarkus-20-deployment; redisson-quarkus-20-integration-tests; redisson-quarkus-20-parent; redisson-spring-boot-starter; redisson-spring-data; redisson-spring-data-16; redisson-spring-data-17; redisson-spring-data-18; redisson-spring-data-20; redisson-spring-data-21; redisson-spring-data-22; redisson-spring-data-23; redisson-spring-data-24; redisson-spring-data-25; redisson-spring-data-26; redisson-spring-data-27; redisson-tomcat; redisson-tomcat-10; redisson-tomcat-7; redisson-tomcat-8; redisson-tomcat-9,43,3.18.0,2022-11-10 00:00:00+00:00,2022-11-21 00:00:00+00:00,11.0,pre_disclosure,CVE-2023-42809,version_changed
68,redisson,Redis,5410,redisson; redisson-all; redisson-helidon; redisson-helidon-20; redisson-helidon-30; redisson-hibernate; redisson-hibernate-4; redisson-hibernate-5; redisson-hibernate-52; redisson-hibernate-53; redisson-hibernate-6; redisson-micronaut; redisson-micronaut-20; redisson-micronaut-30; redisson-mybatis; redisson-parent; redisson-quarkus; redisson-quarkus-16; redisson-quarkus-16-deployment; redisson-quarkus-16-integration-tests; redisson-quarkus-16-parent; redisson-quarkus-20; redisson-quarkus-20-deployment; redisson-quarkus-20-integration-tests; redisson-quarkus-20-parent; redisson-spring-boot-starter; redisson-spring-data; redisson-spring-data-16; redisson-spring-data-17; redisson-spring-data-18; redisson-spring-data-20; redisson-spring-data-21; redisson-spring-data-22; redisson-spring-data-23; redisson-spring-data-24; redisson-spring-data-25; redisson-spring-data-26; redisson-spring-data-27; redisson-spring-data-30; redisson-tomcat; redisson-tomcat-10; redisson-tomcat-7; redisson-tomcat-8; redisson-tomcat-9; redisson; redisson-all; redisson-helidon; redisson-helidon-20; redisson-helidon-30; redisson-hibernate; redisson-hibernate-4; redisson-hibernate-5; redisson-hibernate-52; redisson-hibernate-53; redisson-hibernate-6; redisson-micronaut; redisson-micronaut-20; redisson-micronaut-30; redisson-mybatis; redisson-parent; redisson-quarkus; redisson-quarkus-16; redisson-quarkus-16-deployment; redisson-quarkus-16-integration-tests; redisson-quarkus-16-parent; redisson-quarkus-20; redisson-quarkus-20-deployment; redisson-quarkus-20-integration-tests; redisson-quarkus-20-parent; redisson-spring-boot-starter; redisson-spring-data; redisson-spring-data-16; redisson-spring-data-17; redisson-spring-data-18; redisson-spring-data-20; redisson-spring-data-21; redisson-spring-data-22; redisson-spring-data-23; redisson-spring-data-24; redisson-spring-data-25; redisson-spring-data-26; redisson-spring-data-27; redisson-tomcat; redisson-tomcat-10; redisson-tomcat-7; redisson-tomcat-8; redisson-tomcat-9,44,3.18.1-SNAPSHOT,2022-11-10 00:00:00+00:00,2022-11-30 00:00:00+00:00,20.0,pre_disclosure,CVE-2023-42809,version_changed
68,redisson,Redis,5411,redisson; redisson-all; redisson-helidon; redisson-helidon-20; redisson-helidon-30; redisson-hibernate; redisson-hibernate-4; redisson-hibernate-5; redisson-hibernate-52; redisson-hibernate-53; redisson-hibernate-6; redisson-micronaut; redisson-micronaut-20; redisson-micronaut-30; redisson-mybatis; redisson-parent; redisson-quarkus; redisson-quarkus-16; redisson-quarkus-16-deployment; redisson-quarkus-16-integration-tests; redisson-quarkus-16-parent; redisson-quarkus-20; redisson-quarkus-20-deployment; redisson-quarkus-20-integration-tests; redisson-quarkus-20-parent; redisson-spring-boot-starter; redisson-spring-data; redisson-spring-data-16; redisson-spring-data-17; redisson-spring-data-18; redisson-spring-data-20; redisson-spring-data-21; redisson-spring-data-22; redisson-spring-data-23; redisson-spring-data-24; redisson-spring-data-25; redisson-spring-data-26; redisson-spring-data-27; redisson-spring-data-30; redisson-tomcat; redisson-tomcat-10; redisson-tomcat-7; redisson-tomcat-8; redisson-tomcat-9,44,3.18.1,2022-11-30 00:00:00+00:00,2022-12-02 00:00:00+00:00,2.0,pre_disclosure,CVE-2023-42809,version_changed
68,redisson,Redis,5412,redisson; redisson-all; redisson-helidon; redisson-helidon-20; redisson-helidon-30; redisson-hibernate; redisson-hibernate-4; redisson-hibernate-5; redisson-hibernate-52; redisson-hibernate-53; redisson-hibernate-6; redisson-micronaut; redisson-micronaut-20; redisson-micronaut-30; redisson-mybatis; redisson-parent; redisson-quarkus; redisson-quarkus-16; redisson-quarkus-16-deployment; redisson-quarkus-16-integration-tests; redisson-quarkus-16-parent; redisson-quarkus-20; redisson-quarkus-20-deployment; redisson-quarkus-20-integration-tests; redisson-quarkus-20-parent; redisson-spring-boot-starter; redisson-spring-data; redisson-spring-data-16; redisson-spring-data-17; redisson-spring-data-18; redisson-spring-data-20; redisson-spring-data-21; redisson-spring-data-22; redisson-spring-data-23; redisson-spring-data-24; redisson-spring-data-25; redisson-spring-data-26; redisson-spring-data-27; redisson-spring-data-30; redisson-tomcat; redisson-tomcat-10; redisson-tomcat-7; redisson-tomcat-8; redisson-tomcat-9,44,3.18.2-SNAPSHOT,2022-11-30 00:00:00+00:00,2022-12-16 00:00:00+00:00,16.0,pre_disclosure,CVE-2023-42809,version_changed
68,redisson,Redis,5413,redisson; redisson-all; redisson-helidon; redisson-helidon-20; redisson-helidon-30; redisson-hibernate; redisson-hibernate-4; redisson-hibernate-5; redisson-hibernate-52; redisson-hibernate-53; redisson-hibernate-6; redisson-micronaut; redisson-micronaut-20; redisson-micronaut-30; redisson-mybatis; redisson-parent; redisson-quarkus; redisson-quarkus-16; redisson-quarkus-16-deployment; redisson-quarkus-16-integration-tests; redisson-quarkus-16-parent; redisson-quarkus-20; redisson-quarkus-20-deployment; redisson-quarkus-20-integration-tests; redisson-quarkus-20-parent; redisson-spring-boot-starter; redisson-spring-data; redisson-spring-data-16; redisson-spring-data-17; redisson-spring-data-18; redisson-spring-data-20; redisson-spring-data-21; redisson-spring-data-22; redisson-spring-data-23; redisson-spring-data-24; redisson-spring-data-25; redisson-spring-data-26; redisson-spring-data-27; redisson-spring-data-30; redisson-tomcat; redisson-tomcat-10; redisson-tomcat-7; redisson-tomcat-8; redisson-tomcat-9,44,3.19.0,2022-12-16 00:00:00+00:00,2022-12-19 00:00:00+00:00,3.0,pre_disclosure,CVE-2023-42809,version_changed
68,redisson,Redis,5414,redisson; redisson-all; redisson-helidon; redisson-helidon-20; redisson-helidon-30; redisson-hibernate; redisson-hibernate-4; redisson-hibernate-5; redisson-hibernate-52; redisson-hibernate-53; redisson-hibernate-6; redisson-micronaut; redisson-micronaut-20; redisson-micronaut-30; redisson-mybatis; redisson-parent; redisson-quarkus; redisson-quarkus-16; redisson-quarkus-16-deployment; redisson-quarkus-16-integration-tests; redisson-quarkus-16-parent; redisson-quarkus-20; redisson-quarkus-20-deployment; redisson-quarkus-20-integration-tests; redisson-quarkus-20-parent; redisson-spring-boot-starter; redisson-spring-data; redisson-spring-data-16; redisson-spring-data-17; redisson-spring-data-18; redisson-spring-data-20; redisson-spring-data-21; redisson-spring-data-22; redisson-spring-data-23; redisson-spring-data-24; redisson-spring-data-25; redisson-spring-data-26; redisson-spring-data-27; redisson-spring-data-30; redisson-tomcat; redisson-tomcat-10; redisson-tomcat-7; redisson-tomcat-8; redisson-tomcat-9,44,3.19.1-SNAPSHOT,2022-12-16 00:00:00+00:00,2023-01-14 00:00:00+00:00,29.0,pre_disclosure,CVE-2023-42809,version_changed
68,redisson,Redis,5415,redisson; redisson-all; redisson-helidon; redisson-helidon-20; redisson-helidon-30; redisson-hibernate; redisson-hibernate-4; redisson-hibernate-5; redisson-hibernate-52; redisson-hibernate-53; redisson-hibernate-6; redisson-micronaut; redisson-micronaut-20; redisson-micronaut-30; redisson-mybatis; redisson-parent; redisson-quarkus; redisson-quarkus-16; redisson-quarkus-16-deployment; redisson-quarkus-16-integration-tests; redisson-quarkus-16-parent; redisson-quarkus-20; redisson-quarkus-20-deployment; redisson-quarkus-20-integration-tests; redisson-quarkus-20-parent; redisson-spring-boot-starter; redisson-spring-data; redisson-spring-data-16; redisson-spring-data-17; redisson-spring-data-18; redisson-spring-data-20; redisson-spring-data-21; redisson-spring-data-22; redisson-spring-data-23; redisson-spring-data-24; redisson-spring-data-25; redisson-spring-data-26; redisson-spring-data-27; redisson-spring-data-30; redisson-tomcat; redisson-tomcat-10; redisson-tomcat-7; redisson-tomcat-8; redisson-tomcat-9,44,3.19.1,2023-01-06 00:00:00+00:00,2023-01-14 00:00:00+00:00,8.0,pre_disclosure,CVE-2023-42809,version_changed
68,redisson,Redis,5416,redisson; redisson-all; redisson-helidon; redisson-helidon-20; redisson-helidon-30; redisson-hibernate; redisson-hibernate-4; redisson-hibernate-5; redisson-hibernate-52; redisson-hibernate-53; redisson-hibernate-6; redisson-micronaut; redisson-micronaut-20; redisson-micronaut-30; redisson-mybatis; redisson-parent; redisson-quarkus; redisson-quarkus-16; redisson-quarkus-16-deployment; redisson-quarkus-16-integration-tests; redisson-quarkus-16-parent; redisson-quarkus-20; redisson-quarkus-20-deployment; redisson-quarkus-20-integration-tests; redisson-quarkus-20-parent; redisson-spring-boot-starter; redisson-spring-data; redisson-spring-data-16; redisson-spring-data-17; redisson-spring-data-18; redisson-spring-data-20; redisson-spring-data-21; redisson-spring-data-22; redisson-spring-data-23; redisson-spring-data-24; redisson-spring-data-25; redisson-spring-data-26; redisson-spring-data-27; redisson-spring-data-30; redisson-tomcat; redisson-tomcat-10; redisson-tomcat-7; redisson-tomcat-8; redisson-tomcat-9,44,3.19.2-SNAPSHOT,2023-01-06 00:00:00+00:00,2023-02-01 00:00:00+00:00,26.0,pre_disclosure,CVE-2023-42809,version_changed
68,redisson,Redis,5418,redisson; redisson-all; redisson-helidon; redisson-helidon-20; redisson-helidon-30; redisson-hibernate; redisson-hibernate-4; redisson-hibernate-5; redisson-hibernate-52; redisson-hibernate-53; redisson-hibernate-6; redisson-micronaut; redisson-micronaut-20; redisson-micronaut-30; redisson-mybatis; redisson-parent; redisson-quarkus; redisson-quarkus-16; redisson-quarkus-16-deployment; redisson-quarkus-16-integration-tests; redisson-quarkus-16-parent; redisson-quarkus-20; redisson-quarkus-20-deployment; redisson-quarkus-20-integration-tests; redisson-quarkus-20-parent; redisson-spring-boot-starter; redisson-spring-data; redisson-spring-data-16; redisson-spring-data-17; redisson-spring-data-18; redisson-spring-data-20; redisson-spring-data-21; redisson-spring-data-22; redisson-spring-data-23; redisson-spring-data-24; redisson-spring-data-25; redisson-spring-data-26; redisson-spring-data-27; redisson-spring-data-30; redisson-tomcat; redisson-tomcat-10; redisson-tomcat-7; redisson-tomcat-8; redisson-tomcat-9,44,3.19.2,2023-02-01 00:00:00+00:00,2023-02-06 00:00:00+00:00,5.0,pre_disclosure,CVE-2023-42809,version_changed
68,redisson,Redis,5419,redisson; redisson-all; redisson-helidon; redisson-helidon-20; redisson-helidon-30; redisson-hibernate; redisson-hibernate-4; redisson-hibernate-5; redisson-hibernate-52; redisson-hibernate-53; redisson-hibernate-6; redisson-micronaut; redisson-micronaut-20; redisson-micronaut-30; redisson-mybatis; redisson-parent; redisson-quarkus; redisson-quarkus-16; redisson-quarkus-16-deployment; redisson-quarkus-16-integration-tests; redisson-quarkus-16-parent; redisson-quarkus-20; redisson-quarkus-20-deployment; redisson-quarkus-20-integration-tests; redisson-quarkus-20-parent; redisson-spring-boot-starter; redisson-spring-data; redisson-spring-data-16; redisson-spring-data-17; redisson-spring-data-18; redisson-spring-data-20; redisson-spring-data-21; redisson-spring-data-22; redisson-spring-data-23; redisson-spring-data-24; redisson-spring-data-25; redisson-spring-data-26; redisson-spring-data-27; redisson-spring-data-30; redisson-tomcat; redisson-tomcat-10; redisson-tomcat-7; redisson-tomcat-8; redisson-tomcat-9,44,3.19.3-SNAPSHOT,2023-02-01 00:00:00+00:00,2023-02-06 00:00:00+00:00,5.0,pre_disclosure,CVE-2023-42809,version_changed
68,redisson,Redis,5420,redisson; redisson-all; redisson-helidon; redisson-helidon-20; redisson-helidon-30; redisson-hibernate; redisson-hibernate-4; redisson-hibernate-5; redisson-hibernate-52; redisson-hibernate-53; redisson-hibernate-6; redisson-micronaut; redisson-micronaut-20; redisson-micronaut-30; redisson-mybatis; redisson-parent; redisson-quarkus; redisson-quarkus-16; redisson-quarkus-16-deployment; redisson-quarkus-16-integration-tests; redisson-quarkus-16-parent; redisson-quarkus-20; redisson-quarkus-20-deployment; redisson-quarkus-20-integration-tests; redisson-quarkus-20-parent; redisson-spring-boot-starter; redisson-spring-data; redisson-spring-data-16; redisson-spring-data-17; redisson-spring-data-18; redisson-spring-data-20; redisson-spring-data-21; redisson-spring-data-22; redisson-spring-data-23; redisson-spring-data-24; redisson-spring-data-25; redisson-spring-data-26; redisson-spring-data-27; redisson-spring-data-30; redisson-tomcat; redisson-tomcat-10; redisson-tomcat-7; redisson-tomcat-8; redisson-tomcat-9,44,3.19.3,2023-02-06 00:00:00+00:00,2023-02-14 00:00:00+00:00,8.0,pre_disclosure,CVE-2023-42809,version_changed
68,redisson,Redis,5421,redisson; redisson-all; redisson-helidon; redisson-helidon-20; redisson-helidon-30; redisson-hibernate; redisson-hibernate-4; redisson-hibernate-5; redisson-hibernate-52; redisson-hibernate-53; redisson-hibernate-6; redisson-micronaut; redisson-micronaut-20; redisson-micronaut-30; redisson-mybatis; redisson-parent; redisson-quarkus; redisson-quarkus-16; redisson-quarkus-16-deployment; redisson-quarkus-16-integration-tests; redisson-quarkus-16-parent; redisson-quarkus-20; redisson-quarkus-20-deployment; redisson-quarkus-20-integration-tests; redisson-quarkus-20-parent; redisson-spring-boot-starter; redisson-spring-data; redisson-spring-data-16; redisson-spring-data-17; redisson-spring-data-18; redisson-spring-data-20; redisson-spring-data-21; redisson-spring-data-22; redisson-spring-data-23; redisson-spring-data-24; redisson-spring-data-25; redisson-spring-data-26; redisson-spring-data-27; redisson-spring-data-30; redisson-tomcat; redisson-tomcat-10; redisson-tomcat-7; redisson-tomcat-8; redisson-tomcat-9,44,3.19.4-SNAPSHOT,2023-02-06 00:00:00+00:00,2023-03-01 00:00:00+00:00,23.0,pre_disclosure,CVE-2023-42809,version_changed
68,redisson,Redis,5422,redisson; redisson-all; redisson-helidon; redisson-helidon-20; redisson-helidon-30; redisson-hibernate; redisson-hibernate-4; redisson-hibernate-5; redisson-hibernate-52; redisson-hibernate-53; redisson-hibernate-6; redisson-micronaut; redisson-micronaut-20; redisson-micronaut-30; redisson-mybatis; redisson-parent; redisson-quarkus; redisson-quarkus-16; redisson-quarkus-16-deployment; redisson-quarkus-16-integration-tests; redisson-quarkus-16-parent; redisson-quarkus-20; redisson-quarkus-20-deployment; redisson-quarkus-20-integration-tests; redisson-quarkus-20-parent; redisson-spring-boot-starter; redisson-spring-data; redisson-spring-data-16; redisson-spring-data-17; redisson-spring-data-18; redisson-spring-data-20; redisson-spring-data-21; redisson-spring-data-22; redisson-spring-data-23; redisson-spring-data-24; redisson-spring-data-25; redisson-spring-data-26; redisson-spring-data-27; redisson-spring-data-30; redisson-tomcat; redisson-tomcat-10; redisson-tomcat-7; redisson-tomcat-8; redisson-tomcat-9,44,3.20.0,2023-03-01 00:00:00+00:00,2023-03-02 00:00:00+00:00,1.0,pre_disclosure,CVE-2023-42809,version_changed
68,redisson,Redis,5423,redisson; redisson-all; redisson-helidon; redisson-helidon-20; redisson-helidon-30; redisson-hibernate; redisson-hibernate-4; redisson-hibernate-5; redisson-hibernate-52; redisson-hibernate-53; redisson-hibernate-6; redisson-micronaut; redisson-micronaut-20; redisson-micronaut-30; redisson-mybatis; redisson-parent; redisson-quarkus; redisson-quarkus-16; redisson-quarkus-16-deployment; redisson-quarkus-16-integration-tests; redisson-quarkus-16-parent; redisson-quarkus-20; redisson-quarkus-20-deployment; redisson-quarkus-20-integration-tests; redisson-quarkus-20-parent; redisson-spring-boot-starter; redisson-spring-data; redisson-spring-data-16; redisson-spring-data-17; redisson-spring-data-18; redisson-spring-data-20; redisson-spring-data-21; redisson-spring-data-22; redisson-spring-data-23; redisson-spring-data-24; redisson-spring-data-25; redisson-spring-data-26; redisson-spring-data-27; redisson-spring-data-30; redisson-tomcat; redisson-tomcat-10; redisson-tomcat-7; redisson-tomcat-8; redisson-tomcat-9,44,3.20.1-SNAPSHOT,2023-03-01 00:00:00+00:00,2023-03-28 00:00:00+00:00,27.0,pre_disclosure,CVE-2023-42809,version_changed
68,redisson,Redis,5427,redisson; redisson-all; redisson-helidon; redisson-helidon-20; redisson-helidon-30; redisson-hibernate; redisson-hibernate-4; redisson-hibernate-5; redisson-hibernate-52; redisson-hibernate-53; redisson-hibernate-6; redisson-micronaut; redisson-micronaut-20; redisson-micronaut-30; redisson-mybatis; redisson-parent; redisson-quarkus; redisson-quarkus-16; redisson-quarkus-16-deployment; redisson-quarkus-16-integration-tests; redisson-quarkus-16-parent; redisson-quarkus-20; redisson-quarkus-20-deployment; redisson-quarkus-20-integration-tests; redisson-quarkus-20-parent; redisson-spring-boot-starter; redisson-spring-data; redisson-spring-data-16; redisson-spring-data-17; redisson-spring-data-18; redisson-spring-data-20; redisson-spring-data-21; redisson-spring-data-22; redisson-spring-data-23; redisson-spring-data-24; redisson-spring-data-25; redisson-spring-data-26; redisson-spring-data-27; redisson-spring-data-30; redisson-tomcat; redisson-tomcat-10; redisson-tomcat-7; redisson-tomcat-8; redisson-tomcat-9,44,3.20.1,2023-03-28 00:00:00+00:00,2023-04-10 00:00:00+00:00,13.0,pre_disclosure,CVE-2023-42809,version_changed
68,redisson,Redis,5428,redisson; redisson-all; redisson-helidon; redisson-helidon-20; redisson-helidon-30; redisson-hibernate; redisson-hibernate-4; redisson-hibernate-5; redisson-hibernate-52; redisson-hibernate-53; redisson-hibernate-6; redisson-micronaut; redisson-micronaut-20; redisson-micronaut-30; redisson-mybatis; redisson-parent; redisson-quarkus; redisson-quarkus-16; redisson-quarkus-16-deployment; redisson-quarkus-16-integration-tests; redisson-quarkus-16-parent; redisson-quarkus-20; redisson-quarkus-20-deployment; redisson-quarkus-20-integration-tests; redisson-quarkus-20-parent; redisson-quarkus-30; redisson-quarkus-30-deployment; redisson-quarkus-30-integration-tests; redisson-quarkus-30-parent; redisson-spring-boot-starter; redisson-spring-data; redisson-spring-data-16; redisson-spring-data-17; redisson-spring-data-18; redisson-spring-data-20; redisson-spring-data-21; redisson-spring-data-22; redisson-spring-data-23; redisson-spring-data-24; redisson-spring-data-25; redisson-spring-data-26; redisson-spring-data-27; redisson-spring-data-30; redisson-tomcat; redisson-tomcat-10; redisson-tomcat-7; redisson-tomcat-8; redisson-tomcat-9; redisson; redisson-all; redisson-helidon; redisson-helidon-20; redisson-helidon-30; redisson-hibernate; redisson-hibernate-4; redisson-hibernate-5; redisson-hibernate-52; redisson-hibernate-53; redisson-hibernate-6; redisson-micronaut; redisson-micronaut-20; redisson-micronaut-30; redisson-mybatis; redisson-parent; redisson-quarkus; redisson-quarkus-16; redisson-quarkus-16-deployment; redisson-quarkus-16-integration-tests; redisson-quarkus-16-parent; redisson-quarkus-20; redisson-quarkus-20-deployment; redisson-quarkus-20-integration-tests; redisson-quarkus-20-parent; redisson-spring-boot-starter; redisson-spring-data; redisson-spring-data-16; redisson-spring-data-17; redisson-spring-data-18; redisson-spring-data-20; redisson-spring-data-21; redisson-spring-data-22; redisson-spring-data-23; redisson-spring-data-24; redisson-spring-data-25; redisson-spring-data-26; redisson-spring-data-27; redisson-spring-data-30; redisson-tomcat; redisson-tomcat-10; redisson-tomcat-7; redisson-tomcat-8; redisson-tomcat-9,48,3.20.2-SNAPSHOT,2023-03-28 00:00:00+00:00,2023-05-02 00:00:00+00:00,35.0,pre_disclosure,CVE-2023-42809,version_changed
68,redisson,Redis,5429,redisson; redisson-all; redisson-helidon; redisson-helidon-20; redisson-helidon-30; redisson-hibernate; redisson-hibernate-4; redisson-hibernate-5; redisson-hibernate-52; redisson-hibernate-53; redisson-hibernate-6; redisson-micronaut; redisson-micronaut-20; redisson-micronaut-30; redisson-mybatis; redisson-parent; redisson-quarkus; redisson-quarkus-16; redisson-quarkus-16-deployment; redisson-quarkus-16-integration-tests; redisson-quarkus-16-parent; redisson-quarkus-20; redisson-quarkus-20-deployment; redisson-quarkus-20-integration-tests; redisson-quarkus-20-parent; redisson-quarkus-30; redisson-quarkus-30-deployment; redisson-quarkus-30-integration-tests; redisson-quarkus-30-parent; redisson-spring-boot-starter; redisson-spring-data; redisson-spring-data-16; redisson-spring-data-17; redisson-spring-data-18; redisson-spring-data-20; redisson-spring-data-21; redisson-spring-data-22; redisson-spring-data-23; redisson-spring-data-24; redisson-spring-data-25; redisson-spring-data-26; redisson-spring-data-27; redisson-spring-data-30; redisson-tomcat; redisson-tomcat-10; redisson-tomcat-7; redisson-tomcat-8; redisson-tomcat-9,48,3.21.0,2023-04-29 00:00:00+00:00,2023-05-02 00:00:00+00:00,3.0,pre_disclosure,CVE-2023-42809,version_changed
68,redisson,Redis,5430,redisson; redisson-all; redisson-helidon; redisson-helidon-20; redisson-helidon-30; redisson-hibernate; redisson-hibernate-4; redisson-hibernate-5; redisson-hibernate-52; redisson-hibernate-53; redisson-hibernate-6; redisson-micronaut; redisson-micronaut-20; redisson-micronaut-30; redisson-mybatis; redisson-parent; redisson-quarkus; redisson-quarkus-16; redisson-quarkus-16-deployment; redisson-quarkus-16-integration-tests; redisson-quarkus-16-parent; redisson-quarkus-20; redisson-quarkus-20-deployment; redisson-quarkus-20-integration-tests; redisson-quarkus-20-parent; redisson-quarkus-30; redisson-quarkus-30-deployment; redisson-quarkus-30-integration-tests; redisson-quarkus-30-parent; redisson-spring-boot-starter; redisson-spring-data; redisson-spring-data-16; redisson-spring-data-17; redisson-spring-data-18; redisson-spring-data-20; redisson-spring-data-21; redisson-spring-data-22; redisson-spring-data-23; redisson-spring-data-24; redisson-spring-data-25; redisson-spring-data-26; redisson-spring-data-27; redisson-spring-data-30; redisson-tomcat; redisson-tomcat-10; redisson-tomcat-7; redisson-tomcat-8; redisson-tomcat-9,48,3.21.1-SNAPSHOT,2023-04-29 00:00:00+00:00,2023-05-17 00:00:00+00:00,18.0,pre_disclosure,CVE-2023-42809,version_changed
68,redisson,Redis,5435,redisson; redisson-all; redisson-helidon; redisson-helidon-20; redisson-helidon-30; redisson-hibernate; redisson-hibernate-4; redisson-hibernate-5; redisson-hibernate-52; redisson-hibernate-53; redisson-hibernate-6; redisson-micronaut; redisson-micronaut-20; redisson-micronaut-30; redisson-mybatis; redisson-parent; redisson-quarkus; redisson-quarkus-16; redisson-quarkus-16-deployment; redisson-quarkus-16-integration-tests; redisson-quarkus-16-parent; redisson-quarkus-20; redisson-quarkus-20-deployment; redisson-quarkus-20-integration-tests; redisson-quarkus-20-parent; redisson-quarkus-30; redisson-quarkus-30-deployment; redisson-quarkus-30-integration-tests; redisson-quarkus-30-parent; redisson-spring-boot-starter; redisson-spring-data; redisson-spring-data-16; redisson-spring-data-17; redisson-spring-data-18; redisson-spring-data-20; redisson-spring-data-21; redisson-spring-data-22; redisson-spring-data-23; redisson-spring-data-24; redisson-spring-data-25; redisson-spring-data-26; redisson-spring-data-27; redisson-spring-data-30; redisson-tomcat; redisson-tomcat-10; redisson-tomcat-7; redisson-tomcat-8; redisson-tomcat-9,48,3.21.1,2023-05-11 00:00:00+00:00,2023-05-17 00:00:00+00:00,6.0,pre_disclosure,CVE-2023-42809,version_changed
68,redisson,Redis,5436,redisson; redisson-all; redisson-helidon; redisson-helidon-20; redisson-helidon-30; redisson-hibernate; redisson-hibernate-4; redisson-hibernate-5; redisson-hibernate-52; redisson-hibernate-53; redisson-hibernate-6; redisson-micronaut; redisson-micronaut-20; redisson-micronaut-30; redisson-mybatis; redisson-parent; redisson-quarkus; redisson-quarkus-16; redisson-quarkus-16-deployment; redisson-quarkus-16-integration-tests; redisson-quarkus-16-parent; redisson-quarkus-20; redisson-quarkus-20-deployment; redisson-quarkus-20-integration-tests; redisson-quarkus-20-parent; redisson-quarkus-30; redisson-quarkus-30-deployment; redisson-quarkus-30-integration-tests; redisson-quarkus-30-parent; redisson-spring-boot-starter; redisson-spring-data; redisson-spring-data-16; redisson-spring-data-17; redisson-spring-data-18; redisson-spring-data-20; redisson-spring-data-21; redisson-spring-data-22; redisson-spring-data-23; redisson-spring-data-24; redisson-spring-data-25; redisson-spring-data-26; redisson-spring-data-27; redisson-spring-data-30; redisson-tomcat; redisson-tomcat-10; redisson-tomcat-7; redisson-tomcat-8; redisson-tomcat-9,48,3.21.2-SNAPSHOT,2023-05-11 00:00:00+00:00,2023-05-17 00:00:00+00:00,6.0,pre_disclosure,CVE-2023-42809,version_changed
68,redisson,Redis,5437,redisson; redisson-all; redisson-helidon; redisson-helidon-20; redisson-helidon-30; redisson-hibernate; redisson-hibernate-4; redisson-hibernate-5; redisson-hibernate-52; redisson-hibernate-53; redisson-hibernate-6; redisson-micronaut; redisson-micronaut-20; redisson-micronaut-30; redisson-mybatis; redisson-parent; redisson-quarkus; redisson-quarkus-16; redisson-quarkus-16-deployment; redisson-quarkus-16-integration-tests; redisson-quarkus-16-parent; redisson-quarkus-20; redisson-quarkus-20-deployment; redisson-quarkus-20-integration-tests; redisson-quarkus-20-parent; redisson-quarkus-30; redisson-quarkus-30-deployment; redisson-quarkus-30-integration-tests; redisson-quarkus-30-parent; redisson-spring-boot-starter; redisson-spring-data; redisson-spring-data-16; redisson-spring-data-17; redisson-spring-data-18; redisson-spring-data-20; redisson-spring-data-21; redisson-spring-data-22; redisson-spring-data-23; redisson-spring-data-24; redisson-spring-data-25; redisson-spring-data-26; redisson-spring-data-27; redisson-spring-data-30; redisson-tomcat; redisson-tomcat-10; redisson-tomcat-7; redisson-tomcat-8; redisson-tomcat-9,48,3.21.2,2023-05-17 00:00:00+00:00,2023-05-18 00:00:00+00:00,1.0,pre_disclosure,CVE-2023-42809,version_changed
68,redisson,Redis,5438,redisson; redisson-all; redisson-helidon; redisson-helidon-20; redisson-helidon-30; redisson-hibernate; redisson-hibernate-4; redisson-hibernate-5; redisson-hibernate-52; redisson-hibernate-53; redisson-hibernate-6; redisson-micronaut; redisson-micronaut-20; redisson-micronaut-30; redisson-mybatis; redisson-parent; redisson-quarkus; redisson-quarkus-16; redisson-quarkus-16-deployment; redisson-quarkus-16-integration-tests; redisson-quarkus-16-parent; redisson-quarkus-20; redisson-quarkus-20-deployment; redisson-quarkus-20-integration-tests; redisson-quarkus-20-parent; redisson-quarkus-30; redisson-quarkus-30-deployment; redisson-quarkus-30-integration-tests; redisson-quarkus-30-parent; redisson-spring-boot-starter; redisson-spring-data; redisson-spring-data-16; redisson-spring-data-17; redisson-spring-data-18; redisson-spring-data-20; redisson-spring-data-21; redisson-spring-data-22; redisson-spring-data-23; redisson-spring-data-24; redisson-spring-data-25; redisson-spring-data-26; redisson-spring-data-27; redisson-spring-data-30; redisson-tomcat; redisson-tomcat-10; redisson-tomcat-7; redisson-tomcat-8; redisson-tomcat-9,48,3.21.3-SNAPSHOT,2023-05-17 00:00:00+00:00,2023-05-18 00:00:00+00:00,1.0,pre_disclosure,CVE-2023-42809,version_changed
68,redisson,Redis,5439,redisson; redisson-all; redisson-helidon; redisson-helidon-20; redisson-helidon-30; redisson-hibernate; redisson-hibernate-4; redisson-hibernate-5; redisson-hibernate-52; redisson-hibernate-53; redisson-hibernate-6; redisson-micronaut; redisson-micronaut-20; redisson-micronaut-30; redisson-mybatis; redisson-parent; redisson-quarkus; redisson-quarkus-16; redisson-quarkus-16-deployment; redisson-quarkus-16-integration-tests; redisson-quarkus-16-parent; redisson-quarkus-20; redisson-quarkus-20-deployment; redisson-quarkus-20-integration-tests; redisson-quarkus-20-parent; redisson-quarkus-30; redisson-quarkus-30-deployment; redisson-quarkus-30-integration-tests; redisson-quarkus-30-parent; redisson-spring-boot-starter; redisson-spring-data; redisson-spring-data-16; redisson-spring-data-17; redisson-spring-data-18; redisson-spring-data-20; redisson-spring-data-21; redisson-spring-data-22; redisson-spring-data-23; redisson-spring-data-24; redisson-spring-data-25; redisson-spring-data-26; redisson-spring-data-27; redisson-spring-data-30; redisson-tomcat; redisson-tomcat-10; redisson-tomcat-7; redisson-tomcat-8; redisson-tomcat-9,48,3.21.3,2023-05-18 00:00:00+00:00,2023-05-19 00:00:00+00:00,1.0,pre_disclosure,CVE-2023-42809,version_changed
68,redisson,Redis,5440,redisson; redisson-all; redisson-helidon; redisson-helidon-20; redisson-helidon-30; redisson-hibernate; redisson-hibernate-4; redisson-hibernate-5; redisson-hibernate-52; redisson-hibernate-53; redisson-hibernate-6; redisson-micronaut; redisson-micronaut-20; redisson-micronaut-30; redisson-mybatis; redisson-parent; redisson-quarkus; redisson-quarkus-16; redisson-quarkus-16-deployment; redisson-quarkus-16-integration-tests; redisson-quarkus-16-parent; redisson-quarkus-20; redisson-quarkus-20-deployment; redisson-quarkus-20-integration-tests; redisson-quarkus-20-parent; redisson-quarkus-30; redisson-quarkus-30-deployment; redisson-quarkus-30-integration-tests; redisson-quarkus-30-parent; redisson-spring-boot-starter; redisson-spring-data; redisson-spring-data-16; redisson-spring-data-17; redisson-spring-data-18; redisson-spring-data-20; redisson-spring-data-21; redisson-spring-data-22; redisson-spring-data-23; redisson-spring-data-24; redisson-spring-data-25; redisson-spring-data-26; redisson-spring-data-27; redisson-spring-data-30; redisson-spring-data-31; redisson-tomcat; redisson-tomcat-10; redisson-tomcat-7; redisson-tomcat-8; redisson-tomcat-9; redisson; redisson-all; redisson-helidon; redisson-helidon-20; redisson-helidon-30; redisson-hibernate; redisson-hibernate-4; redisson-hibernate-5; redisson-hibernate-52; redisson-hibernate-53; redisson-hibernate-6; redisson-micronaut; redisson-micronaut-20; redisson-micronaut-30; redisson-mybatis; redisson-parent; redisson-quarkus; redisson-quarkus-16; redisson-quarkus-16-deployment; redisson-quarkus-16-integration-tests; redisson-quarkus-16-parent; redisson-quarkus-20; redisson-quarkus-20-deployment; redisson-quarkus-20-integration-tests; redisson-quarkus-20-parent; redisson-quarkus-30; redisson-quarkus-30-deployment; redisson-quarkus-30-integration-tests; redisson-quarkus-30-parent; redisson-spring-boot-starter; redisson-spring-data; redisson-spring-data-16; redisson-spring-data-17; redisson-spring-data-18; redisson-spring-data-20; redisson-spring-data-21; redisson-spring-data-22; redisson-spring-data-23; redisson-spring-data-24; redisson-spring-data-25; redisson-spring-data-26; redisson-spring-data-27; redisson-spring-data-30; redisson-tomcat; redisson-tomcat-10; redisson-tomcat-7; redisson-tomcat-8; redisson-tomcat-9,49,3.21.4-SNAPSHOT,2023-05-18 00:00:00+00:00,2023-06-05 08:30:59+00:00,18.354849537037037,pre_disclosure,CVE-2023-42809,version_changed
68,redisson,Redis,5440,redisson; redisson-all; redisson-helidon; redisson-helidon-20; redisson-helidon-30; redisson-hibernate; redisson-hibernate-4; redisson-hibernate-5; redisson-hibernate-52; redisson-hibernate-53; redisson-hibernate-6; redisson-micronaut; redisson-micronaut-20; redisson-micronaut-30; redisson-mybatis; redisson-parent; redisson-quarkus; redisson-quarkus-16; redisson-quarkus-16-deployment; redisson-quarkus-16-integration-tests; redisson-quarkus-16-parent; redisson-quarkus-20; redisson-quarkus-20-deployment; redisson-quarkus-20-integration-tests; redisson-quarkus-20-parent; redisson-quarkus-30; redisson-quarkus-30-deployment; redisson-quarkus-30-integration-tests; redisson-quarkus-30-parent; redisson-spring-boot-starter; redisson-spring-data; redisson-spring-data-16; redisson-spring-data-17; redisson-spring-data-18; redisson-spring-data-20; redisson-spring-data-21; redisson-spring-data-22; redisson-spring-data-23; redisson-spring-data-24; redisson-spring-data-25; redisson-spring-data-26; redisson-spring-data-27; redisson-spring-data-30; redisson-spring-data-31; redisson-tomcat; redisson-tomcat-10; redisson-tomcat-7; redisson-tomcat-8; redisson-tomcat-9; redisson; redisson-all; redisson-helidon; redisson-helidon-20; redisson-helidon-30; redisson-hibernate; redisson-hibernate-4; redisson-hibernate-5; redisson-hibernate-52; redisson-hibernate-53; redisson-hibernate-6; redisson-micronaut; redisson-micronaut-20; redisson-micronaut-30; redisson-mybatis; redisson-parent; redisson-quarkus; redisson-quarkus-16; redisson-quarkus-16-deployment; redisson-quarkus-16-integration-tests; redisson-quarkus-16-parent; redisson-quarkus-20; redisson-quarkus-20-deployment; redisson-quarkus-20-integration-tests; redisson-quarkus-20-parent; redisson-quarkus-30; redisson-quarkus-30-deployment; redisson-quarkus-30-integration-tests; redisson-quarkus-30-parent; redisson-spring-boot-starter; redisson-spring-data; redisson-spring-data-16; redisson-spring-data-17; redisson-spring-data-18; redisson-spring-data-20; redisson-spring-data-21; redisson-spring-data-22; redisson-spring-data-23; redisson-spring-data-24; redisson-spring-data-25; redisson-spring-data-26; redisson-spring-data-27; redisson-spring-data-30; redisson-tomcat; redisson-tomcat-10; redisson-tomcat-7; redisson-tomcat-8; redisson-tomcat-9,49,3.21.4-SNAPSHOT,2023-06-05 08:30:59+00:00,2023-06-07 00:00:00+00:00,1.645150462962963,post_resolution,CVE-2023-42809,version_changed
68,redisson,Redis,5489,redisson-spring-data; redisson-spring-data-16; redisson-spring-data-17; redisson-spring-data-18; redisson-spring-data-20; redisson-spring-data-21; redisson-spring-data-22; redisson-spring-data-23; redisson-spring-data-24; redisson-spring-data-25; redisson-spring-data-26; redisson-spring-data-27; redisson-spring-data-30; redisson-spring-data-31; redisson-spring-data-32; redisson-spring-data; redisson-spring-data-16; redisson-spring-data-17; redisson-spring-data-18; redisson-spring-data-20; redisson-spring-data-21; redisson-spring-data-22; redisson-spring-data-23; redisson-spring-data-24; redisson-spring-data-25; redisson-spring-data-26; redisson-spring-data-27; redisson-spring-data-30; redisson-spring-data-31; redisson-spring-data-32; redisson-spring-data-33; redisson-spring-data; redisson-spring-data-16; redisson-spring-data-17; redisson-spring-data-18; redisson-spring-data-20; redisson-spring-data-21; redisson-spring-data-22; redisson-spring-data-23; redisson-spring-data-24; redisson-spring-data-25; redisson-spring-data-26; redisson-spring-data-27; redisson-spring-data-30; redisson-spring-data-31; redisson-spring-data-32; redisson-spring-data-33; redisson-spring-data-34,17,6.3.2.RELEASE,2024-04-16 00:00:00+00:00,2024-12-01 20:35:13+00:00,229.85778935185186,pre_disclosure,GHSA-q4h9-7rxj-7gx2,version_changed
68,redisson,Redis,5489,redisson-spring-data; redisson-spring-data-16; redisson-spring-data-17; redisson-spring-data-18; redisson-spring-data-20; redisson-spring-data-21; redisson-spring-data-22; redisson-spring-data-23; redisson-spring-data-24; redisson-spring-data-25; redisson-spring-data-26; redisson-spring-data-27; redisson-spring-data-30; redisson-spring-data-31; redisson-spring-data-32; redisson-spring-data; redisson-spring-data-16; redisson-spring-data-17; redisson-spring-data-18; redisson-spring-data-20; redisson-spring-data-21; redisson-spring-data-22; redisson-spring-data-23; redisson-spring-data-24; redisson-spring-data-25; redisson-spring-data-26; redisson-spring-data-27; redisson-spring-data-30; redisson-spring-data-31; redisson-spring-data-32; redisson-spring-data-33; redisson-spring-data; redisson-spring-data-16; redisson-spring-data-17; redisson-spring-data-18; redisson-spring-data-20; redisson-spring-data-21; redisson-spring-data-22; redisson-spring-data-23; redisson-spring-data-24; redisson-spring-data-25; redisson-spring-data-26; redisson-spring-data-27; redisson-spring-data-30; redisson-spring-data-31; redisson-spring-data-32; redisson-spring-data-33; redisson-spring-data-34,17,6.3.2.RELEASE,2024-12-01 20:35:13+00:00,2024-12-02 20:03:03+00:00,0.977662037037037,post_resolution,GHSA-q4h9-7rxj-7gx2,version_changed
68,redisson,Redis,5489,redisson-spring-data; redisson-spring-data-16; redisson-spring-data-17; redisson-spring-data-18; redisson-spring-data-20; redisson-spring-data-21; redisson-spring-data-22; redisson-spring-data-23; redisson-spring-data-24; redisson-spring-data-25; redisson-spring-data-26; redisson-spring-data-27; redisson-spring-data-30; redisson-spring-data-31; redisson-spring-data-32; redisson-spring-data; redisson-spring-data-16; redisson-spring-data-17; redisson-spring-data-18; redisson-spring-data-20; redisson-spring-data-21; redisson-spring-data-22; redisson-spring-data-23; redisson-spring-data-24; redisson-spring-data-25; redisson-spring-data-26; redisson-spring-data-27; redisson-spring-data-30; redisson-spring-data-31; redisson-spring-data-32; redisson-spring-data-33; redisson-spring-data; redisson-spring-data-16; redisson-spring-data-17; redisson-spring-data-18; redisson-spring-data-20; redisson-spring-data-21; redisson-spring-data-22; redisson-spring-data-23; redisson-spring-data-24; redisson-spring-data-25; redisson-spring-data-26; redisson-spring-data-27; redisson-spring-data-30; redisson-spring-data-31; redisson-spring-data-32; redisson-spring-data-33; redisson-spring-data-34,17,6.3.2.RELEASE,2024-12-02 20:03:03+00:00,2024-12-03 00:00:00+00:00,0.1645486111111111,post_resolution,GHSA-q4h9-7rxj-7gx2,version_changed
69,runelite,H2,5557,http-service,1,1.4.196,2020-02-13 00:00:00+00:00,2021-12-23 00:00:00+00:00,679.0,post_resolution,CVE-2018-14335; CVE-2021-42392; CVE-2022-23221,right_censored_no_later_version
69,runelite,MongoDB,5559,http-service,1,3.10.2,2020-02-13 00:00:00+00:00,2021-02-18 00:00:00+00:00,371.0,pre_disclosure,CVE-2021-20328,right_censored_no_later_version
69,runelite,MongoDB,5559,http-service,1,3.10.2,2021-02-18 00:00:00+00:00,2021-02-25 17:15:28.303000+00:00,7.719077581018518,post_resolution,CVE-2021-20328,right_censored_no_later_version
69,runelite,MongoDB,5559,http-service,1,3.10.2,2021-02-25 17:15:28.303000+00:00,2021-12-23 00:00:00+00:00,300.2809224189815,post_resolution,CVE-2021-20328,right_censored_no_later_version
69,runelite,MySQL,5560,cache-updater,1,5.1.45,2020-02-13 00:00:00+00:00,2020-04-15 14:15:36.453000+00:00,62.59417190972222,post_resolution,CVE-2018-3258; CVE-2019-2692; CVE-2020-2934; CVE-2022-21363; CVE-2023-22102,right_censored_no_later_version
69,runelite,MySQL,5560,cache-updater,1,5.1.45,2020-04-15 14:15:36.453000+00:00,2020-07-14 00:00:00+00:00,89.40582809027778,post_resolution,CVE-2018-3258; CVE-2019-2692; CVE-2020-2934; CVE-2022-21363; CVE-2023-22102,right_censored_no_later_version
69,runelite,MySQL,5560,cache-updater,1,5.1.45,2020-07-14 00:00:00+00:00,2021-12-16 00:25:41+00:00,520.0178356481481,post_resolution,CVE-2018-3258; CVE-2019-2692; CVE-2020-2934; CVE-2022-21363; CVE-2023-22102,right_censored_no_later_version
69,runelite,MySQL,5560,cache-updater,1,5.1.45,2021-12-16 00:25:41+00:00,2022-01-19 12:15:15.680000+00:00,34.492762500000005,post_resolution,CVE-2018-3258; CVE-2019-2692; CVE-2020-2934; CVE-2022-21363; CVE-2023-22102,right_censored_no_later_version
69,runelite,MySQL,5560,cache-updater,1,5.1.45,2022-01-19 12:15:15.680000+00:00,2023-07-30 00:00:00+00:00,556.4894018518519,post_resolution,CVE-2018-3258; CVE-2019-2692; CVE-2020-2934; CVE-2022-21363; CVE-2023-22102,right_censored_no_later_version
70,BungeeCord,MySQL,5562,bungeecord-proxy,1,5.1.22,2013-01-22 00:00:00+00:00,2013-03-15 00:00:00+00:00,52.0,pre_disclosure,CVE-2015-2575; CVE-2017-3523; CVE-2017-3586; CVE-2017-3589; CVE-2018-3258; CVE-2019-2692; CVE-2020-2934; CVE-2022-21363; CVE-2023-22102,version_changed
70,BungeeCord,MySQL,5563,bungeecord-proxy,1,5.1.24,2013-03-14 00:00:00+00:00,2013-07-18 00:00:00+00:00,126.0,pre_disclosure,CVE-2015-2575; CVE-2017-3523; CVE-2017-3586; CVE-2017-3589; CVE-2018-3258; CVE-2019-2692; CVE-2020-2934; CVE-2022-21363; CVE-2023-22102,version_changed
70,BungeeCord,MySQL,5564,bungeecord-bootstrap; bungeecord-proxy; bungeecord-proxy,2,5.1.25,2013-07-18 00:00:00+00:00,2014-01-03 00:00:00+00:00,169.0,pre_disclosure,CVE-2015-2575; CVE-2017-3523; CVE-2017-3586; CVE-2017-3589; CVE-2018-3258; CVE-2019-2692; CVE-2020-2934; CVE-2022-21363; CVE-2023-22102,version_changed
70,BungeeCord,MySQL,5565,bungeecord-bootstrap; bungeecord-proxy,2,5.1.28,2014-01-03 00:00:00+00:00,2014-04-01 00:00:00+00:00,88.0,pre_disclosure,CVE-2015-2575; CVE-2017-3523; CVE-2017-3586; CVE-2017-3589; CVE-2018-3258; CVE-2019-2692; CVE-2020-2934; CVE-2022-21363; CVE-2023-22102,version_changed
70,BungeeCord,MySQL,5566,bungeecord-bootstrap; bungeecord-proxy,2,5.1.29,2014-03-10 00:00:00+00:00,2014-05-15 00:00:00+00:00,66.0,pre_disclosure,CVE-2015-2575; CVE-2017-3523; CVE-2017-3586; CVE-2017-3589; CVE-2018-3258; CVE-2019-2692; CVE-2020-2934; CVE-2022-21363; CVE-2023-22102,version_changed
70,BungeeCord,MySQL,5567,bungeecord-bootstrap; bungeecord-proxy,2,5.1.30,2014-05-15 00:00:00+00:00,2014-12-13 00:00:00+00:00,212.0,pre_disclosure,CVE-2015-2575; CVE-2017-3523; CVE-2017-3586; CVE-2017-3589; CVE-2018-3258; CVE-2019-2692; CVE-2020-2934; CVE-2022-21363; CVE-2023-22102,version_changed
70,BungeeCord,MySQL,5568,bungeecord-bootstrap; bungeecord-proxy,2,5.1.32,2014-09-25 00:00:00+00:00,2015-02-08 00:00:00+00:00,136.0,pre_disclosure,CVE-2015-2575; CVE-2017-3523; CVE-2017-3586; CVE-2017-3589; CVE-2018-3258; CVE-2019-2692; CVE-2020-2934; CVE-2022-21363; CVE-2023-22102,version_changed
70,BungeeCord,MySQL,5569,bungeecord-bootstrap; bungeecord-proxy,2,5.1.34,2015-02-08 00:00:00+00:00,2015-04-16 17:00:07.253000+00:00,67.70841728009259,pre_disclosure,CVE-2015-2575; CVE-2017-3523; CVE-2017-3586; CVE-2017-3589; CVE-2018-3258; CVE-2019-2692; CVE-2020-2934; CVE-2022-21363; CVE-2023-22102,version_changed
70,BungeeCord,MySQL,5569,bungeecord-bootstrap; bungeecord-proxy,2,5.1.34,2015-04-16 17:00:07.253000+00:00,2015-05-08 10:55:46+00:00,21.746976238425926,post_disclosure,CVE-2015-2575; CVE-2017-3523; CVE-2017-3586; CVE-2017-3589; CVE-2018-3258; CVE-2019-2692; CVE-2020-2934; CVE-2022-21363; CVE-2023-22102,version_changed
70,BungeeCord,MySQL,5569,bungeecord-bootstrap; bungeecord-proxy,2,5.1.34,2015-05-08 10:55:46+00:00,2017-01-30 00:00:00+00:00,632.5446064814815,post_resolution,CVE-2015-2575; CVE-2017-3523; CVE-2017-3586; CVE-2017-3589; CVE-2018-3258; CVE-2019-2692; CVE-2020-2934; CVE-2022-21363; CVE-2023-22102,version_changed
70,BungeeCord,MySQL,5570,bungeecord-bootstrap; bungeecord-proxy,2,5.1.40,2017-01-30 00:00:00+00:00,2017-02-14 20:27:59+00:00,15.852766203703704,pre_disclosure,CVE-2017-3523; CVE-2017-3586; CVE-2017-3589; CVE-2018-3258; CVE-2019-2692; CVE-2020-2934; CVE-2022-21363; CVE-2023-22102,version_changed
70,BungeeCord,MySQL,5570,bungeecord-bootstrap; bungeecord-proxy,2,5.1.40,2017-02-14 20:27:59+00:00,2017-04-17 18:23:36+00:00,61.91362268518518,post_resolution,CVE-2017-3523; CVE-2017-3586; CVE-2017-3589; CVE-2018-3258; CVE-2019-2692; CVE-2020-2934; CVE-2022-21363; CVE-2023-22102,version_changed
70,BungeeCord,MySQL,5570,bungeecord-bootstrap; bungeecord-proxy,2,5.1.40,2017-04-17 18:23:36+00:00,2017-04-24 19:59:03.567000+00:00,7.066291284722222,post_resolution,CVE-2017-3523; CVE-2017-3586; CVE-2017-3589; CVE-2018-3258; CVE-2019-2692; CVE-2020-2934; CVE-2022-21363; CVE-2023-22102,version_changed
70,BungeeCord,MySQL,5570,bungeecord-bootstrap; bungeecord-proxy,2,5.1.40,2017-04-24 19:59:03.567000+00:00,2017-04-24 19:59:05.597000+00:00,2.3495370370370367e-05,post_resolution,CVE-2017-3523; CVE-2017-3586; CVE-2017-3589; CVE-2018-3258; CVE-2019-2692; CVE-2020-2934; CVE-2022-21363; CVE-2023-22102,version_changed
70,BungeeCord,MySQL,5570,bungeecord-bootstrap; bungeecord-proxy,2,5.1.40,2017-04-24 19:59:05.597000+00:00,2017-04-24 19:59:05.660000+00:00,7.291666666666666e-07,post_resolution,CVE-2017-3523; CVE-2017-3586; CVE-2017-3589; CVE-2018-3258; CVE-2019-2692; CVE-2020-2934; CVE-2022-21363; CVE-2023-22102,version_changed
70,BungeeCord,MySQL,5570,bungeecord-bootstrap; bungeecord-proxy,2,5.1.40,2017-04-24 19:59:05.660000+00:00,2017-06-08 00:00:00+00:00,44.16729560185185,post_resolution,CVE-2017-3523; CVE-2017-3586; CVE-2017-3589; CVE-2018-3258; CVE-2019-2692; CVE-2020-2934; CVE-2022-21363; CVE-2023-22102,version_changed
70,BungeeCord,MySQL,5571,bungeecord-bootstrap; bungeecord-proxy,2,5.1.42,2017-06-08 00:00:00+00:00,2017-08-06 00:00:00+00:00,59.0,pre_disclosure,CVE-2018-3258; CVE-2019-2692; CVE-2020-2934; CVE-2022-21363; CVE-2023-22102,version_changed
70,BungeeCord,MySQL,5572,bungeecord-bootstrap; bungeecord-proxy,2,5.1.43,2017-08-06 00:00:00+00:00,2017-11-18 00:00:00+00:00,104.0,pre_disclosure,CVE-2018-3258; CVE-2019-2692; CVE-2020-2934; CVE-2022-21363; CVE-2023-22102,version_changed
70,BungeeCord,MySQL,5573,bungeecord-bootstrap; bungeecord-proxy,2,5.1.44,2017-11-18 00:00:00+00:00,2018-01-07 00:00:00+00:00,50.0,pre_disclosure,CVE-2018-3258; CVE-2019-2692; CVE-2020-2934; CVE-2022-21363; CVE-2023-22102,version_changed
70,BungeeCord,MySQL,5574,bungeecord-bootstrap; bungeecord-proxy,2,5.1.45,2018-01-07 00:00:00+00:00,2018-06-03 00:00:00+00:00,147.0,pre_disclosure,CVE-2018-3258; CVE-2019-2692; CVE-2020-2934; CVE-2022-21363; CVE-2023-22102,version_changed
70,BungeeCord,MySQL,5575,bungeecord-bootstrap; bungeecord-proxy,2,5.1.46,2018-06-03 00:00:00+00:00,2018-09-27 09:18:47+00:00,116.38804398148149,pre_disclosure,CVE-2018-3258; CVE-2019-2692; CVE-2020-2934; CVE-2022-21363; CVE-2023-22102,version_changed
70,BungeeCord,MySQL,5575,bungeecord-bootstrap; bungeecord-proxy,2,5.1.46,2018-09-27 09:18:47+00:00,2018-10-17 01:31:27.230000+00:00,19.675465625,post_resolution,CVE-2018-3258; CVE-2019-2692; CVE-2020-2934; CVE-2022-21363; CVE-2023-22102,version_changed
70,BungeeCord,MySQL,5575,bungeecord-bootstrap; bungeecord-proxy,2,5.1.46,2018-10-17 01:31:27.230000+00:00,2018-10-23 00:00:00+00:00,5.936490393518519,post_resolution,CVE-2018-3258; CVE-2019-2692; CVE-2020-2934; CVE-2022-21363; CVE-2023-22102,version_changed
70,BungeeCord,MySQL,5576,bungeecord-bootstrap; bungeecord-proxy,2,5.1.47,2018-10-23 00:00:00+00:00,2019-03-20 19:08:52+00:00,148.79782407407407,post_resolution,CVE-2018-3258; CVE-2019-2692; CVE-2020-2934; CVE-2022-21363; CVE-2023-22102,version_changed
70,BungeeCord,MySQL,5576,bungeecord-bootstrap; bungeecord-proxy,2,5.1.47,2019-03-20 19:08:52+00:00,2019-04-23 19:32:55.880000+00:00,34.01671157407407,post_resolution,CVE-2018-3258; CVE-2019-2692; CVE-2020-2934; CVE-2022-21363; CVE-2023-22102,version_changed
70,BungeeCord,MySQL,5576,bungeecord-bootstrap; bungeecord-proxy,2,5.1.47,2019-04-23 19:32:55.880000+00:00,2019-12-01 00:00:00+00:00,221.18546435185186,post_resolution,CVE-2018-3258; CVE-2019-2692; CVE-2020-2934; CVE-2022-21363; CVE-2023-22102,version_changed
70,BungeeCord,MySQL,5577,bungeecord-bootstrap; bungeecord-proxy,2,5.1.48,2019-12-01 00:00:00+00:00,2020-04-15 14:15:36.453000+00:00,136.5941719097222,post_resolution,CVE-2018-3258; CVE-2019-2692; CVE-2020-2934; CVE-2022-21363; CVE-2023-22102,version_changed
70,BungeeCord,MySQL,5577,bungeecord-bootstrap; bungeecord-proxy,2,5.1.48,2020-04-15 14:15:36.453000+00:00,2020-07-14 00:00:00+00:00,89.40582809027778,post_resolution,CVE-2018-3258; CVE-2019-2692; CVE-2020-2934; CVE-2022-21363; CVE-2023-22102,version_changed
70,BungeeCord,MySQL,5577,bungeecord-bootstrap; bungeecord-proxy,2,5.1.48,2020-07-14 00:00:00+00:00,2021-01-24 00:00:00+00:00,194.0,post_resolution,CVE-2018-3258; CVE-2019-2692; CVE-2020-2934; CVE-2022-21363; CVE-2023-22102,version_changed
70,BungeeCord,MySQL,5578,bungeecord-bootstrap; bungeecord-proxy,2,5.1.49,2021-01-24 00:00:00+00:00,2021-11-22 00:00:00+00:00,302.0,post_resolution,CVE-2018-3258; CVE-2019-2692; CVE-2022-21363; CVE-2023-22102,version_changed
70,BungeeCord,MySQL,5579,bungeecord-bootstrap; bungeecord-proxy,2,8.0.27,2021-11-22 00:00:00+00:00,2021-12-16 00:25:41+00:00,24.017835648148147,pre_disclosure,CVE-2022-21363; CVE-2023-22102,version_changed
70,BungeeCord,MySQL,5579,bungeecord-bootstrap; bungeecord-proxy,2,8.0.27,2021-12-16 00:25:41+00:00,2022-01-19 12:15:15.680000+00:00,34.492762500000005,post_resolution,CVE-2022-21363; CVE-2023-22102,version_changed
70,BungeeCord,MySQL,5579,bungeecord-bootstrap; bungeecord-proxy,2,8.0.27,2022-01-19 12:15:15.680000+00:00,2022-06-08 00:00:00+00:00,139.48940185185185,post_resolution,CVE-2022-21363; CVE-2023-22102,version_changed
70,BungeeCord,MySQL,5580,bungeecord-bootstrap; bungeecord-proxy,2,8.0.29,2022-06-08 00:00:00+00:00,2023-03-15 00:00:00+00:00,280.0,pre_disclosure,CVE-2023-22102,version_changed
70,BungeeCord,MySQL,5581,bungeecord-bootstrap; bungeecord-proxy,2,8.0.32,2023-03-15 00:00:00+00:00,2023-04-21 00:00:00+00:00,37.0,pre_disclosure,CVE-2023-22102,version_changed
70,BungeeCord,MySQL,5582,bungeecord-bootstrap; bungeecord-proxy,2,8.0.33,2023-04-20 00:00:00+00:00,2023-09-17 00:00:00+00:00,150.0,pre_disclosure,CVE-2023-22102,version_changed
70,BungeeCord,MySQL,5583,bungeecord-bootstrap; bungeecord-proxy,2,8.1.0,2023-09-17 00:00:00+00:00,2023-10-17 22:15:15.100000+00:00,30.92725810185185,pre_disclosure,CVE-2023-22102,version_changed
70,BungeeCord,MySQL,5583,bungeecord-bootstrap; bungeecord-proxy,2,8.1.0,2023-10-17 22:15:15.100000+00:00,2023-10-25 08:46:05+00:00,7.438077546296297,post_disclosure,CVE-2023-22102,version_changed
70,BungeeCord,MySQL,5583,bungeecord-bootstrap; bungeecord-proxy,2,8.1.0,2023-10-25 08:46:05+00:00,2023-12-16 00:00:00+00:00,51.63466435185185,post_resolution,CVE-2023-22102,version_changed
70,BungeeCord,SQLite,5587,bungeecord-proxy,1,3.7.2,2013-05-03 00:00:00+00:00,2013-07-08 00:00:00+00:00,66.0,pre_disclosure,CVE-2023-32697,right_censored_no_later_version
71,spring-data-redis,Redis,5590,spring-data-redis,1,5.0.0.RELEASE,2017-10-02 00:00:00+00:00,2018-09-21 00:00:00+00:00,354.0,pre_disclosure,GHSA-q4h9-7rxj-7gx2,version_changed
71,spring-data-redis,Redis,5594,spring-data-redis,1,5.1.0.RELEASE,2018-09-21 00:00:00+00:00,2019-09-30 00:00:00+00:00,374.0,pre_disclosure,GHSA-q4h9-7rxj-7gx2,version_changed
71,spring-data-redis,Redis,5597,spring-data-redis,1,5.2.0.RELEASE,2019-09-30 00:00:00+00:00,2020-05-12 00:00:00+00:00,225.0,pre_disclosure,GHSA-q4h9-7rxj-7gx2,version_changed
71,spring-data-redis,Redis,5599,spring-data-redis,1,3.1.0,2019-09-30 00:00:00+00:00,2023-06-05 08:30:59+00:00,1344.3548495370371,pre_disclosure,CVE-2023-42809,version_changed
71,spring-data-redis,Redis,5599,spring-data-redis,1,3.1.0,2023-06-05 08:30:59+00:00,2023-06-08 00:00:00+00:00,2.6451504629629627,post_resolution,CVE-2023-42809,version_changed
71,spring-data-redis,Redis,5601,spring-data-redis,1,5.3.0.RELEASE,2020-05-12 00:00:00+00:00,2020-10-28 00:00:00+00:00,169.0,pre_disclosure,GHSA-q4h9-7rxj-7gx2,version_changed
71,spring-data-redis,Redis,5603,spring-data-redis,1,3.3.0,2020-05-12 00:00:00+00:00,2023-06-05 08:30:59+00:00,1119.3548495370371,pre_disclosure,CVE-2023-42809,version_changed
71,spring-data-redis,Redis,5603,spring-data-redis,1,3.3.0,2023-06-05 08:30:59+00:00,2023-10-04 20:15:10.263000+00:00,121.48901924768519,post_resolution,CVE-2023-42809,version_changed
71,spring-data-redis,Redis,5603,spring-data-redis,1,3.3.0,2023-10-04 20:15:10.263000+00:00,2024-05-21 00:00:00+00:00,229.15613121527778,post_resolution,CVE-2023-42809,version_changed
71,spring-data-redis,Redis,5605,spring-data-redis,1,6.0.1.RELEASE,2020-10-28 00:00:00+00:00,2021-04-14 00:00:00+00:00,168.0,pre_disclosure,GHSA-q4h9-7rxj-7gx2,version_changed
71,spring-data-redis,Redis,5606,spring-data-redis,1,2.5.0-SNAPSHOT,2020-10-28 00:00:00+00:00,2021-11-12 00:00:00+00:00,380.0,pre_disclosure,CVE-2023-42809,version_changed
71,spring-data-redis,Redis,5609,spring-data-redis,1,6.1.1.RELEASE,2021-04-14 00:00:00+00:00,2021-11-12 00:00:00+00:00,212.0,pre_disclosure,GHSA-q4h9-7rxj-7gx2,version_changed
71,spring-data-redis,Redis,5613,spring-data-redis,1,3.7.0,2021-11-12 00:00:00+00:00,2022-11-18 00:00:00+00:00,371.0,pre_disclosure,CVE-2023-42809,version_changed
71,spring-data-redis,Redis,5614,spring-data-redis,1,6.1.5.RELEASE,2021-11-12 00:00:00+00:00,2022-11-18 00:00:00+00:00,371.0,pre_disclosure,GHSA-q4h9-7rxj-7gx2,version_changed
71,spring-data-redis,Redis,5615,spring-data-redis,1,3.0.0,2022-11-18 00:00:00+00:00,2023-05-12 00:00:00+00:00,175.0,pre_disclosure,CVE-2023-42809,version_changed
71,spring-data-redis,Redis,5616,spring-data-redis,1,3.0.0-SNAPSHOT,2022-11-18 00:00:00+00:00,2023-05-12 00:00:00+00:00,175.0,pre_disclosure,CVE-2023-42809,version_changed
71,spring-data-redis,Redis,5618,spring-data-redis,1,6.2.1.RELEASE,2022-11-18 00:00:00+00:00,2023-05-12 00:00:00+00:00,175.0,pre_disclosure,GHSA-q4h9-7rxj-7gx2,version_changed
71,spring-data-redis,Redis,5621,spring-data-redis,1,6.2.4.RELEASE,2023-05-12 00:00:00+00:00,2023-08-04 00:00:00+00:00,84.0,pre_disclosure,GHSA-q4h9-7rxj-7gx2,version_changed
71,spring-data-redis,Redis,5625,spring-data-redis,1,6.2.5.RELEASE,2023-08-04 00:00:00+00:00,2023-08-16 00:00:00+00:00,12.0,pre_disclosure,GHSA-q4h9-7rxj-7gx2,version_changed
71,spring-data-redis,Redis,5626,spring-data-redis,1,6.2.6.RELEASE,2023-08-16 00:00:00+00:00,2023-11-01 00:00:00+00:00,77.0,pre_disclosure,GHSA-q4h9-7rxj-7gx2,version_changed
71,spring-data-redis,Redis,5633,spring-data-redis,1,6.3.0.BUILD-SNAPSHOT,2023-11-01 00:00:00+00:00,2023-11-15 00:00:00+00:00,14.0,pre_disclosure,GHSA-q4h9-7rxj-7gx2,version_changed
71,spring-data-redis,Redis,5635,spring-data-redis,1,6.3.0.RELEASE,2023-11-15 00:00:00+00:00,2024-01-10 00:00:00+00:00,56.0,pre_disclosure,GHSA-q4h9-7rxj-7gx2,version_changed
71,spring-data-redis,Redis,5636,spring-data-redis,1,3.2.0,2023-11-17 00:00:00+00:00,2024-01-10 00:00:00+00:00,54.0,post_resolution,CVE-2023-42809,version_changed
71,spring-data-redis,Redis,5638,spring-data-redis,1,6.3.1.RELEASE,2024-01-10 00:00:00+00:00,2024-03-13 00:00:00+00:00,63.0,pre_disclosure,GHSA-q4h9-7rxj-7gx2,version_changed
71,spring-data-redis,Redis,5640,spring-data-redis,1,6.3.2.RELEASE,2024-03-13 00:00:00+00:00,2024-08-22 00:00:00+00:00,162.0,pre_disclosure,GHSA-q4h9-7rxj-7gx2,version_changed
71,spring-data-redis,Redis,5645,spring-data-redis,1,6.4.0.RELEASE,2024-08-12 00:00:00+00:00,2024-11-14 00:00:00+00:00,94.0,pre_disclosure,GHSA-q4h9-7rxj-7gx2,version_changed
71,spring-data-redis,Redis,5650,spring-data-redis,1,6.4.1.RELEASE,2024-11-14 00:00:00+00:00,2024-12-01 20:35:13+00:00,17.857789351851853,pre_disclosure,GHSA-q4h9-7rxj-7gx2,version_changed
71,spring-data-redis,Redis,5650,spring-data-redis,1,6.4.1.RELEASE,2024-12-01 20:35:13+00:00,2024-12-02 20:03:03+00:00,0.977662037037037,post_resolution,GHSA-q4h9-7rxj-7gx2,version_changed
71,spring-data-redis,Redis,5650,spring-data-redis,1,6.4.1.RELEASE,2024-12-02 20:03:03+00:00,2024-12-12 00:00:00+00:00,9.164548611111112,post_resolution,GHSA-q4h9-7rxj-7gx2,version_changed
71,spring-data-redis,Redis,5651,spring-data-redis,1,3.4.0,2024-11-15 00:00:00+00:00,2024-12-12 00:00:00+00:00,27.0,post_resolution,CVE-2023-42809,version_changed
71,spring-data-redis,Redis,5660,spring-data-redis,1,3.5.0,2025-05-16 00:00:00+00:00,2025-07-02 00:00:00+00:00,47.0,post_resolution,CVE-2023-42809,version_changed
72,spring-batch,H2,5678,spring-batch-infrastructure,1,1.2.125,2009-12-19 00:00:00+00:00,2018-07-24 13:29:00.603000+00:00,3139.561812534722,pre_disclosure,CVE-2018-14335; CVE-2021-42392; CVE-2022-23221,version_changed
72,spring-batch,H2,5678,spring-batch-infrastructure,1,1.2.125,2018-07-24 13:29:00.603000+00:00,2019-02-22 14:41:59+00:00,213.0506758912037,post_disclosure,CVE-2018-14335; CVE-2021-42392; CVE-2022-23221,version_changed
72,spring-batch,H2,5678,spring-batch-infrastructure,1,1.2.125,2019-02-22 14:41:59+00:00,2021-01-29 00:00:00+00:00,706.3875115740741,post_resolution,CVE-2018-14335; CVE-2021-42392; CVE-2022-23221,version_changed
72,spring-batch,H2,5679,spring-batch-core,1,1.2.132,2010-12-19 00:00:00+00:00,2018-07-24 13:29:00.603000+00:00,2774.561812534722,pre_disclosure,CVE-2018-14335; CVE-2021-42392; CVE-2022-23221,version_changed
72,spring-batch,H2,5679,spring-batch-core,1,1.2.132,2018-07-24 13:29:00.603000+00:00,2019-02-22 14:41:59+00:00,213.0506758912037,post_disclosure,CVE-2018-14335; CVE-2021-42392; CVE-2022-23221,version_changed
72,spring-batch,H2,5679,spring-batch-core,1,1.2.132,2019-02-22 14:41:59+00:00,2021-01-29 00:00:00+00:00,706.3875115740741,post_resolution,CVE-2018-14335; CVE-2021-42392; CVE-2022-23221,version_changed
72,spring-batch,H2,5680,spring-batch-core; spring-batch-infrastructure,2,1.4.200,2021-01-29 00:00:00+00:00,2021-11-29 11:00:04+00:00,304.45837962962963,pre_disclosure,CVE-2021-23463; CVE-2021-42392; CVE-2022-23221; CVE-2022-45868,version_changed
72,spring-batch,H2,5680,spring-batch-core; spring-batch-infrastructure,2,1.4.200,2021-11-29 11:00:04+00:00,2021-12-10 20:15:07.917000+00:00,11.385462002314815,post_resolution,CVE-2021-23463; CVE-2021-42392; CVE-2022-23221; CVE-2022-45868,version_changed
72,spring-batch,H2,5680,spring-batch-core; spring-batch-infrastructure,2,1.4.200,2021-12-10 20:15:07.917000+00:00,2022-01-04 20:53:00+00:00,25.026297256944446,post_resolution,CVE-2021-23463; CVE-2021-42392; CVE-2022-23221; CVE-2022-45868,version_changed
72,spring-batch,H2,5680,spring-batch-core; spring-batch-infrastructure,2,1.4.200,2022-01-04 20:53:00+00:00,2022-01-10 14:10:23.643000+00:00,5.720412534722222,post_resolution,CVE-2021-23463; CVE-2021-42392; CVE-2022-23221; CVE-2022-45868,version_changed
72,spring-batch,H2,5680,spring-batch-core; spring-batch-infrastructure,2,1.4.200,2022-01-10 14:10:23.643000+00:00,2022-01-17 16:18:52+00:00,7.089217094907407,post_resolution,CVE-2021-23463; CVE-2021-42392; CVE-2022-23221; CVE-2022-45868,version_changed
72,spring-batch,H2,5680,spring-batch-core; spring-batch-infrastructure,2,1.4.200,2022-01-17 16:18:52+00:00,2022-01-19 17:15:09+00:00,2.039085648148148,post_resolution,CVE-2021-23463; CVE-2021-42392; CVE-2022-23221; CVE-2022-45868,version_changed
72,spring-batch,H2,5680,spring-batch-core; spring-batch-infrastructure,2,1.4.200,2022-01-19 17:15:09+00:00,2022-11-23 00:00:00+00:00,307.2811458333333,post_resolution,CVE-2021-23463; CVE-2021-42392; CVE-2022-23221; CVE-2022-45868,version_changed
72,spring-batch,H2,5681,spring-batch-core; spring-batch-infrastructure,2,2.1.214,2022-11-23 00:00:00+00:00,2022-11-23 21:15:11.360000+00:00,0.8855481481481482,pre_disclosure,CVE-2022-45868,version_changed
72,spring-batch,H2,5681,spring-batch-core; spring-batch-infrastructure,2,2.1.214,2022-11-23 21:15:11.360000+00:00,2023-07-05 14:57:30+00:00,223.73771574074075,post_disclosure,CVE-2022-45868,version_changed
72,spring-batch,H2,5681,spring-batch-core; spring-batch-infrastructure,2,2.1.214,2023-07-05 14:57:30+00:00,2023-07-13 00:00:00+00:00,7.376736111111111,post_resolution,CVE-2022-45868,version_changed
72,spring-batch,HyperSQL,5686,spring-batch-core; spring-batch-infrastructure; spring-batch-integration; spring-batch-jsr352-tck; spring-batch-samples; spring-batch-test; spring-batch-core; spring-batch-infrastructure; spring-batch-integration; spring-batch-samples; spring-batch-test,6,2.5.1,2021-01-29 00:00:00+00:00,2022-10-06 18:17:07.190000+00:00,615.7618887731481,pre_disclosure,CVE-2022-41853,version_changed
72,spring-batch,HyperSQL,5686,spring-batch-core; spring-batch-infrastructure; spring-batch-integration; spring-batch-jsr352-tck; spring-batch-samples; spring-batch-test; spring-batch-core; spring-batch-infrastructure; spring-batch-integration; spring-batch-samples; spring-batch-test,6,2.5.1,2022-10-06 18:17:07.190000+00:00,2022-10-22 14:19:43+00:00,15.835136689814815,post_disclosure,CVE-2022-41853,version_changed
72,spring-batch,HyperSQL,5686,spring-batch-core; spring-batch-infrastructure; spring-batch-integration; spring-batch-jsr352-tck; spring-batch-samples; spring-batch-test; spring-batch-core; spring-batch-infrastructure; spring-batch-integration; spring-batch-samples; spring-batch-test,6,2.5.1,2022-10-22 14:19:43+00:00,2022-11-23 00:00:00+00:00,31.402974537037036,post_resolution,CVE-2022-41853,version_changed
72,spring-batch,MongoDB,5713,spring-batch-infrastructure; spring-batch-samples,2,4.0.0,2022-11-23 00:00:00+00:00,2023-01-19 00:00:00+00:00,57.0,post_resolution,CVE-2021-20328,version_changed
72,spring-batch,MongoDB,5717,spring-batch-infrastructure; spring-batch-samples,2,4.0.2,2023-02-22 00:00:00+00:00,2023-05-05 00:00:00+00:00,72.0,post_resolution,CVE-2021-20328,version_changed
72,spring-batch,MySQL,5756,spring-batch-samples,1,5.1.6,2008-03-25 00:00:00+00:00,2015-04-16 17:00:07.253000+00:00,2578.7084172800924,pre_disclosure,CVE-2015-2575; CVE-2017-3523; CVE-2017-3586; CVE-2017-3589; CVE-2018-3258; CVE-2019-2692; CVE-2020-2934; CVE-2022-21363; CVE-2023-22102,version_changed
72,spring-batch,MySQL,5756,spring-batch-samples,1,5.1.6,2015-04-16 17:00:07.253000+00:00,2015-05-08 10:55:46+00:00,21.746976238425926,post_disclosure,CVE-2015-2575; CVE-2017-3523; CVE-2017-3586; CVE-2017-3589; CVE-2018-3258; CVE-2019-2692; CVE-2020-2934; CVE-2022-21363; CVE-2023-22102,version_changed
72,spring-batch,MySQL,5756,spring-batch-samples,1,5.1.6,2015-05-08 10:55:46+00:00,2017-02-14 20:27:59+00:00,648.3973726851851,post_resolution,CVE-2015-2575; CVE-2017-3523; CVE-2017-3586; CVE-2017-3589; CVE-2018-3258; CVE-2019-2692; CVE-2020-2934; CVE-2022-21363; CVE-2023-22102,version_changed
72,spring-batch,MySQL,5756,spring-batch-samples,1,5.1.6,2017-02-14 20:27:59+00:00,2017-04-17 18:23:36+00:00,61.91362268518518,post_resolution,CVE-2015-2575; CVE-2017-3523; CVE-2017-3586; CVE-2017-3589; CVE-2018-3258; CVE-2019-2692; CVE-2020-2934; CVE-2022-21363; CVE-2023-22102,version_changed
72,spring-batch,MySQL,5756,spring-batch-samples,1,5.1.6,2017-04-17 18:23:36+00:00,2017-04-24 19:59:03.567000+00:00,7.066291284722222,post_resolution,CVE-2015-2575; CVE-2017-3523; CVE-2017-3586; CVE-2017-3589; CVE-2018-3258; CVE-2019-2692; CVE-2020-2934; CVE-2022-21363; CVE-2023-22102,version_changed
72,spring-batch,MySQL,5756,spring-batch-samples,1,5.1.6,2017-04-24 19:59:03.567000+00:00,2017-04-24 19:59:05.597000+00:00,2.3495370370370367e-05,post_resolution,CVE-2015-2575; CVE-2017-3523; CVE-2017-3586; CVE-2017-3589; CVE-2018-3258; CVE-2019-2692; CVE-2020-2934; CVE-2022-21363; CVE-2023-22102,version_changed
72,spring-batch,MySQL,5756,spring-batch-samples,1,5.1.6,2017-04-24 19:59:05.597000+00:00,2017-04-24 19:59:05.660000+00:00,7.291666666666666e-07,post_resolution,CVE-2015-2575; CVE-2017-3523; CVE-2017-3586; CVE-2017-3589; CVE-2018-3258; CVE-2019-2692; CVE-2020-2934; CVE-2022-21363; CVE-2023-22102,version_changed
72,spring-batch,MySQL,5756,spring-batch-samples,1,5.1.6,2017-04-24 19:59:05.660000+00:00,2018-09-27 09:18:47+00:00,520.5553395833334,post_resolution,CVE-2015-2575; CVE-2017-3523; CVE-2017-3586; CVE-2017-3589; CVE-2018-3258; CVE-2019-2692; CVE-2020-2934; CVE-2022-21363; CVE-2023-22102,version_changed
72,spring-batch,MySQL,5756,spring-batch-samples,1,5.1.6,2018-09-27 09:18:47+00:00,2018-10-17 01:31:27.230000+00:00,19.675465625,post_resolution,CVE-2015-2575; CVE-2017-3523; CVE-2017-3586; CVE-2017-3589; CVE-2018-3258; CVE-2019-2692; CVE-2020-2934; CVE-2022-21363; CVE-2023-22102,version_changed
72,spring-batch,MySQL,5756,spring-batch-samples,1,5.1.6,2018-10-17 01:31:27.230000+00:00,2019-03-20 19:08:52+00:00,154.73431446759258,post_resolution,CVE-2015-2575; CVE-2017-3523; CVE-2017-3586; CVE-2017-3589; CVE-2018-3258; CVE-2019-2692; CVE-2020-2934; CVE-2022-21363; CVE-2023-22102,version_changed
72,spring-batch,MySQL,5756,spring-batch-samples,1,5.1.6,2019-03-20 19:08:52+00:00,2019-04-23 19:32:55.880000+00:00,34.01671157407407,post_resolution,CVE-2015-2575; CVE-2017-3523; CVE-2017-3586; CVE-2017-3589; CVE-2018-3258; CVE-2019-2692; CVE-2020-2934; CVE-2022-21363; CVE-2023-22102,version_changed
72,spring-batch,MySQL,5756,spring-batch-samples,1,5.1.6,2019-04-23 19:32:55.880000+00:00,2020-04-15 14:15:36.453000+00:00,357.77963626157407,post_resolution,CVE-2015-2575; CVE-2017-3523; CVE-2017-3586; CVE-2017-3589; CVE-2018-3258; CVE-2019-2692; CVE-2020-2934; CVE-2022-21363; CVE-2023-22102,version_changed
72,spring-batch,MySQL,5756,spring-batch-samples,1,5.1.6,2020-04-15 14:15:36.453000+00:00,2020-07-14 00:00:00+00:00,89.40582809027778,post_resolution,CVE-2015-2575; CVE-2017-3523; CVE-2017-3586; CVE-2017-3589; CVE-2018-3258; CVE-2019-2692; CVE-2020-2934; CVE-2022-21363; CVE-2023-22102,version_changed
72,spring-batch,MySQL,5756,spring-batch-samples,1,5.1.6,2020-07-14 00:00:00+00:00,2021-01-29 00:00:00+00:00,199.0,post_resolution,CVE-2015-2575; CVE-2017-3523; CVE-2017-3586; CVE-2017-3589; CVE-2018-3258; CVE-2019-2692; CVE-2020-2934; CVE-2022-21363; CVE-2023-22102,version_changed
72,spring-batch,MySQL,5757,spring-batch-core,1,8.0.22,2021-01-29 00:00:00+00:00,2021-09-28 18:17:43+00:00,242.76230324074075,pre_disclosure,CVE-2021-2471; CVE-2022-21363; CVE-2023-22102,version_changed
72,spring-batch,MySQL,5757,spring-batch-core,1,8.0.22,2021-09-28 18:17:43+00:00,2021-10-20 11:16:17.117000+00:00,21.70733931712963,post_resolution,CVE-2021-2471; CVE-2022-21363; CVE-2023-22102,version_changed
72,spring-batch,MySQL,5757,spring-batch-core,1,8.0.22,2021-10-20 11:16:17.117000+00:00,2021-12-16 00:25:41+00:00,56.548193090277785,post_resolution,CVE-2021-2471; CVE-2022-21363; CVE-2023-22102,version_changed
72,spring-batch,MySQL,5757,spring-batch-core,1,8.0.22,2021-12-16 00:25:41+00:00,2022-01-19 12:15:15.680000+00:00,34.492762500000005,post_resolution,CVE-2021-2471; CVE-2022-21363; CVE-2023-22102,version_changed
72,spring-batch,MySQL,5757,spring-batch-core,1,8.0.22,2022-01-19 12:15:15.680000+00:00,2022-11-23 00:00:00+00:00,307.4894018518519,post_resolution,CVE-2021-2471; CVE-2022-21363; CVE-2023-22102,version_changed
72,spring-batch,MySQL,5758,spring-batch-core,1,8.0.31,2022-11-23 00:00:00+00:00,2023-02-23 00:00:00+00:00,92.0,pre_disclosure,CVE-2023-22102,version_changed
72,spring-batch,MySQL,5759,spring-batch-core,1,8.0.32,2023-02-22 00:00:00+00:00,2023-05-17 00:00:00+00:00,84.0,pre_disclosure,CVE-2023-22102,version_changed
72,spring-batch,MySQL,5760,spring-batch-core,1,8.0.33,2023-05-17 00:00:00+00:00,2023-08-23 00:00:00+00:00,98.0,pre_disclosure,CVE-2023-22102,version_changed
72,spring-batch,MySQL,5761,spring-batch-core,1,8.1.0,2023-08-23 00:00:00+00:00,2023-10-17 22:15:15.100000+00:00,55.92725810185185,pre_disclosure,CVE-2023-22102,version_changed
72,spring-batch,MySQL,5761,spring-batch-core,1,8.1.0,2023-10-17 22:15:15.100000+00:00,2023-10-25 08:46:05+00:00,7.438077546296297,post_disclosure,CVE-2023-22102,version_changed
72,spring-batch,MySQL,5761,spring-batch-core,1,8.1.0,2023-10-25 08:46:05+00:00,2023-11-22 00:00:00+00:00,27.634664351851853,post_resolution,CVE-2023-22102,version_changed
72,spring-batch,PostgreSQL,5790,spring-batch-core,1,42.5.0,2022-11-23 00:00:00+00:00,2023-02-23 00:00:00+00:00,92.0,pre_disclosure,CVE-2026-42198,version_changed
72,spring-batch,PostgreSQL,5791,spring-batch-core,1,42.5.4,2023-02-22 00:00:00+00:00,2023-05-17 00:00:00+00:00,84.0,pre_disclosure,CVE-2026-42198,version_changed
72,spring-batch,PostgreSQL,5792,spring-batch-core,1,42.6.0,2023-05-17 00:00:00+00:00,2023-11-22 00:00:00+00:00,189.0,pre_disclosure,CVE-2026-42198,version_changed
72,spring-batch,PostgreSQL,5793,spring-batch-core,1,42.7.0,2023-11-22 00:00:00+00:00,2024-02-19 13:15:07.740000+00:00,89.55217291666666,pre_disclosure,CVE-2024-1597; CVE-2026-42198,version_changed
72,spring-batch,PostgreSQL,5793,spring-batch-core,1,42.7.0,2024-02-19 13:15:07.740000+00:00,2024-02-21 00:00:00+00:00,1.4478270833333333,post_disclosure,CVE-2024-1597; CVE-2026-42198,version_changed
72,spring-batch,PostgreSQL,5793,spring-batch-core,1,42.7.0,2024-02-21 00:00:00+00:00,2024-04-22 00:00:00+00:00,61.0,post_resolution,CVE-2024-1597; CVE-2026-42198,version_changed
72,spring-batch,PostgreSQL,5794,spring-batch-core,1,42.7.3,2024-04-22 00:00:00+00:00,2024-09-04 00:00:00+00:00,135.0,pre_disclosure,CVE-2026-42198,version_changed
72,spring-batch,PostgreSQL,5795,spring-batch-core; spring-batch-core; spring-batch-infrastructure,2,42.7.4,2024-09-04 00:00:00+00:00,2025-03-19 00:00:00+00:00,196.0,pre_disclosure,CVE-2025-49146; CVE-2026-42198,version_changed
72,spring-batch,PostgreSQL,5796,spring-batch-core; spring-batch-infrastructure,2,42.7.5,2025-03-19 00:00:00+00:00,2025-06-11 09:55:12+00:00,84.41333333333333,pre_disclosure,CVE-2025-49146; CVE-2026-42198,version_changed
72,spring-batch,PostgreSQL,5796,spring-batch-core; spring-batch-infrastructure,2,42.7.5,2025-06-11 09:55:12+00:00,2025-06-11 15:15:42.850000+00:00,0.2225792824074074,post_resolution,CVE-2025-49146; CVE-2026-42198,version_changed
72,spring-batch,PostgreSQL,5796,spring-batch-core; spring-batch-infrastructure,2,42.7.5,2025-06-11 15:15:42.850000+00:00,2025-07-16 00:00:00+00:00,34.36408738425926,post_resolution,CVE-2025-49146; CVE-2026-42198,version_changed
72,spring-batch,PostgreSQL,5797,spring-batch-core; spring-batch-infrastructure; spring-batch-core; spring-batch-infrastructure; spring-batch-samples,3,42.7.7,2025-07-16 00:00:00+00:00,2025-10-22 00:00:00+00:00,98.0,pre_disclosure,CVE-2026-42198,version_changed
72,spring-batch,PostgreSQL,5798,spring-batch-core; spring-batch-infrastructure; spring-batch-samples,3,42.7.8,2025-10-22 00:00:00+00:00,2025-12-17 00:00:00+00:00,56.0,pre_disclosure,CVE-2026-42198,right_censored_no_later_version
72,spring-batch,Redis,5803,spring-batch-infrastructure,1,3.2.0,2023-11-22 00:00:00+00:00,2024-01-22 00:00:00+00:00,61.0,post_resolution,CVE-2023-42809,version_changed
72,spring-batch,Redis,5809,spring-batch-infrastructure,1,3.4.0,2024-11-21 00:00:00+00:00,2024-12-18 00:00:00+00:00,27.0,post_resolution,CVE-2023-42809,version_changed
72,spring-batch,Redis,5810,spring-batch-infrastructure,1,3.4.1,2024-12-18 00:00:00+00:00,2025-03-19 00:00:00+00:00,91.0,post_resolution,CVE-2023-42809,version_changed
72,spring-batch,Redis,5811,spring-batch-infrastructure,1,3.4.4,2025-03-19 00:00:00+00:00,2025-03-21 00:00:00+00:00,2.0,post_resolution,CVE-2023-42809,version_changed
72,spring-batch,SQLite,5827,spring-batch-infrastructure,1,3.32.3.2,2021-01-29 00:00:00+00:00,2022-11-23 00:00:00+00:00,663.0,pre_disclosure,CVE-2023-32697,version_changed
72,spring-batch,SQLite,5828,spring-batch-core; spring-batch-infrastructure,2,3.39.4.0,2022-11-23 00:00:00+00:00,2023-02-23 00:00:00+00:00,92.0,pre_disclosure,CVE-2023-32697,version_changed
72,spring-batch,SQLite,5829,spring-batch-core; spring-batch-infrastructure,2,3.40.1.0,2023-02-22 00:00:00+00:00,2023-05-17 00:00:00+00:00,84.0,pre_disclosure,CVE-2023-32697,version_changed
72,spring-batch,SQLite,5830,spring-batch-core; spring-batch-infrastructure,2,3.41.2.1,2023-05-17 00:00:00+00:00,2023-05-19 10:50:50+00:00,2.4519675925925926,pre_disclosure,CVE-2023-32697,version_changed
72,spring-batch,SQLite,5830,spring-batch-core; spring-batch-infrastructure,2,3.41.2.1,2023-05-19 10:50:50+00:00,2023-05-23 23:15:09.337000+00:00,4.516890474537037,post_resolution,CVE-2023-32697,version_changed
72,spring-batch,SQLite,5830,spring-batch-core; spring-batch-infrastructure,2,3.41.2.1,2023-05-23 23:15:09.337000+00:00,2023-07-13 00:00:00+00:00,50.03114193287037,post_resolution,CVE-2023-32697,version_changed
73,springdoc-openapi,H2,5856,springdoc-openapi-data-rest; springdoc-openapi-data-rest; springdoc-openapi-hateoas,2,1.4.200,2019-12-05 00:00:00+00:00,2021-11-29 11:00:04+00:00,725.4583796296296,pre_disclosure,CVE-2021-23463; CVE-2021-42392; CVE-2022-23221; CVE-2022-45868,version_changed
73,springdoc-openapi,H2,5856,springdoc-openapi-data-rest; springdoc-openapi-data-rest; springdoc-openapi-hateoas,2,1.4.200,2021-11-29 11:00:04+00:00,2021-12-10 20:15:07.917000+00:00,11.385462002314815,post_resolution,CVE-2021-23463; CVE-2021-42392; CVE-2022-23221; CVE-2022-45868,version_changed
73,springdoc-openapi,H2,5856,springdoc-openapi-data-rest; springdoc-openapi-data-rest; springdoc-openapi-hateoas,2,1.4.200,2021-12-10 20:15:07.917000+00:00,2022-01-04 20:53:00+00:00,25.026297256944446,post_resolution,CVE-2021-23463; CVE-2021-42392; CVE-2022-23221; CVE-2022-45868,version_changed
73,springdoc-openapi,H2,5856,springdoc-openapi-data-rest; springdoc-openapi-data-rest; springdoc-openapi-hateoas,2,1.4.200,2022-01-04 20:53:00+00:00,2022-01-10 14:10:23.643000+00:00,5.720412534722222,post_resolution,CVE-2021-23463; CVE-2021-42392; CVE-2022-23221; CVE-2022-45868,version_changed
73,springdoc-openapi,H2,5856,springdoc-openapi-data-rest; springdoc-openapi-data-rest; springdoc-openapi-hateoas,2,1.4.200,2022-01-10 14:10:23.643000+00:00,2022-01-17 16:18:52+00:00,7.089217094907407,post_resolution,CVE-2021-23463; CVE-2021-42392; CVE-2022-23221; CVE-2022-45868,version_changed
73,springdoc-openapi,H2,5856,springdoc-openapi-data-rest; springdoc-openapi-data-rest; springdoc-openapi-hateoas,2,1.4.200,2022-01-17 16:18:52+00:00,2022-01-19 17:15:09+00:00,2.039085648148148,post_resolution,CVE-2021-23463; CVE-2021-42392; CVE-2022-23221; CVE-2022-45868,version_changed
73,springdoc-openapi,H2,5856,springdoc-openapi-data-rest; springdoc-openapi-data-rest; springdoc-openapi-hateoas,2,1.4.200,2022-01-19 17:15:09+00:00,2022-07-30 00:00:00+00:00,191.28114583333334,post_resolution,CVE-2021-23463; CVE-2021-42392; CVE-2022-23221; CVE-2022-45868,version_changed
73,springdoc-openapi,H2,5857,springdoc-openapi-data-rest-tests; springdoc-openapi-hateoas-tests,2,2.1.212,2022-07-30 00:00:00+00:00,2022-08-06 00:00:00+00:00,7.0,pre_disclosure,CVE-2022-45868,version_changed
73,springdoc-openapi,H2,5858,springdoc-openapi-data-rest-tests; springdoc-openapi-hateoas-tests,2,2.1.214,2022-08-06 00:00:00+00:00,2022-11-23 21:15:11.360000+00:00,109.88554814814815,pre_disclosure,CVE-2022-45868,version_changed
73,springdoc-openapi,H2,5858,springdoc-openapi-data-rest-tests; springdoc-openapi-hateoas-tests,2,2.1.214,2022-11-23 21:15:11.360000+00:00,2023-07-05 14:57:30+00:00,223.73771574074075,post_disclosure,CVE-2022-45868,version_changed
73,springdoc-openapi,H2,5858,springdoc-openapi-data-rest-tests; springdoc-openapi-hateoas-tests,2,2.1.214,2023-07-05 14:57:30+00:00,2023-12-03 00:00:00+00:00,150.37673611111111,post_resolution,CVE-2022-45868,version_changed
76,thingsboard,Cassandra,5861,application; dao,2,3.4,2016-12-01 00:00:00+00:00,2020-06-11 00:00:00+00:00,1288.0,pre_disclosure,CVE-2020-13946,version_changed
76,thingsboard,Hazelcast,5875,application; coap; dao; http; mqtt; transport; application; dao,6,3.6.1,2016-12-01 00:00:00+00:00,2017-01-21 00:00:00+00:00,51.0,pre_disclosure,CVE-2016-10750; CVE-2023-33265; CVE-2023-45860,right_censored_no_later_version
76,thingsboard,Hazelcast,5876,application; coap; dao; http; mqtt; transport; application; dao,6,3.6.6,2016-12-01 00:00:00+00:00,2017-01-21 00:00:00+00:00,51.0,pre_disclosure,CVE-2016-10750; CVE-2023-33265; CVE-2023-45860,right_censored_no_later_version
76,thingsboard,HyperSQL,5877,application; dao; tb; tb-node,4,2.5.0,2020-06-11 00:00:00+00:00,2021-07-08 00:00:00+00:00,392.0,pre_disclosure,CVE-2022-41853,version_changed
76,thingsboard,HyperSQL,5878,application; dao; application; dao; tb; tb-node,4,2.6.0,2021-07-08 00:00:00+00:00,2021-11-04 00:00:00+00:00,119.0,pre_disclosure,CVE-2022-41853,version_changed
76,thingsboard,HyperSQL,5879,application; dao,2,2.6.1,2021-11-04 00:00:00+00:00,2021-12-16 00:00:00+00:00,42.0,pre_disclosure,CVE-2022-41853,right_censored_no_later_version
76,thingsboard,PostgreSQL,5882,application; dao; rule-engine-components; tb; tb-node,5,9.4.1212,2020-06-11 00:00:00+00:00,2021-02-09 00:00:00+00:00,243.0,post_resolution,CVE-2018-10936; CVE-2022-41946,version_changed
76,thingsboard,PostgreSQL,5883,application; dao; rule-engine-components; tb; tb-node,5,42.2.16,2021-02-09 00:00:00+00:00,2021-05-27 00:00:00+00:00,107.0,pre_disclosure,CVE-2022-26520; CVE-2026-42198; GHSA-673j-qm5f-xpv8,version_changed
76,thingsboard,PostgreSQL,5884,application; dao; rule-engine-components; tb; tb-node,5,42.2.20,2021-05-27 00:00:00+00:00,2022-02-15 19:06:43+00:00,264.7963310185185,pre_disclosure,CVE-2022-26520; CVE-2026-42198; GHSA-673j-qm5f-xpv8,version_changed
76,thingsboard,PostgreSQL,5884,application; dao; rule-engine-components; tb; tb-node,5,42.2.20,2022-02-15 19:06:43+00:00,2022-02-16 00:08:18+00:00,0.20943287037037037,post_resolution,CVE-2022-26520; CVE-2026-42198; GHSA-673j-qm5f-xpv8,version_changed
76,thingsboard,PostgreSQL,5884,application; dao; rule-engine-components; tb; tb-node,5,42.2.20,2022-02-16 00:08:18+00:00,2022-03-10 17:47:45.810000+00:00,22.735738541666667,post_resolution,CVE-2022-26520; CVE-2026-42198; GHSA-673j-qm5f-xpv8,version_changed
76,thingsboard,PostgreSQL,5884,application; dao; rule-engine-components; tb; tb-node,5,42.2.20,2022-03-10 17:47:45.810000+00:00,2022-11-23 00:00:00+00:00,257.25849756944444,post_resolution,CVE-2022-26520; CVE-2026-42198; GHSA-673j-qm5f-xpv8,version_changed
76,thingsboard,PostgreSQL,5885,application; dao; rule-engine-components; tb; tb-node,5,42.5.0,2022-11-23 00:00:00+00:00,2024-04-08 00:00:00+00:00,502.0,pre_disclosure,CVE-2026-42198,version_changed
76,thingsboard,PostgreSQL,5886,application; dao; rule-engine-components; tb; tb-node,5,42.7.3,2024-04-04 00:00:00+00:00,2025-05-14 00:00:00+00:00,405.0,pre_disclosure,CVE-2026-42198,version_changed
76,thingsboard,PostgreSQL,5887,application; dao; rule-engine-components; tb; tb-node,5,42.7.5,2025-05-14 00:00:00+00:00,2025-06-11 09:55:12+00:00,28.413333333333334,pre_disclosure,CVE-2025-49146; CVE-2026-42198,version_changed
76,thingsboard,PostgreSQL,5887,application; dao; rule-engine-components; tb; tb-node,5,42.7.5,2025-06-11 09:55:12+00:00,2025-06-11 15:15:42.850000+00:00,0.2225792824074074,post_resolution,CVE-2025-49146; CVE-2026-42198,version_changed
76,thingsboard,PostgreSQL,5887,application; dao; rule-engine-components; tb; tb-node,5,42.7.5,2025-06-11 15:15:42.850000+00:00,2025-06-19 00:00:00+00:00,7.36408738425926,post_resolution,CVE-2025-49146; CVE-2026-42198,version_changed
76,thingsboard,PostgreSQL,5888,application; dao; rule-engine-components; tb; tb-node,5,42.7.7,2025-06-19 00:00:00+00:00,2026-01-07 00:00:00+00:00,202.0,pre_disclosure,CVE-2026-42198,right_censored_no_later_version
76,thingsboard,Redis,5890,application; cache; coap; coap-server; dao; http; lwm2m; mqtt; rule-engine-api; rule-engine-components; snmp; tb; tb-node; transport-api; application; dao; rule-engine-components; tb; tb-node,14,3.1.0,2020-06-11 00:00:00+00:00,2023-06-05 08:30:59+00:00,1089.3548495370371,pre_disclosure,CVE-2023-42809,version_changed
76,thingsboard,Redis,5890,application; cache; coap; coap-server; dao; http; lwm2m; mqtt; rule-engine-api; rule-engine-components; snmp; tb; tb-node; transport-api; application; dao; rule-engine-components; tb; tb-node,14,3.1.0,2023-06-05 08:30:59+00:00,2023-10-04 20:15:10.263000+00:00,121.48901924768519,post_resolution,CVE-2023-42809,version_changed
76,thingsboard,Redis,5890,application; cache; coap; coap-server; dao; http; lwm2m; mqtt; rule-engine-api; rule-engine-components; snmp; tb; tb-node; transport-api; application; dao; rule-engine-components; tb; tb-node,14,3.1.0,2023-10-04 20:15:10.263000+00:00,2024-04-25 00:00:00+00:00,203.15613121527778,post_resolution,CVE-2023-42809,version_changed
76,thingsboard,Redis,5892,application; cache; coap; coap-server; dao; http; lwm2m; mqtt; rule-engine-components; snmp; tb; tb-node; transport-api; application; cache; coap; coap-server; dao; http; lwm2m; mqtt; rule-engine-components; tb; tb-node; transport-api; application; cache; coap; dao; http; lwm2m; mqtt; rule-engine-components; tb; tb-node; transport-api; application; dao; lwm2m; rule-engine-components; tb; tb-node; application; dao; rule-engine-components; tb; tb-node,13,3.3.0,2020-11-16 00:00:00+00:00,2022-04-08 00:00:00+00:00,508.0,pre_disclosure,CVE-2023-42809,version_changed
76,thingsboard,Redis,5895,application; cache; coap; coap-server; dao; http; lwm2m; mqtt; rule-engine-components; snmp; tb; tb-node; transport-api,13,3.7.1,2022-04-08 00:00:00+00:00,2023-04-13 00:00:00+00:00,370.0,pre_disclosure,CVE-2023-42809,version_changed
76,thingsboard,Redis,5898,application; cache; coap; coap-server; dao; http; lwm2m; mqtt; rule-engine-components; snmp; tb; tb-node; transport-api,13,3.8.0,2023-04-13 00:00:00+00:00,2023-06-05 08:30:59+00:00,53.35484953703704,pre_disclosure,CVE-2023-42809,version_changed
76,thingsboard,Redis,5898,application; cache; coap; coap-server; dao; http; lwm2m; mqtt; rule-engine-components; snmp; tb; tb-node; transport-api,13,3.8.0,2023-06-05 08:30:59+00:00,2023-10-04 20:15:10.263000+00:00,121.48901924768519,post_resolution,CVE-2023-42809,version_changed
76,thingsboard,Redis,5898,application; cache; coap; coap-server; dao; http; lwm2m; mqtt; rule-engine-components; snmp; tb; tb-node; transport-api,13,3.8.0,2023-10-04 20:15:10.263000+00:00,2024-03-20 00:00:00+00:00,167.15613121527778,post_resolution,CVE-2023-42809,version_changed
77,undertow,H2,5907,undertow-core,1,1.3.172,2013-12-16 00:00:00+00:00,2014-01-29 00:00:00+00:00,44.0,pre_disclosure,CVE-2018-14335; CVE-2021-42392; CVE-2022-23221,version_changed
77,undertow,H2,5908,undertow-core; undertow-core; undertow-http2-test-suite,2,1.3.175,2014-01-29 00:00:00+00:00,2018-07-12 00:00:00+00:00,1625.0,pre_disclosure,CVE-2018-14335; CVE-2021-42392; CVE-2022-23221,version_changed
77,undertow,H2,5909,undertow-core,1,1.4.197,2018-07-12 00:00:00+00:00,2018-07-24 13:29:00.603000+00:00,12.56181253472222,pre_disclosure,CVE-2018-14335; CVE-2021-42392; CVE-2022-23221,version_changed
77,undertow,H2,5909,undertow-core,1,1.4.197,2018-07-24 13:29:00.603000+00:00,2019-02-22 14:41:59+00:00,213.0506758912037,post_disclosure,CVE-2018-14335; CVE-2021-42392; CVE-2022-23221,version_changed
77,undertow,H2,5909,undertow-core,1,1.4.197,2019-02-22 14:41:59+00:00,2020-05-15 00:00:00+00:00,447.3875115740741,post_resolution,CVE-2018-14335; CVE-2021-42392; CVE-2022-23221,version_changed
77,undertow,H2,5910,undertow-core,1,1.4.200,2020-04-17 00:00:00+00:00,2021-11-29 11:00:04+00:00,591.4583796296296,pre_disclosure,CVE-2021-23463; CVE-2021-42392; CVE-2022-23221; CVE-2022-45868,version_changed
77,undertow,H2,5910,undertow-core,1,1.4.200,2021-11-29 11:00:04+00:00,2021-12-10 20:15:07.917000+00:00,11.385462002314815,post_resolution,CVE-2021-23463; CVE-2021-42392; CVE-2022-23221; CVE-2022-45868,version_changed
77,undertow,H2,5910,undertow-core,1,1.4.200,2021-12-10 20:15:07.917000+00:00,2022-01-04 20:53:00+00:00,25.026297256944446,post_resolution,CVE-2021-23463; CVE-2021-42392; CVE-2022-23221; CVE-2022-45868,version_changed
77,undertow,H2,5910,undertow-core,1,1.4.200,2022-01-04 20:53:00+00:00,2022-01-10 14:10:23.643000+00:00,5.720412534722222,post_resolution,CVE-2021-23463; CVE-2021-42392; CVE-2022-23221; CVE-2022-45868,version_changed
77,undertow,H2,5910,undertow-core,1,1.4.200,2022-01-10 14:10:23.643000+00:00,2022-01-17 16:18:52+00:00,7.089217094907407,post_resolution,CVE-2021-23463; CVE-2021-42392; CVE-2022-23221; CVE-2022-45868,version_changed
77,undertow,H2,5910,undertow-core,1,1.4.200,2022-01-17 16:18:52+00:00,2022-01-19 17:15:09+00:00,2.039085648148148,post_resolution,CVE-2021-23463; CVE-2021-42392; CVE-2022-23221; CVE-2022-45868,version_changed
77,undertow,H2,5910,undertow-core,1,1.4.200,2022-01-19 17:15:09+00:00,2022-10-12 00:00:00+00:00,265.2811458333333,post_resolution,CVE-2021-23463; CVE-2021-42392; CVE-2022-23221; CVE-2022-45868,version_changed
77,undertow,H2,5911,undertow-core,1,2.1.214,2022-10-12 00:00:00+00:00,2022-11-23 21:15:11.360000+00:00,42.885548148148146,pre_disclosure,CVE-2022-45868,right_censored_no_later_version
77,undertow,H2,5911,undertow-core,1,2.1.214,2022-11-23 21:15:11.360000+00:00,2023-07-05 14:57:30+00:00,223.73771574074075,post_disclosure,CVE-2022-45868,right_censored_no_later_version
77,undertow,H2,5911,undertow-core,1,2.1.214,2023-07-05 14:57:30+00:00,2025-10-17 00:00:00+00:00,834.3767361111111,post_resolution,CVE-2022-45868,right_censored_no_later_version
78,UniversalMediaServer,H2,5912,ums,1,2.1.212,2022-05-24 00:00:00+00:00,2022-06-16 00:00:00+00:00,23.0,pre_disclosure,CVE-2022-45868,version_changed
78,UniversalMediaServer,H2,5913,ums,1,2.1.214,2022-06-16 00:00:00+00:00,2022-11-23 21:15:11.360000+00:00,160.88554814814813,pre_disclosure,CVE-2022-45868,version_changed
78,UniversalMediaServer,H2,5913,ums,1,2.1.214,2022-11-23 21:15:11.360000+00:00,2023-07-05 14:57:30+00:00,223.73771574074075,post_disclosure,CVE-2022-45868,version_changed
78,UniversalMediaServer,H2,5913,ums,1,2.1.214,2023-07-05 14:57:30+00:00,2024-05-05 00:00:00+00:00,304.3767361111111,post_resolution,CVE-2022-45868,version_changed
79,modeldb,H2,5918,modeldb,1,1.4.200,2022-08-25 00:00:00+00:00,2022-09-02 00:00:00+00:00,8.0,post_resolution,CVE-2021-23463; CVE-2021-42392; CVE-2022-23221; CVE-2022-45868,version_changed
79,modeldb,H2,5919,common; common; modeldb,2,2.1.214,2022-08-25 00:00:00+00:00,2022-11-23 21:15:11.360000+00:00,90.88554814814815,pre_disclosure,CVE-2022-45868,version_changed
79,modeldb,H2,5919,common; common; modeldb,2,2.1.214,2022-11-23 21:15:11.360000+00:00,2023-07-05 14:57:30+00:00,223.73771574074075,post_disclosure,CVE-2022-45868,version_changed
79,modeldb,H2,5919,common; common; modeldb,2,2.1.214,2023-07-05 14:57:30+00:00,2023-07-12 00:00:00+00:00,6.376736111111111,post_resolution,CVE-2022-45868,version_changed
79,modeldb,MS SQL Server_Microsoft Azure SQL Database,5923,common; modeldb,2,9.5.0-SNAPSHOT.jre8-preview,2022-03-10 00:00:00+00:00,2022-09-12 00:00:00+00:00,186.0,pre_disclosure,CVE-2025-59250,version_changed
79,modeldb,MS SQL Server_Microsoft Azure SQL Database,5924,common; modeldb,2,9.5.0.jre11-preview,2022-09-09 00:00:00+00:00,2024-01-02 00:00:00+00:00,480.0,pre_disclosure,CVE-2025-59250,version_changed
79,modeldb,MS SQL Server_Microsoft Azure SQL Database,5925,common; modeldb,2,12.5.0.jre11-preview,2024-01-02 00:00:00+00:00,2024-02-07 00:00:00+00:00,36.0,pre_disclosure,CVE-2025-59250,version_changed
79,modeldb,PostgreSQL,5934,common; modeldb,2,42.2.25,2022-03-10 00:00:00+00:00,2022-03-10 17:47:45.810000+00:00,0.7415024305555555,post_resolution,CVE-2022-26520; CVE-2026-42198; GHSA-673j-qm5f-xpv8,version_changed
79,modeldb,PostgreSQL,5934,common; modeldb,2,42.2.25,2022-03-10 17:47:45.810000+00:00,2022-03-17 00:00:00+00:00,6.258497569444444,post_resolution,CVE-2022-26520; CVE-2026-42198; GHSA-673j-qm5f-xpv8,version_changed
79,modeldb,PostgreSQL,5935,common; modeldb,2,42.3.3,2022-03-17 00:00:00+00:00,2022-08-03 19:15:08.630000+00:00,139.8021832175926,pre_disclosure,CVE-2022-31197; CVE-2022-41946; CVE-2026-42198,version_changed
79,modeldb,PostgreSQL,5935,common; modeldb,2,42.3.3,2022-08-03 19:15:08.630000+00:00,2022-08-08 00:00:00+00:00,4.197816782407408,post_disclosure,CVE-2022-31197; CVE-2022-41946; CVE-2026-42198,version_changed
79,modeldb,PostgreSQL,5936,common; modeldb,2,42.4.1,2022-08-08 00:00:00+00:00,2022-09-07 00:00:00+00:00,30.0,pre_disclosure,CVE-2026-42198,version_changed
79,modeldb,PostgreSQL,5937,common; modeldb,2,42.5.0,2022-09-06 00:00:00+00:00,2022-12-15 00:00:00+00:00,100.0,pre_disclosure,CVE-2026-42198,right_censored_no_later_version
80,Saturn,H2,5938,saturn-console; saturn-console-api; saturn-console-old; saturn-it; saturn-console; saturn-console-api; saturn-it; saturn-console; saturn-console-old; saturn-it; saturn-console; saturn-it; saturn-it,4,1.4.192,2017-07-18 00:00:00+00:00,2018-07-24 13:29:00.603000+00:00,371.5618125347222,pre_disclosure,CVE-2018-14335; CVE-2021-42392; CVE-2022-23221,right_censored_no_later_version
80,Saturn,H2,5938,saturn-console; saturn-console-api; saturn-console-old; saturn-it; saturn-console; saturn-console-api; saturn-it; saturn-console; saturn-console-old; saturn-it; saturn-console; saturn-it; saturn-it,4,1.4.192,2018-07-24 13:29:00.603000+00:00,2019-02-22 14:41:59+00:00,213.0506758912037,post_disclosure,CVE-2018-14335; CVE-2021-42392; CVE-2022-23221,right_censored_no_later_version
80,Saturn,H2,5938,saturn-console; saturn-console-api; saturn-console-old; saturn-it; saturn-console; saturn-console-api; saturn-it; saturn-console; saturn-console-old; saturn-it; saturn-console; saturn-it; saturn-it,4,1.4.192,2019-02-22 14:41:59+00:00,2020-07-28 00:00:00+00:00,521.3875115740741,post_resolution,CVE-2018-14335; CVE-2021-42392; CVE-2022-23221,right_censored_no_later_version
80,Saturn,MySQL,5939,saturn-console; saturn-console; saturn-console-api; saturn-console-old; saturn-it; saturn-console; saturn-console-api; saturn-it; saturn-console; saturn-console-old; saturn-it; saturn-console; saturn-it,4,5.1.34,2017-04-10 00:00:00+00:00,2017-04-17 18:23:36+00:00,7.766388888888889,post_resolution,CVE-2015-2575; CVE-2017-3523; CVE-2017-3586; CVE-2017-3589; CVE-2018-3258; CVE-2019-2692; CVE-2020-2934; CVE-2022-21363; CVE-2023-22102,right_censored_no_later_version
80,Saturn,MySQL,5939,saturn-console; saturn-console; saturn-console-api; saturn-console-old; saturn-it; saturn-console; saturn-console-api; saturn-it; saturn-console; saturn-console-old; saturn-it; saturn-console; saturn-it,4,5.1.34,2017-04-17 18:23:36+00:00,2017-04-24 19:59:03.567000+00:00,7.066291284722222,post_resolution,CVE-2015-2575; CVE-2017-3523; CVE-2017-3586; CVE-2017-3589; CVE-2018-3258; CVE-2019-2692; CVE-2020-2934; CVE-2022-21363; CVE-2023-22102,right_censored_no_later_version
80,Saturn,MySQL,5939,saturn-console; saturn-console; saturn-console-api; saturn-console-old; saturn-it; saturn-console; saturn-console-api; saturn-it; saturn-console; saturn-console-old; saturn-it; saturn-console; saturn-it,4,5.1.34,2017-04-24 19:59:03.567000+00:00,2017-04-24 19:59:05.597000+00:00,2.3495370370370367e-05,post_resolution,CVE-2015-2575; CVE-2017-3523; CVE-2017-3586; CVE-2017-3589; CVE-2018-3258; CVE-2019-2692; CVE-2020-2934; CVE-2022-21363; CVE-2023-22102,right_censored_no_later_version
80,Saturn,MySQL,5939,saturn-console; saturn-console; saturn-console-api; saturn-console-old; saturn-it; saturn-console; saturn-console-api; saturn-it; saturn-console; saturn-console-old; saturn-it; saturn-console; saturn-it,4,5.1.34,2017-04-24 19:59:05.597000+00:00,2017-04-24 19:59:05.660000+00:00,7.291666666666666e-07,post_resolution,CVE-2015-2575; CVE-2017-3523; CVE-2017-3586; CVE-2017-3589; CVE-2018-3258; CVE-2019-2692; CVE-2020-2934; CVE-2022-21363; CVE-2023-22102,right_censored_no_later_version
80,Saturn,MySQL,5939,saturn-console; saturn-console; saturn-console-api; saturn-console-old; saturn-it; saturn-console; saturn-console-api; saturn-it; saturn-console; saturn-console-old; saturn-it; saturn-console; saturn-it,4,5.1.34,2017-04-24 19:59:05.660000+00:00,2018-09-27 09:18:47+00:00,520.5553395833334,post_resolution,CVE-2015-2575; CVE-2017-3523; CVE-2017-3586; CVE-2017-3589; CVE-2018-3258; CVE-2019-2692; CVE-2020-2934; CVE-2022-21363; CVE-2023-22102,right_censored_no_later_version
80,Saturn,MySQL,5939,saturn-console; saturn-console; saturn-console-api; saturn-console-old; saturn-it; saturn-console; saturn-console-api; saturn-it; saturn-console; saturn-console-old; saturn-it; saturn-console; saturn-it,4,5.1.34,2018-09-27 09:18:47+00:00,2018-10-17 01:31:27.230000+00:00,19.675465625,post_resolution,CVE-2015-2575; CVE-2017-3523; CVE-2017-3586; CVE-2017-3589; CVE-2018-3258; CVE-2019-2692; CVE-2020-2934; CVE-2022-21363; CVE-2023-22102,right_censored_no_later_version
80,Saturn,MySQL,5939,saturn-console; saturn-console; saturn-console-api; saturn-console-old; saturn-it; saturn-console; saturn-console-api; saturn-it; saturn-console; saturn-console-old; saturn-it; saturn-console; saturn-it,4,5.1.34,2018-10-17 01:31:27.230000+00:00,2019-03-20 19:08:52+00:00,154.73431446759258,post_resolution,CVE-2015-2575; CVE-2017-3523; CVE-2017-3586; CVE-2017-3589; CVE-2018-3258; CVE-2019-2692; CVE-2020-2934; CVE-2022-21363; CVE-2023-22102,right_censored_no_later_version
80,Saturn,MySQL,5939,saturn-console; saturn-console; saturn-console-api; saturn-console-old; saturn-it; saturn-console; saturn-console-api; saturn-it; saturn-console; saturn-console-old; saturn-it; saturn-console; saturn-it,4,5.1.34,2019-03-20 19:08:52+00:00,2019-04-23 19:32:55.880000+00:00,34.01671157407407,post_resolution,CVE-2015-2575; CVE-2017-3523; CVE-2017-3586; CVE-2017-3589; CVE-2018-3258; CVE-2019-2692; CVE-2020-2934; CVE-2022-21363; CVE-2023-22102,right_censored_no_later_version
80,Saturn,MySQL,5939,saturn-console; saturn-console; saturn-console-api; saturn-console-old; saturn-it; saturn-console; saturn-console-api; saturn-it; saturn-console; saturn-console-old; saturn-it; saturn-console; saturn-it,4,5.1.34,2019-04-23 19:32:55.880000+00:00,2020-04-15 14:15:36.453000+00:00,357.77963626157407,post_resolution,CVE-2015-2575; CVE-2017-3523; CVE-2017-3586; CVE-2017-3589; CVE-2018-3258; CVE-2019-2692; CVE-2020-2934; CVE-2022-21363; CVE-2023-22102,right_censored_no_later_version
80,Saturn,MySQL,5939,saturn-console; saturn-console; saturn-console-api; saturn-console-old; saturn-it; saturn-console; saturn-console-api; saturn-it; saturn-console; saturn-console-old; saturn-it; saturn-console; saturn-it,4,5.1.34,2020-04-15 14:15:36.453000+00:00,2020-07-14 00:00:00+00:00,89.40582809027778,post_resolution,CVE-2015-2575; CVE-2017-3523; CVE-2017-3586; CVE-2017-3589; CVE-2018-3258; CVE-2019-2692; CVE-2020-2934; CVE-2022-21363; CVE-2023-22102,right_censored_no_later_version
80,Saturn,MySQL,5939,saturn-console; saturn-console; saturn-console-api; saturn-console-old; saturn-it; saturn-console; saturn-console-api; saturn-it; saturn-console; saturn-console-old; saturn-it; saturn-console; saturn-it,4,5.1.34,2020-07-14 00:00:00+00:00,2020-07-28 00:00:00+00:00,14.0,post_resolution,CVE-2015-2575; CVE-2017-3523; CVE-2017-3586; CVE-2017-3589; CVE-2018-3258; CVE-2019-2692; CVE-2020-2934; CVE-2022-21363; CVE-2023-22102,right_censored_no_later_version
82,xxl-job,MySQL,5940,xxl-job-admin; xxl-job-admin; xxl-job-client-demo; xxl-job-admin; xxl-job-demo; xxl-job-admin; xxl-job-executor-example; xxl-job-admin; xxl-job-executor-example; xxl-job-executor-springboot-example; xxl-job-admin; xxl-job-simple,3,5.1.29,2015-11-28 00:00:00+00:00,2017-02-14 20:27:59+00:00,444.8527662037037,post_resolution,CVE-2015-2575; CVE-2017-3523; CVE-2017-3586; CVE-2017-3589; CVE-2018-3258; CVE-2019-2692; CVE-2020-2934; CVE-2022-21363; CVE-2023-22102,version_changed
82,xxl-job,MySQL,5940,xxl-job-admin; xxl-job-admin; xxl-job-client-demo; xxl-job-admin; xxl-job-demo; xxl-job-admin; xxl-job-executor-example; xxl-job-admin; xxl-job-executor-example; xxl-job-executor-springboot-example; xxl-job-admin; xxl-job-simple,3,5.1.29,2017-02-14 20:27:59+00:00,2017-04-17 18:23:36+00:00,61.91362268518518,post_resolution,CVE-2015-2575; CVE-2017-3523; CVE-2017-3586; CVE-2017-3589; CVE-2018-3258; CVE-2019-2692; CVE-2020-2934; CVE-2022-21363; CVE-2023-22102,version_changed
82,xxl-job,MySQL,5940,xxl-job-admin; xxl-job-admin; xxl-job-client-demo; xxl-job-admin; xxl-job-demo; xxl-job-admin; xxl-job-executor-example; xxl-job-admin; xxl-job-executor-example; xxl-job-executor-springboot-example; xxl-job-admin; xxl-job-simple,3,5.1.29,2017-04-17 18:23:36+00:00,2017-04-24 19:59:03.567000+00:00,7.066291284722222,post_resolution,CVE-2015-2575; CVE-2017-3523; CVE-2017-3586; CVE-2017-3589; CVE-2018-3258; CVE-2019-2692; CVE-2020-2934; CVE-2022-21363; CVE-2023-22102,version_changed
82,xxl-job,MySQL,5940,xxl-job-admin; xxl-job-admin; xxl-job-client-demo; xxl-job-admin; xxl-job-demo; xxl-job-admin; xxl-job-executor-example; xxl-job-admin; xxl-job-executor-example; xxl-job-executor-springboot-example; xxl-job-admin; xxl-job-simple,3,5.1.29,2017-04-24 19:59:03.567000+00:00,2017-04-24 19:59:05.597000+00:00,2.3495370370370367e-05,post_resolution,CVE-2015-2575; CVE-2017-3523; CVE-2017-3586; CVE-2017-3589; CVE-2018-3258; CVE-2019-2692; CVE-2020-2934; CVE-2022-21363; CVE-2023-22102,version_changed
82,xxl-job,MySQL,5940,xxl-job-admin; xxl-job-admin; xxl-job-client-demo; xxl-job-admin; xxl-job-demo; xxl-job-admin; xxl-job-executor-example; xxl-job-admin; xxl-job-executor-example; xxl-job-executor-springboot-example; xxl-job-admin; xxl-job-simple,3,5.1.29,2017-04-24 19:59:05.597000+00:00,2017-04-24 19:59:05.660000+00:00,7.291666666666666e-07,post_resolution,CVE-2015-2575; CVE-2017-3523; CVE-2017-3586; CVE-2017-3589; CVE-2018-3258; CVE-2019-2692; CVE-2020-2934; CVE-2022-21363; CVE-2023-22102,version_changed
82,xxl-job,MySQL,5940,xxl-job-admin; xxl-job-admin; xxl-job-client-demo; xxl-job-admin; xxl-job-demo; xxl-job-admin; xxl-job-executor-example; xxl-job-admin; xxl-job-executor-example; xxl-job-executor-springboot-example; xxl-job-admin; xxl-job-simple,3,5.1.29,2017-04-24 19:59:05.660000+00:00,2017-12-23 00:00:00+00:00,242.16729560185186,post_resolution,CVE-2015-2575; CVE-2017-3523; CVE-2017-3586; CVE-2017-3589; CVE-2018-3258; CVE-2019-2692; CVE-2020-2934; CVE-2022-21363; CVE-2023-22102,version_changed
82,xxl-job,MySQL,5941,xxl-job-admin,1,5.1.45,2017-12-23 00:00:00+00:00,2018-09-24 00:00:00+00:00,275.0,pre_disclosure,CVE-2018-3258; CVE-2019-2692; CVE-2020-2934; CVE-2022-21363; CVE-2023-22102,version_changed
82,xxl-job,MySQL,5942,xxl-job-admin; xxl-job-admin; xxl-job-executor-sample-jboot; xxl-job-executor-sample-jboot,2,5.1.47,2018-09-24 00:00:00+00:00,2018-09-27 09:18:47+00:00,3.3880439814814816,pre_disclosure,CVE-2018-3258; CVE-2019-2692; CVE-2020-2934; CVE-2022-21363; CVE-2023-22102,version_changed
82,xxl-job,MySQL,5942,xxl-job-admin; xxl-job-admin; xxl-job-executor-sample-jboot; xxl-job-executor-sample-jboot,2,5.1.47,2018-09-27 09:18:47+00:00,2018-10-17 01:31:27.230000+00:00,19.675465625,post_resolution,CVE-2018-3258; CVE-2019-2692; CVE-2020-2934; CVE-2022-21363; CVE-2023-22102,version_changed
82,xxl-job,MySQL,5942,xxl-job-admin; xxl-job-admin; xxl-job-executor-sample-jboot; xxl-job-executor-sample-jboot,2,5.1.47,2018-10-17 01:31:27.230000+00:00,2019-03-20 19:08:52+00:00,154.73431446759258,post_resolution,CVE-2018-3258; CVE-2019-2692; CVE-2020-2934; CVE-2022-21363; CVE-2023-22102,version_changed
82,xxl-job,MySQL,5942,xxl-job-admin; xxl-job-admin; xxl-job-executor-sample-jboot; xxl-job-executor-sample-jboot,2,5.1.47,2019-03-20 19:08:52+00:00,2019-04-23 19:32:55.880000+00:00,34.01671157407407,post_resolution,CVE-2018-3258; CVE-2019-2692; CVE-2020-2934; CVE-2022-21363; CVE-2023-22102,version_changed
82,xxl-job,MySQL,5942,xxl-job-admin; xxl-job-admin; xxl-job-executor-sample-jboot; xxl-job-executor-sample-jboot,2,5.1.47,2019-04-23 19:32:55.880000+00:00,2020-04-15 14:15:36.453000+00:00,357.77963626157407,post_resolution,CVE-2018-3258; CVE-2019-2692; CVE-2020-2934; CVE-2022-21363; CVE-2023-22102,version_changed
82,xxl-job,MySQL,5942,xxl-job-admin; xxl-job-admin; xxl-job-executor-sample-jboot; xxl-job-executor-sample-jboot,2,5.1.47,2020-04-15 14:15:36.453000+00:00,2020-07-14 00:00:00+00:00,89.40582809027778,post_resolution,CVE-2018-3258; CVE-2019-2692; CVE-2020-2934; CVE-2022-21363; CVE-2023-22102,version_changed
82,xxl-job,MySQL,5942,xxl-job-admin; xxl-job-admin; xxl-job-executor-sample-jboot; xxl-job-executor-sample-jboot,2,5.1.47,2020-07-14 00:00:00+00:00,2020-10-16 00:00:00+00:00,94.0,post_resolution,CVE-2018-3258; CVE-2019-2692; CVE-2020-2934; CVE-2022-21363; CVE-2023-22102,version_changed
82,xxl-job,MySQL,5943,xxl-job-admin,1,5.1.48,2019-09-27 00:00:00+00:00,2020-03-26 00:00:00+00:00,181.0,post_resolution,CVE-2018-3258; CVE-2019-2692; CVE-2020-2934; CVE-2022-21363; CVE-2023-22102,version_changed
82,xxl-job,MySQL,5944,xxl-job-admin,1,8.0.18,2020-01-19 00:00:00+00:00,2020-03-26 00:00:00+00:00,67.0,pre_disclosure,CVE-2020-2934; CVE-2021-2471; CVE-2022-21363; CVE-2023-22102,version_changed
82,xxl-job,MySQL,5945,xxl-job-admin,1,8.0.19,2020-03-26 00:00:00+00:00,2020-04-15 14:15:36.453000+00:00,20.59417190972222,pre_disclosure,CVE-2020-2934; CVE-2021-2471; CVE-2022-21363; CVE-2023-22102,version_changed
82,xxl-job,MySQL,5945,xxl-job-admin,1,8.0.19,2020-04-15 14:15:36.453000+00:00,2020-05-21 00:00:00+00:00,35.40582809027777,post_disclosure,CVE-2020-2934; CVE-2021-2471; CVE-2022-21363; CVE-2023-22102,version_changed
82,xxl-job,MySQL,5946,xxl-job-admin,1,8.0.20,2020-05-21 00:00:00+00:00,2020-10-27 00:00:00+00:00,159.0,pre_disclosure,CVE-2021-2471; CVE-2022-21363; CVE-2023-22102,version_changed
82,xxl-job,MySQL,5947,xxl-job-admin,1,8.0.22,2020-10-27 00:00:00+00:00,2021-02-09 00:00:00+00:00,105.0,pre_disclosure,CVE-2021-2471; CVE-2022-21363; CVE-2023-22102,version_changed
82,xxl-job,MySQL,5948,xxl-job-admin,1,8.0.23,2021-02-09 00:00:00+00:00,2021-04-25 00:00:00+00:00,75.0,pre_disclosure,CVE-2021-2471; CVE-2022-21363; CVE-2023-22102,version_changed
82,xxl-job,MySQL,5949,xxl-job-admin,1,8.0.24,2021-04-25 00:00:00+00:00,2021-09-28 18:17:43+00:00,156.76230324074075,pre_disclosure,CVE-2021-2471; CVE-2022-21363; CVE-2023-22102,version_changed
82,xxl-job,MySQL,5949,xxl-job-admin,1,8.0.24,2021-09-28 18:17:43+00:00,2021-10-20 11:16:17.117000+00:00,21.70733931712963,post_resolution,CVE-2021-2471; CVE-2022-21363; CVE-2023-22102,version_changed
82,xxl-job,MySQL,5949,xxl-job-admin,1,8.0.24,2021-10-20 11:16:17.117000+00:00,2021-12-16 00:25:41+00:00,56.548193090277785,post_resolution,CVE-2021-2471; CVE-2022-21363; CVE-2023-22102,version_changed
82,xxl-job,MySQL,5949,xxl-job-admin,1,8.0.24,2021-12-16 00:25:41+00:00,2022-01-19 12:15:15.680000+00:00,34.492762500000005,post_resolution,CVE-2021-2471; CVE-2022-21363; CVE-2023-22102,version_changed
82,xxl-job,MySQL,5949,xxl-job-admin,1,8.0.24,2022-01-19 12:15:15.680000+00:00,2022-04-19 00:00:00+00:00,89.48940185185185,post_resolution,CVE-2021-2471; CVE-2022-21363; CVE-2023-22102,version_changed
82,xxl-job,MySQL,5950,xxl-job-admin,1,8.0.28,2022-04-19 00:00:00+00:00,2022-05-21 00:00:00+00:00,32.0,pre_disclosure,CVE-2023-22102,version_changed
82,xxl-job,MySQL,5951,xxl-job-admin,1,8.0.29,2022-05-21 00:00:00+00:00,2023-03-23 00:00:00+00:00,306.0,pre_disclosure,CVE-2023-22102,version_changed
82,xxl-job,MySQL,5952,xxl-job-admin,1,8.0.32,2023-03-23 00:00:00+00:00,2023-10-17 22:15:15.100000+00:00,208.92725810185186,pre_disclosure,CVE-2023-22102,version_changed
82,xxl-job,MySQL,5952,xxl-job-admin,1,8.0.32,2023-10-17 22:15:15.100000+00:00,2023-10-25 08:46:05+00:00,7.438077546296297,post_disclosure,CVE-2023-22102,version_changed
82,xxl-job,MySQL,5952,xxl-job-admin,1,8.0.32,2023-10-25 08:46:05+00:00,2024-01-20 00:00:00+00:00,86.63466435185185,post_resolution,CVE-2023-22102,version_changed
83,maxwell,MySQL,5960,exodus-open-replicator; maxwell,1,5.1.6,2015-02-09 00:00:00+00:00,2015-04-16 17:00:07.253000+00:00,66.70841728009259,pre_disclosure,CVE-2015-2575; CVE-2017-3523; CVE-2017-3586; CVE-2017-3589; CVE-2018-3258; CVE-2019-2692; CVE-2020-2934; CVE-2022-21363; CVE-2023-22102,version_changed
83,maxwell,MySQL,5960,exodus-open-replicator; maxwell,1,5.1.6,2015-04-16 17:00:07.253000+00:00,2015-05-08 10:55:46+00:00,21.746976238425926,post_disclosure,CVE-2015-2575; CVE-2017-3523; CVE-2017-3586; CVE-2017-3589; CVE-2018-3258; CVE-2019-2692; CVE-2020-2934; CVE-2022-21363; CVE-2023-22102,version_changed
83,maxwell,MySQL,5960,exodus-open-replicator; maxwell,1,5.1.6,2015-05-08 10:55:46+00:00,2016-06-27 00:00:00+00:00,415.5446064814815,post_resolution,CVE-2015-2575; CVE-2017-3523; CVE-2017-3586; CVE-2017-3589; CVE-2018-3258; CVE-2019-2692; CVE-2020-2934; CVE-2022-21363; CVE-2023-22102,version_changed
83,maxwell,MySQL,5961,maxwell,1,5.1.39,2016-06-27 00:00:00+00:00,2017-02-14 20:27:59+00:00,232.8527662037037,pre_disclosure,CVE-2017-3523; CVE-2017-3586; CVE-2017-3589; CVE-2018-3258; CVE-2019-2692; CVE-2020-2934; CVE-2022-21363; CVE-2023-22102,version_changed
83,maxwell,MySQL,5961,maxwell,1,5.1.39,2017-02-14 20:27:59+00:00,2017-04-17 18:23:36+00:00,61.91362268518518,post_resolution,CVE-2017-3523; CVE-2017-3586; CVE-2017-3589; CVE-2018-3258; CVE-2019-2692; CVE-2020-2934; CVE-2022-21363; CVE-2023-22102,version_changed
83,maxwell,MySQL,5961,maxwell,1,5.1.39,2017-04-17 18:23:36+00:00,2017-04-24 19:59:03.567000+00:00,7.066291284722222,post_resolution,CVE-2017-3523; CVE-2017-3586; CVE-2017-3589; CVE-2018-3258; CVE-2019-2692; CVE-2020-2934; CVE-2022-21363; CVE-2023-22102,version_changed
83,maxwell,MySQL,5961,maxwell,1,5.1.39,2017-04-24 19:59:03.567000+00:00,2017-04-24 19:59:05.597000+00:00,2.3495370370370367e-05,post_resolution,CVE-2017-3523; CVE-2017-3586; CVE-2017-3589; CVE-2018-3258; CVE-2019-2692; CVE-2020-2934; CVE-2022-21363; CVE-2023-22102,version_changed
83,maxwell,MySQL,5961,maxwell,1,5.1.39,2017-04-24 19:59:05.597000+00:00,2017-04-24 19:59:05.660000+00:00,7.291666666666666e-07,post_resolution,CVE-2017-3523; CVE-2017-3586; CVE-2017-3589; CVE-2018-3258; CVE-2019-2692; CVE-2020-2934; CVE-2022-21363; CVE-2023-22102,version_changed
83,maxwell,MySQL,5961,maxwell,1,5.1.39,2017-04-24 19:59:05.660000+00:00,2018-09-15 00:00:00+00:00,508.1672956018519,post_resolution,CVE-2017-3523; CVE-2017-3586; CVE-2017-3589; CVE-2018-3258; CVE-2019-2692; CVE-2020-2934; CVE-2022-21363; CVE-2023-22102,version_changed
83,maxwell,MySQL,5962,maxwell,1,5.1.47,2018-09-15 00:00:00+00:00,2018-09-27 09:18:47+00:00,12.38804398148148,pre_disclosure,CVE-2018-3258; CVE-2019-2692; CVE-2020-2934; CVE-2022-21363; CVE-2023-22102,version_changed
83,maxwell,MySQL,5962,maxwell,1,5.1.47,2018-09-27 09:18:47+00:00,2018-10-17 01:31:27.230000+00:00,19.675465625,post_resolution,CVE-2018-3258; CVE-2019-2692; CVE-2020-2934; CVE-2022-21363; CVE-2023-22102,version_changed
83,maxwell,MySQL,5962,maxwell,1,5.1.47,2018-10-17 01:31:27.230000+00:00,2019-03-20 19:08:52+00:00,154.73431446759258,post_resolution,CVE-2018-3258; CVE-2019-2692; CVE-2020-2934; CVE-2022-21363; CVE-2023-22102,version_changed
83,maxwell,MySQL,5962,maxwell,1,5.1.47,2019-03-20 19:08:52+00:00,2019-04-23 19:32:55.880000+00:00,34.01671157407407,post_resolution,CVE-2018-3258; CVE-2019-2692; CVE-2020-2934; CVE-2022-21363; CVE-2023-22102,version_changed
83,maxwell,MySQL,5962,maxwell,1,5.1.47,2019-04-23 19:32:55.880000+00:00,2019-09-23 00:00:00+00:00,152.18546435185183,post_resolution,CVE-2018-3258; CVE-2019-2692; CVE-2020-2934; CVE-2022-21363; CVE-2023-22102,version_changed
83,maxwell,MySQL,5963,maxwell,1,8.0.17,2019-09-23 00:00:00+00:00,2020-04-15 14:15:36.453000+00:00,205.59417190972223,pre_disclosure,CVE-2020-2934; CVE-2021-2471; CVE-2022-21363; CVE-2023-22102,version_changed
83,maxwell,MySQL,5963,maxwell,1,8.0.17,2020-04-15 14:15:36.453000+00:00,2020-07-14 00:00:00+00:00,89.40582809027778,post_disclosure,CVE-2020-2934; CVE-2021-2471; CVE-2022-21363; CVE-2023-22102,version_changed
83,maxwell,MySQL,5963,maxwell,1,8.0.17,2020-07-14 00:00:00+00:00,2021-09-28 18:17:43+00:00,441.7623032407407,post_resolution,CVE-2020-2934; CVE-2021-2471; CVE-2022-21363; CVE-2023-22102,version_changed
83,maxwell,MySQL,5963,maxwell,1,8.0.17,2021-09-28 18:17:43+00:00,2021-10-20 11:16:17.117000+00:00,21.70733931712963,post_resolution,CVE-2020-2934; CVE-2021-2471; CVE-2022-21363; CVE-2023-22102,version_changed
83,maxwell,MySQL,5963,maxwell,1,8.0.17,2021-10-20 11:16:17.117000+00:00,2021-12-16 00:25:41+00:00,56.548193090277785,post_resolution,CVE-2020-2934; CVE-2021-2471; CVE-2022-21363; CVE-2023-22102,version_changed
83,maxwell,MySQL,5963,maxwell,1,8.0.17,2021-12-16 00:25:41+00:00,2022-01-19 12:15:15.680000+00:00,34.492762500000005,post_resolution,CVE-2020-2934; CVE-2021-2471; CVE-2022-21363; CVE-2023-22102,version_changed
83,maxwell,MySQL,5963,maxwell,1,8.0.17,2022-01-19 12:15:15.680000+00:00,2022-01-29 00:00:00+00:00,9.489401851851852,post_resolution,CVE-2020-2934; CVE-2021-2471; CVE-2022-21363; CVE-2023-22102,version_changed
83,maxwell,MySQL,5964,maxwell,1,8.0.28,2022-01-29 00:00:00+00:00,2023-10-17 22:15:15.100000+00:00,626.9272581018519,pre_disclosure,CVE-2023-22102,version_changed
83,maxwell,MySQL,5964,maxwell,1,8.0.28,2023-10-17 22:15:15.100000+00:00,2023-10-25 08:46:05+00:00,7.438077546296297,post_disclosure,CVE-2023-22102,version_changed
83,maxwell,MySQL,5964,maxwell,1,8.0.28,2023-10-25 08:46:05+00:00,2025-08-01 00:00:00+00:00,645.6346643518518,post_resolution,CVE-2023-22102,version_changed
83,maxwell,Redis,5967,maxwell,1,3.1.0,2019-10-12 00:00:00+00:00,2021-06-02 00:00:00+00:00,599.0,pre_disclosure,CVE-2023-42809,version_changed
83,maxwell,Redis,5968,maxwell,1,3.5.1,2021-05-08 00:00:00+00:00,2023-06-05 08:30:59+00:00,758.354849537037,pre_disclosure,CVE-2023-42809,right_censored_no_later_version
83,maxwell,Redis,5968,maxwell,1,3.5.1,2023-06-05 08:30:59+00:00,2023-10-04 20:15:10.263000+00:00,121.48901924768519,post_resolution,CVE-2023-42809,right_censored_no_later_version
83,maxwell,Redis,5968,maxwell,1,3.5.1,2023-10-04 20:15:10.263000+00:00,2025-08-28 00:00:00+00:00,693.1561312152778,post_resolution,CVE-2023-42809,right_censored_no_later_version
